grid_id,latitude,longitude,timestamp,true_no2,epa_no2,low_cost_data,satellite_values
0,40.7,-74.05,2024-01-01,20.993428306022466,,27.63905676254222,21.830552182622878
0,40.7,-74.05,2024-01-02,25.930187981953203,,31.792713042249783,24.354678560418762
0,40.7,-74.05,2024-01-03,25.358564104041186,,25.77715594621823,
0,40.7,-74.05,2024-01-04,21.313326567235322,,25.606364532205696,
0,40.7,-74.05,2024-01-05,17.96563771378806,,18.859772511691844,
0,40.7,-74.05,2024-01-06,13.924852738879059,,23.499582570841426,
0,40.7,-74.05,2024-01-07,16.06384813818398,15.006137209228081,,12.268490796416057
0,40.7,-74.05,2024-01-08,22.183984528715342,,30.49533469867386,
0,40.7,-74.05,2024-01-09,25.672679490237368,,33.344622258731874,24.7693684034695
0,40.7,-74.05,2024-01-10,26.42204039457648,,32.553881826839934,
0,40.7,-74.05,2024-01-11,22.817586634377385,,,
0,40.7,-74.05,2024-01-12,17.060416743579587,,25.800991271147662,
0,40.7,-74.05,2024-01-13,16.900857358277598,,19.924158737042564,
0,40.7,-74.05,2024-01-14,15.472417835957424,,20.855972918066286,14.241267909898523
0,40.7,-74.05,2024-01-15,21.625051644788392,,34.37502208802936,24.543942246055757
0,40.7,-74.05,2024-01-16,25.500348340132028,,,
0,40.7,-74.05,2024-01-17,19.635149352729627,20.45705185710485,26.91036749622824,18.738127301332025
0,40.7,-74.05,2024-01-18,23.97648367683947,,31.847781736455964,
0,40.7,-74.05,2024-01-19,16.213594098625837,,,
0,40.7,-74.05,2024-01-20,14.12184635192181,,,14.413078999965931
0,40.7,-74.05,2024-01-21,18.028132568725628,,,17.258242020647966
0,40.7,-74.05,2024-01-22,19.264348551734475,,,
0,40.7,-74.05,2024-01-23,23.919384325625057,,30.76491265724948,25.278193305225585
0,40.7,-74.05,2024-01-24,24.54251774420699,,28.678794059179335,
0,40.7,-74.05,2024-01-25,24.97733617290638,,25.297718546291488,24.89779454655873
0,40.7,-74.05,2024-01-26,18.035276669511546,,22.9118948812218,17.45819377516818
0,40.7,-74.05,2024-01-27,15.728455123758105,,26.445437406569805,17.984254221818425
0,40.7,-74.05,2024-01-28,14.487186900960463,,25.920687156883268,
0,40.7,-74.05,2024-01-29,18.018927349738618,17.452629620135845,18.420059095421813,
0,40.7,-74.05,2024-01-30,24.046283361952202,,34.337732898189586,23.563471231363014
1,40.7,-74.03888888888889,2024-01-01,18.433493415327526,,,17.4673088667105
1,40.7,-74.03888888888889,2024-01-02,25.996878634177467,,36.30204700635174,26.77652701692274
1,40.7,-74.03888888888889,2024-01-03,26.438285304463736,,36.81370862782407,
1,40.7,-74.03888888888889,2024-01-04,22.763388042054164,,31.221218728460496,25.30559233978408
1,40.7,-74.03888888888889,2024-01-05,18.41672625100957,17.702374832983203,32.56316954579051,
1,40.7,-74.03888888888889,2024-01-06,16.073026280914455,,,19.548813017936666
1,40.7,-74.03888888888889,2024-01-07,14.449477950956428,,,
1,40.7,-74.03888888888889,2024-01-08,18.264717820041252,,25.50110879376274,18.03341269179894
1,40.7,-74.03888888888889,2024-01-09,24.591461361973433,,32.56176120187975,
1,40.7,-74.03888888888889,2024-01-10,27.78170771522375,,32.48598675400399,30.71324771766297
1,40.7,-74.03888888888889,2024-01-11,20.027633699465568,,,
1,40.7,-74.03888888888889,2024-01-12,18.79552613489859,,25.05810180635167,
1,40.7,-74.03888888888889,2024-01-13,16.60604207498636,,,19.74275558002531
1,40.7,-74.03888888888889,2024-01-14,15.40655916244909,,24.328307956394724,
1,40.7,-74.03888888888889,2024-01-15,20.184957743102192,,27.45478416550663,
1,40.7,-74.03888888888889,2024-01-16,21.623216816678898,,25.11182779430756,25.769230629194727
1,40.7,-74.03888888888889,2024-01-17,25.904710095326436,,,
1,40.7,-74.03888888888889,2024-01-18,23.196990597412203,,,
1,40.7,-74.03888888888889,2024-01-19,19.73858483139862,,29.291866802901534,20.233653225726634
1,40.7,-74.03888888888889,2024-01-20,13.413502603432146,15.728161170105654,11.627142353751582,
1,40.7,-74.03888888888889,2024-01-21,15.146978856080983,,25.532177015166642,
1,40.7,-74.03888888888889,2024-01-22,21.09915269012533,,23.235496000646236,
1,40.7,-74.03888888888889,2024-01-23,28.197045590990786,,,
1,40.7,-74.03888888888889,2024-01-24,26.142477605545142,,,23.76491539024704
1,40.7,-74.03888888888889,2024-01-25,21.939945812653995,21.16812673489724,35.97314189761741,22.893246909965352
1,40.7,-74.03888888888889,2024-01-26,14.606126690063167,,22.036537089917438,
1,40.7,-74.03888888888889,2024-01-27,18.42806241204986,,30.181319491206324,16.30505401519352
1,40.7,-74.03888888888889,2024-01-28,15.616058665246513,,29.22729312018503,
1,40.7,-74.03888888888889,2024-01-29,19.494863697213678,,21.402703708797013,
1,40.7,-74.03888888888889,2024-01-30,23.65233311926073,,29.52014065809469,
2,40.7,-74.02777777777777,2024-01-01,18.036982697904097,,26.492793134537997,19.978470788265227
2,40.7,-74.02777777777777,2024-01-02,24.16134706798821,,29.533081770500527,
2,40.7,-74.02777777777777,2024-01-03,29.09727484414162,,39.04069728391007,27.229176284679838
2,40.7,-74.02777777777777,2024-01-04,23.939399629961123,23.474869881316156,,25.010446087856266
2,40.7,-74.02777777777777,2024-01-05,16.444762113890903,,,
2,40.7,-74.02777777777777,2024-01-06,13.865958724560656,,,
2,40.7,-74.02777777777777,2024-01-07,17.8443518875645,,29.5238818482311,16.06963772105701
2,40.7,-74.02777777777777,2024-01-08,23.10571955167865,,28.96879196011727,
2,40.7,-74.02777777777777,2024-01-09,26.520115026648803,,,26.58312655154708
2,40.7,-74.02777777777777,2024-01-10,24.33255863633203,,,
2,40.7,-74.02777777777777,2024-01-11,20.94322932977104,,24.10780566972644,
2,40.7,-74.02777777777777,2024-01-12,15.402204078836757,,,
2,40.7,-74.02777777777777,2024-01-13,15.100866893397054,,17.532022786133137,
2,40.7,-74.02777777777777,2024-01-14,15.47265756926601,,24.782441288624245,
2,40.7,-74.02777777777777,2024-01-15,18.355559208867135,,,19.08662084334287
2,40.7,-74.02777777777777,2024-01-16,25.027375817569197,,36.523017346804956,
2,40.7,-74.02777777777777,2024-01-17,21.978470877914468,,,
2,40.7,-74.02777777777777,2024-01-18,19.354491146834675,,18.07708563631305,
2,40.7,-74.02777777777777,2024-01-19,20.97064586549756,,28.09072249462751,20.104669948737143
2,40.7,-74.02777777777777,2024-01-20,17.667636891052712,,,19.980226195444832
2,40.7,-74.02777777777777,2024-01-21,17.471130571082075,,,16.267469155424564
2,40.7,-74.02777777777777,2024-01-22,20.139305329037754,,31.101183620279162,
2,40.7,-74.02777777777777,2024-01-23,23.95817776085802,,33.74180647801142,
2,40.7,-74.02777777777777,2024-01-24,27.27546265773592,,42.99490635025836,33.84487145738893
2,40.7,-74.02777777777777,2024-01-25,20.55282212487749,,19.16780365261376,
2,40.7,-74.02777777777777,2024-01-26,16.779071261050692,,,
2,40.7,-74.02777777777777,2024-01-27,15.808872390645199,,,
2,40.7,-74.02777777777777,2024-01-28,19.843184266091622,,,
2,40.7,-74.02777777777777,2024-01-29,17.35953358595871,,,22.853909883521773
2,40.7,-74.02777777777777,2024-01-30,23.761935180756335,,,22.9152716137947
3,40.7,-74.01666666666667,2024-01-01,16.573730941818244,,,
3,40.7,-74.01666666666667,2024-01-02,26.616902160670975,,34.50576793644974,
3,40.7,-74.01666666666667,2024-01-03,24.76366964431377,,,
3,40.7,-74.01666666666667,2024-01-04,25.201885341455583,,,26.139260784749425
3,40.7,-74.01666666666667,2024-01-05,15.695340445647021,,21.264890594691252,18.876680887978424
3,40.7,-74.01666666666667,2024-01-06,18.208102432927248,,25.819057663845147,
3,40.7,-74.01666666666667,2024-01-07,20.185640429920326,,,
3,40.7,-74.01666666666667,2024-01-08,22.053159693104156,,30.128144161757593,23.9892875418596
3,40.7,-74.01666666666667,2024-01-09,26.646420527404842,,39.20940258028416,21.370202068135498
3,40.7,-74.01666666666667,2024-01-10,26.646766681401424,,34.4278087335143,
3,40.7,-74.01666666666667,2024-01-11,25.426649786730376,,,21.2863454120857
3,40.7,-74.01666666666667,2024-01-12,17.80114478714235,,27.546995463356122,
3,40.7,-74.01666666666667,2024-01-13,10.99047623901113,,15.832091328762202,7.686720524469795
3,40.7,-74.01666666666667,2024-01-14,17.06618913750644,,,
3,40.7,-74.01666666666667,2024-01-15,18.02854790732891,,26.65044355086607,15.582050687463445
3,40.7,-74.01666666666667,2024-01-16,22.791106425872428,,24.612972234116818,22.21650795413255
3,40.7,-74.01666666666667,2024-01-17,28.804089826741894,28.83935337871362,,
3,40.7,-74.01666666666667,2024-01-18,23.872127224788805,,29.16509777960436,23.046972133333874
3,40.7,-74.01666666666667,2024-01-19,13.226738974941043,,25.451957623934383,12.479630856271907
3,40.7,-74.01666666666667,2024-01-20,16.82816462384854,,19.24205416543208,
3,40.7,-74.01666666666667,2024-01-21,15.835007404698317,,18.17984712323628,15.27429203701709
3,40.7,-74.01666666666667,2024-01-22,19.90441824525292,,23.79240201249221,
3,40.7,-74.01666666666667,2024-01-23,23.207578921994397,,30.81720414112681,27.647411338664476
3,40.7,-74.01666666666667,2024-01-24,29.623298367893895,,42.60608881222187,26.99644360773962
3,40.7,-74.01666666666667,2024-01-25,19.40381923365912,,20.69031278511438,21.092726943730835
3,40.7,-74.01666666666667,2024-01-26,16.91436149874946,,20.79326207748175,17.059926382583942
3,40.7,-74.01666666666667,2024-01-27,13.463460206268804,,,14.634220013218231
3,40.7,-74.01666666666667,2024-01-28,15.921024922668185,,,17.423776485541328
3,40.7,-74.01666666666667,2024-01-29,18.044889510402893,,17.976246287997984,
3,40.7,-74.01666666666667,2024-01-30,24.995877797100018,,34.11408275566686,16.773013263720912
4,40.7,-74.00555555555556,2024-01-01,20.519445003442964,,24.006067503713922,28.870777273910118
4,40.7,-74.00555555555556,2024-01-02,20.687146192429708,,25.41670071533011,
4,40.7,-74.00555555555556,2024-01-03,26.39514175017984,,24.787592099706647,24.00445598376841
4,40.7,-74.00555555555556,2024-01-04,22.508877264368536,,30.36822839382484,
4,40.7,-74.00555555555556,2024-01-05,20.166145427731824,,,20.929407957635462
4,40.7,-74.00555555555556,2024-01-06,14.488403417790202,,19.10985601708287,
4,40.7,-74.00555555555556,2024-01-07,17.833091994523233,,,
4,40.7,-74.00555555555556,2024-01-08,19.347952935664317,,30.423915685483845,
4,40.7,-74.00555555555556,2024-01-09,22.222067487849205,,,24.89929994729484
4,40.7,-74.00555555555556,2024-01-10,25.065880452687903,,33.73983406370779,26.772690476096827
4,40.7,-74.00555555555556,2024-01-11,22.846411510576623,,28.75454215708874,
4,40.7,-74.00555555555556,2024-01-12,16.855791256569926,,24.842231742601133,
4,40.7,-74.00555555555556,2024-01-13,15.268492913529668,,,13.835520573234318
4,40.7,-74.00555555555556,2024-01-14,18.664792515359043,,23.61920078544829,
4,40.7,-74.00555555555556,2024-01-15,21.73921184021132,,34.509605643473385,18.56405563167016
4,40.7,-74.00555555555556,2024-01-16,22.88332866239731,,26.896621025072463,
4,40.7,-74.00555555555556,2024-01-17,20.225200238004312,,37.053248204072474,20.612863783929996
4,40.7,-74.00555555555556,2024-01-18,25.733745932659943,,,27.504569789845306
4,40.7,-74.00555555555556,2024-01-19,21.59463029736228,,,
4,40.7,-74.00555555555556,2024-01-20,17.81620053140084,,34.53420504463095,19.38805853272422
4,40.7,-74.00555555555556,2024-01-21,15.774826790501871,,20.222267868812565,18.331566257592677
4,40.7,-74.00555555555556,2024-01-22,15.358525252043735,,26.510732488755345,
4,40.7,-74.00555555555556,2024-01-23,22.272208978255353,,28.743678517562646,
4,40.7,-74.00555555555556,2024-01-24,24.32919242141378,,,29.876060706249817
4,40.7,-74.00555555555556,2024-01-25,24.42254875468331,23.40535658413792,,25.972556680627676
4,40.7,-74.00555555555556,2024-01-26,16.232360162761683,,21.820689563115234,
4,40.7,-74.00555555555556,2024-01-27,15.153219022916772,,,15.080843761586763
4,40.7,-74.00555555555556,2024-01-28,21.230696267040518,,,
4,40.7,-74.00555555555556,2024-01-29,17.785791090799954,,29.327290078950462,11.565620393575506
4,40.7,-74.00555555555556,2024-01-30,24.488841940677084,,31.367325255323035,21.157114404279596
5,40.7,-73.99444444444444,2024-01-01,23.504540886847245,23.989856883407697,28.11478049512281,21.391130576468655
5,40.7,-73.99444444444444,2024-01-02,22.45252711244438,,30.338015645482596,22.061491674482756
5,40.7,-73.99444444444444,2024-01-03,22.430383943125225,,32.76845445243982,
5,40.7,-73.99444444444444,2024-01-04,22.638722705897962,,31.1774892772291,24.418026479803114
5,40.7,-73.99444444444444,2024-01-05,17.21148842578423,15.541709253715828,,
5,40.7,-73.99444444444444,2024-01-06,18.65473430761632,,30.648747202268222,13.395413166801674
5,40.7,-73.99444444444444,2024-01-07,13.529983882667285,,26.2551573871382,16.44545195318549
5,40.7,-73.99444444444444,2024-01-08,19.938083498726854,,35.54665835220452,21.95485535196817
5,40.7,-73.99444444444444,2024-01-09,24.25088828859603,,31.365132600904513,19.36210933066705
5,40.7,-73.99444444444444,2024-01-10,25.978366871528117,,32.297449365054,27.55917910942349
5,40.7,-73.99444444444444,2024-01-11,22.681478164215545,,34.14853773284071,22.20717369400495
5,40.7,-73.99444444444444,2024-01-12,19.443767800239595,,24.940469015100156,
5,40.7,-73.99444444444444,2024-01-13,15.522477164883467,,17.934039613416545,
5,40.7,-73.99444444444444,2024-01-14,13.387473376427186,,27.39022667877319,
5,40.7,-73.99444444444444,2024-01-15,19.39089272302548,,23.96651996267948,
5,40.7,-73.99444444444444,2024-01-16,24.153177041630865,,30.575120515558673,24.880738318468424
5,40.7,-73.99444444444444,2024-01-17,24.804662579915192,,39.84879763844027,26.303875440251524
5,40.7,-73.99444444444444,2024-01-18,23.234608914328888,,23.830062981710505,26.667014522178142
5,40.7,-73.99444444444444,2024-01-19,17.68171444621212,,26.700745725657253,
5,40.7,-73.99444444444444,2024-01-20,16.758757474518024,,25.585156808261356,
5,40.7,-73.99444444444444,2024-01-21,15.950511164742556,,,
5,40.7,-73.99444444444444,2024-01-22,16.678078132968015,17.1076963521006,23.84444450821406,
5,40.7,-73.99444444444444,2024-01-23,21.74704433152361,,,
5,40.7,-73.99444444444444,2024-01-24,26.980945267574928,,,
5,40.7,-73.99444444444444,2024-01-25,24.04598630753979,23.529941579322415,30.117198659318483,23.11846993713387
5,40.7,-73.99444444444444,2024-01-26,15.745611555957936,,27.006441184102183,20.086545209019135
5,40.7,-73.99444444444444,2024-01-27,15.51846999211403,,22.690365054013867,18.18736237898434
5,40.7,-73.99444444444444,2024-01-28,17.517641768070742,,,17.658693407441977
5,40.7,-73.99444444444444,2024-01-29,18.965423099799253,,31.39589748050142,
5,40.7,-73.99444444444444,2024-01-30,20.54551676207369,,20.62022411451184,16.512165228970858
6,40.7,-73.98333333333333,2024-01-01,18.162696107031604,,24.656495778890797,18.865340304641165
6,40.7,-73.98333333333333,2024-01-02,21.768001252985815,,,23.815870962357252
6,40.7,-73.98333333333333,2024-01-03,26.843284357862284,,34.355985852532704,
6,40.7,-73.98333333333333,2024-01-04,24.50362452435506,,38.88878366037694,22.63420294508077
6,40.7,-73.98333333333333,2024-01-05,16.7196270660917,,28.74556947126946,
6,40.7,-73.98333333333333,2024-01-06,13.98386785159193,,,14.592636914145828
6,40.7,-73.98333333333333,2024-01-07,13.059354357665386,,16.220070467260918,
6,40.7,-73.98333333333333,2024-01-08,19.224596880128033,,,
6,40.7,-73.98333333333333,2024-01-09,25.22624595768581,,41.31231330428837,27.87854846736335
6,40.7,-73.98333333333333,2024-01-10,22.973271978098463,,33.346970497104316,19.790791590596175
6,40.7,-73.98333333333333,2024-01-11,22.13657290344229,,34.31746057792308,
6,40.7,-73.98333333333333,2024-01-12,20.478330911986646,,23.04673252585319,
6,40.7,-73.98333333333333,2024-01-13,16.3066701004755,,,
6,40.7,-73.98333333333333,2024-01-14,18.30824974882567,,29.00398299770513,
6,40.7,-73.98333333333333,2024-01-15,23.063377602481825,,,
6,40.7,-73.98333333333333,2024-01-16,23.16851067514555,,27.467976861057593,
6,40.7,-73.98333333333333,2024-01-17,24.93212920677875,26.21058106938605,33.682951320214116,
6,40.7,-73.98333333333333,2024-01-18,22.262291791900083,,35.695285132349746,22.903183065185612
6,40.7,-73.98333333333333,2024-01-19,18.329348671833724,,31.305031525254364,
6,40.7,-73.98333333333333,2024-01-20,15.4764520988719,,23.205791912155984,
6,40.7,-73.98333333333333,2024-01-21,16.356781935953602,,19.82765506338763,17.458088736317805
6,40.7,-73.98333333333333,2024-01-22,18.948389225374083,20.513913254608422,25.47506602615695,
6,40.7,-73.98333333333333,2024-01-23,21.013129611507647,,,
6,40.7,-73.98333333333333,2024-01-24,20.477027647668955,,32.059845934910136,24.408659121745593
6,40.7,-73.98333333333333,2024-01-25,23.469821051505114,,30.767081806688605,26.163486667786138
6,40.7,-73.98333333333333,2024-01-26,17.417446967549555,,24.197761216260087,16.7292391593585
6,40.7,-73.98333333333333,2024-01-27,14.961058082305742,,25.4224530251194,
6,40.7,-73.98333333333333,2024-01-28,17.50627367015909,,,
6,40.7,-73.98333333333333,2024-01-29,21.44508016058015,,29.520180871502063,
6,40.7,-73.98333333333333,2024-01-30,25.32716492751717,,34.89250966637944,
7,40.7,-73.97222222222223,2024-01-01,18.485200966203383,,25.694658819087216,16.44204599377874
7,40.7,-73.97222222222223,2024-01-02,22.639947341753437,,34.15094575682955,21.283028384006208
7,40.7,-73.97222222222223,2024-01-03,20.026880907651204,,30.175457723784774,
7,40.7,-73.97222222222223,2024-01-04,23.02033381915772,22.053357676028508,30.433555158421346,
7,40.7,-73.97222222222223,2024-01-05,17.823376226231073,,,
7,40.7,-73.97222222222223,2024-01-06,12.808631060705796,13.017013868653349,10.20341779914979,9.80377103102105
7,40.7,-73.97222222222223,2024-01-07,15.52864200188794,,19.34965444313434,17.246390345956417
7,40.7,-73.97222222222223,2024-01-08,20.551021124696508,,24.46704408721108,
7,40.7,-73.97222222222223,2024-01-09,24.028418152180496,,,
7,40.7,-73.97222222222223,2024-01-10,23.58076600549797,,31.75505267145942,
7,40.7,-73.97222222222223,2024-01-11,24.069709637585458,,38.827506777763546,24.6634419879734
7,40.7,-73.97222222222223,2024-01-12,15.767428810671905,,19.803721622621406,
7,40.7,-73.97222222222223,2024-01-13,18.580446779292306,,,
7,40.7,-73.97222222222223,2024-01-14,16.963489927007917,,21.347165047633005,17.598274838149095
7,40.7,-73.97222222222223,2024-01-15,19.485246925153305,,,
7,40.7,-73.97222222222223,2024-01-16,20.571989264584964,,21.439159671920066,
7,40.7,-73.97222222222223,2024-01-17,28.87811376596939,,,
7,40.7,-73.97222222222223,2024-01-18,18.90351413450382,,,17.185208860858243
7,40.7,-73.97222222222223,2024-01-19,20.783662003864006,,33.46075982122661,
7,40.7,-73.97222222222223,2024-01-20,15.772960694302775,,20.76159291718937,
7,40.7,-73.97222222222223,2024-01-21,17.63424000895654,,12.766917528227545,18.757080175688458
7,40.7,-73.97222222222223,2024-01-22,19.82631044573961,,31.222454336014334,17.702073847157187
7,40.7,-73.97222222222223,2024-01-23,23.815316254581766,,33.4865428143906,17.52984368654181
7,40.7,-73.97222222222223,2024-01-24,25.382987345401524,,36.05528165650981,
7,40.7,-73.97222222222223,2024-01-25,19.385426021211774,,24.9759710205846,
7,40.7,-73.97222222222223,2024-01-26,21.984077271533895,,28.16765887809688,23.123255832354268
7,40.7,-73.97222222222223,2024-01-27,14.982157920262752,,,14.870491210733228
7,40.7,-73.97222222222223,2024-01-28,15.829010642120352,,17.85499331241589,
7,40.7,-73.97222222222223,2024-01-29,21.83265534940496,,30.585140322877923,
7,40.7,-73.97222222222223,2024-01-30,22.166889884265114,22.57027990761919,25.846396220294743,
8,40.7,-73.96111111111111,2024-01-01,21.288536319018604,,26.051167740039105,
8,40.7,-73.96111111111111,2024-01-02,27.737220120073722,,36.16111360180215,
8,40.7,-73.96111111111111,2024-01-03,28.881454095273327,,42.07984864615993,32.442545011954465
8,40.7,-73.96111111111111,2024-01-04,19.990232498998484,,33.51278240792567,
8,40.7,-73.96111111111111,2024-01-05,17.702304611226225,,,
8,40.7,-73.96111111111111,2024-01-06,15.782885259697842,,,
8,40.7,-73.96111111111111,2024-01-07,18.469783565509132,,,
8,40.7,-73.96111111111111,2024-01-08,17.544784369726017,,,17.025568896874407
8,40.7,-73.96111111111111,2024-01-09,23.940315507503083,,38.106398861903585,21.3994314625481
8,40.7,-73.96111111111111,2024-01-10,21.76918542527704,,27.908878568023656,26.69523090568615
8,40.7,-73.96111111111111,2024-01-11,24.189052874273063,,35.95392539709405,
8,40.7,-73.96111111111111,2024-01-12,17.180918537394977,,18.99012534466618,12.58253098060794
8,40.7,-73.96111111111111,2024-01-13,17.170501303110164,,,
8,40.7,-73.96111111111111,2024-01-14,20.970347400338397,,,23.247133169698692
8,40.7,-73.96111111111111,2024-01-15,20.56238284793875,,,19.995692784585323
8,40.7,-73.96111111111111,2024-01-16,25.0153039652211,,29.536074293218295,22.062486839343592
8,40.7,-73.96111111111111,2024-01-17,25.234427863216073,,38.849322581237686,
8,40.7,-73.96111111111111,2024-01-18,20.96277156514436,,21.808079015792877,
8,40.7,-73.96111111111111,2024-01-19,18.041332316704132,,19.31349680037214,
8,40.7,-73.96111111111111,2024-01-20,17.920189845211627,,24.203651147013886,
8,40.7,-73.96111111111111,2024-01-21,16.335437593724418,,,17.965331680833582
8,40.7,-73.96111111111111,2024-01-22,20.99927420225191,,,
8,40.7,-73.96111111111111,2024-01-23,21.316405573812453,,25.70605762629815,
8,40.7,-73.96111111111111,2024-01-24,26.664488314798003,,35.955295824581185,
8,40.7,-73.96111111111111,2024-01-25,20.60538342177258,,30.26156762985549,21.846780714127075
8,40.7,-73.96111111111111,2024-01-26,20.2797501796645,,33.82928646479358,20.014904034610737
8,40.7,-73.96111111111111,2024-01-27,20.284779114399516,,24.127036665400496,
8,40.7,-73.96111111111111,2024-01-28,19.369076198547987,,27.453632834241528,
8,40.7,-73.96111111111111,2024-01-29,18.931703300623802,,23.39132030495399,15.887433108545201
8,40.7,-73.96111111111111,2024-01-30,22.73602925321471,,29.49309420106978,
9,40.7,-73.95,2024-01-01,20.467571823581494,,21.337503603483285,
9,40.7,-73.95,2024-01-02,21.563950898617517,,,
9,40.7,-73.95,2024-01-03,22.407703358348904,,,
9,40.7,-73.95,2024-01-04,22.36228613317477,,27.111194231653396,
9,40.7,-73.95,2024-01-05,18.169302952484365,,19.14830555536132,
9,40.7,-73.95,2024-01-06,17.75337938837868,,,14.10974891919946
9,40.7,-73.95,2024-01-07,13.906217058314692,,,
9,40.7,-73.95,2024-01-08,19.367183100610397,,23.243902758215956,
9,40.7,-73.95,2024-01-09,24.359842919718282,,,
9,40.7,-73.95,2024-01-10,22.733450884437914,,26.72115665417922,
9,40.7,-73.95,2024-01-11,18.4970079493812,,27.228374846907613,
9,40.7,-73.95,2024-01-12,19.503228750403323,,,
9,40.7,-73.95,2024-01-13,15.187894193588232,,,13.872132574816344
9,40.7,-73.95,2024-01-14,18.423448082133433,,,
9,40.7,-73.95,2024-01-15,18.6638190927139,,29.36475230940277,15.554091343645009
9,40.7,-73.95,2024-01-16,26.53529444351757,,33.94176722282099,
9,40.7,-73.95,2024-01-17,25.269797405011932,,38.88458708208357,26.94322832406752
9,40.7,-73.95,2024-01-18,17.117981428382812,,23.797404861703107,17.287931203074134
9,40.7,-73.95,2024-01-19,18.889966813125675,,25.92585783499129,
9,40.7,-73.95,2024-01-20,11.17442730638314,,18.569763614392276,
9,40.7,-73.95,2024-01-21,13.525845345416805,,18.377242930779335,17.99802375596666
9,40.7,-73.95,2024-01-22,18.872701945147313,,24.003517708980038,17.708171489523625
9,40.7,-73.95,2024-01-23,24.249989857091112,,,
9,40.7,-73.95,2024-01-24,21.806042308140203,,32.816991766804904,
9,40.7,-73.95,2024-01-25,19.43566129875695,,25.423731950937608,
9,40.7,-73.95,2024-01-26,19.5878683238643,20.35006672465651,24.93918276331794,19.542288937554332
9,40.7,-73.95,2024-01-27,14.032871542585914,,21.406661872713283,11.050552843459336
9,40.7,-73.95,2024-01-28,16.0289645933486,,17.462517692377375,15.908699055378941
9,40.7,-73.95,2024-01-29,19.654107880153152,,33.43176337675315,
9,40.7,-73.95,2024-01-30,24.478937197484544,,,25.100218784183397
10,40.711111111111116,-74.05,2024-01-01,25.216645017392807,,,30.694674158033614
10,40.711111111111116,-74.05,2024-01-02,30.160348191188493,,42.87781624137217,
10,40.711111111111116,-74.05,2024-01-03,33.90599823657325,,49.93324267079531,34.17193832876728
10,40.711111111111116,-74.05,2024-01-04,32.041552003824265,,42.39770806743729,30.677091056158904
10,40.711111111111116,-74.05,2024-01-05,21.564204822219352,,,
10,40.711111111111116,-74.05,2024-01-06,19.610008458936115,,27.66218425515051,
10,40.711111111111116,-74.05,2024-01-07,21.103013331040017,,32.307806740471285,
10,40.711111111111116,-74.05,2024-01-08,24.91428591972761,,34.02186135275094,
10,40.711111111111116,-74.05,2024-01-09,28.485791809657947,,34.60887725006896,
10,40.711111111111116,-74.05,2024-01-10,33.15819591393812,,45.773040100967364,
10,40.711111111111116,-74.05,2024-01-11,29.784153138841546,,34.56174699052572,
10,40.711111111111116,-74.05,2024-01-12,20.32574422252675,,,19.661983351769436
10,40.711111111111116,-74.05,2024-01-13,20.999609936179574,,31.64142587685447,
10,40.711111111111116,-74.05,2024-01-14,21.35256380738851,,,20.60649042883787
10,40.711111111111116,-74.05,2024-01-15,29.642567248906516,,,
10,40.711111111111116,-74.05,2024-01-16,28.259429853201564,,,
10,40.711111111111116,-74.05,2024-01-17,32.30831646760392,32.213944717568545,,
10,40.711111111111116,-74.05,2024-01-18,28.425508293018737,,39.088383607956956,
10,40.711111111111116,-74.05,2024-01-19,25.705684639634306,,36.10886015008734,
10,40.711111111111116,-74.05,2024-01-20,18.031711017645783,,22.148540441211725,
10,40.711111111111116,-74.05,2024-01-21,23.474898677781297,24.303353193476404,,20.69475937030475
10,40.711111111111116,-74.05,2024-01-22,29.003841044470406,,36.11336140902231,
10,40.711111111111116,-74.05,2024-01-23,27.9452673851363,,,
10,40.711111111111116,-74.05,2024-01-24,32.191720994215935,31.406822681133693,,34.13656229574751
10,40.711111111111116,-74.05,2024-01-25,26.822310436850128,,,
10,40.711111111111116,-74.05,2024-01-26,23.383540800631927,,33.41647675038178,
10,40.711111111111116,-74.05,2024-01-27,22.230677541696686,,23.57418779175564,
10,40.711111111111116,-74.05,2024-01-28,25.043886891380748,,41.909670363505995,24.155835209391054
10,40.711111111111116,-74.05,2024-01-29,29.51209600200228,,46.43888675503922,
10,40.711111111111116,-74.05,2024-01-30,29.087454415338577,,41.21634568225596,28.576900547763792
11,40.711111111111116,-74.03888888888889,2024-01-01,25.521419998211982,,,
11,40.711111111111116,-74.03888888888889,2024-01-02,24.78990778337979,,35.9516358985736,
11,40.711111111111116,-74.03888888888889,2024-01-03,31.13715428609025,,,
11,40.711111111111116,-74.03888888888889,2024-01-04,28.353799775687758,,44.47178286550383,
11,40.711111111111116,-74.03888888888889,2024-01-05,22.105077062828485,,28.03726537110997,
11,40.711111111111116,-74.03888888888889,2024-01-06,23.73073377536579,,25.83358253808744,20.207322195065636
11,40.711111111111116,-74.03888888888889,2024-01-07,22.800491178348793,,,17.495173081660237
11,40.711111111111116,-74.03888888888889,2024-01-08,28.493803991172147,,36.41278395569074,
11,40.711111111111116,-74.03888888888889,2024-01-09,27.997199837786106,,25.107590952216725,
11,40.711111111111116,-74.03888888888889,2024-01-10,25.559950331860726,,,25.07723560771315
11,40.711111111111116,-74.03888888888889,2024-01-11,26.600523914077744,,36.127796296171155,
11,40.711111111111116,-74.03888888888889,2024-01-12,22.30570685871201,,,19.6283393406413
11,40.711111111111116,-74.03888888888889,2024-01-13,23.380405788423914,,,20.970868936382878
11,40.711111111111116,-74.03888888888889,2024-01-14,21.46656262010247,,,21.424504005329702
11,40.711111111111116,-74.03888888888889,2024-01-15,21.579395576320646,,,24.231531765403794
11,40.711111111111116,-74.03888888888889,2024-01-16,30.831188264819282,,,31.09318143856551
11,40.711111111111116,-74.03888888888889,2024-01-17,28.177423944002566,,,26.59026591196368
11,40.711111111111116,-74.03888888888889,2024-01-18,26.37649575786228,,36.92001697898715,
11,40.711111111111116,-74.03888888888889,2024-01-19,21.028193769467727,,32.89278994118996,22.927079023997205
11,40.711111111111116,-74.03888888888889,2024-01-20,20.654084459506855,,26.60273639082203,
11,40.711111111111116,-74.03888888888889,2024-01-21,22.823349711679633,,26.09946360607313,14.05929826119581
11,40.711111111111116,-74.03888888888889,2024-01-22,25.531115658758765,,41.677375947710516,
11,40.711111111111116,-74.03888888888889,2024-01-23,30.378620924557485,,36.542333344552446,28.493166332869343
11,40.711111111111116,-74.03888888888889,2024-01-24,32.50747007665462,,46.656699345809926,
11,40.711111111111116,-74.03888888888889,2024-01-25,27.060564897826183,,,
11,40.711111111111116,-74.03888888888889,2024-01-26,23.537510592869555,,,
11,40.711111111111116,-74.03888888888889,2024-01-27,22.57606753781732,22.515024112347323,,
11,40.711111111111116,-74.03888888888889,2024-01-28,21.047001785880713,,32.4099571659953,22.563274065530813
11,40.711111111111116,-74.03888888888889,2024-01-29,26.654416917942058,,,
11,40.711111111111116,-74.03888888888889,2024-01-30,27.460477552571948,,,27.66404408415416
12,40.711111111111116,-74.02777777777777,2024-01-01,28.13342344711097,,34.18590880726332,
12,40.711111111111116,-74.02777777777777,2024-01-02,32.39695514436901,,39.69031659520779,
12,40.711111111111116,-74.02777777777777,2024-01-03,30.271081517909646,,47.575397498464156,27.068482775146826
12,40.711111111111116,-74.02777777777777,2024-01-04,28.980336720186255,,,
12,40.711111111111116,-74.02777777777777,2024-01-05,24.74093367658944,,28.439546299319808,
12,40.711111111111116,-74.02777777777777,2024-01-06,22.409850730372714,,30.022718842610086,
12,40.711111111111116,-74.02777777777777,2024-01-07,21.98488926049774,,,19.56877377934671
12,40.711111111111116,-74.02777777777777,2024-01-08,27.620760775987875,,,
12,40.711111111111116,-74.02777777777777,2024-01-09,28.323948378647398,,,
12,40.711111111111116,-74.02777777777777,2024-01-10,33.58227278003374,,41.3052777672707,36.56033839677212
12,40.711111111111116,-74.02777777777777,2024-01-11,30.278534845463433,,41.52117608736163,28.290393529874642
12,40.711111111111116,-74.02777777777777,2024-01-12,20.19910966579959,,21.165135823100545,
12,40.711111111111116,-74.02777777777777,2024-01-13,24.040942401130046,,,
12,40.711111111111116,-74.02777777777777,2024-01-14,23.26358797849081,,27.75604027364786,24.113451593129238
12,40.711111111111116,-74.02777777777777,2024-01-15,25.910066149458377,,,30.037664669010248
12,40.711111111111116,-74.02777777777777,2024-01-16,32.36212551131435,,45.94928105636279,
12,40.711111111111116,-74.02777777777777,2024-01-17,28.669017964131537,,,
12,40.711111111111116,-74.02777777777777,2024-01-18,26.17311500857779,,37.74466867325399,
12,40.711111111111116,-74.02777777777777,2024-01-19,23.9931899085136,,,
12,40.711111111111116,-74.02777777777777,2024-01-20,19.604177926616135,,,17.998193368754368
12,40.711111111111116,-74.02777777777777,2024-01-21,22.33765211991806,,,21.031985421516175
12,40.711111111111116,-74.02777777777777,2024-01-22,27.92904980453808,,,
12,40.711111111111116,-74.02777777777777,2024-01-23,28.466156105117477,,41.5033157908411,
12,40.711111111111116,-74.02777777777777,2024-01-24,31.981544625413335,,38.794768147949725,31.923285807750137
12,40.711111111111116,-74.02777777777777,2024-01-25,27.990935226785776,,32.37439259555752,
12,40.711111111111116,-74.02777777777777,2024-01-26,22.12285155812036,23.073159150093936,,27.254691675866134
12,40.711111111111116,-74.02777777777777,2024-01-27,21.34433809888247,,27.937918825898922,
12,40.711111111111116,-74.02777777777777,2024-01-28,21.051142736955654,,28.405624850225294,23.976735626302943
12,40.711111111111116,-74.02777777777777,2024-01-29,27.43006443674622,,25.103148152098512,29.463690395338944
12,40.711111111111116,-74.02777777777777,2024-01-30,33.28514561418284,,,
13,40.711111111111116,-74.01666666666667,2024-01-01,25.723849947159586,,40.428478054077075,27.95023242037526
13,40.711111111111116,-74.01666666666667,2024-01-02,28.406037537548574,,37.20789133519879,
13,40.711111111111116,-74.01666666666667,2024-01-03,31.548925271344622,,43.064651829775414,
13,40.711111111111116,-74.01666666666667,2024-01-04,28.386234688449708,,36.326055023271266,27.098328014897927
13,40.711111111111116,-74.01666666666667,2024-01-05,22.873615441531033,,24.823068675149905,
13,40.711111111111116,-74.01666666666667,2024-01-06,21.38702539070003,,27.84469031758705,21.40763015551714
13,40.711111111111116,-74.01666666666667,2024-01-07,21.900300530426655,,26.271735014149655,
13,40.711111111111116,-74.01666666666667,2024-01-08,27.182577502392995,,34.89713384714506,
13,40.711111111111116,-74.01666666666667,2024-01-09,29.698925637873444,,,
13,40.711111111111116,-74.01666666666667,2024-01-10,29.710463944168673,,,27.585243643437284
13,40.711111111111116,-74.01666666666667,2024-01-11,25.569866007228672,,34.75234581272034,
13,40.711111111111116,-74.01666666666667,2024-01-12,25.27590744773862,,,
13,40.711111111111116,-74.01666666666667,2024-01-13,20.58711443259054,,28.291709367050842,
13,40.711111111111116,-74.01666666666667,2024-01-14,21.10214175932306,,29.693830760798168,20.468751042839976
13,40.711111111111116,-74.01666666666667,2024-01-15,24.45351704256416,,31.44479652384468,
13,40.711111111111116,-74.01666666666667,2024-01-16,29.037028347559758,,42.54913443803139,23.8350777593077
13,40.711111111111116,-74.01666666666667,2024-01-17,32.718944504288764,,,
13,40.711111111111116,-74.01666666666667,2024-01-18,29.063727054981324,,,25.632548433019338
13,40.711111111111116,-74.01666666666667,2024-01-19,24.475576812831793,22.778479427845543,29.788414460804248,
13,40.711111111111116,-74.01666666666667,2024-01-20,17.63445608377593,,27.091944743447446,
13,40.711111111111116,-74.01666666666667,2024-01-21,21.226264064838777,,35.57276044824458,20.428955305356826
13,40.711111111111116,-74.01666666666667,2024-01-22,29.294720936516867,,,
13,40.711111111111116,-74.01666666666667,2024-01-23,30.068416026265574,,42.32533232415782,34.82535550492277
13,40.711111111111116,-74.01666666666667,2024-01-24,32.861649112256416,,41.42095929460685,29.218271269998432
13,40.711111111111116,-74.01666666666667,2024-01-25,27.981226224082846,,39.69611359797677,
13,40.711111111111116,-74.01666666666667,2024-01-26,21.433120564936694,,33.5730103146666,24.327675464229067
13,40.711111111111116,-74.01666666666667,2024-01-27,24.784402183053878,,32.63565959182895,
13,40.711111111111116,-74.01666666666667,2024-01-28,23.079041002165596,,30.716819403572288,
13,40.711111111111116,-74.01666666666667,2024-01-29,25.476465569404137,,33.21830684646362,24.366432479757755
13,40.711111111111116,-74.01666666666667,2024-01-30,26.729470665650325,,33.655415662327236,
14,40.711111111111116,-74.00555555555556,2024-01-01,27.821784905888006,,,
14,40.711111111111116,-74.00555555555556,2024-01-02,29.669394529694664,,,24.956766073489167
14,40.711111111111116,-74.00555555555556,2024-01-03,29.04898071995604,,44.78883686188762,
14,40.711111111111116,-74.00555555555556,2024-01-04,33.05989508483959,,38.418266075523704,30.439666182576165
14,40.711111111111116,-74.00555555555556,2024-01-05,23.922169764109164,,,
14,40.711111111111116,-74.00555555555556,2024-01-06,20.609055380563163,,27.04341451082263,
14,40.711111111111116,-74.00555555555556,2024-01-07,20.30238962214478,,31.76670608656802,
14,40.711111111111116,-74.00555555555556,2024-01-08,30.34457100530772,,39.29290812828586,
14,40.711111111111116,-74.00555555555556,2024-01-09,29.20162194076931,,,
14,40.711111111111116,-74.00555555555556,2024-01-10,31.834288253894318,,48.27761270572633,
14,40.711111111111116,-74.00555555555556,2024-01-11,29.13554867494454,,,
14,40.711111111111116,-74.00555555555556,2024-01-12,23.572072850283934,,31.232600133680087,
14,40.711111111111116,-74.00555555555556,2024-01-13,22.33428233108742,,26.178209593854426,
14,40.711111111111116,-74.00555555555556,2024-01-14,21.211186007228747,,39.31720949792603,
14,40.711111111111116,-74.00555555555556,2024-01-15,25.888439033751858,,36.15061655401958,
14,40.711111111111116,-74.00555555555556,2024-01-16,31.62746468110679,,45.61618169416169,
14,40.711111111111116,-74.00555555555556,2024-01-17,30.893605698405203,,,
14,40.711111111111116,-74.00555555555556,2024-01-18,33.263783601024926,,43.68567101882607,
14,40.711111111111116,-74.00555555555556,2024-01-19,26.506682841250775,,38.59812525799236,29.942850406892834
14,40.711111111111116,-74.00555555555556,2024-01-20,20.490122661471304,,25.445693840063917,23.059973975348335
14,40.711111111111116,-74.00555555555556,2024-01-21,23.96891025822238,,33.82740545832669,
14,40.711111111111116,-74.00555555555556,2024-01-22,27.822081808683073,,,
14,40.711111111111116,-74.00555555555556,2024-01-23,32.70194116241728,,41.59006153912567,
14,40.711111111111116,-74.00555555555556,2024-01-24,29.812710368162755,,39.202401215692,
14,40.711111111111116,-74.00555555555556,2024-01-25,28.32775763422409,,,
14,40.711111111111116,-74.00555555555556,2024-01-26,23.331919489957084,,,
14,40.711111111111116,-74.00555555555556,2024-01-27,21.114348912667687,,21.906979237725327,18.826174576969045
14,40.711111111111116,-74.00555555555556,2024-01-28,24.264557058067957,,29.597847450807897,
14,40.711111111111116,-74.00555555555556,2024-01-29,25.89884641424531,,26.063166239467357,
14,40.711111111111116,-74.00555555555556,2024-01-30,27.031196113528914,,40.24988592195791,
15,40.711111111111116,-73.99444444444444,2024-01-01,20.388851785224883,,28.20202032128464,17.07279183256651
15,40.711111111111116,-73.99444444444444,2024-01-02,31.901398725118206,,,
15,40.711111111111116,-73.99444444444444,2024-01-03,33.42293547277341,,,41.70191558950664
15,40.711111111111116,-73.99444444444444,2024-01-04,24.93061246344146,,32.804399493757835,22.46335266629486
15,40.711111111111116,-73.99444444444444,2024-01-05,26.500518735927685,25.87432870370612,34.86213840860164,
15,40.711111111111116,-73.99444444444444,2024-01-06,19.836336655208044,,31.305955070411027,18.407674034574065
15,40.711111111111116,-73.99444444444444,2024-01-07,24.26749704595184,,,
15,40.711111111111116,-73.99444444444444,2024-01-08,25.97535435451903,,37.19463851373742,
15,40.711111111111116,-73.99444444444444,2024-01-09,25.459399192653823,,,25.05656170609491
15,40.711111111111116,-73.99444444444444,2024-01-10,32.34700302027167,,,
15,40.711111111111116,-73.99444444444444,2024-01-11,26.964486820252244,,,27.574395650959467
15,40.711111111111116,-73.99444444444444,2024-01-12,23.689091329933586,,33.05860966597744,
15,40.711111111111116,-73.99444444444444,2024-01-13,21.303284963240884,,26.361794557922725,17.64114768549841
15,40.711111111111116,-73.99444444444444,2024-01-14,24.988962328423444,,31.70638687033057,
15,40.711111111111116,-73.99444444444444,2024-01-15,28.50609967170707,,36.90426245990664,
15,40.711111111111116,-73.99444444444444,2024-01-16,28.853021237891397,,,27.599130726375463
15,40.711111111111116,-73.99444444444444,2024-01-17,28.923691872040994,,44.279122059473046,
15,40.711111111111116,-73.99444444444444,2024-01-18,26.84032911935818,,29.5582518895458,
15,40.711111111111116,-73.99444444444444,2024-01-19,25.740106092119,25.226892525647415,32.97372764918273,
15,40.711111111111116,-73.99444444444444,2024-01-20,19.56453778674039,,26.167955778757378,
15,40.711111111111116,-73.99444444444444,2024-01-21,22.54875713771496,,25.335257304022573,
15,40.711111111111116,-73.99444444444444,2024-01-22,28.656519486204274,,36.43704288468657,29.233223778789966
15,40.711111111111116,-73.99444444444444,2024-01-23,30.540746099730644,,45.844975925657515,33.506753607804654
15,40.711111111111116,-73.99444444444444,2024-01-24,28.59962412799171,,,29.119649121102935
15,40.711111111111116,-73.99444444444444,2024-01-25,29.085201188271327,,31.498625512019526,26.599710113930588
15,40.711111111111116,-73.99444444444444,2024-01-26,22.77218887174278,,,
15,40.711111111111116,-73.99444444444444,2024-01-27,19.95923092879305,,,
15,40.711111111111116,-73.99444444444444,2024-01-28,23.59290035064867,,31.517985927623233,22.467311209676858
15,40.711111111111116,-73.99444444444444,2024-01-29,25.79244590335406,,,
15,40.711111111111116,-73.99444444444444,2024-01-30,30.98844822483308,,38.70779575413115,
16,40.711111111111116,-73.98333333333333,2024-01-01,24.806161074445857,,27.73708185367656,
16,40.711111111111116,-73.98333333333333,2024-01-02,30.99716351083193,,42.676301542581534,28.49173480594186
16,40.711111111111116,-73.98333333333333,2024-01-03,35.481593101165195,,,
16,40.711111111111116,-73.98333333333333,2024-01-04,28.6049009447007,,30.820603717794498,28.063725899413477
16,40.711111111111116,-73.98333333333333,2024-01-05,27.004154350631804,,29.709156610957585,26.20419736292856
16,40.711111111111116,-73.98333333333333,2024-01-06,22.448960031461006,,,23.562242185402773
16,40.711111111111116,-73.98333333333333,2024-01-07,19.32246998075889,,28.035654641238438,19.810703225298077
16,40.711111111111116,-73.98333333333333,2024-01-08,26.51063420203823,,,
16,40.711111111111116,-73.98333333333333,2024-01-09,31.18880792159275,,40.50316061557431,
16,40.711111111111116,-73.98333333333333,2024-01-10,29.379538918464576,,41.57885599927496,33.83188700407247
16,40.711111111111116,-73.98333333333333,2024-01-11,29.308521490025647,,33.168594852151905,31.122067469091746
16,40.711111111111116,-73.98333333333333,2024-01-12,25.19760103797562,,36.09353524445111,31.496766405475164
16,40.711111111111116,-73.98333333333333,2024-01-13,21.059185134465423,,31.24779004735825,
16,40.711111111111116,-73.98333333333333,2024-01-14,22.15627033809018,21.506897299768756,34.872740534800265,
16,40.711111111111116,-73.98333333333333,2024-01-15,22.694796194145297,,34.26381019232204,
16,40.711111111111116,-73.98333333333333,2024-01-16,33.09445300173338,,37.73401864920742,
16,40.711111111111116,-73.98333333333333,2024-01-17,31.33106179344852,,36.78151647455164,31.972773398052965
16,40.711111111111116,-73.98333333333333,2024-01-18,28.21846745049122,,,
16,40.711111111111116,-73.98333333333333,2024-01-19,28.211338570309717,,,23.518613735176565
16,40.711111111111116,-73.98333333333333,2024-01-20,23.111784310745744,,,
16,40.711111111111116,-73.98333333333333,2024-01-21,21.93756847833166,,23.520379413791755,
16,40.711111111111116,-73.98333333333333,2024-01-22,26.40369820117442,,33.21951168413626,27.73533889182673
16,40.711111111111116,-73.98333333333333,2024-01-23,25.128605795952403,,,25.725450236341885
16,40.711111111111116,-73.98333333333333,2024-01-24,33.37661023525551,,46.0142957547188,
16,40.711111111111116,-73.98333333333333,2024-01-25,25.040119624441296,,34.326750853005464,27.110830025582114
16,40.711111111111116,-73.98333333333333,2024-01-26,19.141720634764543,,,15.879982818176135
16,40.711111111111116,-73.98333333333333,2024-01-27,19.381586278187044,,28.975396665650464,
16,40.711111111111116,-73.98333333333333,2024-01-28,20.221130614209073,,23.01616811638539,
16,40.711111111111116,-73.98333333333333,2024-01-29,24.031309325372213,,34.971133227577035,
16,40.711111111111116,-73.98333333333333,2024-01-30,29.833955737117687,,,35.05065472851042
17,40.711111111111116,-73.97222222222223,2024-01-01,28.385592198430125,,33.740933011889894,
17,40.711111111111116,-73.97222222222223,2024-01-02,31.3820617197382,,,33.333411997346616
17,40.711111111111116,-73.97222222222223,2024-01-03,28.296355054256015,,,
17,40.711111111111116,-73.97222222222223,2024-01-04,28.663950643785927,,33.572033239944524,
17,40.711111111111116,-73.97222222222223,2024-01-05,25.327468698239844,,36.943584141383155,
17,40.711111111111116,-73.97222222222223,2024-01-06,23.728164884020412,,35.17044515624811,
17,40.711111111111116,-73.97222222222223,2024-01-07,21.40211517663432,,,
17,40.711111111111116,-73.97222222222223,2024-01-08,24.227567630923144,,,
17,40.711111111111116,-73.97222222222223,2024-01-09,30.325841471548586,,42.06597638822835,
17,40.711111111111116,-73.97222222222223,2024-01-10,29.877527272159174,31.321947660312865,,25.323906032116746
17,40.711111111111116,-73.97222222222223,2024-01-11,27.88323639084111,,,
17,40.711111111111116,-73.97222222222223,2024-01-12,27.896903767878197,,36.636030110312596,
17,40.711111111111116,-73.97222222222223,2024-01-13,17.24655069621493,,,20.538008831476017
17,40.711111111111116,-73.97222222222223,2024-01-14,20.284436030773367,,23.292943693737733,
17,40.711111111111116,-73.97222222222223,2024-01-15,27.795014743267487,,,
17,40.711111111111116,-73.97222222222223,2024-01-16,27.605122086805608,27.235844947559404,36.699700373535734,24.517007562259394
17,40.711111111111116,-73.97222222222223,2024-01-17,28.597175086088583,,34.79955652853514,33.198358215838084
17,40.711111111111116,-73.97222222222223,2024-01-18,27.189985693321297,,39.35590185182386,26.722291159511293
17,40.711111111111116,-73.97222222222223,2024-01-19,23.161882808297545,,35.26385463356689,27.507380497976325
17,40.711111111111116,-73.97222222222223,2024-01-20,24.593915010576424,,30.533574229624175,25.62527865522608
17,40.711111111111116,-73.97222222222223,2024-01-21,22.42141398138548,,28.98409392083951,
17,40.711111111111116,-73.97222222222223,2024-01-22,24.57940980832992,,28.062261922731956,19.595680320210654
17,40.711111111111116,-73.97222222222223,2024-01-23,30.17015756962595,,33.405608204757016,
17,40.711111111111116,-73.97222222222223,2024-01-24,31.47767209568283,,42.35694921732649,
17,40.711111111111116,-73.97222222222223,2024-01-25,27.503934623279797,,34.91810110663154,
17,40.711111111111116,-73.97222222222223,2024-01-26,26.638280195761084,,39.020639197088755,29.691264596291592
17,40.711111111111116,-73.97222222222223,2024-01-27,22.09622715760871,,31.721377690088545,23.1179948068102
17,40.711111111111116,-73.97222222222223,2024-01-28,25.847352880775652,,36.91571888850781,21.254030373108485
17,40.711111111111116,-73.97222222222223,2024-01-29,27.4563856089022,,,26.30023562632655
17,40.711111111111116,-73.97222222222223,2024-01-30,31.177938463701796,,,31.107282011079082
18,40.711111111111116,-73.96111111111111,2024-01-01,26.07916758106086,,,
18,40.711111111111116,-73.96111111111111,2024-01-02,27.12610332976859,,,25.809085477154905
18,40.711111111111116,-73.96111111111111,2024-01-03,34.80168346618649,,50.28783647418573,
18,40.711111111111116,-73.96111111111111,2024-01-04,29.315660890838483,29.883602633913615,35.38437372662196,26.704109573295415
18,40.711111111111116,-73.96111111111111,2024-01-05,24.124100821180033,,29.08588102897303,
18,40.711111111111116,-73.96111111111111,2024-01-06,22.36899010070806,,,
18,40.711111111111116,-73.96111111111111,2024-01-07,23.423781557245352,,34.58516212625152,
18,40.711111111111116,-73.96111111111111,2024-01-08,28.202457771400017,,37.458276989993045,
18,40.711111111111116,-73.96111111111111,2024-01-09,31.869968245429874,,42.45923627693535,
18,40.711111111111116,-73.96111111111111,2024-01-10,32.74564066802794,,45.617608203617884,
18,40.711111111111116,-73.96111111111111,2024-01-11,26.56264697685952,,32.6769478285971,
18,40.711111111111116,-73.96111111111111,2024-01-12,25.97763317523836,26.00302159578077,26.494467185495406,
18,40.711111111111116,-73.96111111111111,2024-01-13,20.56699089115787,,33.454917083264704,22.195104085088044
18,40.711111111111116,-73.96111111111111,2024-01-14,20.440999104952628,,,
18,40.711111111111116,-73.96111111111111,2024-01-15,25.765259330499884,,31.46936425856886,
18,40.711111111111116,-73.96111111111111,2024-01-16,26.047428104106203,,,
18,40.711111111111116,-73.96111111111111,2024-01-17,32.36818225936925,,,
18,40.711111111111116,-73.96111111111111,2024-01-18,26.30621835645648,,,
18,40.711111111111116,-73.96111111111111,2024-01-19,21.53171215183643,,29.538900257837764,30.48748915964666
18,40.711111111111116,-73.96111111111111,2024-01-20,22.38858393292499,,,
18,40.711111111111116,-73.96111111111111,2024-01-21,24.212712859905302,,33.94978373913219,21.433569469960688
18,40.711111111111116,-73.96111111111111,2024-01-22,24.353840958091,,35.19987194371103,27.281291116125125
18,40.711111111111116,-73.96111111111111,2024-01-23,32.173942397091494,,38.7704114575131,28.39842766506549
18,40.711111111111116,-73.96111111111111,2024-01-24,31.514014616664358,,34.70793785011173,27.381162114401647
18,40.711111111111116,-73.96111111111111,2024-01-25,27.467746784112443,,,
18,40.711111111111116,-73.96111111111111,2024-01-26,20.0742429420283,,32.74042775751353,
18,40.711111111111116,-73.96111111111111,2024-01-27,19.81665107220468,,28.91849763113536,
18,40.711111111111116,-73.96111111111111,2024-01-28,23.616476372164296,,40.21657673444427,20.930437405075224
18,40.711111111111116,-73.96111111111111,2024-01-29,25.611674418546087,,37.16781376888196,24.907812708673845
18,40.711111111111116,-73.96111111111111,2024-01-30,24.967457414971697,25.227030976451918,,32.82983668806162
19,40.711111111111116,-73.95,2024-01-01,24.203942045318207,,33.167276072342396,
19,40.711111111111116,-73.95,2024-01-02,33.85427447759695,,,
19,40.711111111111116,-73.95,2024-01-03,33.495454125397416,,40.69183580049204,
19,40.711111111111116,-73.95,2024-01-04,28.4170453104723,,41.193996699076365,
19,40.711111111111116,-73.95,2024-01-05,24.172810638655594,,,24.34687884308078
19,40.711111111111116,-73.95,2024-01-06,22.54556634715329,,30.231751509980402,26.145803216433873
19,40.711111111111116,-73.95,2024-01-07,21.534913789513972,,,
19,40.711111111111116,-73.95,2024-01-08,24.272132474112155,,29.37168830324293,22.457898480497516
19,40.711111111111116,-73.95,2024-01-09,25.92590139500854,,36.71716963936827,
19,40.711111111111116,-73.95,2024-01-10,29.027144316926016,29.625938706487926,40.505935135183535,30.39898553077174
19,40.711111111111116,-73.95,2024-01-11,31.50893943674786,,,
19,40.711111111111116,-73.95,2024-01-12,21.969934538495338,,29.59308286400647,
19,40.711111111111116,-73.95,2024-01-13,20.667148493700452,,,
19,40.711111111111116,-73.95,2024-01-14,21.5597327497279,,32.00818966313228,
19,40.711111111111116,-73.95,2024-01-15,27.049058614611937,,42.69609573646676,26.394920928434814
19,40.711111111111116,-73.95,2024-01-16,29.076408550700712,,33.85946835239306,
19,40.711111111111116,-73.95,2024-01-17,31.33375232567486,,44.209611485956415,
19,40.711111111111116,-73.95,2024-01-18,30.90906496083972,,,29.646248303762867
19,40.711111111111116,-73.95,2024-01-19,22.07458960048812,,33.05049752393178,19.62238690976607
19,40.711111111111116,-73.95,2024-01-20,20.33410087828545,,21.297202178852157,
19,40.711111111111116,-73.95,2024-01-21,23.75446828545552,,,
19,40.711111111111116,-73.95,2024-01-22,24.529027443415004,,38.173772850755384,25.577977585314084
19,40.711111111111116,-73.95,2024-01-23,27.20742796648256,25.972084149336553,,
19,40.711111111111116,-73.95,2024-01-24,33.6318460747788,,,
19,40.711111111111116,-73.95,2024-01-25,29.267410850622564,,39.385516849478186,32.75160721291678
19,40.711111111111116,-73.95,2024-01-26,22.635943163004363,,,
19,40.711111111111116,-73.95,2024-01-27,19.51987027880442,19.275789805130216,27.759284200839442,23.81397062429797
19,40.711111111111116,-73.95,2024-01-28,20.116111984990717,20.807993129845805,,
19,40.711111111111116,-73.95,2024-01-29,27.201493138244935,,40.005713466637786,
19,40.711111111111116,-73.95,2024-01-30,33.604929876253976,,,
20,40.72222222222222,-74.05,2024-01-01,33.35762861981499,,45.02861083873947,
20,40.72222222222222,-74.05,2024-01-02,30.958622592858088,,34.26712678473663,
20,40.72222222222222,-74.05,2024-01-03,35.00505568841402,,47.508098893420964,
20,40.72222222222222,-74.05,2024-01-04,33.7879591916876,,48.30361120068528,37.30132108478938
20,40.72222222222222,-74.05,2024-01-05,31.60383321559562,,40.93938254610613,32.816138180622644
20,40.72222222222222,-74.05,2024-01-06,22.92948974843111,,28.92457124248966,
20,40.72222222222222,-74.05,2024-01-07,29.57881781888101,,44.71122306551631,
20,40.72222222222222,-74.05,2024-01-08,31.55602948322627,,,
20,40.72222222222222,-74.05,2024-01-09,28.698114787073365,,36.251307908208844,29.15144609892779
20,40.72222222222222,-74.05,2024-01-10,36.25326996776046,,43.27418235543409,
20,40.72222222222222,-74.05,2024-01-11,31.719485826981884,,,
20,40.72222222222222,-74.05,2024-01-12,28.536240114411488,,35.87905652709891,
20,40.72222222222222,-74.05,2024-01-13,26.764148830737902,,32.59066768022416,
20,40.72222222222222,-74.05,2024-01-14,26.516227979396643,,,26.74055678316255
20,40.72222222222222,-74.05,2024-01-15,28.815218242346674,,,
20,40.72222222222222,-74.05,2024-01-16,33.36430177560577,,40.37202532868729,32.83121984426557
20,40.72222222222222,-74.05,2024-01-17,34.369168764799376,,38.04852932230426,29.262528966559344
20,40.72222222222222,-74.05,2024-01-18,31.091864853030586,,36.25049859839814,28.80830569858716
20,40.72222222222222,-74.05,2024-01-19,26.13866670213912,,29.18193338556736,25.000453205181593
20,40.72222222222222,-74.05,2024-01-20,25.637568467541517,,,25.543250956417186
20,40.72222222222222,-74.05,2024-01-21,24.242062849400043,,30.651956729470204,
20,40.72222222222222,-74.05,2024-01-22,30.4502922085053,,33.83483496108072,
20,40.72222222222222,-74.05,2024-01-23,35.31995938718698,,49.04551236686502,33.67133856340037
20,40.72222222222222,-74.05,2024-01-24,32.35099599677053,,32.53336952675739,
20,40.72222222222222,-74.05,2024-01-25,32.98162968038039,,44.052888205726546,
20,40.72222222222222,-74.05,2024-01-26,25.30993848990999,,,
20,40.72222222222222,-74.05,2024-01-27,23.974669372029958,,,23.155302314809223
20,40.72222222222222,-74.05,2024-01-28,28.04778342772819,,34.691095478881486,29.082618432367045
20,40.72222222222222,-74.05,2024-01-29,33.656350709267834,,49.89145651256965,27.366323613558446
20,40.72222222222222,-74.05,2024-01-30,35.48481859160129,,40.41567990284874,36.357376992131414
21,40.72222222222222,-74.03888888888889,2024-01-01,28.632327008770183,,35.202301597928304,
21,40.72222222222222,-74.03888888888889,2024-01-02,33.89222230495652,,45.45101265136143,
21,40.72222222222222,-74.03888888888889,2024-01-03,33.286879309535735,,,
21,40.72222222222222,-74.03888888888889,2024-01-04,31.55644697534911,,38.138172393275354,
21,40.72222222222222,-74.03888888888889,2024-01-05,26.325000401760008,,36.72926982749564,
21,40.72222222222222,-74.03888888888889,2024-01-06,27.431398974190827,,33.05949073514551,
21,40.72222222222222,-74.03888888888889,2024-01-07,25.415509982425217,,29.752586479751876,23.412171313018558
21,40.72222222222222,-74.03888888888889,2024-01-08,29.708921112279366,,,32.378883798930666
21,40.72222222222222,-74.03888888888889,2024-01-09,28.2622252570115,,,
21,40.72222222222222,-74.03888888888889,2024-01-10,33.72325673872768,,,34.14702815899007
21,40.72222222222222,-74.03888888888889,2024-01-11,27.756363266095214,,,
21,40.72222222222222,-74.03888888888889,2024-01-12,26.376993383274115,26.37883933850512,39.450944376672595,25.721030148786404
21,40.72222222222222,-74.03888888888889,2024-01-13,24.882413478610218,,31.161950840740083,
21,40.72222222222222,-74.03888888888889,2024-01-14,26.43727746120947,,31.150760017900932,25.08723888722203
21,40.72222222222222,-74.03888888888889,2024-01-15,32.362375963846965,,38.91102605375447,
21,40.72222222222222,-74.03888888888889,2024-01-16,35.2730786423092,,,35.56728126092604
21,40.72222222222222,-74.03888888888889,2024-01-17,37.314460654756964,,46.99856360124163,
21,40.72222222222222,-74.03888888888889,2024-01-18,31.88911987149261,,,36.62347404417916
21,40.72222222222222,-74.03888888888889,2024-01-19,29.64955820576447,,,
21,40.72222222222222,-74.03888888888889,2024-01-20,25.636121262771386,,35.89694892027591,
21,40.72222222222222,-74.03888888888889,2024-01-21,27.691013702841257,,42.11989914641343,27.365234790703923
21,40.72222222222222,-74.03888888888889,2024-01-22,28.249380623369802,,35.0255213549223,
21,40.72222222222222,-74.03888888888889,2024-01-23,31.447845457196223,,42.033642661521704,28.00477128774922
21,40.72222222222222,-74.03888888888889,2024-01-24,34.61232062245618,,46.474299473075945,
21,40.72222222222222,-74.03888888888889,2024-01-25,34.42948525880325,,47.42501172162194,
21,40.72222222222222,-74.03888888888889,2024-01-26,28.81083080002246,,40.36905144007898,25.96408123754795
21,40.72222222222222,-74.03888888888889,2024-01-27,28.468164365043815,,,
21,40.72222222222222,-74.03888888888889,2024-01-28,25.39860013301634,,35.85402709731019,23.811667008824294
21,40.72222222222222,-74.03888888888889,2024-01-29,27.734962244601313,,,28.422904629905254
21,40.72222222222222,-74.03888888888889,2024-01-30,37.1825703681391,,50.74045568823271,
22,40.72222222222222,-74.02777777777777,2024-01-01,26.598481549915842,,38.5636287485979,26.915742923730285
22,40.72222222222222,-74.02777777777777,2024-01-02,35.46159271207801,,,
22,40.72222222222222,-74.02777777777777,2024-01-03,37.225629934659466,,,38.625778636675015
22,40.72222222222222,-74.02777777777777,2024-01-04,33.030230180762125,,38.52389058562682,
22,40.72222222222222,-74.02777777777777,2024-01-05,27.484422432383745,,42.04688313987478,29.290777393561196
22,40.72222222222222,-74.02777777777777,2024-01-06,25.820121866429854,,42.307209855872586,
22,40.72222222222222,-74.02777777777777,2024-01-07,26.607272952271465,,,26.14149580579722
22,40.72222222222222,-74.02777777777777,2024-01-08,29.7161282883402,,40.461976167346855,28.47531168807527
22,40.72222222222222,-74.02777777777777,2024-01-09,37.53261025714235,,49.98327746624137,32.89069829032726
22,40.72222222222222,-74.02777777777777,2024-01-10,35.5818430914379,,47.43176617266106,33.831045112399885
22,40.72222222222222,-74.02777777777777,2024-01-11,34.09425392774825,,37.835720411390525,
22,40.72222222222222,-74.02777777777777,2024-01-12,22.014347638312902,,31.355003587091236,23.39934652244699
22,40.72222222222222,-74.02777777777777,2024-01-13,21.23395456982186,,26.926662383054197,
22,40.72222222222222,-74.02777777777777,2024-01-14,26.61106245363301,28.56823698727265,30.34398707376625,
22,40.72222222222222,-74.02777777777777,2024-01-15,29.223233947131718,,36.697683933127,
22,40.72222222222222,-74.02777777777777,2024-01-16,34.0981624844551,,44.63711929949775,35.56040426516963
22,40.72222222222222,-74.02777777777777,2024-01-17,36.151936672304174,,,
22,40.72222222222222,-74.02777777777777,2024-01-18,27.91761366855465,,34.64026893579326,27.051227760456193
22,40.72222222222222,-74.02777777777777,2024-01-19,31.14853198620765,,36.95115000814201,30.017399478804876
22,40.72222222222222,-74.02777777777777,2024-01-20,24.274207989141605,,27.329610698251535,
22,40.72222222222222,-74.02777777777777,2024-01-21,25.35440968689399,,40.44502391086176,
22,40.72222222222222,-74.02777777777777,2024-01-22,29.884880791688694,,,
22,40.72222222222222,-74.02777777777777,2024-01-23,34.20776317695705,,46.8202068328159,
22,40.72222222222222,-74.02777777777777,2024-01-24,38.702427237706054,,,
22,40.72222222222222,-74.02777777777777,2024-01-25,32.719381235501025,,,
22,40.72222222222222,-74.02777777777777,2024-01-26,27.214400197437126,,,30.708245168368194
22,40.72222222222222,-74.02777777777777,2024-01-27,24.860260991412908,,37.70819634887014,
22,40.72222222222222,-74.02777777777777,2024-01-28,25.48760671134553,,33.24269569572966,
22,40.72222222222222,-74.02777777777777,2024-01-29,29.659160101237813,,40.26943200958184,
22,40.72222222222222,-74.02777777777777,2024-01-30,36.45057438997169,,,35.02753806426127
23,40.72222222222222,-74.01666666666667,2024-01-01,33.147039318769664,,47.058889422440345,
23,40.72222222222222,-74.01666666666667,2024-01-02,34.64423838363102,,39.965612522010126,
23,40.72222222222222,-74.01666666666667,2024-01-03,32.39914940320621,,40.746423696872384,
23,40.72222222222222,-74.01666666666667,2024-01-04,30.336554354337753,30.11180873382277,34.87318901769772,31.369621662201624
23,40.72222222222222,-74.01666666666667,2024-01-05,28.661074165358023,,35.96117147944168,28.911517541917576
23,40.72222222222222,-74.01666666666667,2024-01-06,23.93348779239766,,30.990512808719036,
23,40.72222222222222,-74.01666666666667,2024-01-07,26.001072051531697,,27.276481248058335,
23,40.72222222222222,-74.01666666666667,2024-01-08,32.83795398502829,,38.3275199724972,
23,40.72222222222222,-74.01666666666667,2024-01-09,35.626090508924584,,45.354931409744424,
23,40.72222222222222,-74.01666666666667,2024-01-10,33.51707577946301,,45.763137322359455,
23,40.72222222222222,-74.01666666666667,2024-01-11,30.919997958879975,,43.471932332464476,29.812376357537637
23,40.72222222222222,-74.01666666666667,2024-01-12,29.033377877906883,,34.73991669579336,
23,40.72222222222222,-74.01666666666667,2024-01-13,22.896350327524758,,23.950517131185926,
23,40.72222222222222,-74.01666666666667,2024-01-14,27.155804256730057,,38.444240851570676,23.692716252031104
23,40.72222222222222,-74.01666666666667,2024-01-15,26.344419916618378,,34.2268092198825,
23,40.72222222222222,-74.01666666666667,2024-01-16,32.925301086567245,,44.60394137148875,
23,40.72222222222222,-74.01666666666667,2024-01-17,34.07154237672469,,38.01871008960692,
23,40.72222222222222,-74.01666666666667,2024-01-18,31.014691931938334,,38.715654772917134,34.56175046421369
23,40.72222222222222,-74.01666666666667,2024-01-19,26.118260576299107,,39.66421230771509,27.933931679353876
23,40.72222222222222,-74.01666666666667,2024-01-20,27.204304563974972,,,34.0492600735915
23,40.72222222222222,-74.01666666666667,2024-01-21,24.703636763914275,,35.49521223214246,
23,40.72222222222222,-74.01666666666667,2024-01-22,26.081777114004648,,,
23,40.72222222222222,-74.01666666666667,2024-01-23,34.20181465406366,,49.157640838129964,
23,40.72222222222222,-74.01666666666667,2024-01-24,36.04961254933396,,,33.87687295315894
23,40.72222222222222,-74.01666666666667,2024-01-25,33.81829340249974,,45.38685336027372,
23,40.72222222222222,-74.01666666666667,2024-01-26,30.925185205506434,,43.77948289204282,28.719274823460577
23,40.72222222222222,-74.01666666666667,2024-01-27,26.416396616727386,,40.181820516059716,28.502005316979385
23,40.72222222222222,-74.01666666666667,2024-01-28,28.08469360376746,28.41013046320127,,30.422740615483455
23,40.72222222222222,-74.01666666666667,2024-01-29,29.77003849136673,,34.44063651490232,
23,40.72222222222222,-74.01666666666667,2024-01-30,37.58007311674141,,48.972530140227335,37.81150747439079
24,40.72222222222222,-74.00555555555556,2024-01-01,30.217498479683986,,43.012660325663404,30.80641173045705
24,40.72222222222222,-74.00555555555556,2024-01-02,32.1616074457873,,,
24,40.72222222222222,-74.00555555555556,2024-01-03,35.60533139442943,,42.793772884875324,
24,40.72222222222222,-74.00555555555556,2024-01-04,32.24004976181617,,42.297798781676136,
24,40.72222222222222,-74.00555555555556,2024-01-05,25.916522161211446,,31.25094353885753,
24,40.72222222222222,-74.00555555555556,2024-01-06,27.30350217889162,,30.78182696821172,27.997839946468336
24,40.72222222222222,-74.00555555555556,2024-01-07,27.23189919323321,,39.20390914757414,29.395305280869955
24,40.72222222222222,-74.00555555555556,2024-01-08,27.25305825015736,26.495202054151484,38.13730091538573,35.55099709347516
24,40.72222222222222,-74.00555555555556,2024-01-09,29.45246785324361,,41.84878400590408,28.603807691684736
24,40.72222222222222,-74.00555555555556,2024-01-10,33.48457161799652,,43.05543664390373,
24,40.72222222222222,-74.00555555555556,2024-01-11,32.566980031202306,,,
24,40.72222222222222,-74.00555555555556,2024-01-12,26.55476633914384,,38.92430115273025,
24,40.72222222222222,-74.00555555555556,2024-01-13,22.666736948020784,,34.74934250708386,27.86288482212503
24,40.72222222222222,-74.00555555555556,2024-01-14,27.344683714971918,,,
24,40.72222222222222,-74.00555555555556,2024-01-15,33.37045377985656,,43.04328984538078,31.991806956371292
24,40.72222222222222,-74.00555555555556,2024-01-16,30.28101166337119,,,30.11929711635397
24,40.72222222222222,-74.00555555555556,2024-01-17,32.758109930276305,,43.0942577524272,
24,40.72222222222222,-74.00555555555556,2024-01-18,30.209359646237605,,47.13468865835632,30.150953549006314
24,40.72222222222222,-74.00555555555556,2024-01-19,29.506202077305204,,,
24,40.72222222222222,-74.00555555555556,2024-01-20,21.881978395831236,,27.181744783822722,28.374000517568305
24,40.72222222222222,-74.00555555555556,2024-01-21,26.94448897157206,,,32.33357144035295
24,40.72222222222222,-74.00555555555556,2024-01-22,29.099716978141448,,,28.63301989457594
24,40.72222222222222,-74.00555555555556,2024-01-23,31.827824090960526,,47.70726312824192,
24,40.72222222222222,-74.00555555555556,2024-01-24,35.158767275296064,,41.27526374603072,35.39449836445351
24,40.72222222222222,-74.00555555555556,2024-01-25,27.76002803687999,,31.69870403143301,22.69799499554786
24,40.72222222222222,-74.00555555555556,2024-01-26,27.251999235915495,,39.542225780833576,
24,40.72222222222222,-74.00555555555556,2024-01-27,23.92167861742229,,,
24,40.72222222222222,-74.00555555555556,2024-01-28,26.294420330317735,,44.3316354067113,
24,40.72222222222222,-74.00555555555556,2024-01-29,28.763512854596488,,36.39697405600776,25.869899469865913
24,40.72222222222222,-74.00555555555556,2024-01-30,32.07645187005108,,44.197509510040376,
25,40.72222222222222,-73.99444444444444,2024-01-01,30.27322559138625,,,
25,40.72222222222222,-73.99444444444444,2024-01-02,35.81120746910143,,45.156267629714364,38.22296546174359
25,40.72222222222222,-73.99444444444444,2024-01-03,34.57477136384218,,44.18706321930729,38.18220460680121
25,40.72222222222222,-73.99444444444444,2024-01-04,32.651790195130566,,46.5627898810376,
25,40.72222222222222,-73.99444444444444,2024-01-05,28.545669834427716,,,30.224401018959117
25,40.72222222222222,-73.99444444444444,2024-01-06,23.346377270480232,23.78235265998028,20.886668383697536,
25,40.72222222222222,-73.99444444444444,2024-01-07,25.49397032422514,,,31.63455691138381
25,40.72222222222222,-73.99444444444444,2024-01-08,28.66825893439031,,40.77904363365804,
25,40.72222222222222,-73.99444444444444,2024-01-09,32.657004376588894,,,32.215928106296346
25,40.72222222222222,-73.99444444444444,2024-01-10,34.135906059346844,32.68648633016942,,
25,40.72222222222222,-73.99444444444444,2024-01-11,28.46547271761281,,41.414331211378794,
25,40.72222222222222,-73.99444444444444,2024-01-12,30.160953522291493,,41.48789234676,
25,40.72222222222222,-73.99444444444444,2024-01-13,29.518307410106466,,41.97811738124733,
25,40.72222222222222,-73.99444444444444,2024-01-14,28.739719707372238,,39.70456246463084,
25,40.72222222222222,-73.99444444444444,2024-01-15,29.62505987583593,,35.33020592759287,28.01035131786247
25,40.72222222222222,-73.99444444444444,2024-01-16,33.48552550968547,,33.67689918627111,
25,40.72222222222222,-73.99444444444444,2024-01-17,34.045334411187184,,50.637292804668085,
25,40.72222222222222,-73.99444444444444,2024-01-18,35.81207361525583,,,36.3379339520576
25,40.72222222222222,-73.99444444444444,2024-01-19,25.005207956782172,,31.18805867316483,24.349248124477064
25,40.72222222222222,-73.99444444444444,2024-01-20,21.69822813429936,,,
25,40.72222222222222,-73.99444444444444,2024-01-21,26.17812064311588,,38.325006970483855,19.861179817594905
25,40.72222222222222,-73.99444444444444,2024-01-22,27.621039065265833,,43.22591734090809,24.589244405479093
25,40.72222222222222,-73.99444444444444,2024-01-23,32.72679815484547,,,
25,40.72222222222222,-73.99444444444444,2024-01-24,32.89086763650608,,47.00622033936015,34.37946519859603
25,40.72222222222222,-73.99444444444444,2024-01-25,30.946862800574294,,43.3982394504662,30.802597278581977
25,40.72222222222222,-73.99444444444444,2024-01-26,25.883675708199615,,,21.947128275616265
25,40.72222222222222,-73.99444444444444,2024-01-27,25.063883387212666,,33.28145167217954,
25,40.72222222222222,-73.99444444444444,2024-01-28,24.744073387495213,,37.00449502280755,
25,40.72222222222222,-73.99444444444444,2024-01-29,30.7176176592356,,41.76286392118921,
25,40.72222222222222,-73.99444444444444,2024-01-30,33.256859276047635,,38.62839050488683,
26,40.72222222222222,-73.98333333333333,2024-01-01,27.916747923075405,,43.01676296729426,
26,40.72222222222222,-73.98333333333333,2024-01-02,36.493431905989596,,42.117154173215006,40.98572695552848
26,40.72222222222222,-73.98333333333333,2024-01-03,38.4381217781064,,57.50912014096431,43.22144895335399
26,40.72222222222222,-73.98333333333333,2024-01-04,34.426845105697026,,41.81581927753359,
26,40.72222222222222,-73.98333333333333,2024-01-05,30.431651734573105,,40.77051064154035,
26,40.72222222222222,-73.98333333333333,2024-01-06,24.177153948035762,,29.56489625199583,
26,40.72222222222222,-73.98333333333333,2024-01-07,22.258764628770166,,29.581395110326316,
26,40.72222222222222,-73.98333333333333,2024-01-08,28.06564052990832,,36.431408300047245,
26,40.72222222222222,-73.98333333333333,2024-01-09,35.674006582146056,,46.01545180597959,
26,40.72222222222222,-73.98333333333333,2024-01-10,36.59513511019084,,,
26,40.72222222222222,-73.98333333333333,2024-01-11,32.387116830689095,,,
26,40.72222222222222,-73.98333333333333,2024-01-12,26.534270693947153,,31.681073624412278,32.90858490299804
26,40.72222222222222,-73.98333333333333,2024-01-13,27.63611609318951,,36.448354311470986,23.75559321757722
26,40.72222222222222,-73.98333333333333,2024-01-14,24.500906782418866,,26.14873014626098,
26,40.72222222222222,-73.98333333333333,2024-01-15,31.98483619750985,,43.79828699536589,31.662771825367802
26,40.72222222222222,-73.98333333333333,2024-01-16,35.75607300781778,,47.82600656742119,
26,40.72222222222222,-73.98333333333333,2024-01-17,35.12061648399756,,46.48931963290198,34.438187704137334
26,40.72222222222222,-73.98333333333333,2024-01-18,31.06976648539055,,38.82052109129465,
26,40.72222222222222,-73.98333333333333,2024-01-19,29.242918837596953,,34.92790507844613,
26,40.72222222222222,-73.98333333333333,2024-01-20,26.092838914035546,,,
26,40.72222222222222,-73.98333333333333,2024-01-21,26.313997686609593,,,27.459897059181877
26,40.72222222222222,-73.98333333333333,2024-01-22,28.205138472062515,,36.93498190464556,23.82236365610754
26,40.72222222222222,-73.98333333333333,2024-01-23,37.55276897595391,,44.27175190206874,
26,40.72222222222222,-73.98333333333333,2024-01-24,33.056127174545956,,,31.141296277454515
26,40.72222222222222,-73.98333333333333,2024-01-25,32.86058839278274,,43.49997965652089,
26,40.72222222222222,-73.98333333333333,2024-01-26,24.662283125826175,,27.96682585042224,22.22928053493964
26,40.72222222222222,-73.98333333333333,2024-01-27,22.745345068888714,,,21.050399335792484
26,40.72222222222222,-73.98333333333333,2024-01-28,26.785344866695706,,,
26,40.72222222222222,-73.98333333333333,2024-01-29,29.8624344639377,,30.489010723240902,32.8320148856957
26,40.72222222222222,-73.98333333333333,2024-01-30,32.52685959103075,,41.51663477276414,
27,40.72222222222222,-73.97222222222223,2024-01-01,30.529385802946102,,,
27,40.72222222222222,-73.97222222222223,2024-01-02,35.39097088152649,,,
27,40.72222222222222,-73.97222222222223,2024-01-03,33.870179977678085,,43.38546155308362,34.08880227172463
27,40.72222222222222,-73.97222222222223,2024-01-04,31.61004196962642,,48.15811520619974,32.14612612005784
27,40.72222222222222,-73.97222222222223,2024-01-05,30.137088403128132,,,
27,40.72222222222222,-73.97222222222223,2024-01-06,23.253052578367708,,,
27,40.72222222222222,-73.97222222222223,2024-01-07,30.52845730087724,,,
27,40.72222222222222,-73.97222222222223,2024-01-08,27.891433114937936,,,32.11177568230205
27,40.72222222222222,-73.97222222222223,2024-01-09,35.62349108714411,35.400770386367505,,
27,40.72222222222222,-73.97222222222223,2024-01-10,31.951860554801954,,,34.33171677029733
27,40.72222222222222,-73.97222222222223,2024-01-11,30.968362198175512,,45.57084535327919,
27,40.72222222222222,-73.97222222222223,2024-01-12,27.556823168992473,,36.95409859349463,
27,40.72222222222222,-73.97222222222223,2024-01-13,26.998712788500846,,34.76583996871173,27.64319230685065
27,40.72222222222222,-73.97222222222223,2024-01-14,24.815355128121645,,38.37555951882617,23.66955831294555
27,40.72222222222222,-73.97222222222223,2024-01-15,30.84182471113701,,44.28927547329982,31.09479619286371
27,40.72222222222222,-73.97222222222223,2024-01-16,37.059708099836534,,47.460648755667115,
27,40.72222222222222,-73.97222222222223,2024-01-17,34.76483748775966,,43.235473935708455,30.720696151939155
27,40.72222222222222,-73.97222222222223,2024-01-18,32.97513372213576,,45.288463207205474,33.94016934626526
27,40.72222222222222,-73.97222222222223,2024-01-19,28.014778446467673,,27.909473949989785,28.550208438123843
27,40.72222222222222,-73.97222222222223,2024-01-20,27.88459960619141,,39.691366869879474,
27,40.72222222222222,-73.97222222222223,2024-01-21,28.44460538663664,,35.34062799876337,
27,40.72222222222222,-73.97222222222223,2024-01-22,32.12490857143324,,41.66194194715544,
27,40.72222222222222,-73.97222222222223,2024-01-23,34.31195186639131,,,
27,40.72222222222222,-73.97222222222223,2024-01-24,34.67815913266351,,45.767435554060455,32.99008305934281
27,40.72222222222222,-73.97222222222223,2024-01-25,33.34690171637583,,,31.688139204273927
27,40.72222222222222,-73.97222222222223,2024-01-26,25.55107960232997,,30.50190576659895,20.237873943065697
27,40.72222222222222,-73.97222222222223,2024-01-27,25.91652273004911,,25.7974752397448,25.65831365167643
27,40.72222222222222,-73.97222222222223,2024-01-28,23.826264119170187,,27.357502059020973,
27,40.72222222222222,-73.97222222222223,2024-01-29,30.480794173194106,,36.035958263336035,
27,40.72222222222222,-73.97222222222223,2024-01-30,34.72723752550842,,42.80139629928104,
28,40.72222222222222,-73.96111111111111,2024-01-01,31.020409130907385,,,29.783167676257943
28,40.72222222222222,-73.96111111111111,2024-01-02,36.896967814981906,,,
28,40.72222222222222,-73.96111111111111,2024-01-03,34.859991187886365,,40.85855462713584,31.81235470691643
28,40.72222222222222,-73.96111111111111,2024-01-04,33.88298344240077,,34.72646485345787,33.987124688658454
28,40.72222222222222,-73.96111111111111,2024-01-05,23.74165040765792,,,
28,40.72222222222222,-73.96111111111111,2024-01-06,25.300248917257512,,28.57780361728816,
28,40.72222222222222,-73.96111111111111,2024-01-07,25.173285738555734,,32.71302710116753,
28,40.72222222222222,-73.96111111111111,2024-01-08,30.655015366337654,,,29.00693580153133
28,40.72222222222222,-73.96111111111111,2024-01-09,32.4170045415535,,46.58727710872884,33.25397992579892
28,40.72222222222222,-73.96111111111111,2024-01-10,36.44635069746858,,41.738040024724185,
28,40.72222222222222,-73.96111111111111,2024-01-11,29.8015301416238,,43.71245119999655,30.940833049746487
28,40.72222222222222,-73.96111111111111,2024-01-12,27.122420373911563,,34.19815189752918,
28,40.72222222222222,-73.96111111111111,2024-01-13,28.19099968068145,,,30.67568875123532
28,40.72222222222222,-73.96111111111111,2024-01-14,28.75934772741049,,36.93091089007806,
28,40.72222222222222,-73.96111111111111,2024-01-15,32.440203653684605,31.333046836882154,40.466220636480465,
28,40.72222222222222,-73.96111111111111,2024-01-16,33.454636501996916,,41.00087513590034,
28,40.72222222222222,-73.96111111111111,2024-01-17,34.19464156704213,33.13334803533065,43.85170997593454,
28,40.72222222222222,-73.96111111111111,2024-01-18,33.34294787874814,,,
28,40.72222222222222,-73.96111111111111,2024-01-19,26.06437886857536,,29.887781366406163,
28,40.72222222222222,-73.96111111111111,2024-01-20,22.019588114148902,,,
28,40.72222222222222,-73.96111111111111,2024-01-21,27.83895177512096,28.081956497175362,30.27593989058543,
28,40.72222222222222,-73.96111111111111,2024-01-22,29.455516227345942,,39.53619888693956,
28,40.72222222222222,-73.96111111111111,2024-01-23,33.553794891355864,,43.836748949142844,
28,40.72222222222222,-73.96111111111111,2024-01-24,36.42194106806336,,51.3108469055088,35.764845625005925
28,40.72222222222222,-73.96111111111111,2024-01-25,34.80440528075847,,,36.93605258765183
28,40.72222222222222,-73.96111111111111,2024-01-26,27.429804188321196,,33.639655576884664,
28,40.72222222222222,-73.96111111111111,2024-01-27,27.624302187402858,,,
28,40.72222222222222,-73.96111111111111,2024-01-28,23.125290098786593,,30.284306605155983,28.11969558650795
28,40.72222222222222,-73.96111111111111,2024-01-29,29.673206872567455,,,
28,40.72222222222222,-73.96111111111111,2024-01-30,34.85387419757096,,40.681005097035325,34.41419859049592
29,40.72222222222222,-73.95,2024-01-01,31.76868712268476,,42.97235904348913,
29,40.72222222222222,-73.95,2024-01-02,36.794671647895555,,,
29,40.72222222222222,-73.95,2024-01-03,36.039502114875916,,44.84964522898327,
29,40.72222222222222,-73.95,2024-01-04,30.472358728197133,,44.22516435864435,30.210590688648296
29,40.72222222222222,-73.95,2024-01-05,28.75391864043379,,39.21744735976285,29.697357057884002
29,40.72222222222222,-73.95,2024-01-06,28.649639385135977,,39.900162367874614,
29,40.72222222222222,-73.95,2024-01-07,22.185482656416198,,29.819812513780327,24.49200168432289
29,40.72222222222222,-73.95,2024-01-08,29.113936718158474,,35.11743537779823,
29,40.72222222222222,-73.95,2024-01-09,32.96284431016999,,,
29,40.72222222222222,-73.95,2024-01-10,32.518177610119224,,,
29,40.72222222222222,-73.95,2024-01-11,33.15370263596691,,38.58582116752053,
29,40.72222222222222,-73.95,2024-01-12,23.56272532774053,,32.70013723254649,
29,40.72222222222222,-73.95,2024-01-13,28.82032955886261,,34.4859355905608,
29,40.72222222222222,-73.95,2024-01-14,27.0404955880152,,34.66988805618625,20.80706012844661
29,40.72222222222222,-73.95,2024-01-15,29.207481921048533,,44.622490928476374,
29,40.72222222222222,-73.95,2024-01-16,34.478530725333556,,,
29,40.72222222222222,-73.95,2024-01-17,31.989000364469284,,43.75706953275247,29.843810702557004
29,40.72222222222222,-73.95,2024-01-18,30.797694699965763,,,27.842715322514717
29,40.72222222222222,-73.95,2024-01-19,28.07601885362885,29.253563578398435,35.84090811240034,
29,40.72222222222222,-73.95,2024-01-20,24.85123414170997,,30.613248962942357,22.81530495782766
29,40.72222222222222,-73.95,2024-01-21,25.302445062296428,,39.757086523141076,27.708830438150788
29,40.72222222222222,-73.95,2024-01-22,28.390772701481463,,,34.83622124892779
29,40.72222222222222,-73.95,2024-01-23,34.791127973958694,,43.86330051694193,
29,40.72222222222222,-73.95,2024-01-24,36.576450862534855,,55.708656912224384,
29,40.72222222222222,-73.95,2024-01-25,33.418897449950784,,54.36129471783116,
29,40.72222222222222,-73.95,2024-01-26,30.418746156876015,,32.97098403428973,
29,40.72222222222222,-73.95,2024-01-27,22.934047329794986,,,
29,40.72222222222222,-73.95,2024-01-28,26.351643660432572,,35.623153633251256,28.778991865158332
29,40.72222222222222,-73.95,2024-01-29,27.864684203241197,,,
29,40.72222222222222,-73.95,2024-01-30,32.49147439269238,,41.33686355830723,37.35094820764033
30,40.733333333333334,-74.05,2024-01-01,27.76836661012207,,36.77460176035857,26.89825429130295
30,40.733333333333334,-74.05,2024-01-02,31.84614640295022,,39.760563219138206,31.995159571851016
30,40.733333333333334,-74.05,2024-01-03,36.157228594358756,,45.49139842971808,
30,40.733333333333334,-74.05,2024-01-04,30.417423718926898,,42.542195964111706,
30,40.733333333333334,-74.05,2024-01-05,24.293594491900976,,37.83433053936542,27.346653730110052
30,40.733333333333334,-74.05,2024-01-06,25.326115372877403,,35.98879718480299,27.759725956465424
30,40.733333333333334,-74.05,2024-01-07,21.750652902610366,,,
30,40.733333333333334,-74.05,2024-01-08,27.10257995220352,,,26.219852435294147
30,40.733333333333334,-74.05,2024-01-09,35.2825782218405,,49.92321444277686,32.950463767302786
30,40.733333333333334,-74.05,2024-01-10,31.366473439193882,,49.10675541295126,30.638377195718036
30,40.733333333333334,-74.05,2024-01-11,27.049652391066296,,33.02899748778566,
30,40.733333333333334,-74.05,2024-01-12,26.21621341067885,,41.19685015731454,
30,40.733333333333334,-74.05,2024-01-13,25.785657907120918,,32.97054469302164,
30,40.733333333333334,-74.05,2024-01-14,24.755672497791252,,33.32299930815659,
30,40.733333333333334,-74.05,2024-01-15,28.57551721676104,,,
30,40.733333333333334,-74.05,2024-01-16,35.245462255442234,,46.769506943638405,
30,40.733333333333334,-74.05,2024-01-17,34.311645057213845,,43.79467714353312,
30,40.733333333333334,-74.05,2024-01-18,29.298052773314755,,38.01957612865246,
30,40.733333333333334,-74.05,2024-01-19,27.543908709601215,,34.14304762675025,
30,40.733333333333334,-74.05,2024-01-20,20.06171420718718,,,20.39867770359662
30,40.733333333333334,-74.05,2024-01-21,24.156344467018027,,,
30,40.733333333333334,-74.05,2024-01-22,28.16748723281529,,38.640107015579595,27.643026140923663
30,40.733333333333334,-74.05,2024-01-23,32.5508343270489,,,
30,40.733333333333334,-74.05,2024-01-24,34.14885574412598,,,34.98390164805999
30,40.733333333333334,-74.05,2024-01-25,29.811246008233915,,36.85846092379395,
30,40.733333333333334,-74.05,2024-01-26,27.209786937350852,,35.01208023347926,
30,40.733333333333334,-74.05,2024-01-27,25.658622710396244,,38.17954800265033,
30,40.733333333333334,-74.05,2024-01-28,21.619800562293047,,21.976946462430945,
30,40.733333333333334,-74.05,2024-01-29,27.91770461261588,,32.559087132255335,
30,40.733333333333334,-74.05,2024-01-30,30.629924010915182,,36.58076271702234,31.07799261531254
31,40.733333333333334,-74.03888888888889,2024-01-01,29.64838187579543,,27.15955159933695,29.16932631333053
31,40.733333333333334,-74.03888888888889,2024-01-02,33.429542824535176,,,33.566017253527434
31,40.733333333333334,-74.03888888888889,2024-01-03,34.65156644517692,34.312329477917295,38.01166631967982,
31,40.733333333333334,-74.03888888888889,2024-01-04,34.80634072059337,,53.88960609062247,
31,40.733333333333334,-74.03888888888889,2024-01-05,26.479714754960458,,39.48970846514624,
31,40.733333333333334,-74.03888888888889,2024-01-06,24.08619174008882,,39.63119158714294,22.253618820673623
31,40.733333333333334,-74.03888888888889,2024-01-07,25.760063138270272,,39.65242536281327,
31,40.733333333333334,-74.03888888888889,2024-01-08,27.965649459928702,,40.85177695561843,26.32522519121082
31,40.733333333333334,-74.03888888888889,2024-01-09,32.6198331852647,,35.97132691054616,
31,40.733333333333334,-74.03888888888889,2024-01-10,27.725964805599332,,38.63681980386474,
31,40.733333333333334,-74.03888888888889,2024-01-11,31.248741193957773,,36.13198874411292,
31,40.733333333333334,-74.03888888888889,2024-01-12,24.97658164862451,,32.021053809765895,
31,40.733333333333334,-74.03888888888889,2024-01-13,25.304644251907487,,32.19853857325484,31.157199659011276
31,40.733333333333334,-74.03888888888889,2024-01-14,25.29331069529831,,,24.896900928593666
31,40.733333333333334,-74.03888888888889,2024-01-15,27.61279143230154,,28.048155158914064,27.308949276196945
31,40.733333333333334,-74.03888888888889,2024-01-16,29.92756083805793,,,23.55651178608344
31,40.733333333333334,-74.03888888888889,2024-01-17,35.85365568535455,,49.91679306648575,
31,40.733333333333334,-74.03888888888889,2024-01-18,31.119834032450665,,37.71265128175848,
31,40.733333333333334,-74.03888888888889,2024-01-19,23.522722012407932,,,22.89731738078671
31,40.733333333333334,-74.03888888888889,2024-01-20,22.65259248647233,,25.702377229017976,19.69862813193054
31,40.733333333333334,-74.03888888888889,2024-01-21,23.166049731273812,,26.9027722926631,25.27633348163574
31,40.733333333333334,-74.03888888888889,2024-01-22,29.247551585570527,,,29.045862899117566
31,40.733333333333334,-74.03888888888889,2024-01-23,32.175567834190744,,39.75235708856642,
31,40.733333333333334,-74.03888888888889,2024-01-24,33.7382643896481,,43.908532567681966,34.201745386433856
31,40.733333333333334,-74.03888888888889,2024-01-25,30.156567553675835,28.43539172838611,35.52331499808563,
31,40.733333333333334,-74.03888888888889,2024-01-26,28.364969092460665,,34.68160202082719,
31,40.733333333333334,-74.03888888888889,2024-01-27,25.14833913008588,,,21.687262286066304
31,40.733333333333334,-74.03888888888889,2024-01-28,25.59531381248405,,39.94190392116763,28.41885941174396
31,40.733333333333334,-74.03888888888889,2024-01-29,29.044049509590458,,35.23726585820624,29.125989649144774
31,40.733333333333334,-74.03888888888889,2024-01-30,28.637553461890576,,37.03362146412503,27.890337927931455
32,40.733333333333334,-74.02777777777777,2024-01-01,25.31446623522124,,,
32,40.733333333333334,-74.02777777777777,2024-01-02,31.36348164988022,,,
32,40.733333333333334,-74.02777777777777,2024-01-03,34.17071036694485,,45.11125550237854,
32,40.733333333333334,-74.02777777777777,2024-01-04,33.22063403508314,,43.25146532666069,32.248836532226484
32,40.733333333333334,-74.02777777777777,2024-01-05,23.00639195698605,,28.423503153116375,
32,40.733333333333334,-74.02777777777777,2024-01-06,22.784842296694404,,32.095817834296234,
32,40.733333333333334,-74.02777777777777,2024-01-07,20.007777903786454,,35.17761209625527,
32,40.733333333333334,-74.02777777777777,2024-01-08,29.51144254476998,,42.845902487256915,27.689025681909058
32,40.733333333333334,-74.02777777777777,2024-01-09,31.760687464804494,,41.69617083862693,
32,40.733333333333334,-74.02777777777777,2024-01-10,34.70549247178618,,41.03579230925328,
32,40.733333333333334,-74.02777777777777,2024-01-11,32.7235296701463,,,33.68615920370003
32,40.733333333333334,-74.02777777777777,2024-01-12,26.161713403011262,27.24176946215057,,
32,40.733333333333334,-74.02777777777777,2024-01-13,25.671191505215425,,35.75465075443849,
32,40.733333333333334,-74.02777777777777,2024-01-14,26.89495635592784,,33.10791162532844,26.680015698492895
32,40.733333333333334,-74.02777777777777,2024-01-15,29.742071074966365,,42.19516195872457,
32,40.733333333333334,-74.02777777777777,2024-01-16,34.122703506972826,,43.72270707652905,
32,40.733333333333334,-74.02777777777777,2024-01-17,32.833194738600554,,33.52644264611634,
32,40.733333333333334,-74.02777777777777,2024-01-18,28.847091970151535,,41.2989033350291,
32,40.733333333333334,-74.02777777777777,2024-01-19,26.69580462657302,,,
32,40.733333333333334,-74.02777777777777,2024-01-20,22.819959295321436,,34.36707606789584,24.407877930693154
32,40.733333333333334,-74.02777777777777,2024-01-21,27.09798117876913,,34.42739852907572,
32,40.733333333333334,-74.02777777777777,2024-01-22,28.235251308462054,,41.59809516710113,29.677485047766005
32,40.733333333333334,-74.02777777777777,2024-01-23,35.56283226507649,,50.27408679360677,36.4525630806674
32,40.733333333333334,-74.02777777777777,2024-01-24,33.72636526648663,,41.098338761264216,29.071828519309843
32,40.733333333333334,-74.02777777777777,2024-01-25,32.15377640294913,32.90084924679568,47.17889570204337,
32,40.733333333333334,-74.02777777777777,2024-01-26,24.376039626768808,,34.771170913512705,26.926277624021466
32,40.733333333333334,-74.02777777777777,2024-01-27,24.62097598141407,,33.83791310752971,
32,40.733333333333334,-74.02777777777777,2024-01-28,27.31873034521136,,,
32,40.733333333333334,-74.02777777777777,2024-01-29,27.737914573775146,,39.311756188182734,
32,40.733333333333334,-74.02777777777777,2024-01-30,32.72721711247366,,,31.343100468233292
33,40.733333333333334,-74.01666666666667,2024-01-01,28.59240358598857,,30.931860470532953,28.604045436029793
33,40.733333333333334,-74.01666666666667,2024-01-02,35.813761287924244,,41.030432200122405,37.8402912809636
33,40.733333333333334,-74.01666666666667,2024-01-03,35.24829855923862,,52.0074666223083,
33,40.733333333333334,-74.01666666666667,2024-01-04,31.287966402430406,,40.36657734389255,26.537201233067666
33,40.733333333333334,-74.01666666666667,2024-01-05,27.316833166532195,,38.54209054432469,28.113684146049795
33,40.733333333333334,-74.01666666666667,2024-01-06,23.687204644588537,,33.380981086109216,21.919868246245155
33,40.733333333333334,-74.01666666666667,2024-01-07,22.879904027979386,,29.74421333035767,
33,40.733333333333334,-74.01666666666667,2024-01-08,26.834632199251363,,30.627320800039634,28.45956926280314
33,40.733333333333334,-74.01666666666667,2024-01-09,31.59400070428705,,45.210132864225436,
33,40.733333333333334,-74.01666666666667,2024-01-10,35.60267517689029,,51.5914967524416,
33,40.733333333333334,-74.01666666666667,2024-01-11,31.16570341449724,,,34.001338018331694
33,40.733333333333334,-74.01666666666667,2024-01-12,28.67180479207189,,,
33,40.733333333333334,-74.01666666666667,2024-01-13,26.18536544449664,,,26.566643691025032
33,40.733333333333334,-74.01666666666667,2024-01-14,24.925037060654958,,26.020671045306806,19.12516684565824
33,40.733333333333334,-74.01666666666667,2024-01-15,29.400677817727868,,40.618070047014676,30.099291740948622
33,40.733333333333334,-74.01666666666667,2024-01-16,34.010955619860965,,49.612560822926554,29.732588513577436
33,40.733333333333334,-74.01666666666667,2024-01-17,32.45960208319387,,44.57313781923359,
33,40.733333333333334,-74.01666666666667,2024-01-18,30.34111085387911,,,31.64399908186519
33,40.733333333333334,-74.01666666666667,2024-01-19,28.195772629122505,,,
33,40.733333333333334,-74.01666666666667,2024-01-20,21.32724728133444,,26.566285504498065,18.779258823846217
33,40.733333333333334,-74.01666666666667,2024-01-21,26.368935164289677,,32.304901029745864,26.45317148643365
33,40.733333333333334,-74.01666666666667,2024-01-22,28.8687099161012,,36.287714602927046,28.35227709497578
33,40.733333333333334,-74.01666666666667,2024-01-23,32.98835161748007,,38.647885739048206,
33,40.733333333333334,-74.01666666666667,2024-01-24,37.087068159513635,,45.66138173648975,35.24630534342525
33,40.733333333333334,-74.01666666666667,2024-01-25,31.222154614765625,,40.434132731271745,
33,40.733333333333334,-74.01666666666667,2024-01-26,26.80701379290297,,,
33,40.733333333333334,-74.01666666666667,2024-01-27,23.353693436234803,,34.77434209350946,
33,40.733333333333334,-74.01666666666667,2024-01-28,23.28456643853153,,28.262266293934392,
33,40.733333333333334,-74.01666666666667,2024-01-29,31.544144049448164,,38.80347589663102,28.030495529316354
33,40.733333333333334,-74.01666666666667,2024-01-30,37.11729352753893,,54.15976966844889,
34,40.733333333333334,-74.00555555555556,2024-01-01,27.48690848923397,,37.40930134190509,31.271466246840518
34,40.733333333333334,-74.00555555555556,2024-01-02,33.8492182521516,,38.35551893327696,35.00836621369579
34,40.733333333333334,-74.00555555555556,2024-01-03,35.210422041846684,,47.34539919316415,31.549459972014755
34,40.733333333333334,-74.00555555555556,2024-01-04,30.815425509015505,,40.69120694989634,
34,40.733333333333334,-74.00555555555556,2024-01-05,26.039522580832095,,39.80352454884956,
34,40.733333333333334,-74.00555555555556,2024-01-06,23.463433722411924,,,19.340319509526182
34,40.733333333333334,-74.00555555555556,2024-01-07,24.842224387788036,,35.3042978184653,22.44333491528692
34,40.733333333333334,-74.00555555555556,2024-01-08,28.16482635283848,,34.03225316269329,30.227519408820893
34,40.733333333333334,-74.00555555555556,2024-01-09,34.006246297127824,,43.176507623627444,
34,40.733333333333334,-74.00555555555556,2024-01-10,31.065202171415322,,44.10846148178592,
34,40.733333333333334,-74.00555555555556,2024-01-11,31.79019373624403,,,
34,40.733333333333334,-74.00555555555556,2024-01-12,24.38061999129571,,27.56044746311895,
34,40.733333333333334,-74.00555555555556,2024-01-13,22.208270614632546,,,
34,40.733333333333334,-74.00555555555556,2024-01-14,23.402410718360393,,28.107348600730134,23.154265646670915
34,40.733333333333334,-74.00555555555556,2024-01-15,29.146437493165784,,41.78094996899687,30.727131264163166
34,40.733333333333334,-74.00555555555556,2024-01-16,33.43635711346928,,41.08937952306041,
34,40.733333333333334,-74.00555555555556,2024-01-17,31.549161596582415,,,
34,40.733333333333334,-74.00555555555556,2024-01-18,27.939262204607726,,36.15789307032617,
34,40.733333333333334,-74.00555555555556,2024-01-19,29.60345011921715,,36.090737084343225,
34,40.733333333333334,-74.00555555555556,2024-01-20,24.970675091570794,,33.47046142761942,
34,40.733333333333334,-74.00555555555556,2024-01-21,22.395874609880693,,32.76635711179888,
34,40.733333333333334,-74.00555555555556,2024-01-22,28.88385235425116,,29.528619882421204,
34,40.733333333333334,-74.00555555555556,2024-01-23,36.79411086915603,,53.523613036118775,
34,40.733333333333334,-74.00555555555556,2024-01-24,33.573581740377016,,43.827127960863635,
34,40.733333333333334,-74.00555555555556,2024-01-25,30.59265529000236,,,
34,40.733333333333334,-74.00555555555556,2024-01-26,26.877540901453234,,,
34,40.733333333333334,-74.00555555555556,2024-01-27,22.48340868290713,,36.397446852722936,21.628125911781087
34,40.733333333333334,-74.00555555555556,2024-01-28,28.748840097383667,,45.60956688945263,
34,40.733333333333334,-74.00555555555556,2024-01-29,28.188420979220137,,35.198564197046665,
34,40.733333333333334,-74.00555555555556,2024-01-30,33.070796282230035,,,30.634873825349604
35,40.733333333333334,-73.99444444444444,2024-01-01,26.120256843056637,,,28.126777234695293
35,40.733333333333334,-73.99444444444444,2024-01-02,33.091765064133554,,46.80292197035221,36.18000436699953
35,40.733333333333334,-73.99444444444444,2024-01-03,35.12829745289499,,47.73630779217076,
35,40.733333333333334,-73.99444444444444,2024-01-04,30.86843520882823,,,
35,40.733333333333334,-73.99444444444444,2024-01-05,24.30029430457099,,,
35,40.733333333333334,-73.99444444444444,2024-01-06,17.43220685054327,,17.89743997661855,
35,40.733333333333334,-73.99444444444444,2024-01-07,25.588392667138052,,32.64365295942124,
35,40.733333333333334,-73.99444444444444,2024-01-08,27.860497560507646,,28.86498146759468,26.70344356835605
35,40.733333333333334,-73.99444444444444,2024-01-09,33.54178103330842,,35.45265021868041,
35,40.733333333333334,-73.99444444444444,2024-01-10,33.33649289289039,,44.50983202415095,
35,40.733333333333334,-73.99444444444444,2024-01-11,29.351615417385716,,40.83125985356958,
35,40.733333333333334,-73.99444444444444,2024-01-12,25.140088864650032,,37.78930828366681,
35,40.733333333333334,-73.99444444444444,2024-01-13,24.400305710351212,,,23.657048455632083
35,40.733333333333334,-73.99444444444444,2024-01-14,24.6934912361554,,27.318179367325982,
35,40.733333333333334,-73.99444444444444,2024-01-15,28.534957593600744,,38.206910105947806,31.554744739433843
35,40.733333333333334,-73.99444444444444,2024-01-16,35.1336829309048,,43.64701198668669,35.56963709688201
35,40.733333333333334,-73.99444444444444,2024-01-17,34.710605375028976,,47.13168158884624,32.206444446679555
35,40.733333333333334,-73.99444444444444,2024-01-18,27.9313716872064,,35.72370819058744,
35,40.733333333333334,-73.99444444444444,2024-01-19,24.727042099170333,,,
35,40.733333333333334,-73.99444444444444,2024-01-20,22.16089068836023,,,21.299981778823142
35,40.733333333333334,-73.99444444444444,2024-01-21,19.501462512756014,,,
35,40.733333333333334,-73.99444444444444,2024-01-22,33.75827345527983,,40.80116719572261,
35,40.733333333333334,-73.99444444444444,2024-01-23,33.40051293313299,,40.33255912096159,29.348845040104038
35,40.733333333333334,-73.99444444444444,2024-01-24,28.387845111357226,,35.83701331087737,28.82865100651729
35,40.733333333333334,-73.99444444444444,2024-01-25,29.7854095933922,,,
35,40.733333333333334,-73.99444444444444,2024-01-26,31.679455711804824,,45.56550290676832,27.659239498433017
35,40.733333333333334,-73.99444444444444,2024-01-27,24.650047858453778,,,26.402442312910214
35,40.733333333333334,-73.99444444444444,2024-01-28,25.9788293177858,,35.955012200673785,
35,40.733333333333334,-73.99444444444444,2024-01-29,27.062412726006855,,,
35,40.733333333333334,-73.99444444444444,2024-01-30,31.635630216302932,,38.457590570813046,29.320314344124306
36,40.733333333333334,-73.98333333333333,2024-01-01,31.879295369396335,,37.96685039596389,
36,40.733333333333334,-73.98333333333333,2024-01-02,30.130842517140152,,38.14039360988879,27.230643762706805
36,40.733333333333334,-73.98333333333333,2024-01-03,34.87671609530726,,47.267221395480284,36.0195746023875
36,40.733333333333334,-73.98333333333333,2024-01-04,29.939777472507842,,35.68004633057744,
36,40.733333333333334,-73.98333333333333,2024-01-05,25.94181074315875,,,
36,40.733333333333334,-73.98333333333333,2024-01-06,26.44976686236882,,27.29556051751412,29.6377387347314
36,40.733333333333334,-73.98333333333333,2024-01-07,23.999829293973168,,38.454726481341694,
36,40.733333333333334,-73.98333333333333,2024-01-08,29.270740290907096,,40.73618385116765,31.917081607133618
36,40.733333333333334,-73.98333333333333,2024-01-09,29.9882886062921,,38.41291066609375,
36,40.733333333333334,-73.98333333333333,2024-01-10,37.82496644029092,,,40.508997867605316
36,40.733333333333334,-73.98333333333333,2024-01-11,30.835968187244838,,44.92312329844854,26.658021913895077
36,40.733333333333334,-73.98333333333333,2024-01-12,29.057593672349913,,46.69123067988155,
36,40.733333333333334,-73.98333333333333,2024-01-13,26.184288038791774,,32.87845512263874,
36,40.733333333333334,-73.98333333333333,2024-01-14,25.620101917686853,,,
36,40.733333333333334,-73.98333333333333,2024-01-15,29.31396483906526,,32.61956288603435,
36,40.733333333333334,-73.98333333333333,2024-01-16,30.300850543892064,,,29.84564926863054
36,40.733333333333334,-73.98333333333333,2024-01-17,32.22351815983062,,40.725376812370065,
36,40.733333333333334,-73.98333333333333,2024-01-18,29.375774815397477,,26.933134534220677,
36,40.733333333333334,-73.98333333333333,2024-01-19,23.54676119620302,,,19.42525672150704
36,40.733333333333334,-73.98333333333333,2024-01-20,27.87166608063325,,37.60698555942803,
36,40.733333333333334,-73.98333333333333,2024-01-21,25.880781342704484,,40.60012883578864,
36,40.733333333333334,-73.98333333333333,2024-01-22,34.689677456448806,,47.13399214772215,34.34527071017161
36,40.733333333333334,-73.98333333333333,2024-01-23,33.70295490255288,,46.28918820092544,43.041685505684406
36,40.733333333333334,-73.98333333333333,2024-01-24,32.12108404047831,,43.631310950853376,34.319571285943546
36,40.733333333333334,-73.98333333333333,2024-01-25,28.28120849527859,,,
36,40.733333333333334,-73.98333333333333,2024-01-26,26.144467663464255,,33.06671016235636,
36,40.733333333333334,-73.98333333333333,2024-01-27,23.803181786731564,23.565498469770578,23.144820121201818,
36,40.733333333333334,-73.98333333333333,2024-01-28,28.8354524465737,,31.22668801659524,
36,40.733333333333334,-73.98333333333333,2024-01-29,28.239610046836678,,32.75966692081529,
36,40.733333333333334,-73.98333333333333,2024-01-30,31.68889304141173,,43.06061387428357,
37,40.733333333333334,-73.97222222222223,2024-01-01,28.282833780859217,,39.86340304417299,
37,40.733333333333334,-73.97222222222223,2024-01-02,33.646281364617444,,41.498554286890304,33.73588213439092
37,40.733333333333334,-73.97222222222223,2024-01-03,37.90508338882573,,,35.844937359815845
37,40.733333333333334,-73.97222222222223,2024-01-04,29.145685173908976,,,
37,40.733333333333334,-73.97222222222223,2024-01-05,26.756410972410727,,26.809747762827627,
37,40.733333333333334,-73.97222222222223,2024-01-06,23.74154474892673,,30.60331415242886,
37,40.733333333333334,-73.97222222222223,2024-01-07,25.322870560017822,,,25.711256365393417
37,40.733333333333334,-73.97222222222223,2024-01-08,24.68892732623727,,36.386636063856,23.52029894248781
37,40.733333333333334,-73.97222222222223,2024-01-09,31.898923286448486,,,
37,40.733333333333334,-73.97222222222223,2024-01-10,30.85276417215037,,,
37,40.733333333333334,-73.97222222222223,2024-01-11,28.47182575083553,,,27.81281739378265
37,40.733333333333334,-73.97222222222223,2024-01-12,29.667423646366498,,,
37,40.733333333333334,-73.97222222222223,2024-01-13,25.08816456517265,,29.131439415831036,25.495938266827693
37,40.733333333333334,-73.97222222222223,2024-01-14,21.284157629431867,21.5056509365647,,24.153042635705905
37,40.733333333333334,-73.97222222222223,2024-01-15,33.30960064955002,,43.30959468272133,
37,40.733333333333334,-73.97222222222223,2024-01-16,31.14224211037018,,42.87850952546874,30.311082809532905
37,40.733333333333334,-73.97222222222223,2024-01-17,30.750976836850043,32.45507891490916,43.45778750337128,
37,40.733333333333334,-73.97222222222223,2024-01-18,28.586170527720398,,,26.28557841370674
37,40.733333333333334,-73.97222222222223,2024-01-19,26.626979880753844,,,
37,40.733333333333334,-73.97222222222223,2024-01-20,24.752264131440878,,,
37,40.733333333333334,-73.97222222222223,2024-01-21,26.873485178057404,,30.95342757799787,
37,40.733333333333334,-73.97222222222223,2024-01-22,28.822419123646032,,40.16705437017123,28.78517946506925
37,40.733333333333334,-73.97222222222223,2024-01-23,35.91613934248957,,43.741557611232615,
37,40.733333333333334,-73.97222222222223,2024-01-24,32.88456813391026,31.947451088671524,39.86021904124394,34.71568923308611
37,40.733333333333334,-73.97222222222223,2024-01-25,30.282214229098663,,,
37,40.733333333333334,-73.97222222222223,2024-01-26,26.462294636357825,,,
37,40.733333333333334,-73.97222222222223,2024-01-27,24.570882708237203,,34.29940134392152,
37,40.733333333333334,-73.97222222222223,2024-01-28,23.86175849010643,,,22.187499439696406
37,40.733333333333334,-73.97222222222223,2024-01-29,30.728016147692802,,,
37,40.733333333333334,-73.97222222222223,2024-01-30,31.75449123560133,31.63020545843889,40.25985256344971,
38,40.733333333333334,-73.96111111111111,2024-01-01,33.21190489313966,,,
38,40.733333333333334,-73.96111111111111,2024-01-02,30.86496216418989,,40.5165918151036,
38,40.733333333333334,-73.96111111111111,2024-01-03,31.85995756650044,,42.32399194977807,
38,40.733333333333334,-73.96111111111111,2024-01-04,26.680392658339443,27.474993041284655,38.910960187718715,24.38203016650743
38,40.733333333333334,-73.96111111111111,2024-01-05,24.234710232641213,,30.423144676882,
38,40.733333333333334,-73.96111111111111,2024-01-06,21.7952665571368,,35.36952187291488,15.8100251578926
38,40.733333333333334,-73.96111111111111,2024-01-07,25.188415239018834,,31.440816225885218,28.1636662753585
38,40.733333333333334,-73.96111111111111,2024-01-08,29.018395100758777,,,26.26446678692657
38,40.733333333333334,-73.96111111111111,2024-01-09,36.03175071371914,,48.462189243832135,
38,40.733333333333334,-73.96111111111111,2024-01-10,32.35232402114972,,43.565447091207666,34.21256401648873
38,40.733333333333334,-73.96111111111111,2024-01-11,30.168122941386077,,37.16110427506243,
38,40.733333333333334,-73.96111111111111,2024-01-12,23.072508231875698,,35.60603040048276,23.394017977654485
38,40.733333333333334,-73.96111111111111,2024-01-13,21.628588994206076,,30.39588037311961,23.141452554358892
38,40.733333333333334,-73.96111111111111,2024-01-14,23.062439727925234,,33.24441804007655,
38,40.733333333333334,-73.96111111111111,2024-01-15,28.21054792625468,,33.13748918569578,
38,40.733333333333334,-73.96111111111111,2024-01-16,33.45689003272415,,41.255163430556,
38,40.733333333333334,-73.96111111111111,2024-01-17,31.422831998820172,,39.67961789809708,
38,40.733333333333334,-73.96111111111111,2024-01-18,32.182630070978256,,40.54174766626687,
38,40.733333333333334,-73.96111111111111,2024-01-19,27.992580901059267,,,29.95587398237613
38,40.733333333333334,-73.96111111111111,2024-01-20,25.540315490414667,,32.86125479298967,
38,40.733333333333334,-73.96111111111111,2024-01-21,22.81953135977632,,28.22914293854509,20.37302325416566
38,40.733333333333334,-73.96111111111111,2024-01-22,27.858506125334436,,28.531523772052893,
38,40.733333333333334,-73.96111111111111,2024-01-23,31.07125301688196,,,29.09602321152694
38,40.733333333333334,-73.96111111111111,2024-01-24,34.45980157100776,,41.931494732750345,36.66180272544843
38,40.733333333333334,-73.96111111111111,2024-01-25,28.157947925094955,,39.68608374737193,
38,40.733333333333334,-73.96111111111111,2024-01-26,27.52017845103306,,34.51686342325343,23.10870979733931
38,40.733333333333334,-73.96111111111111,2024-01-27,21.26007492553814,,25.947764844492347,
38,40.733333333333334,-73.96111111111111,2024-01-28,26.06920531333108,,37.57391587399905,29.742350323683763
38,40.733333333333334,-73.96111111111111,2024-01-29,27.44994156663239,,,30.181197065689098
38,40.733333333333334,-73.96111111111111,2024-01-30,31.79933784533209,,,
39,40.733333333333334,-73.95,2024-01-01,24.924250264502902,,,27.217684925420272
39,40.733333333333334,-73.95,2024-01-02,30.608472380340743,,,
39,40.733333333333334,-73.95,2024-01-03,33.27682536849394,,39.525541744855154,
39,40.733333333333334,-73.95,2024-01-04,34.644268406285285,,38.82875603740211,30.114144770329528
39,40.733333333333334,-73.95,2024-01-05,26.049758883943525,,35.15283431375371,
39,40.733333333333334,-73.95,2024-01-06,21.388830227031182,22.473028471074723,29.507808433325398,
39,40.733333333333334,-73.95,2024-01-07,23.7155817310598,,32.329907436266666,18.26895684248379
39,40.733333333333334,-73.95,2024-01-08,29.734205431731873,,43.58292869933612,
39,40.733333333333334,-73.95,2024-01-09,32.20259147560046,,38.55614651233342,30.70870593514693
39,40.733333333333334,-73.95,2024-01-10,35.35855715578025,,,33.351929052451204
39,40.733333333333334,-73.95,2024-01-11,30.135299743207657,,,
39,40.733333333333334,-73.95,2024-01-12,28.03243978223255,,40.63778695174082,
39,40.733333333333334,-73.95,2024-01-13,21.989275710631045,,28.2879216337465,
39,40.733333333333334,-73.95,2024-01-14,20.348609678602408,,,
39,40.733333333333334,-73.95,2024-01-15,28.995394249446367,,42.44351148935831,27.948984784827445
39,40.733333333333334,-73.95,2024-01-16,28.653060592418505,,,28.83871065107991
39,40.733333333333334,-73.95,2024-01-17,31.67978693713005,,40.254780946903196,
39,40.733333333333334,-73.95,2024-01-18,27.83477939622068,,,
39,40.733333333333334,-73.95,2024-01-19,24.006342275158143,,27.305262274061896,23.671869913782807
39,40.733333333333334,-73.95,2024-01-20,26.66922513496709,,34.37492339958999,
39,40.733333333333334,-73.95,2024-01-21,28.457918221303895,,,26.884838354259145
39,40.733333333333334,-73.95,2024-01-22,29.737887894206633,,41.43197824083259,29.284431034336343
39,40.733333333333334,-73.95,2024-01-23,34.25400610421233,,44.19759123928429,31.019351593863426
39,40.733333333333334,-73.95,2024-01-24,34.289074039607065,,,30.296958645614286
39,40.733333333333334,-73.95,2024-01-25,26.473737269042807,,35.179919034580706,26.92176300222245
39,40.733333333333334,-73.95,2024-01-26,28.67504126429527,,,
39,40.733333333333334,-73.95,2024-01-27,20.832687193691665,,,
39,40.733333333333334,-73.95,2024-01-28,24.875616338162903,,29.6008788710673,26.478711034072052
39,40.733333333333334,-73.95,2024-01-29,28.842441250356213,,31.484788239452882,
39,40.733333333333334,-73.95,2024-01-30,34.869946241981125,,47.191125002316255,32.84670329875075
40,40.74444444444445,-74.05,2024-01-01,22.001339118598338,,31.97998867197871,
40,40.74444444444445,-74.05,2024-01-02,25.369834950107492,,31.858960571004577,
40,40.74444444444445,-74.05,2024-01-03,27.93964900464693,,,
40,40.74444444444445,-74.05,2024-01-04,26.901404404418244,26.13020410486895,28.185806820853372,27.222576763395136
40,40.74444444444445,-74.05,2024-01-05,20.560488975391443,,30.424318658675443,
40,40.74444444444445,-74.05,2024-01-06,17.31959532980479,,20.993048593329522,14.45743196749103
40,40.74444444444445,-74.05,2024-01-07,21.02237569840377,,27.33929775291545,
40,40.74444444444445,-74.05,2024-01-08,27.418680825922294,28.558655940422803,41.254525642234434,
40,40.74444444444445,-74.05,2024-01-09,29.3445202111209,,34.06818726385,
40,40.74444444444445,-74.05,2024-01-10,27.8879187120038,,36.41659211352486,32.64990167433445
40,40.74444444444445,-74.05,2024-01-11,26.17669518878036,,35.409704977276604,
40,40.74444444444445,-74.05,2024-01-12,20.18643782518062,,,21.342857036551475
40,40.74444444444445,-74.05,2024-01-13,18.20585715699071,,31.39398843571141,
40,40.74444444444445,-74.05,2024-01-14,20.75042186413937,,,
40,40.74444444444445,-74.05,2024-01-15,19.158525438543535,,26.526896190235615,20.44355159052571
40,40.74444444444445,-74.05,2024-01-16,30.143818868362704,,34.33822054506588,
40,40.74444444444445,-74.05,2024-01-17,28.037748407660498,,34.03859760056693,
40,40.74444444444445,-74.05,2024-01-18,26.613178086144064,27.23190392424853,37.877178320164056,
40,40.74444444444445,-74.05,2024-01-19,21.374598945727495,,24.444638615742985,13.779290996975053
40,40.74444444444445,-74.05,2024-01-20,16.971948558553404,,,
40,40.74444444444445,-74.05,2024-01-21,17.94205187613607,,,16.681246059363367
40,40.74444444444445,-74.05,2024-01-22,23.64164830162828,,,
40,40.74444444444445,-74.05,2024-01-23,24.850234273434946,,26.808798693392376,22.845826483340115
40,40.74444444444445,-74.05,2024-01-24,26.732295994775622,,35.155579065745506,
40,40.74444444444445,-74.05,2024-01-25,22.81036078713199,,35.540674281864476,
40,40.74444444444445,-74.05,2024-01-26,19.75243928446102,,,
40,40.74444444444445,-74.05,2024-01-27,18.224723108395473,20.725623606329755,,19.54628192753822
40,40.74444444444445,-74.05,2024-01-28,17.67310577880558,,18.86470028453997,
40,40.74444444444445,-74.05,2024-01-29,27.691453635601746,,44.373238503449265,
40,40.74444444444445,-74.05,2024-01-30,28.26731500189237,,42.72579663008929,26.0490717070843
41,40.74444444444445,-74.03888888888889,2024-01-01,23.293054354883047,,25.14795366141476,
41,40.74444444444445,-74.03888888888889,2024-01-02,23.65055567722198,,,14.28892360839059
41,40.74444444444445,-74.03888888888889,2024-01-03,28.357824118688402,,,30.42804514769824
41,40.74444444444445,-74.03888888888889,2024-01-04,24.73227053508047,,33.05044557855251,21.79249381073374
41,40.74444444444445,-74.03888888888889,2024-01-05,17.33610555939952,,18.410618489569465,
41,40.74444444444445,-74.03888888888889,2024-01-06,18.57692634528942,,21.93415466594462,
41,40.74444444444445,-74.03888888888889,2024-01-07,21.944981746277783,,34.078559991702534,26.56595368573744
41,40.74444444444445,-74.03888888888889,2024-01-08,23.869035849143522,,33.65000769008279,
41,40.74444444444445,-74.03888888888889,2024-01-09,28.14823590687994,27.871564135160796,37.231460656122685,29.525217911902814
41,40.74444444444445,-74.03888888888889,2024-01-10,29.26717819009741,,,
41,40.74444444444445,-74.03888888888889,2024-01-11,24.939022280195953,,36.52150337759184,
41,40.74444444444445,-74.03888888888889,2024-01-12,21.326175883915354,,32.019396040363475,21.779830915900774
41,40.74444444444445,-74.03888888888889,2024-01-13,20.622774010763806,,28.119962163715538,17.813435855816778
41,40.74444444444445,-74.03888888888889,2024-01-14,17.143358738811806,,31.547482243504547,15.776977587273178
41,40.74444444444445,-74.03888888888889,2024-01-15,26.852016695520675,,34.83231849964232,
41,40.74444444444445,-74.03888888888889,2024-01-16,28.03217218328,,,
41,40.74444444444445,-74.03888888888889,2024-01-17,27.35469799498701,,44.164489278908476,
41,40.74444444444445,-74.03888888888889,2024-01-18,23.573796737986665,,,
41,40.74444444444445,-74.03888888888889,2024-01-19,22.823595161659135,,28.150129052833087,27.620758708095202
41,40.74444444444445,-74.03888888888889,2024-01-20,19.6719586792808,,30.895137278890907,22.708631949642296
41,40.74444444444445,-74.03888888888889,2024-01-21,19.249192410662886,,30.61199002587081,
41,40.74444444444445,-74.03888888888889,2024-01-22,22.87099678021441,,33.93792869937172,
41,40.74444444444445,-74.03888888888889,2024-01-23,27.34408420844256,,29.89871330213587,
41,40.74444444444445,-74.03888888888889,2024-01-24,26.840198551159855,,38.11030281649334,34.332443930419416
41,40.74444444444445,-74.03888888888889,2024-01-25,25.681632902315766,,28.542085489568876,
41,40.74444444444445,-74.03888888888889,2024-01-26,21.2909956714057,,27.953405626087957,22.816969084245223
41,40.74444444444445,-74.03888888888889,2024-01-27,16.53170715045588,,23.029349859685787,11.382257620222541
41,40.74444444444445,-74.03888888888889,2024-01-28,16.76775473300737,,20.979077360813662,
41,40.74444444444445,-74.03888888888889,2024-01-29,21.905339883749708,,36.130523097262795,
41,40.74444444444445,-74.03888888888889,2024-01-30,28.377279869748907,,,27.17757989942096
42,40.74444444444445,-74.02777777777777,2024-01-01,21.92986589262059,,,
42,40.74444444444445,-74.02777777777777,2024-01-02,27.004793951260613,,35.304363642511035,
42,40.74444444444445,-74.02777777777777,2024-01-03,27.608429140478336,,,
42,40.74444444444445,-74.02777777777777,2024-01-04,21.41803525103307,,,
42,40.74444444444445,-74.02777777777777,2024-01-05,21.424815698452274,,24.56520455024194,
42,40.74444444444445,-74.02777777777777,2024-01-06,18.27853762657749,,,
42,40.74444444444445,-74.02777777777777,2024-01-07,19.7984049109506,,,17.9160764045211
42,40.74444444444445,-74.02777777777777,2024-01-08,23.566317817554413,23.132444354575224,38.168201772298076,22.22243380220449
42,40.74444444444445,-74.02777777777777,2024-01-09,24.89974657381815,,33.423133584908406,
42,40.74444444444445,-74.02777777777777,2024-01-10,28.189830857087106,29.21267232863787,36.06601228478766,29.92787113635743
42,40.74444444444445,-74.02777777777777,2024-01-11,28.41367388592958,,38.44983843085934,25.435939865743112
42,40.74444444444445,-74.02777777777777,2024-01-12,27.430561953040282,,,
42,40.74444444444445,-74.02777777777777,2024-01-13,19.10597295444656,,25.855587637302474,16.17677280845517
42,40.74444444444445,-74.02777777777777,2024-01-14,14.972048291920323,,20.12919148381839,
42,40.74444444444445,-74.02777777777777,2024-01-15,24.561043779976877,24.229612408695374,,
42,40.74444444444445,-74.02777777777777,2024-01-16,29.26244734663666,28.58611419519241,,
42,40.74444444444445,-74.02777777777777,2024-01-17,26.33218912112948,,,22.11773828934696
42,40.74444444444445,-74.02777777777777,2024-01-18,24.12988095591789,,39.85344412502158,
42,40.74444444444445,-74.02777777777777,2024-01-19,25.027656616896017,,32.37622000014709,22.67316690659812
42,40.74444444444445,-74.02777777777777,2024-01-20,19.748077796433446,,17.9597224155129,20.568664109858737
42,40.74444444444445,-74.02777777777777,2024-01-21,20.425692583088672,,35.90371699789339,
42,40.74444444444445,-74.02777777777777,2024-01-22,29.052173240700746,,28.29947927153994,
42,40.74444444444445,-74.02777777777777,2024-01-23,27.92428295183106,,37.067130726787106,
42,40.74444444444445,-74.02777777777777,2024-01-24,25.781546492906315,,,
42,40.74444444444445,-74.02777777777777,2024-01-25,25.926646933509943,,,
42,40.74444444444445,-74.02777777777777,2024-01-26,25.076236438280546,,24.39640810828069,33.185319131495795
42,40.74444444444445,-74.02777777777777,2024-01-27,18.084238539066753,,,
42,40.74444444444445,-74.02777777777777,2024-01-28,17.94902613381877,,25.578364300259715,10.643089138470105
42,40.74444444444445,-74.02777777777777,2024-01-29,24.788527850473194,,27.746952062210376,
42,40.74444444444445,-74.02777777777777,2024-01-30,26.79888376465503,,32.56141901610448,
43,40.74444444444445,-74.01666666666667,2024-01-01,22.860770854614543,,29.996831345683596,
43,40.74444444444445,-74.01666666666667,2024-01-02,27.39810946364836,,37.13229282600931,29.39621318381794
43,40.74444444444445,-74.01666666666667,2024-01-03,28.663459122320617,,35.71604003760809,30.65006912415918
43,40.74444444444445,-74.01666666666667,2024-01-04,23.3783691254142,,25.227691057459584,
43,40.74444444444445,-74.01666666666667,2024-01-05,24.98247184223804,,,
43,40.74444444444445,-74.01666666666667,2024-01-06,14.80795575578123,,22.43144751296247,
43,40.74444444444445,-74.01666666666667,2024-01-07,20.735708448920164,,23.96849657874958,
43,40.74444444444445,-74.01666666666667,2024-01-08,21.84250293377269,,28.165803078251646,
43,40.74444444444445,-74.01666666666667,2024-01-09,26.659752870706434,,27.81601899207986,26.183799320299396
43,40.74444444444445,-74.01666666666667,2024-01-10,28.730000066850334,,38.81557784722957,26.042012507340978
43,40.74444444444445,-74.01666666666667,2024-01-11,26.310357560652804,,,
43,40.74444444444445,-74.01666666666667,2024-01-12,19.42949256330253,,26.700868036203023,
43,40.74444444444445,-74.01666666666667,2024-01-13,16.51430536290968,,16.902057940106474,21.531103075202264
43,40.74444444444445,-74.01666666666667,2024-01-14,19.225310850231185,,,14.15797348831865
43,40.74444444444445,-74.01666666666667,2024-01-15,20.622044576886335,,21.665306323301163,
43,40.74444444444445,-74.01666666666667,2024-01-16,29.37425539130728,28.840823644689788,,
43,40.74444444444445,-74.01666666666667,2024-01-17,28.154400271129177,,26.69616865540321,
43,40.74444444444445,-74.01666666666667,2024-01-18,21.60998909124478,,26.232472923773265,
43,40.74444444444445,-74.01666666666667,2024-01-19,24.593477888542456,,,
43,40.74444444444445,-74.01666666666667,2024-01-20,16.742810512551824,,16.482175461613615,
43,40.74444444444445,-74.01666666666667,2024-01-21,17.43071141047256,,26.500415373670645,
43,40.74444444444445,-74.01666666666667,2024-01-22,21.22211193014554,,29.11879969171696,
43,40.74444444444445,-74.01666666666667,2024-01-23,25.204343694574824,,35.934769783935316,
43,40.74444444444445,-74.01666666666667,2024-01-24,28.6281526288841,,38.36861003262817,
43,40.74444444444445,-74.01666666666667,2024-01-25,23.795110273846852,,31.965801890709173,
43,40.74444444444445,-74.01666666666667,2024-01-26,16.62269460566729,,28.377078989533942,
43,40.74444444444445,-74.01666666666667,2024-01-27,22.128903293393236,,29.559123730821057,
43,40.74444444444445,-74.01666666666667,2024-01-28,16.422176324418647,,,11.421886104051055
43,40.74444444444445,-74.01666666666667,2024-01-29,20.430689140355998,,28.063216550782204,20.506844974272813
43,40.74444444444445,-74.01666666666667,2024-01-30,28.73548913907764,,,
44,40.74444444444445,-74.00555555555556,2024-01-01,22.364831044421372,,26.587614172817702,28.68072333279631
44,40.74444444444445,-74.00555555555556,2024-01-02,33.80963714286906,,,
44,40.74444444444445,-74.00555555555556,2024-01-03,30.08525146420166,,,
44,40.74444444444445,-74.00555555555556,2024-01-04,25.372244695669774,,31.933587456494095,
44,40.74444444444445,-74.00555555555556,2024-01-05,24.55740201202456,,,
44,40.74444444444445,-74.00555555555556,2024-01-06,19.79173656812436,,27.12720105620635,
44,40.74444444444445,-74.00555555555556,2024-01-07,17.438314252650947,,,
44,40.74444444444445,-74.00555555555556,2024-01-08,24.41741107022975,,35.31583583298949,
44,40.74444444444445,-74.00555555555556,2024-01-09,25.332745295013325,,,26.88912434736849
44,40.74444444444445,-74.00555555555556,2024-01-10,26.244173213099504,,36.73035715383009,23.41799266237677
44,40.74444444444445,-74.00555555555556,2024-01-11,24.493628491360806,,31.10771803481016,19.736751371052026
44,40.74444444444445,-74.00555555555556,2024-01-12,23.449756788333673,,30.384861747041068,
44,40.74444444444445,-74.00555555555556,2024-01-13,22.902686220329496,,31.260557317748326,
44,40.74444444444445,-74.00555555555556,2024-01-14,19.360217659102744,,32.86802240464955,
44,40.74444444444445,-74.00555555555556,2024-01-15,22.784679645220496,,30.80792962231445,22.654091245706496
44,40.74444444444445,-74.00555555555556,2024-01-16,26.4999540721415,,31.904729909163116,
44,40.74444444444445,-74.00555555555556,2024-01-17,27.270250701642468,,39.17447478043164,22.18533038609263
44,40.74444444444445,-74.00555555555556,2024-01-18,26.76689104843562,,,
44,40.74444444444445,-74.00555555555556,2024-01-19,22.70747316380659,,30.68725411687934,
44,40.74444444444445,-74.00555555555556,2024-01-20,17.712685005850123,,27.703081031366093,
44,40.74444444444445,-74.00555555555556,2024-01-21,16.824103461856023,,24.55378752419536,
44,40.74444444444445,-74.00555555555556,2024-01-22,26.42075065125726,,40.85822253771892,
44,40.74444444444445,-74.00555555555556,2024-01-23,28.290396201811873,,37.145788105353624,
44,40.74444444444445,-74.00555555555556,2024-01-24,29.73973496460637,,41.73437070270765,32.217597431466565
44,40.74444444444445,-74.00555555555556,2024-01-25,27.323994954498563,,,25.83193184025628
44,40.74444444444445,-74.00555555555556,2024-01-26,22.57590783742734,,30.65630990133205,
44,40.74444444444445,-74.00555555555556,2024-01-27,15.988856614741522,,,
44,40.74444444444445,-74.00555555555556,2024-01-28,17.72018809906505,,24.484395948002238,
44,40.74444444444445,-74.00555555555556,2024-01-29,22.467405912052257,,,18.576904370548338
44,40.74444444444445,-74.00555555555556,2024-01-30,26.014935429173256,,33.67581743909242,
45,40.74444444444445,-73.99444444444444,2024-01-01,24.9648306021367,,,26.1601747386727
45,40.74444444444445,-73.99444444444444,2024-01-02,27.82016696800706,,39.19745260743884,
45,40.74444444444445,-73.99444444444444,2024-01-03,28.05019422989892,,37.592404881996636,
45,40.74444444444445,-73.99444444444444,2024-01-04,24.153490561606553,,32.70461054378952,21.959516740760726
45,40.74444444444445,-73.99444444444444,2024-01-05,19.4600739903491,,30.603503560551783,16.853535755393807
45,40.74444444444445,-73.99444444444444,2024-01-06,20.673109839917323,,24.760229292013754,
45,40.74444444444445,-73.99444444444444,2024-01-07,20.28198357098219,,,21.668770964344805
45,40.74444444444445,-73.99444444444444,2024-01-08,20.955049324024326,,31.94708796430336,
45,40.74444444444445,-73.99444444444444,2024-01-09,29.872407140903313,,40.05473216977103,
45,40.74444444444445,-73.99444444444444,2024-01-10,27.200025948630664,,30.954013505678326,23.47824519410846
45,40.74444444444445,-73.99444444444444,2024-01-11,27.76943004702474,,34.03858016009294,
45,40.74444444444445,-73.99444444444444,2024-01-12,16.97255448880581,,22.783315642113763,
45,40.74444444444445,-73.99444444444444,2024-01-13,15.590337058507284,,22.73880789980126,
45,40.74444444444445,-73.99444444444444,2024-01-14,18.533059441758194,,22.77672149727301,20.70683477792756
45,40.74444444444445,-73.99444444444444,2024-01-15,24.317172341648167,,31.546456040311977,21.56311515673127
45,40.74444444444445,-73.99444444444444,2024-01-16,23.97747680739723,,,
45,40.74444444444445,-73.99444444444444,2024-01-17,28.511665940870213,,43.53175069582369,
45,40.74444444444445,-73.99444444444444,2024-01-18,24.366100849833906,,,21.714104279594583
45,40.74444444444445,-73.99444444444444,2024-01-19,21.515777024658796,,30.16886072849615,20.725853604025048
45,40.74444444444445,-73.99444444444444,2024-01-20,23.022268195887897,,26.870905243190002,
45,40.74444444444445,-73.99444444444444,2024-01-21,16.0526782419083,,30.074883420248,
45,40.74444444444445,-73.99444444444444,2024-01-22,25.666307828308213,,35.348638595707975,28.915307643858817
45,40.74444444444445,-73.99444444444444,2024-01-23,25.17659647079131,,22.361465509707813,
45,40.74444444444445,-73.99444444444444,2024-01-24,27.995929607834434,,30.693469925025227,
45,40.74444444444445,-73.99444444444444,2024-01-25,27.634645716235116,,45.32921992675688,
45,40.74444444444445,-73.99444444444444,2024-01-26,24.985706745990203,,41.62180513783224,
45,40.74444444444445,-73.99444444444444,2024-01-27,14.822592971235192,,,10.006941924147362
45,40.74444444444445,-73.99444444444444,2024-01-28,17.656943837064468,,29.874664031168056,
45,40.74444444444445,-73.99444444444444,2024-01-29,23.453851565830906,,,
45,40.74444444444445,-73.99444444444444,2024-01-30,23.929319309975014,,31.447293733079928,26.417290627723602
46,40.74444444444445,-73.98333333333333,2024-01-01,22.156898384228,21.700401085759637,34.726026272183134,
46,40.74444444444445,-73.98333333333333,2024-01-02,29.368911899972016,27.000220693119857,41.40931110434052,26.012613411530477
46,40.74444444444445,-73.98333333333333,2024-01-03,27.861794599092065,,,25.044069977046043
46,40.74444444444445,-73.98333333333333,2024-01-04,26.90752839840515,,,25.568532162103597
46,40.74444444444445,-73.98333333333333,2024-01-05,22.32560674330826,,32.35993303201462,22.40737364039
46,40.74444444444445,-73.98333333333333,2024-01-06,16.433113791010104,,13.804583485107127,
46,40.74444444444445,-73.98333333333333,2024-01-07,18.706278625866467,,21.433778737041745,
46,40.74444444444445,-73.98333333333333,2024-01-08,22.757496835079593,,,20.956339756466274
46,40.74444444444445,-73.98333333333333,2024-01-09,27.60866622472614,,39.99911195942717,29.090598371343074
46,40.74444444444445,-73.98333333333333,2024-01-10,26.74591770631579,,33.54988325366732,29.476565057310026
46,40.74444444444445,-73.98333333333333,2024-01-11,25.222563784528774,,28.4302816964761,
46,40.74444444444445,-73.98333333333333,2024-01-12,21.364266104261148,,,
46,40.74444444444445,-73.98333333333333,2024-01-13,17.35714012758284,,21.363994320903632,
46,40.74444444444445,-73.98333333333333,2024-01-14,20.85028928567571,,,
46,40.74444444444445,-73.98333333333333,2024-01-15,24.750246372143234,,28.98375028453285,21.34818581433836
46,40.74444444444445,-73.98333333333333,2024-01-16,25.588250134303127,,,23.548767004419457
46,40.74444444444445,-73.98333333333333,2024-01-17,30.212473607099756,,,
46,40.74444444444445,-73.98333333333333,2024-01-18,27.844992717875936,,,27.63965323987669
46,40.74444444444445,-73.98333333333333,2024-01-19,21.3083338658295,,23.611648588895285,
46,40.74444444444445,-73.98333333333333,2024-01-20,19.761242549816192,,23.44267445183514,
46,40.74444444444445,-73.98333333333333,2024-01-21,23.919416356687584,,,
46,40.74444444444445,-73.98333333333333,2024-01-22,20.567973998969077,,,19.149415620034937
46,40.74444444444445,-73.98333333333333,2024-01-23,30.113436348769607,,39.580641119709576,30.646770764524565
46,40.74444444444445,-73.98333333333333,2024-01-24,27.822930022118054,,34.77963213831381,
46,40.74444444444445,-73.98333333333333,2024-01-25,27.449100578465398,,32.235361078593876,
46,40.74444444444445,-73.98333333333333,2024-01-26,21.02344935950463,20.879789829607514,,
46,40.74444444444445,-73.98333333333333,2024-01-27,18.215400742340076,,20.180558373996025,
46,40.74444444444445,-73.98333333333333,2024-01-28,18.069103803975345,,24.629593176624567,17.040984143135553
46,40.74444444444445,-73.98333333333333,2024-01-29,27.711851283408265,,30.074477851476313,
46,40.74444444444445,-73.98333333333333,2024-01-30,29.14535715796035,,40.00011168954054,
47,40.74444444444445,-73.97222222222223,2024-01-01,22.927530870895595,,21.307150174394767,23.870883337767566
47,40.74444444444445,-73.97222222222223,2024-01-02,25.974173986038537,,,
47,40.74444444444445,-73.97222222222223,2024-01-03,27.951493686314844,,,
47,40.74444444444445,-73.97222222222223,2024-01-04,27.786589880946718,,35.31829763500688,
47,40.74444444444445,-73.97222222222223,2024-01-05,18.576632521891824,,,14.775942383112042
47,40.74444444444445,-73.97222222222223,2024-01-06,19.42289779746269,,,
47,40.74444444444445,-73.97222222222223,2024-01-07,15.627326702156328,,21.737575507904396,
47,40.74444444444445,-73.97222222222223,2024-01-08,25.366023573991765,,29.742352432870057,
47,40.74444444444445,-73.97222222222223,2024-01-09,29.08949077151012,,32.17216563009848,31.302368561901627
47,40.74444444444445,-73.97222222222223,2024-01-10,26.88308296604398,,,25.569870998831004
47,40.74444444444445,-73.97222222222223,2024-01-11,25.953599894088676,,,
47,40.74444444444445,-73.97222222222223,2024-01-12,19.947167981520092,,25.48017669226726,21.4215045142033
47,40.74444444444445,-73.97222222222223,2024-01-13,18.087399810502752,,29.91524135974823,18.50038563310689
47,40.74444444444445,-73.97222222222223,2024-01-14,20.65581448553095,,24.344698224946892,
47,40.74444444444445,-73.97222222222223,2024-01-15,22.162860939193564,,19.122900332263157,20.276167077066432
47,40.74444444444445,-73.97222222222223,2024-01-16,30.98801817264999,,,
47,40.74444444444445,-73.97222222222223,2024-01-17,24.495500432446647,,31.88154659700065,23.17640057963922
47,40.74444444444445,-73.97222222222223,2024-01-18,24.398773723090994,,35.889169625239134,23.418381694393123
47,40.74444444444445,-73.97222222222223,2024-01-19,19.053964301742397,,23.388265369091148,
47,40.74444444444445,-73.97222222222223,2024-01-20,19.77968796181658,,20.008104134089745,
47,40.74444444444445,-73.97222222222223,2024-01-21,19.174443174571856,,28.405745136940606,18.71694296412092
47,40.74444444444445,-73.97222222222223,2024-01-22,22.728239771450305,,21.9891681954185,
47,40.74444444444445,-73.97222222222223,2024-01-23,29.31602784881096,,42.32795904116936,
47,40.74444444444445,-73.97222222222223,2024-01-24,26.473867587101367,,33.631480662308284,
47,40.74444444444445,-73.97222222222223,2024-01-25,27.096428870601454,,38.32827543366594,34.59172032176594
47,40.74444444444445,-73.97222222222223,2024-01-26,24.06525901120303,,30.965937885455496,
47,40.74444444444445,-73.97222222222223,2024-01-27,20.46154975530621,,30.20804218036119,
47,40.74444444444445,-73.97222222222223,2024-01-28,16.021914117119064,,18.53968446142983,
47,40.74444444444445,-73.97222222222223,2024-01-29,25.55095397777449,,,
47,40.74444444444445,-73.97222222222223,2024-01-30,26.813267814373113,,37.44865739060933,24.725207329570257
48,40.74444444444445,-73.96111111111111,2024-01-01,20.97376097313143,,33.867024096066686,22.743775256444845
48,40.74444444444445,-73.96111111111111,2024-01-02,32.41014104095831,,34.462254118496354,28.169596121366723
48,40.74444444444445,-73.96111111111111,2024-01-03,27.55760226259301,,,
48,40.74444444444445,-73.96111111111111,2024-01-04,27.203712962056454,27.223312578634083,,
48,40.74444444444445,-73.96111111111111,2024-01-05,19.645922657937827,,28.89082178381033,
48,40.74444444444445,-73.96111111111111,2024-01-06,19.465646520067104,,28.293891160091636,21.119649168336334
48,40.74444444444445,-73.96111111111111,2024-01-07,17.609137254726196,18.305069355667047,22.064507910631004,
48,40.74444444444445,-73.96111111111111,2024-01-08,21.37369498650412,,22.43286196601477,26.073222366621845
48,40.74444444444445,-73.96111111111111,2024-01-09,28.111777500070225,,39.06126008259772,25.172261182445748
48,40.74444444444445,-73.96111111111111,2024-01-10,29.603096998506594,,37.96452072216491,
48,40.74444444444445,-73.96111111111111,2024-01-11,25.832778129921845,,36.74049409475008,
48,40.74444444444445,-73.96111111111111,2024-01-12,24.054801389505755,,,
48,40.74444444444445,-73.96111111111111,2024-01-13,18.501848377461926,,,
48,40.74444444444445,-73.96111111111111,2024-01-14,20.925506768523697,,30.123649028330455,
48,40.74444444444445,-73.96111111111111,2024-01-15,23.350870293780073,,39.59307257087573,
48,40.74444444444445,-73.96111111111111,2024-01-16,26.38982991692116,26.548585967858703,39.2918225781099,27.151041807245658
48,40.74444444444445,-73.96111111111111,2024-01-17,24.70868819833963,,31.498801530535868,25.443804191285846
48,40.74444444444445,-73.96111111111111,2024-01-18,27.684647403018335,,24.809802869223386,
48,40.74444444444445,-73.96111111111111,2024-01-19,19.490758774285975,,27.46563421016381,21.03290319634538
48,40.74444444444445,-73.96111111111111,2024-01-20,21.64682305886151,,30.582044238101794,
48,40.74444444444445,-73.96111111111111,2024-01-21,16.606047226739747,,26.577737962249458,17.871198025749038
48,40.74444444444445,-73.96111111111111,2024-01-22,24.314705744239788,,32.14572207568092,21.9531835342788
48,40.74444444444445,-73.96111111111111,2024-01-23,27.73607776559296,,,
48,40.74444444444445,-73.96111111111111,2024-01-24,29.74153743189242,,,
48,40.74444444444445,-73.96111111111111,2024-01-25,28.88038379425735,,,
48,40.74444444444445,-73.96111111111111,2024-01-26,16.790141888121447,,30.671384340919,9.654846908501462
48,40.74444444444445,-73.96111111111111,2024-01-27,18.93086493764222,,,15.660159697084968
48,40.74444444444445,-73.96111111111111,2024-01-28,19.226547163635566,19.600080847047334,,23.59285061538154
48,40.74444444444445,-73.96111111111111,2024-01-29,20.283912806415184,,29.169547622468276,18.16552696985687
48,40.74444444444445,-73.96111111111111,2024-01-30,26.626285093098225,,33.847497864851945,
49,40.74444444444445,-73.95,2024-01-01,22.742044686001595,,,
49,40.74444444444445,-73.95,2024-01-02,26.70052927886189,25.104962032639662,28.72212532441356,24.926624938772274
49,40.74444444444445,-73.95,2024-01-03,26.338225094519416,,41.79979046197576,
49,40.74444444444445,-73.95,2024-01-04,26.907490838550448,,39.62829996688497,
49,40.74444444444445,-73.95,2024-01-05,18.71220052718129,,31.599267724037333,
49,40.74444444444445,-73.95,2024-01-06,17.991155641662804,,,19.44522798051803
49,40.74444444444445,-73.95,2024-01-07,21.239540790312414,,17.65727352685019,19.897887346125845
49,40.74444444444445,-73.95,2024-01-08,19.962003078391188,,,
49,40.74444444444445,-73.95,2024-01-09,27.81111235999625,,,25.81403196531561
49,40.74444444444445,-73.95,2024-01-10,28.58237028038158,,,
49,40.74444444444445,-73.95,2024-01-11,25.42019926311737,,30.89243849241252,
49,40.74444444444445,-73.95,2024-01-12,20.151204018391443,,22.180190490232476,20.783649252269015
49,40.74444444444445,-73.95,2024-01-13,15.034686077724754,,,12.949238003494136
49,40.74444444444445,-73.95,2024-01-14,21.060205016378628,,28.988702065128223,
49,40.74444444444445,-73.95,2024-01-15,25.41432014616257,,38.00658453281702,
49,40.74444444444445,-73.95,2024-01-16,27.16810122869581,,38.80016797865995,
49,40.74444444444445,-73.95,2024-01-17,27.79610174381945,,31.703151491444928,
49,40.74444444444445,-73.95,2024-01-18,26.958942589930565,,,30.16868289616348
49,40.74444444444445,-73.95,2024-01-19,24.119402076371657,,33.08230086518826,23.892872158671235
49,40.74444444444445,-73.95,2024-01-20,20.54742723073751,,31.793352638899417,
49,40.74444444444445,-73.95,2024-01-21,20.6951176725551,,25.837585401184654,24.28662175429866
49,40.74444444444445,-73.95,2024-01-22,23.928832686362707,,28.907597455112104,
49,40.74444444444445,-73.95,2024-01-23,27.623954846373593,,,25.58247270308145
49,40.74444444444445,-73.95,2024-01-24,28.875976165341726,,40.60935222719383,
49,40.74444444444445,-73.95,2024-01-25,22.168413419970054,,28.02973530115822,24.147370316301803
49,40.74444444444445,-73.95,2024-01-26,20.405185028447775,,25.536792570201467,17.328794004914315
49,40.74444444444445,-73.95,2024-01-27,20.33402742134804,,24.335542806491944,
49,40.74444444444445,-73.95,2024-01-28,21.65220295607169,,28.642466191133934,
49,40.74444444444445,-73.95,2024-01-29,25.059680867771476,,32.28972646698187,
49,40.74444444444445,-73.95,2024-01-30,27.909880456402536,,27.87875225950851,
50,40.75555555555555,-74.05,2024-01-01,16.515703578417284,,22.952943103655087,
50,40.75555555555555,-74.05,2024-01-02,21.947579612161416,,24.13428845557712,
50,40.75555555555555,-74.05,2024-01-03,23.858301466732918,23.86708990936499,34.36776367062521,22.594705016894178
50,40.75555555555555,-74.05,2024-01-04,20.985583296633916,,32.977270391942554,
50,40.75555555555555,-74.05,2024-01-05,16.19049533610784,,19.99954874698507,
50,40.75555555555555,-74.05,2024-01-06,14.041495808743788,,21.33889341064671,6.990128250870704
50,40.75555555555555,-74.05,2024-01-07,16.01637755820162,,18.578355702128807,18.10187330319204
50,40.75555555555555,-74.05,2024-01-08,13.731553743428835,,17.652251760754172,
50,40.75555555555555,-74.05,2024-01-09,17.641039754689643,,,
50,40.75555555555555,-74.05,2024-01-10,21.811496467094788,,41.090015615719295,
50,40.75555555555555,-74.05,2024-01-11,18.526631447121886,,28.229087964064068,
50,40.75555555555555,-74.05,2024-01-12,13.215422155108122,,15.403042720546946,
50,40.75555555555555,-74.05,2024-01-13,10.859037803784034,,17.57472573481634,7.3291029720838745
50,40.75555555555555,-74.05,2024-01-14,9.227276004550653,,17.26627709386652,14.840499451474995
50,40.75555555555555,-74.05,2024-01-15,14.87803038866691,,30.618523356287945,
50,40.75555555555555,-74.05,2024-01-16,21.363209538546958,,31.59887696026878,
50,40.75555555555555,-74.05,2024-01-17,21.70857527437294,,29.17886291710577,
50,40.75555555555555,-74.05,2024-01-18,15.29767501270735,,24.75795623064232,17.161438374572928
50,40.75555555555555,-74.05,2024-01-19,12.758714324680827,,,
50,40.75555555555555,-74.05,2024-01-20,15.397950847034089,,,
50,40.75555555555555,-74.05,2024-01-21,14.86023815885921,,17.60831886639339,
50,40.75555555555555,-74.05,2024-01-22,15.245715615167333,,27.52006192026453,16.89876679584623
50,40.75555555555555,-74.05,2024-01-23,19.021991845728287,,26.5743510537726,18.88917188619434
50,40.75555555555555,-74.05,2024-01-24,24.838107802702996,,38.98668021429834,27.870627007763936
50,40.75555555555555,-74.05,2024-01-25,25.80732763747347,,28.990847365412698,27.156809278653
50,40.75555555555555,-74.05,2024-01-26,13.587397388714363,,21.470653264016185,
50,40.75555555555555,-74.05,2024-01-27,13.59877413885933,,,
50,40.75555555555555,-74.05,2024-01-28,12.780647026471307,,16.22392037236644,10.649649555826631
50,40.75555555555555,-74.05,2024-01-29,12.360122085493423,,23.189452860512105,
50,40.75555555555555,-74.05,2024-01-30,21.955652444462935,,26.451150176738427,
51,40.75555555555555,-74.03888888888889,2024-01-01,18.717383209533295,,20.316861025373978,
51,40.75555555555555,-74.03888888888889,2024-01-02,19.670110833023223,,,20.362084608648296
51,40.75555555555555,-74.03888888888889,2024-01-03,22.31914355605451,,26.914244664375524,19.079414033472087
51,40.75555555555555,-74.03888888888889,2024-01-04,18.788370786512843,,,19.53081242943316
51,40.75555555555555,-74.03888888888889,2024-01-05,14.391051028530226,,,
51,40.75555555555555,-74.03888888888889,2024-01-06,11.204686674521442,,,10.251316032784509
51,40.75555555555555,-74.03888888888889,2024-01-07,15.270615898928828,,25.165959751061266,
51,40.75555555555555,-74.03888888888889,2024-01-08,15.303192083882942,,20.3960244020284,14.199838504169776
51,40.75555555555555,-74.03888888888889,2024-01-09,21.894022606952568,,23.412928143923526,19.888657874393033
51,40.75555555555555,-74.03888888888889,2024-01-10,24.65024984804665,,,22.70811803610275
51,40.75555555555555,-74.03888888888889,2024-01-11,24.08302770697252,,32.288256396712015,
51,40.75555555555555,-74.03888888888889,2024-01-12,13.550828018850888,,21.616638092922763,
51,40.75555555555555,-74.03888888888889,2024-01-13,12.095312856680797,,19.66429024644267,
51,40.75555555555555,-74.03888888888889,2024-01-14,11.711227675288919,,16.93246256344502,17.44724408244701
51,40.75555555555555,-74.03888888888889,2024-01-15,18.907918871916582,,,
51,40.75555555555555,-74.03888888888889,2024-01-16,19.05314619326643,,32.70060404933157,18.222478125960016
51,40.75555555555555,-74.03888888888889,2024-01-17,20.110996549137674,,21.52371872526991,26.384279367335104
51,40.75555555555555,-74.03888888888889,2024-01-18,20.73979806137656,,,
51,40.75555555555555,-74.03888888888889,2024-01-19,13.253939537915084,,21.980854067267202,
51,40.75555555555555,-74.03888888888889,2024-01-20,10.650380882556354,,14.120278657317085,
51,40.75555555555555,-74.03888888888889,2024-01-21,10.991257833682063,,,11.148346525291851
51,40.75555555555555,-74.03888888888889,2024-01-22,16.733826558712224,,28.916681263622223,
51,40.75555555555555,-74.03888888888889,2024-01-23,23.169768819313283,,,
51,40.75555555555555,-74.03888888888889,2024-01-24,22.330085660140973,,31.098286053457457,
51,40.75555555555555,-74.03888888888889,2024-01-25,21.330138745085204,,28.816963464222603,
51,40.75555555555555,-74.03888888888889,2024-01-26,14.625351307819761,,18.82715115983093,
51,40.75555555555555,-74.03888888888889,2024-01-27,9.391276211376647,,,10.358790192246362
51,40.75555555555555,-74.03888888888889,2024-01-28,11.447437995998829,,14.70806340477641,
51,40.75555555555555,-74.03888888888889,2024-01-29,13.436958570068105,,15.394865311353776,
51,40.75555555555555,-74.03888888888889,2024-01-30,20.090068547308746,,,
52,40.75555555555555,-74.02777777777777,2024-01-01,17.450974400128388,,27.133070298481684,15.785646716343338
52,40.75555555555555,-74.02777777777777,2024-01-02,16.67084327838259,,26.08327250918314,
52,40.75555555555555,-74.02777777777777,2024-01-03,23.554536210760684,,32.56407639492289,
52,40.75555555555555,-74.02777777777777,2024-01-04,18.809205739718852,,24.53972938111849,
52,40.75555555555555,-74.02777777777777,2024-01-05,12.98777341725796,,19.05382496530896,12.591761858695143
52,40.75555555555555,-74.02777777777777,2024-01-06,10.128720796402957,,18.655625169349666,14.1547890493827
52,40.75555555555555,-74.02777777777777,2024-01-07,14.134437292873322,,24.979399560972745,11.331974671724696
52,40.75555555555555,-74.02777777777777,2024-01-08,19.541571148051375,,,
52,40.75555555555555,-74.02777777777777,2024-01-09,18.93020532856462,,23.10869206415202,15.136449984770906
52,40.75555555555555,-74.02777777777777,2024-01-10,21.56727703420144,,35.958081734644225,
52,40.75555555555555,-74.02777777777777,2024-01-11,19.14823191521028,,28.678426523880013,
52,40.75555555555555,-74.02777777777777,2024-01-12,10.978313374535551,,13.374114705280528,10.306904221382661
52,40.75555555555555,-74.02777777777777,2024-01-13,11.265122950516245,,,10.882902333346365
52,40.75555555555555,-74.02777777777777,2024-01-14,10.154601331871891,,18.70207489440443,3.0521683717520567
52,40.75555555555555,-74.02777777777777,2024-01-15,17.287339828527486,,29.0011077203314,14.441093742723485
52,40.75555555555555,-74.02777777777777,2024-01-16,20.146643205584127,,32.165513014599604,
52,40.75555555555555,-74.02777777777777,2024-01-17,19.77345215664045,,29.477096389549693,
52,40.75555555555555,-74.02777777777777,2024-01-18,18.152956103800808,16.500543713504005,27.10383890087118,
52,40.75555555555555,-74.02777777777777,2024-01-19,14.59298221327626,,20.214197336897413,
52,40.75555555555555,-74.02777777777777,2024-01-20,11.336056121463702,,,9.378471241813767
52,40.75555555555555,-74.02777777777777,2024-01-21,11.448286850365903,,,
52,40.75555555555555,-74.02777777777777,2024-01-22,16.782254022414495,,13.2241523503857,
52,40.75555555555555,-74.02777777777777,2024-01-23,21.10840953735685,,30.233099412154345,23.592440755847264
52,40.75555555555555,-74.02777777777777,2024-01-24,22.85751504437063,,,21.701035321633555
52,40.75555555555555,-74.02777777777777,2024-01-25,14.60646290365619,,,13.743788573202785
52,40.75555555555555,-74.02777777777777,2024-01-26,12.349568396701807,,13.065340260197765,18.31602855805319
52,40.75555555555555,-74.02777777777777,2024-01-27,15.500933591153,,,15.159495975911726
52,40.75555555555555,-74.02777777777777,2024-01-28,15.043563229065207,,13.486580307478622,
52,40.75555555555555,-74.02777777777777,2024-01-29,15.750537549116645,,,13.577629946493644
52,40.75555555555555,-74.02777777777777,2024-01-30,20.892116207484044,,28.465977229024933,
53,40.75555555555555,-74.01666666666667,2024-01-01,16.013494796984958,,,
53,40.75555555555555,-74.01666666666667,2024-01-02,16.438876151732515,,,
53,40.75555555555555,-74.01666666666667,2024-01-03,22.949328070507942,,,
53,40.75555555555555,-74.01666666666667,2024-01-04,19.34496964438019,,,
53,40.75555555555555,-74.01666666666667,2024-01-05,16.036940683286105,,18.868913310243727,
53,40.75555555555555,-74.01666666666667,2024-01-06,15.66530947272363,,24.36783373546907,
53,40.75555555555555,-74.01666666666667,2024-01-07,10.088756715418112,,13.47861059300825,
53,40.75555555555555,-74.01666666666667,2024-01-08,13.039310214793737,,14.29927124315006,
53,40.75555555555555,-74.01666666666667,2024-01-09,20.080696441339423,,39.5675602464395,24.998608091446712
53,40.75555555555555,-74.01666666666667,2024-01-10,23.61187622925986,,,
53,40.75555555555555,-74.01666666666667,2024-01-11,17.492918462821216,,,
53,40.75555555555555,-74.01666666666667,2024-01-12,16.983144145147996,,19.392145132856033,
53,40.75555555555555,-74.01666666666667,2024-01-13,9.839432782248407,9.651329906703355,13.396579742715762,10.715072860597356
53,40.75555555555555,-74.01666666666667,2024-01-14,15.425856048753175,13.508507162742877,15.626521637009738,
53,40.75555555555555,-74.01666666666667,2024-01-15,18.693248389305545,,29.29912648416883,
53,40.75555555555555,-74.01666666666667,2024-01-16,21.36242109021452,,,
53,40.75555555555555,-74.01666666666667,2024-01-17,22.25685245461982,,29.375865634571053,
53,40.75555555555555,-74.01666666666667,2024-01-18,20.046981114140173,,,25.99788207144823
53,40.75555555555555,-74.01666666666667,2024-01-19,14.434140740192507,,19.73241086897458,12.464268527793394
53,40.75555555555555,-74.01666666666667,2024-01-20,12.572090305946872,,,6.55536178718765
53,40.75555555555555,-74.01666666666667,2024-01-21,13.03663005369508,,15.306870692162232,
53,40.75555555555555,-74.01666666666667,2024-01-22,16.257328057386168,,25.338963072600077,
53,40.75555555555555,-74.01666666666667,2024-01-23,18.379547069153006,,24.78653525419908,
53,40.75555555555555,-74.01666666666667,2024-01-24,21.292390454176232,,28.461393097498117,
53,40.75555555555555,-74.01666666666667,2024-01-25,21.24863810270114,,,
53,40.75555555555555,-74.01666666666667,2024-01-26,12.297385729906402,,12.202374817747748,11.60817973541285
53,40.75555555555555,-74.01666666666667,2024-01-27,11.949645014929722,,15.663720235830727,
53,40.75555555555555,-74.01666666666667,2024-01-28,10.3759581217619,,,8.069133247080133
53,40.75555555555555,-74.01666666666667,2024-01-29,17.492297543801772,,11.81213089558948,
53,40.75555555555555,-74.01666666666667,2024-01-30,20.405195869154717,,27.11158574342855,21.076976490994536
54,40.75555555555555,-74.00555555555556,2024-01-01,12.686747994026982,,14.511217723440307,16.417032828335756
54,40.75555555555555,-74.00555555555556,2024-01-02,19.644812208905467,,26.7197743779912,
54,40.75555555555555,-74.00555555555556,2024-01-03,20.543504015154348,,,
54,40.75555555555555,-74.00555555555556,2024-01-04,19.23913144867651,,26.35070811212376,
54,40.75555555555555,-74.00555555555556,2024-01-05,11.355741896321357,,17.594098561808625,
54,40.75555555555555,-74.00555555555556,2024-01-06,12.307973145397826,,22.612372787067457,
54,40.75555555555555,-74.00555555555556,2024-01-07,12.636094678308215,,21.569677797542646,9.907053360370789
54,40.75555555555555,-74.00555555555556,2024-01-08,13.990811857028687,,,11.535799407019928
54,40.75555555555555,-74.00555555555556,2024-01-09,18.658001920904272,,25.895439181327887,
54,40.75555555555555,-74.00555555555556,2024-01-10,19.70165064070431,,29.363351080790473,
54,40.75555555555555,-74.00555555555556,2024-01-11,17.229871226827395,,,
54,40.75555555555555,-74.00555555555556,2024-01-12,15.737672565222612,,18.742406194753762,20.233074537633733
54,40.75555555555555,-74.00555555555556,2024-01-13,12.122866090904257,,17.780290217425332,
54,40.75555555555555,-74.00555555555556,2024-01-14,15.080876633633466,,21.679648448078687,
54,40.75555555555555,-74.00555555555556,2024-01-15,17.72468917905491,,,18.91582918870211
54,40.75555555555555,-74.00555555555556,2024-01-16,22.18065834802286,,28.24820376513359,
54,40.75555555555555,-74.00555555555556,2024-01-17,20.822272205407884,,29.244081379015185,
54,40.75555555555555,-74.00555555555556,2024-01-18,18.159162558104182,,29.617344748941854,
54,40.75555555555555,-74.00555555555556,2024-01-19,17.187708911361888,,24.19476234367613,
54,40.75555555555555,-74.00555555555556,2024-01-20,13.337602750949978,,,10.161897916180411
54,40.75555555555555,-74.00555555555556,2024-01-21,8.920626379460685,,,
54,40.75555555555555,-74.00555555555556,2024-01-22,18.93977562612428,,28.25987765635124,
54,40.75555555555555,-74.00555555555556,2024-01-23,20.627495741436597,,,17.937496258436454
54,40.75555555555555,-74.00555555555556,2024-01-24,15.392050462673652,14.257879317395862,25.587182299720247,14.412442905069938
54,40.75555555555555,-74.00555555555556,2024-01-25,16.407367474717596,,22.847696256539653,12.138736751282933
54,40.75555555555555,-74.00555555555556,2024-01-26,16.734395279699346,,26.210765416807867,12.192903775964785
54,40.75555555555555,-74.00555555555556,2024-01-27,12.966910213027901,,18.92496484229924,
54,40.75555555555555,-74.00555555555556,2024-01-28,14.247049435998932,,,
54,40.75555555555555,-74.00555555555556,2024-01-29,18.132255576192918,,,
54,40.75555555555555,-74.00555555555556,2024-01-30,19.52108908918239,,,16.35311965340186
55,40.75555555555555,-73.99444444444444,2024-01-01,14.479688987098339,,17.908525338439173,
55,40.75555555555555,-73.99444444444444,2024-01-02,17.79296441035052,16.611991926686137,19.744832856283253,
55,40.75555555555555,-73.99444444444444,2024-01-03,20.80835339010782,,26.501076064932235,21.912908499343843
55,40.75555555555555,-73.99444444444444,2024-01-04,20.42495809766808,,32.97204163882645,
55,40.75555555555555,-73.99444444444444,2024-01-05,14.297155696628007,,,
55,40.75555555555555,-73.99444444444444,2024-01-06,10.623251198876126,,,4.131842194829041
55,40.75555555555555,-73.99444444444444,2024-01-07,11.553049516634646,,15.615371691750644,
55,40.75555555555555,-73.99444444444444,2024-01-08,16.624824515540165,14.347261908691081,24.917425488357157,
55,40.75555555555555,-73.99444444444444,2024-01-09,18.342845519837002,,31.914189795063486,
55,40.75555555555555,-73.99444444444444,2024-01-10,21.69812705591874,,25.555268374598946,
55,40.75555555555555,-73.99444444444444,2024-01-11,18.59550488223839,,32.29405148518004,25.81001750900031
55,40.75555555555555,-73.99444444444444,2024-01-12,16.258109903085277,,28.427840697776404,
55,40.75555555555555,-73.99444444444444,2024-01-13,6.947166924329145,,14.01679899645707,
55,40.75555555555555,-73.99444444444444,2024-01-14,11.580601697874963,,,12.240943317779319
55,40.75555555555555,-73.99444444444444,2024-01-15,18.61167301387182,,23.720488632771453,
55,40.75555555555555,-73.99444444444444,2024-01-16,17.988904913516755,,26.07356285098028,
55,40.75555555555555,-73.99444444444444,2024-01-17,19.9823108207168,,25.735022919455787,
55,40.75555555555555,-73.99444444444444,2024-01-18,21.52988362939684,,34.09940942346068,
55,40.75555555555555,-73.99444444444444,2024-01-19,15.890267973915556,,28.787311097584784,
55,40.75555555555555,-73.99444444444444,2024-01-20,7.178865424325306,,14.163804329246323,
55,40.75555555555555,-73.99444444444444,2024-01-21,15.298205507548174,,21.29596004615085,14.877356407476068
55,40.75555555555555,-73.99444444444444,2024-01-22,15.529481505348185,,,
55,40.75555555555555,-73.99444444444444,2024-01-23,21.214964548697,,21.573647374594522,
55,40.75555555555555,-73.99444444444444,2024-01-24,20.428568924096826,,29.468735094582023,
55,40.75555555555555,-73.99444444444444,2024-01-25,16.577721840769406,,23.012450869408983,16.450269473140946
55,40.75555555555555,-73.99444444444444,2024-01-26,9.694996083070745,,13.604360870945047,
55,40.75555555555555,-73.99444444444444,2024-01-27,11.59648604633818,,21.672689100628958,
55,40.75555555555555,-73.99444444444444,2024-01-28,14.005131449263041,,23.36719986498445,17.177599287169578
55,40.75555555555555,-73.99444444444444,2024-01-29,17.372532479679407,,24.526030047497933,
55,40.75555555555555,-73.99444444444444,2024-01-30,20.140227738580545,,24.459817502774516,23.123124218643415
56,40.75555555555555,-73.98333333333333,2024-01-01,17.08926084150513,16.00438206522879,22.05286483159588,13.358505608083526
56,40.75555555555555,-73.98333333333333,2024-01-02,22.40601990168209,,,21.279797562230204
56,40.75555555555555,-73.98333333333333,2024-01-03,21.356778455786422,,25.397531915956645,20.182068523718304
56,40.75555555555555,-73.98333333333333,2024-01-04,20.944076925165664,,30.810644363771704,18.537261423362104
56,40.75555555555555,-73.98333333333333,2024-01-05,13.40111238657845,,29.96898345552011,
56,40.75555555555555,-73.98333333333333,2024-01-06,13.394070749978923,,20.05963998131893,17.291600492587833
56,40.75555555555555,-73.98333333333333,2024-01-07,14.816500383419253,13.963100909380142,24.64110712874761,
56,40.75555555555555,-73.98333333333333,2024-01-08,17.988470986452867,,23.243038215926916,
56,40.75555555555555,-73.98333333333333,2024-01-09,18.246553325407156,,16.622361128764457,
56,40.75555555555555,-73.98333333333333,2024-01-10,21.633228685517057,22.578540456752922,26.74959703814506,
56,40.75555555555555,-73.98333333333333,2024-01-11,16.754760687454947,,,
56,40.75555555555555,-73.98333333333333,2024-01-12,12.292305627132734,,16.78126029101365,
56,40.75555555555555,-73.98333333333333,2024-01-13,14.003433102772663,,,
56,40.75555555555555,-73.98333333333333,2024-01-14,13.81270408319886,,,
56,40.75555555555555,-73.98333333333333,2024-01-15,17.836997552805464,,24.388105714880815,17.71321859485528
56,40.75555555555555,-73.98333333333333,2024-01-16,17.827337455360855,,25.32978111459011,17.183724461806964
56,40.75555555555555,-73.98333333333333,2024-01-17,14.252267918734795,,22.23385433977225,
56,40.75555555555555,-73.98333333333333,2024-01-18,17.138163897311458,,,
56,40.75555555555555,-73.98333333333333,2024-01-19,13.41063501033522,,21.264891129560873,12.804330228539712
56,40.75555555555555,-73.98333333333333,2024-01-20,15.010656917469351,,,
56,40.75555555555555,-73.98333333333333,2024-01-21,14.733948703554908,13.325029600864383,22.460322024305427,17.28610688693685
56,40.75555555555555,-73.98333333333333,2024-01-22,18.608308280975223,,27.937429347942647,
56,40.75555555555555,-73.98333333333333,2024-01-23,18.965435237719554,,,18.06634706772661
56,40.75555555555555,-73.98333333333333,2024-01-24,19.642797768808144,,23.325143148664715,
56,40.75555555555555,-73.98333333333333,2024-01-25,18.254545334539667,,,
56,40.75555555555555,-73.98333333333333,2024-01-26,15.076840941136966,,,14.178295828494534
56,40.75555555555555,-73.98333333333333,2024-01-27,9.233752961736773,,14.741463754343828,9.271318554726133
56,40.75555555555555,-73.98333333333333,2024-01-28,9.578085316441733,,19.79044332831231,
56,40.75555555555555,-73.98333333333333,2024-01-29,19.66527130130426,,27.572225870112188,
56,40.75555555555555,-73.98333333333333,2024-01-30,19.79963340716082,,26.80902046913911,
57,40.75555555555555,-73.97222222222223,2024-01-01,16.999815182789888,,,
57,40.75555555555555,-73.97222222222223,2024-01-02,21.71928394764202,,31.629977717935727,
57,40.75555555555555,-73.97222222222223,2024-01-03,25.222440402793545,,33.35448376801159,26.173296423745892
57,40.75555555555555,-73.97222222222223,2024-01-04,17.684693809989348,,,
57,40.75555555555555,-73.97222222222223,2024-01-05,15.818639567255472,,16.353193706736953,
57,40.75555555555555,-73.97222222222223,2024-01-06,9.108951198461277,,13.817382056687691,
57,40.75555555555555,-73.97222222222223,2024-01-07,9.827711780091509,,17.56854795154622,
57,40.75555555555555,-73.97222222222223,2024-01-08,18.912855239186715,,28.979117803462895,
57,40.75555555555555,-73.97222222222223,2024-01-09,18.66593604173111,,,16.75555073708244
57,40.75555555555555,-73.97222222222223,2024-01-10,22.150651757083253,,,22.474603519258938
57,40.75555555555555,-73.97222222222223,2024-01-11,23.96293558863204,,,27.181998573042904
57,40.75555555555555,-73.97222222222223,2024-01-12,14.84760284422634,,13.179239341466582,16.91276363636477
57,40.75555555555555,-73.97222222222223,2024-01-13,11.852885874657353,,,
57,40.75555555555555,-73.97222222222223,2024-01-14,15.05781422535709,13.717325583990654,,14.09833539169082
57,40.75555555555555,-73.97222222222223,2024-01-15,16.868418605614863,,15.907279256220097,
57,40.75555555555555,-73.97222222222223,2024-01-16,23.329715675141554,,27.70631692475897,
57,40.75555555555555,-73.97222222222223,2024-01-17,22.60858249532411,,29.41820583413358,
57,40.75555555555555,-73.97222222222223,2024-01-18,17.70366736589937,,,19.212059249476102
57,40.75555555555555,-73.97222222222223,2024-01-19,15.608372554525452,,25.143442974791128,
57,40.75555555555555,-73.97222222222223,2024-01-20,13.576073735533145,14.084386691695668,15.227449829861502,
57,40.75555555555555,-73.97222222222223,2024-01-21,11.935929536868063,,19.890903962016477,11.125126723776395
57,40.75555555555555,-73.97222222222223,2024-01-22,14.580007982248507,,29.270420041138493,14.391326381548932
57,40.75555555555555,-73.97222222222223,2024-01-23,19.59320068922093,,,
57,40.75555555555555,-73.97222222222223,2024-01-24,22.74733686473835,,39.54184025745754,
57,40.75555555555555,-73.97222222222223,2024-01-25,17.447904019660115,,22.63089457083769,
57,40.75555555555555,-73.97222222222223,2024-01-26,11.882618213008701,,21.13124215909278,3.3325278850571536
57,40.75555555555555,-73.97222222222223,2024-01-27,12.794323807422845,,12.688113131544984,10.865994658723002
57,40.75555555555555,-73.97222222222223,2024-01-28,15.217971262665433,,18.090111094909247,19.798409253397228
57,40.75555555555555,-73.97222222222223,2024-01-29,20.384914977203827,,38.75877967822541,
57,40.75555555555555,-73.97222222222223,2024-01-30,19.78054320206728,,,15.820311638855372
58,40.75555555555555,-73.96111111111111,2024-01-01,16.102293362617843,,,
58,40.75555555555555,-73.96111111111111,2024-01-02,17.65741395297321,,29.39295939418669,
58,40.75555555555555,-73.96111111111111,2024-01-03,21.787713918277507,,33.385057380982516,21.164960882848387
58,40.75555555555555,-73.96111111111111,2024-01-04,21.391849667939308,,27.918074457980495,
58,40.75555555555555,-73.96111111111111,2024-01-05,14.72970100225277,,,13.0365367061356
58,40.75555555555555,-73.96111111111111,2024-01-06,9.178352680744378,,11.916628751899838,
58,40.75555555555555,-73.96111111111111,2024-01-07,17.482885870411103,18.737991286994188,,
58,40.75555555555555,-73.96111111111111,2024-01-08,17.95321697544184,,,16.93958364902042
58,40.75555555555555,-73.96111111111111,2024-01-09,20.49341922340966,20.124291950337167,26.6308998474986,21.395666274952045
58,40.75555555555555,-73.96111111111111,2024-01-10,22.98961828155375,,31.78448778553826,25.216950997494617
58,40.75555555555555,-73.96111111111111,2024-01-11,18.112900259096644,,27.138412371498337,
58,40.75555555555555,-73.96111111111111,2024-01-12,13.641729417439384,,,
58,40.75555555555555,-73.96111111111111,2024-01-13,10.701455826902993,,15.14315520955708,
58,40.75555555555555,-73.96111111111111,2024-01-14,15.390977416060592,,10.671883501543512,
58,40.75555555555555,-73.96111111111111,2024-01-15,14.222460094149662,,14.291249924684564,15.557020706822126
58,40.75555555555555,-73.96111111111111,2024-01-16,23.118532962122888,,35.20677670949995,
58,40.75555555555555,-73.96111111111111,2024-01-17,18.623389993826418,,29.259557081436252,16.630243119338513
58,40.75555555555555,-73.96111111111111,2024-01-18,18.575772764049496,,33.18334678918701,
58,40.75555555555555,-73.96111111111111,2024-01-19,15.85293612965502,17.357878318770226,25.151042726002512,
58,40.75555555555555,-73.96111111111111,2024-01-20,10.281835928682982,,12.550024308981888,
58,40.75555555555555,-73.96111111111111,2024-01-21,11.861050395563971,,,15.259464487088394
58,40.75555555555555,-73.96111111111111,2024-01-22,16.946744804167842,,,17.08115217333166
58,40.75555555555555,-73.96111111111111,2024-01-23,20.659982638364045,,20.929145891484335,17.91970725941214
58,40.75555555555555,-73.96111111111111,2024-01-24,21.418944742817043,,25.50857563314541,
58,40.75555555555555,-73.96111111111111,2024-01-25,19.19235231754898,19.651532484883845,,18.308619396048993
58,40.75555555555555,-73.96111111111111,2024-01-26,14.352680430888388,,25.543853938484975,
58,40.75555555555555,-73.96111111111111,2024-01-27,10.290279916211214,12.500135581959677,16.656313952533846,
58,40.75555555555555,-73.96111111111111,2024-01-28,11.000392146460088,,19.40011570250565,10.826909621542415
58,40.75555555555555,-73.96111111111111,2024-01-29,19.135511876805733,,28.244563575621175,
58,40.75555555555555,-73.96111111111111,2024-01-30,22.271998415896515,,28.729841114117573,21.139838863509887
59,40.75555555555555,-73.95,2024-01-01,19.2695066291061,,34.607382218307755,
59,40.75555555555555,-73.95,2024-01-02,22.444651108393522,,,17.00868309570736
59,40.75555555555555,-73.95,2024-01-03,19.55305674082332,,21.895900812342738,
59,40.75555555555555,-73.95,2024-01-04,18.869027775925378,,33.34533784095823,
59,40.75555555555555,-73.95,2024-01-05,12.20387846021624,,11.432513040900204,
59,40.75555555555555,-73.95,2024-01-06,8.898041746708266,,,
59,40.75555555555555,-73.95,2024-01-07,12.265963340664385,,16.986175035960137,11.48470474120677
59,40.75555555555555,-73.95,2024-01-08,17.320995394705132,,,
59,40.75555555555555,-73.95,2024-01-09,19.230514633390133,,23.249790486576135,16.505380354478074
59,40.75555555555555,-73.95,2024-01-10,20.501477866750967,,,20.738621273201804
59,40.75555555555555,-73.95,2024-01-11,18.172905201310265,,25.539537954818243,
59,40.75555555555555,-73.95,2024-01-12,12.427325788947664,,19.652539163449504,6.665259188291698
59,40.75555555555555,-73.95,2024-01-13,14.033982486906133,,23.543486015142836,19.46489031691862
59,40.75555555555555,-73.95,2024-01-14,13.469179969632917,,19.52617957542793,8.315308028473495
59,40.75555555555555,-73.95,2024-01-15,16.41440307670791,,27.24204919061966,
59,40.75555555555555,-73.95,2024-01-16,22.437202717676712,,27.957365299280735,16.48313889333898
59,40.75555555555555,-73.95,2024-01-17,20.92016315577032,,,22.901425963594257
59,40.75555555555555,-73.95,2024-01-18,18.45449699281992,18.496392913974194,,26.364504418656686
59,40.75555555555555,-73.95,2024-01-19,16.717385570720012,,,
59,40.75555555555555,-73.95,2024-01-20,14.030306342211274,11.634224053880857,17.120446224801,
59,40.75555555555555,-73.95,2024-01-21,10.35580957397369,,7.503625605077892,
59,40.75555555555555,-73.95,2024-01-22,21.226332535654162,,26.987372183583453,
59,40.75555555555555,-73.95,2024-01-23,16.97521858028184,,,13.168270848518345
59,40.75555555555555,-73.95,2024-01-24,21.109446058858918,,24.58273063929341,20.4126255504605
59,40.75555555555555,-73.95,2024-01-25,18.770308685814555,,27.19918873614694,
59,40.75555555555555,-73.95,2024-01-26,14.382433414204776,,19.4488281071694,
59,40.75555555555555,-73.95,2024-01-27,12.054221822524559,,,
59,40.75555555555555,-73.95,2024-01-28,13.229272837949567,,,12.686772684753011
59,40.75555555555555,-73.95,2024-01-29,17.142182602565256,,30.900864084502356,
59,40.75555555555555,-73.95,2024-01-30,20.949076787851656,,,16.91065462011104
60,40.766666666666666,-74.05,2024-01-01,10.079649099458933,,12.158931454866664,
60,40.766666666666666,-74.05,2024-01-02,16.025749163121496,,24.95978331939711,
60,40.766666666666666,-74.05,2024-01-03,17.148889953430313,,21.40148335885921,13.822440989570676
60,40.766666666666666,-74.05,2024-01-04,13.915872174553403,,,
60,40.766666666666666,-74.05,2024-01-05,10.751845891032884,,15.814094779171699,
60,40.766666666666666,-74.05,2024-01-06,5.1344753793783235,,10.442389580406603,3.5042140900487726
60,40.766666666666666,-74.05,2024-01-07,9.958300428008243,,13.066940117110764,
60,40.766666666666666,-74.05,2024-01-08,13.582122247295423,,19.327944998613507,
60,40.766666666666666,-74.05,2024-01-09,17.090535106255757,,23.724231515639733,
60,40.766666666666666,-74.05,2024-01-10,13.56186119916642,,,
60,40.766666666666666,-74.05,2024-01-11,14.717267947586654,,19.02060389094834,21.010353514602635
60,40.766666666666666,-74.05,2024-01-12,10.364934000230873,,15.584400505709938,
60,40.766666666666666,-74.05,2024-01-13,9.837292709924487,,12.643245895961165,7.432840944431467
60,40.766666666666666,-74.05,2024-01-14,6.4843455405967605,,7.935987928720604,8.353177631836685
60,40.766666666666666,-74.05,2024-01-15,12.622829252027639,,16.120855767281487,
60,40.766666666666666,-74.05,2024-01-16,15.728648879065208,,30.543362547410226,12.396659069211477
60,40.766666666666666,-74.05,2024-01-17,17.303634672063414,,,18.6519352199052
60,40.766666666666666,-74.05,2024-01-18,12.998648344419008,,19.59141719926473,
60,40.766666666666666,-74.05,2024-01-19,8.67718515804868,,16.35315064187478,
60,40.766666666666666,-74.05,2024-01-20,9.073239327944172,,,
60,40.766666666666666,-74.05,2024-01-21,5.336288894255549,,,4.518307573580799
60,40.766666666666666,-74.05,2024-01-22,15.36028272182872,,,
60,40.766666666666666,-74.05,2024-01-23,14.90115573386658,,26.23575543382232,17.050148686731422
60,40.766666666666666,-74.05,2024-01-24,23.010640158390537,,,
60,40.766666666666666,-74.05,2024-01-25,12.690483507306162,,14.004133932019048,
60,40.766666666666666,-74.05,2024-01-26,14.37864397305906,,,16.983278828215727
60,40.766666666666666,-74.05,2024-01-27,5.4278304062773435,,16.386852470588316,
60,40.766666666666666,-74.05,2024-01-28,4.858421449895568,,,2.613790505008143
60,40.766666666666666,-74.05,2024-01-29,8.386431515119504,,17.294921848311077,9.319476738254078
60,40.766666666666666,-74.05,2024-01-30,13.239885712630114,,12.289411137421682,15.448121980764746
61,40.766666666666666,-74.03888888888889,2024-01-01,9.611175438274545,,19.075892867895355,
61,40.766666666666666,-74.03888888888889,2024-01-02,18.932903673564624,,26.16504782229739,
61,40.766666666666666,-74.03888888888889,2024-01-03,14.94720649207711,,13.311701310135007,
61,40.766666666666666,-74.03888888888889,2024-01-04,16.842670914830748,,24.440089274979655,
61,40.766666666666666,-74.03888888888889,2024-01-05,8.795872623554066,,,
61,40.766666666666666,-74.03888888888889,2024-01-06,8.530421434490522,,,11.02491803528551
61,40.766666666666666,-74.03888888888889,2024-01-07,9.026770647138589,,8.135454375815911,14.761588848328554
61,40.766666666666666,-74.03888888888889,2024-01-08,11.601708220549686,,13.496223255676576,
61,40.766666666666666,-74.03888888888889,2024-01-09,16.976750474420655,,26.448643686544916,
61,40.766666666666666,-74.03888888888889,2024-01-10,15.392222287707767,,24.423442582282405,
61,40.766666666666666,-74.03888888888889,2024-01-11,17.12442626908478,,30.115026033790993,15.837836066992976
61,40.766666666666666,-74.03888888888889,2024-01-12,10.78577872327793,,19.09465947791773,
61,40.766666666666666,-74.03888888888889,2024-01-13,7.387833443406685,,15.990922233197345,8.552390830370886
61,40.766666666666666,-74.03888888888889,2024-01-14,8.877753121635585,,,
61,40.766666666666666,-74.03888888888889,2024-01-15,10.820222651580263,,,
61,40.766666666666666,-74.03888888888889,2024-01-16,15.219515868444638,,22.304106603479383,14.090248204680051
61,40.766666666666666,-74.03888888888889,2024-01-17,16.846521262524636,,17.186922233493807,
61,40.766666666666666,-74.03888888888889,2024-01-18,12.395728862029076,,14.722788159332266,
61,40.766666666666666,-74.03888888888889,2024-01-19,9.592607692721748,,17.13206374532114,
61,40.766666666666666,-74.03888888888889,2024-01-20,6.97910129241816,,12.87002105051075,
61,40.766666666666666,-74.03888888888889,2024-01-21,8.54802622419022,,,5.052425363030514
61,40.766666666666666,-74.03888888888889,2024-01-22,8.138494275788855,,,
61,40.766666666666666,-74.03888888888889,2024-01-23,14.880325370830327,,20.033031005311017,
61,40.766666666666666,-74.03888888888889,2024-01-24,18.20014045944211,,26.64415803306099,
61,40.766666666666666,-74.03888888888889,2024-01-25,16.76942458749223,,24.60467057430606,16.567507577589083
61,40.766666666666666,-74.03888888888889,2024-01-26,10.273631803725978,,,13.049477481876472
61,40.766666666666666,-74.03888888888889,2024-01-27,6.802409136466887,,,8.132281916289163
61,40.766666666666666,-74.03888888888889,2024-01-28,7.794800613930118,,,
61,40.766666666666666,-74.03888888888889,2024-01-29,12.590382630198617,,17.43136140290784,
61,40.766666666666666,-74.03888888888889,2024-01-30,12.936080086950003,15.47742111898053,,
62,40.766666666666666,-74.02777777777777,2024-01-01,9.224072724935148,9.48483954241821,11.756038877043162,
62,40.766666666666666,-74.02777777777777,2024-01-02,15.839185333170597,,23.798745093322275,
62,40.766666666666666,-74.02777777777777,2024-01-03,16.86365910392354,,25.690231587395594,16.76614742475047
62,40.766666666666666,-74.02777777777777,2024-01-04,12.641100130205384,,24.81102757021985,10.730564487394215
62,40.766666666666666,-74.02777777777777,2024-01-05,10.652361169240724,,16.41337163685264,
62,40.766666666666666,-74.02777777777777,2024-01-06,6.855016586070873,,,6.145404435965267
62,40.766666666666666,-74.02777777777777,2024-01-07,4.807490274018103,,,10.116862472529435
62,40.766666666666666,-74.02777777777777,2024-01-08,13.836682041001133,,20.176419279773757,10.841802866037924
62,40.766666666666666,-74.02777777777777,2024-01-09,13.477475774896385,12.852641156461903,14.767824970516347,
62,40.766666666666666,-74.02777777777777,2024-01-10,17.678687975174206,,17.72838520385372,
62,40.766666666666666,-74.02777777777777,2024-01-11,10.829660150371396,,19.950027354442373,
62,40.766666666666666,-74.02777777777777,2024-01-12,8.408051873220996,,15.688100008259443,
62,40.766666666666666,-74.02777777777777,2024-01-13,5.100415121487967,,11.033060448008795,3.3687289443562545
62,40.766666666666666,-74.02777777777777,2024-01-14,2.2294385107568093,,,
62,40.766666666666666,-74.02777777777777,2024-01-15,14.199601542819792,,27.690274388810934,
62,40.766666666666666,-74.02777777777777,2024-01-16,12.599211812630276,,13.773486663646143,
62,40.766666666666666,-74.02777777777777,2024-01-17,17.21766488758645,,,22.1110101799532
62,40.766666666666666,-74.02777777777777,2024-01-18,12.04315881951867,,,
62,40.766666666666666,-74.02777777777777,2024-01-19,5.610577050151493,,13.989375269545967,
62,40.766666666666666,-74.02777777777777,2024-01-20,5.280878014867102,,16.421138219432763,8.425489917892929
62,40.766666666666666,-74.02777777777777,2024-01-21,5.754235585152402,,9.917323169137171,
62,40.766666666666666,-74.02777777777777,2024-01-22,12.508991867129094,,,9.726872850041293
62,40.766666666666666,-74.02777777777777,2024-01-23,17.825770619502528,,23.45649689947157,18.431767651774493
62,40.766666666666666,-74.02777777777777,2024-01-24,14.218177701169191,,,9.011624870090012
62,40.766666666666666,-74.02777777777777,2024-01-25,15.529923284309938,,,
62,40.766666666666666,-74.02777777777777,2024-01-26,8.278812346974131,,18.050910294138646,
62,40.766666666666666,-74.02777777777777,2024-01-27,5.2840981040529655,,,6.842137092844366
62,40.766666666666666,-74.02777777777777,2024-01-28,9.113802957332247,,,
62,40.766666666666666,-74.02777777777777,2024-01-29,10.698178238451613,,10.389640402722906,
62,40.766666666666666,-74.02777777777777,2024-01-30,16.029460328614853,,19.298912189382857,
63,40.766666666666666,-74.01666666666667,2024-01-01,11.502300297337754,,21.51813413290788,11.641025772392352
63,40.766666666666666,-74.01666666666667,2024-01-02,11.86851093923016,,18.463207765546475,
63,40.766666666666666,-74.01666666666667,2024-01-03,17.79215393816202,,22.74574789961571,19.92095237631272
63,40.766666666666666,-74.01666666666667,2024-01-04,14.043119837486726,,,17.29865338200368
63,40.766666666666666,-74.01666666666667,2024-01-05,4.4613614211746215,,,4.516118803742961
63,40.766666666666666,-74.01666666666667,2024-01-06,9.998020894321622,,,
63,40.766666666666666,-74.01666666666667,2024-01-07,8.391951078256255,,13.13583826163268,5.431122868751585
63,40.766666666666666,-74.01666666666667,2024-01-08,11.663424908240817,,23.533642684480036,
63,40.766666666666666,-74.01666666666667,2024-01-09,12.010557261464035,,19.93162677139179,
63,40.766666666666666,-74.01666666666667,2024-01-10,14.358848924873328,,20.636868403862422,18.72332744731328
63,40.766666666666666,-74.01666666666667,2024-01-11,10.236358619330439,,14.899627696261092,
63,40.766666666666666,-74.01666666666667,2024-01-12,8.774207740130022,,,7.465418643589935
63,40.766666666666666,-74.01666666666667,2024-01-13,8.561339919784809,,11.736881240913867,
63,40.766666666666666,-74.01666666666667,2024-01-14,5.906321652787276,,,
63,40.766666666666666,-74.01666666666667,2024-01-15,8.49704607151852,,20.20562292231035,
63,40.766666666666666,-74.01666666666667,2024-01-16,12.982566382751635,,,14.711465341873165
63,40.766666666666666,-74.01666666666667,2024-01-17,16.190390833809285,,18.51637690648087,
63,40.766666666666666,-74.01666666666667,2024-01-18,10.135649126844296,11.049589596167287,,9.2845289417501
63,40.766666666666666,-74.01666666666667,2024-01-19,11.551277236954792,,,
63,40.766666666666666,-74.01666666666667,2024-01-20,4.00504624940246,,5.634585120272803,8.551287695447087
63,40.766666666666666,-74.01666666666667,2024-01-21,9.72356286728154,,19.767010839455793,6.316655153008053
63,40.766666666666666,-74.01666666666667,2024-01-22,9.899460761834998,,,
63,40.766666666666666,-74.01666666666667,2024-01-23,16.662938380410964,,,
63,40.766666666666666,-74.01666666666667,2024-01-24,15.329927671309756,,24.771797303194084,16.07064586155959
63,40.766666666666666,-74.01666666666667,2024-01-25,11.258769002267965,,18.76194072455008,10.845545821104183
63,40.766666666666666,-74.01666666666667,2024-01-26,11.562536537583663,,,
63,40.766666666666666,-74.01666666666667,2024-01-27,8.142204253873743,,15.956366571216932,
63,40.766666666666666,-74.01666666666667,2024-01-28,10.758561109431664,,20.495000943515755,
63,40.766666666666666,-74.01666666666667,2024-01-29,13.887156657777991,,18.295368615536994,
63,40.766666666666666,-74.01666666666667,2024-01-30,17.053085997672298,,28.56420081585133,24.474962338922445
64,40.766666666666666,-74.00555555555556,2024-01-01,7.965187802873279,,,
64,40.766666666666666,-74.00555555555556,2024-01-02,16.911325580895276,,24.08328288784466,
64,40.766666666666666,-74.00555555555556,2024-01-03,11.763793717511184,,19.158693974818366,12.369009681899316
64,40.766666666666666,-74.00555555555556,2024-01-04,13.649414522673096,13.806073354988197,,
64,40.766666666666666,-74.00555555555556,2024-01-05,13.861575590360708,,14.033605770825893,
64,40.766666666666666,-74.00555555555556,2024-01-06,8.161702759856233,,15.387053937130956,13.394636104085567
64,40.766666666666666,-74.00555555555556,2024-01-07,8.757784286936992,,,4.536638693940156
64,40.766666666666666,-74.00555555555556,2024-01-08,7.9276198009594125,,13.998986514421333,
64,40.766666666666666,-74.00555555555556,2024-01-09,13.487382992266323,,21.762101591152387,13.926809827226277
64,40.766666666666666,-74.00555555555556,2024-01-10,18.137998468085975,,,
64,40.766666666666666,-74.00555555555556,2024-01-11,15.151128527219209,15.269144491327115,12.783067662341814,14.452752526062866
64,40.766666666666666,-74.00555555555556,2024-01-12,10.624987836373842,10.917816679960525,8.228243227396284,11.246406146709548
64,40.766666666666666,-74.00555555555556,2024-01-13,5.986560106942796,,16.096357032729294,
64,40.766666666666666,-74.00555555555556,2024-01-14,4.465794975823934,,,
64,40.766666666666666,-74.00555555555556,2024-01-15,15.442239848694541,,,13.360826594989074
64,40.766666666666666,-74.00555555555556,2024-01-16,14.530637329901602,,,
64,40.766666666666666,-74.00555555555556,2024-01-17,12.125273017189505,,,13.12774588280897
64,40.766666666666666,-74.00555555555556,2024-01-18,14.44911173840717,,,14.939115780439785
64,40.766666666666666,-74.00555555555556,2024-01-19,12.093761299082065,,12.762300891798315,13.830490753289467
64,40.766666666666666,-74.00555555555556,2024-01-20,10.180060819837959,,,
64,40.766666666666666,-74.00555555555556,2024-01-21,3.8831503006369785,,4.507589867832342,5.8539374996632425
64,40.766666666666666,-74.00555555555556,2024-01-22,12.891701094967933,,20.527945596088518,
64,40.766666666666666,-74.00555555555556,2024-01-23,13.779561187142033,,23.359216713893485,
64,40.766666666666666,-74.00555555555556,2024-01-24,15.224405125248603,,17.75073041940658,
64,40.766666666666666,-74.00555555555556,2024-01-25,14.867752297708108,14.157615690870726,12.382528360954787,
64,40.766666666666666,-74.00555555555556,2024-01-26,8.322525121902638,,6.617098257170345,
64,40.766666666666666,-74.00555555555556,2024-01-27,9.10394997687624,,18.949529729906217,12.667090129291605
64,40.766666666666666,-74.00555555555556,2024-01-28,9.30581823683466,,12.203813781715168,
64,40.766666666666666,-74.00555555555556,2024-01-29,9.605976792388677,,,
64,40.766666666666666,-74.00555555555556,2024-01-30,15.189525793923805,,,
65,40.766666666666666,-73.99444444444444,2024-01-01,11.965477265137439,,17.62152335835408,
65,40.766666666666666,-73.99444444444444,2024-01-02,18.776141789997347,,28.9837212920178,
65,40.766666666666666,-73.99444444444444,2024-01-03,17.981599095053074,,19.113125563388017,15.156154030711082
65,40.766666666666666,-73.99444444444444,2024-01-04,14.125419586415676,,,16.244935977057434
65,40.766666666666666,-73.99444444444444,2024-01-05,9.132082906860411,,19.639239243360286,
65,40.766666666666666,-73.99444444444444,2024-01-06,7.649334201816335,,,7.438663340092458
65,40.766666666666666,-73.99444444444444,2024-01-07,6.85636954009078,,,
65,40.766666666666666,-73.99444444444444,2024-01-08,10.497944085005734,,9.355854780099227,
65,40.766666666666666,-73.99444444444444,2024-01-09,14.9479670915058,,,
65,40.766666666666666,-73.99444444444444,2024-01-10,14.88805634281237,,,
65,40.766666666666666,-73.99444444444444,2024-01-11,12.657528661010305,,11.560460052683148,9.184824487704514
65,40.766666666666666,-73.99444444444444,2024-01-12,10.114350129493598,,14.717621604231827,13.270955852516899
65,40.766666666666666,-73.99444444444444,2024-01-13,7.39170942171496,,10.537860822155864,6.957943270756797
65,40.766666666666666,-73.99444444444444,2024-01-14,10.51453324549274,,16.320275665009554,
65,40.766666666666666,-73.99444444444444,2024-01-15,13.641499167610398,,,16.122166827060525
65,40.766666666666666,-73.99444444444444,2024-01-16,14.734281642126405,,24.196075082742347,
65,40.766666666666666,-73.99444444444444,2024-01-17,13.125838880869624,,,
65,40.766666666666666,-73.99444444444444,2024-01-18,12.14179322768523,,15.730560502601294,10.87029261306578
65,40.766666666666666,-73.99444444444444,2024-01-19,7.639104952507452,,14.426031000265546,9.692563353166442
65,40.766666666666666,-73.99444444444444,2024-01-20,4.989595907580735,,1.185866282467254,10.039539635363322
65,40.766666666666666,-73.99444444444444,2024-01-21,8.216125275917713,8.19256987569696,11.761038332089406,
65,40.766666666666666,-73.99444444444444,2024-01-22,10.672791461968535,,10.127017822271394,9.573766430555262
65,40.766666666666666,-73.99444444444444,2024-01-23,15.60242758099628,,24.23042135131162,
65,40.766666666666666,-73.99444444444444,2024-01-24,16.116854219378503,,13.979751034574582,
65,40.766666666666666,-73.99444444444444,2024-01-25,12.200065578070644,,17.05868100442923,
65,40.766666666666666,-73.99444444444444,2024-01-26,9.865122239437353,,,9.267934578157742
65,40.766666666666666,-73.99444444444444,2024-01-27,6.834760468489804,,,1.3948662513909023
65,40.766666666666666,-73.99444444444444,2024-01-28,8.704692229032982,,,
65,40.766666666666666,-73.99444444444444,2024-01-29,9.013867988449785,,,7.941622843937686
65,40.766666666666666,-73.99444444444444,2024-01-30,14.702860939663905,,19.44165337667203,16.704057357848967
66,40.766666666666666,-73.98333333333333,2024-01-01,8.249633147342745,,15.034340768836067,
66,40.766666666666666,-73.98333333333333,2024-01-02,18.23480862000342,,,20.68721000009854
66,40.766666666666666,-73.98333333333333,2024-01-03,14.38746836380029,,,16.59670959740833
66,40.766666666666666,-73.98333333333333,2024-01-04,12.234251609108181,,,
66,40.766666666666666,-73.98333333333333,2024-01-05,8.719624296479427,,20.130202192685406,
66,40.766666666666666,-73.98333333333333,2024-01-06,7.636929915803112,,17.863191220231922,
66,40.766666666666666,-73.98333333333333,2024-01-07,7.391951941271795,7.49358199480522,16.539213262743647,
66,40.766666666666666,-73.98333333333333,2024-01-08,14.516640314635838,,,
66,40.766666666666666,-73.98333333333333,2024-01-09,16.246283198766854,,14.725549074673143,
66,40.766666666666666,-73.98333333333333,2024-01-10,18.554539649123996,,24.179214363773458,
66,40.766666666666666,-73.98333333333333,2024-01-11,8.467470644597938,,13.756199820235887,7.919063347378836
66,40.766666666666666,-73.98333333333333,2024-01-12,7.425727622446818,,,7.991620867150758
66,40.766666666666666,-73.98333333333333,2024-01-13,9.681240895591957,,14.806684047225259,
66,40.766666666666666,-73.98333333333333,2024-01-14,8.819926798052641,,8.036839314312427,
66,40.766666666666666,-73.98333333333333,2024-01-15,11.1166787297686,,16.47210770449445,
66,40.766666666666666,-73.98333333333333,2024-01-16,17.94278586327375,,,
66,40.766666666666666,-73.98333333333333,2024-01-17,17.020984731398382,,16.122549695019625,
66,40.766666666666666,-73.98333333333333,2024-01-18,12.943544667658308,,18.33199216826798,
66,40.766666666666666,-73.98333333333333,2024-01-19,9.02851654151309,,12.493551956910169,
66,40.766666666666666,-73.98333333333333,2024-01-20,7.653997609254727,,11.052807741906229,3.2073033382228013
66,40.766666666666666,-73.98333333333333,2024-01-21,9.733919715910416,,16.283270212451846,7.3696909541994025
66,40.766666666666666,-73.98333333333333,2024-01-22,14.8420171569845,,18.500811819463646,
66,40.766666666666666,-73.98333333333333,2024-01-23,17.094858504776614,,21.43130777948274,
66,40.766666666666666,-73.98333333333333,2024-01-24,13.82247684295356,,20.68487541785551,
66,40.766666666666666,-73.98333333333333,2024-01-25,13.294407420923319,,25.3760007374378,
66,40.766666666666666,-73.98333333333333,2024-01-26,9.636931479696583,,20.382739931911352,11.728645618867523
66,40.766666666666666,-73.98333333333333,2024-01-27,5.770056516208779,,14.789857368558856,
66,40.766666666666666,-73.98333333333333,2024-01-28,7.741611757342586,,11.053821005542929,
66,40.766666666666666,-73.98333333333333,2024-01-29,11.11736309118092,,19.273552979107333,15.251791132673759
66,40.766666666666666,-73.98333333333333,2024-01-30,16.115813850297023,,19.36588955092084,20.71295499805989
67,40.766666666666666,-73.97222222222223,2024-01-01,12.180819373963756,,,
67,40.766666666666666,-73.97222222222223,2024-01-02,14.697082949691703,,,
67,40.766666666666666,-73.97222222222223,2024-01-03,14.286864326313701,,,
67,40.766666666666666,-73.97222222222223,2024-01-04,13.882313534865187,,18.74780131886555,
67,40.766666666666666,-73.97222222222223,2024-01-05,10.533595713904603,,,10.575920782663978
67,40.766666666666666,-73.97222222222223,2024-01-06,8.131663635453364,,15.150617352402861,
67,40.766666666666666,-73.97222222222223,2024-01-07,7.918785436820239,,,
67,40.766666666666666,-73.97222222222223,2024-01-08,11.887568135849973,,,
67,40.766666666666666,-73.97222222222223,2024-01-09,14.026901126316506,14.823241146065339,20.82785722811283,12.853432009557979
67,40.766666666666666,-73.97222222222223,2024-01-10,14.523521155454784,,,14.177412270822302
67,40.766666666666666,-73.97222222222223,2024-01-11,14.826428563324427,,,15.52301207725141
67,40.766666666666666,-73.97222222222223,2024-01-12,10.058298909688894,,13.947924353128794,
67,40.766666666666666,-73.97222222222223,2024-01-13,5.382160388232161,,9.050567345369545,
67,40.766666666666666,-73.97222222222223,2024-01-14,6.850754378087746,,,
67,40.766666666666666,-73.97222222222223,2024-01-15,12.754503112439554,,20.8303011628146,9.300823139918123
67,40.766666666666666,-73.97222222222223,2024-01-16,14.28735025148655,,24.944741173575636,14.00190588225459
67,40.766666666666666,-73.97222222222223,2024-01-17,15.437425709521772,,20.840193372240527,
67,40.766666666666666,-73.97222222222223,2024-01-18,13.376939869839386,,18.043794199802942,12.983879564018537
67,40.766666666666666,-73.97222222222223,2024-01-19,8.991920671184491,,20.231476727352874,
67,40.766666666666666,-73.97222222222223,2024-01-20,6.973920158739803,,13.306756713578853,11.586110350792673
67,40.766666666666666,-73.97222222222223,2024-01-21,10.258809331029028,,21.96733941637043,8.830621657695428
67,40.766666666666666,-73.97222222222223,2024-01-22,10.786243900599107,,12.944120989886187,
67,40.766666666666666,-73.97222222222223,2024-01-23,17.35399799596525,,16.453049970167598,
67,40.766666666666666,-73.97222222222223,2024-01-24,17.289250705840793,,24.265993041742444,20.928788271015563
67,40.766666666666666,-73.97222222222223,2024-01-25,14.57494809819749,,25.316080611654197,
67,40.766666666666666,-73.97222222222223,2024-01-26,9.708432652599244,8.808272424725581,12.996324369231912,
67,40.766666666666666,-73.97222222222223,2024-01-27,8.343020757716198,,6.892528588822092,8.389210368349884
67,40.766666666666666,-73.97222222222223,2024-01-28,4.226638525076106,,,
67,40.766666666666666,-73.97222222222223,2024-01-29,11.477558228397555,,16.24265356111508,15.883065044053755
67,40.766666666666666,-73.97222222222223,2024-01-30,16.012352864189413,,20.45256930126772,
68,40.766666666666666,-73.96111111111111,2024-01-01,7.26760956520403,,11.66711849987293,3.947410602015677
68,40.766666666666666,-73.96111111111111,2024-01-02,13.367529604554734,,,
68,40.766666666666666,-73.96111111111111,2024-01-03,15.388139751526108,,18.239688372005084,20.419741281424397
68,40.766666666666666,-73.96111111111111,2024-01-04,12.05479489243767,,16.798683347427264,20.3599157093155
68,40.766666666666666,-73.96111111111111,2024-01-05,8.667223466199554,,15.844951779881747,6.367824173140191
68,40.766666666666666,-73.96111111111111,2024-01-06,7.0836716076736845,,9.168398535744437,
68,40.766666666666666,-73.96111111111111,2024-01-07,11.005068479024803,,14.470120325965935,
68,40.766666666666666,-73.96111111111111,2024-01-08,9.315862069125764,,9.454144692517387,
68,40.766666666666666,-73.96111111111111,2024-01-09,14.39970704245148,14.797344544227759,18.428701858956423,
68,40.766666666666666,-73.96111111111111,2024-01-10,15.600288841214532,,,16.19331554207727
68,40.766666666666666,-73.96111111111111,2024-01-11,8.465955054819322,,,
68,40.766666666666666,-73.96111111111111,2024-01-12,13.05273928309968,,19.03280373728789,18.91191836971937
68,40.766666666666666,-73.96111111111111,2024-01-13,4.475393696311416,,5.331263907622598,
68,40.766666666666666,-73.96111111111111,2024-01-14,6.010557664032367,,14.74492296326753,
68,40.766666666666666,-73.96111111111111,2024-01-15,11.628189475900951,,20.934498031715563,
68,40.766666666666666,-73.96111111111111,2024-01-16,17.123638203003118,,,
68,40.766666666666666,-73.96111111111111,2024-01-17,20.061412498271643,,23.261533144466572,
68,40.766666666666666,-73.96111111111111,2024-01-18,13.25824357943906,,13.56092263165149,
68,40.766666666666666,-73.96111111111111,2024-01-19,8.600748447537038,,9.331838305170784,9.621016681928749
68,40.766666666666666,-73.96111111111111,2024-01-20,5.3055912844456,,7.423547155700803,
68,40.766666666666666,-73.96111111111111,2024-01-21,6.163701280273704,,7.20668906804805,
68,40.766666666666666,-73.96111111111111,2024-01-22,13.488805542615475,,21.47773209997707,15.055821434032033
68,40.766666666666666,-73.96111111111111,2024-01-23,16.267930502355124,,21.772195363540945,
68,40.766666666666666,-73.96111111111111,2024-01-24,17.439667408240147,,26.644644413443032,21.62994794043562
68,40.766666666666666,-73.96111111111111,2024-01-25,14.399101288495762,,20.403175251790643,
68,40.766666666666666,-73.96111111111111,2024-01-26,8.846792704236492,,,10.67450919690575
68,40.766666666666666,-73.96111111111111,2024-01-27,5.801376677602537,,,
68,40.766666666666666,-73.96111111111111,2024-01-28,7.6051434877198965,,,
68,40.766666666666666,-73.96111111111111,2024-01-29,9.265088534616172,,12.537918832861136,10.192229039688277
68,40.766666666666666,-73.96111111111111,2024-01-30,15.340162034471488,,,14.830702117939891
69,40.766666666666666,-73.95,2024-01-01,13.561568251624482,,,
69,40.766666666666666,-73.95,2024-01-02,12.247299343971415,,17.57413479135595,15.736879900855547
69,40.766666666666666,-73.95,2024-01-03,15.034554730564869,,22.365621287946695,
69,40.766666666666666,-73.95,2024-01-04,16.794616472539342,,19.314886460825434,
69,40.766666666666666,-73.95,2024-01-05,6.652197443671439,,,
69,40.766666666666666,-73.95,2024-01-06,4.454476149252027,,15.09197679377402,
69,40.766666666666666,-73.95,2024-01-07,6.050306874717677,,9.388345725176716,
69,40.766666666666666,-73.95,2024-01-08,11.277223133847123,,17.8839714243445,12.35100623380177
69,40.766666666666666,-73.95,2024-01-09,16.67937654227823,16.28602541745536,16.666499572020058,
69,40.766666666666666,-73.95,2024-01-10,15.799753331048246,,20.487987124678057,12.473408592816714
69,40.766666666666666,-73.95,2024-01-11,12.730357534692654,,23.69965039935719,11.651261026772666
69,40.766666666666666,-73.95,2024-01-12,8.145167059074314,,,
69,40.766666666666666,-73.95,2024-01-13,4.0163318545305895,,,
69,40.766666666666666,-73.95,2024-01-14,5.64504193526317,,13.305995144162965,
69,40.766666666666666,-73.95,2024-01-15,12.372860051755286,,,
69,40.766666666666666,-73.95,2024-01-16,14.319959494783065,,23.574272666576388,
69,40.766666666666666,-73.95,2024-01-17,17.939894706970108,,21.20759166784718,14.746498089671244
69,40.766666666666666,-73.95,2024-01-18,14.272600359423471,,19.86746950032808,16.80013968413206
69,40.766666666666666,-73.95,2024-01-19,7.226002830681177,,11.989521583043656,8.783783893754313
69,40.766666666666666,-73.95,2024-01-20,5.237367955099064,,10.80037669733022,4.738029926689252
69,40.766666666666666,-73.95,2024-01-21,6.179042462351912,,,
69,40.766666666666666,-73.95,2024-01-22,11.799594652991487,,16.5682485232867,
69,40.766666666666666,-73.95,2024-01-23,17.39072926124493,,26.01610499039353,13.642034525472912
69,40.766666666666666,-73.95,2024-01-24,15.50279236720498,,23.07576143327323,
69,40.766666666666666,-73.95,2024-01-25,12.139540438265618,,17.19037224285914,
69,40.766666666666666,-73.95,2024-01-26,9.219702794339145,,,
69,40.766666666666666,-73.95,2024-01-27,2.5387605814838454,,8.38186102393685,
69,40.766666666666666,-73.95,2024-01-28,6.560092155805128,,14.881187677440206,
69,40.766666666666666,-73.95,2024-01-29,10.511617096554966,,16.451335945204715,
69,40.766666666666666,-73.95,2024-01-30,15.158815138473914,,25.896373467633783,
70,40.77777777777778,-74.05,2024-01-01,7.488905870769273,,10.915624970023748,11.45701553073621
70,40.77777777777778,-74.05,2024-01-02,15.25047694217995,,21.639492084616492,
70,40.77777777777778,-74.05,2024-01-03,14.784519968768167,,,
70,40.77777777777778,-74.05,2024-01-04,13.775683684533869,,15.093746075571971,
70,40.77777777777778,-74.05,2024-01-05,7.4455986518968595,,,6.192230304659663
70,40.77777777777778,-74.05,2024-01-06,5.361309368076009,,7.37500000928636,5.7938553426027966
70,40.77777777777778,-74.05,2024-01-07,5.841394620787368,,8.390890117491537,
70,40.77777777777778,-74.05,2024-01-08,6.7289454991482955,,12.560261965391714,
70,40.77777777777778,-74.05,2024-01-09,11.68319764611163,,,
70,40.77777777777778,-74.05,2024-01-10,15.910083330086255,,19.518842687464222,
70,40.77777777777778,-74.05,2024-01-11,14.250689644838811,,14.942827294910654,13.345950221465497
70,40.77777777777778,-74.05,2024-01-12,6.066459958919821,,,8.820289533606154
70,40.77777777777778,-74.05,2024-01-13,8.094521895860899,,,7.717283003373581
70,40.77777777777778,-74.05,2024-01-14,10.729252983998741,,11.514981598903905,
70,40.77777777777778,-74.05,2024-01-15,9.291067072276745,,22.183172530658894,12.955337852452601
70,40.77777777777778,-74.05,2024-01-16,12.645417325750449,,19.40738603723646,
70,40.77777777777778,-74.05,2024-01-17,17.168602975012966,,32.22772209693275,16.026519103627688
70,40.77777777777778,-74.05,2024-01-18,11.433694206083299,,10.462617100804081,
70,40.77777777777778,-74.05,2024-01-19,4.76197753670679,5.5151674864393385,4.386301903880404,3.745970375055517
70,40.77777777777778,-74.05,2024-01-20,6.852773991591923,,19.7737753074272,
70,40.77777777777778,-74.05,2024-01-21,7.05814453121238,,13.793771597301625,6.573001582670566
70,40.77777777777778,-74.05,2024-01-22,10.27872949159916,,14.093507157175283,
70,40.77777777777778,-74.05,2024-01-23,12.959629317673885,,19.31244806858824,
70,40.77777777777778,-74.05,2024-01-24,14.26731303743363,,28.043379831702836,10.048964494254413
70,40.77777777777778,-74.05,2024-01-25,12.57719557021513,,20.635540790020354,
70,40.77777777777778,-74.05,2024-01-26,6.978112190842734,,8.092572253388507,
70,40.77777777777778,-74.05,2024-01-27,6.00218267215811,,8.1630433951272,
70,40.77777777777778,-74.05,2024-01-28,2.5911535737520484,,10.1184684312049,
70,40.77777777777778,-74.05,2024-01-29,8.425543045544517,,21.271187198641094,6.779848193873141
70,40.77777777777778,-74.05,2024-01-30,13.617689808700405,,25.328254914402383,
71,40.77777777777778,-74.03888888888889,2024-01-01,9.996906447585605,,8.191725840033758,
71,40.77777777777778,-74.03888888888889,2024-01-02,14.809204058480413,,20.220080473946183,
71,40.77777777777778,-74.03888888888889,2024-01-03,12.0790442281005,,,11.594004446457014
71,40.77777777777778,-74.03888888888889,2024-01-04,11.88123415072258,,20.03248866369417,
71,40.77777777777778,-74.03888888888889,2024-01-05,9.38213522050042,,16.686332698147055,
71,40.77777777777778,-74.03888888888889,2024-01-06,1.5934447511059737,,,
71,40.77777777777778,-74.03888888888889,2024-01-07,5.552798733623893,,10.571473921904452,9.410028040023086
71,40.77777777777778,-74.03888888888889,2024-01-08,6.9735799008555155,,,7.534901201230792
71,40.77777777777778,-74.03888888888889,2024-01-09,14.83792910957334,,23.307880141514246,
71,40.77777777777778,-74.03888888888889,2024-01-10,17.995845754540312,,17.92295433077755,
71,40.77777777777778,-74.03888888888889,2024-01-11,11.004987790246684,,8.674051561609112,
71,40.77777777777778,-74.03888888888889,2024-01-12,4.935308152954063,,8.831978451365265,
71,40.77777777777778,-74.03888888888889,2024-01-13,7.256881600824082,,12.203885187073181,9.101765296964405
71,40.77777777777778,-74.03888888888889,2024-01-14,7.73704752159124,,13.199550546008215,
71,40.77777777777778,-74.03888888888889,2024-01-15,11.23677040894238,,13.248268919027655,14.631143797978448
71,40.77777777777778,-74.03888888888889,2024-01-16,11.774689235518242,,16.869073739706334,
71,40.77777777777778,-74.03888888888889,2024-01-17,15.92319715564761,,24.48725408036611,
71,40.77777777777778,-74.03888888888889,2024-01-18,11.09491738051397,,,11.404152045106514
71,40.77777777777778,-74.03888888888889,2024-01-19,8.030463812321576,,,12.413540679338869
71,40.77777777777778,-74.03888888888889,2024-01-20,5.2822145679440995,,4.719081336869433,
71,40.77777777777778,-74.03888888888889,2024-01-21,3.67662107807725,,,5.347914953790236
71,40.77777777777778,-74.03888888888889,2024-01-22,7.968864251805856,,14.27594675884472,1.986880371768132
71,40.77777777777778,-74.03888888888889,2024-01-23,15.206022705777785,,23.85108996205111,
71,40.77777777777778,-74.03888888888889,2024-01-24,17.38466246186583,,18.09790388271161,16.011608776828595
71,40.77777777777778,-74.03888888888889,2024-01-25,14.4147665930175,,,9.485163353447742
71,40.77777777777778,-74.03888888888889,2024-01-26,5.368701316392956,,,
71,40.77777777777778,-74.03888888888889,2024-01-27,5.574378716154334,,,4.669179554278427
71,40.77777777777778,-74.03888888888889,2024-01-28,6.299036081940536,,21.609581429254654,5.392744958866719
71,40.77777777777778,-74.03888888888889,2024-01-29,13.326723674709246,,20.592054621425522,
71,40.77777777777778,-74.03888888888889,2024-01-30,14.392797935815668,,,11.063547552150846
72,40.77777777777778,-74.02777777777777,2024-01-01,10.798416844945303,,16.73005878102608,
72,40.77777777777778,-74.02777777777777,2024-01-02,17.413989806047653,,,19.882037085770083
72,40.77777777777778,-74.02777777777777,2024-01-03,15.697196543581912,,,19.978223251679097
72,40.77777777777778,-74.02777777777777,2024-01-04,13.06414333733044,,,
72,40.77777777777778,-74.02777777777777,2024-01-05,7.75212711673743,,,
72,40.77777777777778,-74.02777777777777,2024-01-06,2.911111878469529,,0.1378145749432349,
72,40.77777777777778,-74.02777777777777,2024-01-07,7.041142491300947,,9.196532053390655,
72,40.77777777777778,-74.02777777777777,2024-01-08,8.748007873287932,,,9.090934132465675
72,40.77777777777778,-74.02777777777777,2024-01-09,14.064686894931155,,21.05840574655273,15.249331364938888
72,40.77777777777778,-74.02777777777777,2024-01-10,13.880500178362855,,23.29760694016687,
72,40.77777777777778,-74.02777777777777,2024-01-11,8.945272515070613,,,
72,40.77777777777778,-74.02777777777777,2024-01-12,6.781007913013261,,8.036618917811584,4.679128802297532
72,40.77777777777778,-74.02777777777777,2024-01-13,9.608325813382173,,18.748473490007882,13.273450231942034
72,40.77777777777778,-74.02777777777777,2024-01-14,3.9585355837008063,,2.0894222214613345,1.6176699804324879
72,40.77777777777778,-74.02777777777777,2024-01-15,10.6887490172673,,16.83030290356893,
72,40.77777777777778,-74.02777777777777,2024-01-16,13.094733292368494,,13.481856950988684,
72,40.77777777777778,-74.02777777777777,2024-01-17,13.887859183625022,,22.032103219122547,18.556172496206273
72,40.77777777777778,-74.02777777777777,2024-01-18,12.814802067639826,,,14.407206818658015
72,40.77777777777778,-74.02777777777777,2024-01-19,5.836123226156292,,,
72,40.77777777777778,-74.02777777777777,2024-01-20,4.4702870430805985,,11.652512467412489,
72,40.77777777777778,-74.02777777777777,2024-01-21,5.602950501532199,,,
72,40.77777777777778,-74.02777777777777,2024-01-22,12.933589566231461,,20.24168683216198,
72,40.77777777777778,-74.02777777777777,2024-01-23,16.048935463807585,15.87033513437403,22.3931010898765,
72,40.77777777777778,-74.02777777777777,2024-01-24,14.000193268939569,,17.728370384749542,14.768124708195883
72,40.77777777777778,-74.02777777777777,2024-01-25,10.082840681024685,,,11.965016903275739
72,40.77777777777778,-74.02777777777777,2024-01-26,7.774664751332714,,13.224958392732201,
72,40.77777777777778,-74.02777777777777,2024-01-27,3.5848155845760417,,,
72,40.77777777777778,-74.02777777777777,2024-01-28,5.41966716093253,,6.646193459982557,
72,40.77777777777778,-74.02777777777777,2024-01-29,12.275555761857635,,23.38678345647711,
72,40.77777777777778,-74.02777777777777,2024-01-30,15.67124745954239,,17.263823130639402,
73,40.77777777777778,-74.01666666666667,2024-01-01,9.777807436930853,,15.11521708975021,
73,40.77777777777778,-74.01666666666667,2024-01-02,13.943186815180418,,19.919961634250516,14.083098914878315
73,40.77777777777778,-74.01666666666667,2024-01-03,13.98477622297977,,22.53477031066538,15.627993159192451
73,40.77777777777778,-74.01666666666667,2024-01-04,10.657489517599094,,,
73,40.77777777777778,-74.01666666666667,2024-01-05,6.6328752858281135,,5.907598595524446,0.8993973100466501
73,40.77777777777778,-74.01666666666667,2024-01-06,8.770857682172963,,5.285902941767199,
73,40.77777777777778,-74.01666666666667,2024-01-07,1.5566868542343464,,2.4118715788835714,
73,40.77777777777778,-74.01666666666667,2024-01-08,9.514958872137216,10.055589598315802,16.304064583265614,
73,40.77777777777778,-74.01666666666667,2024-01-09,13.551280651240637,,20.829061830471105,
73,40.77777777777778,-74.01666666666667,2024-01-10,12.957366111573986,,,9.745366893003451
73,40.77777777777778,-74.01666666666667,2024-01-11,10.75269922486546,,,
73,40.77777777777778,-74.01666666666667,2024-01-12,7.83982377728959,9.559590570219106,19.509446833366265,8.763029583774854
73,40.77777777777778,-74.01666666666667,2024-01-13,6.9678295030532515,,,
73,40.77777777777778,-74.01666666666667,2024-01-14,7.450327996643951,,,
73,40.77777777777778,-74.01666666666667,2024-01-15,8.126551343141191,,5.712026083172429,
73,40.77777777777778,-74.01666666666667,2024-01-16,13.680925387785123,,22.4256342618527,
73,40.77777777777778,-74.01666666666667,2024-01-17,13.064668576760557,,15.59434776965631,
73,40.77777777777778,-74.01666666666667,2024-01-18,10.988094053529869,,19.536535261739395,
73,40.77777777777778,-74.01666666666667,2024-01-19,3.9858138400011383,,,1.8698636682535934
73,40.77777777777778,-74.01666666666667,2024-01-20,5.624821312883607,,6.346726180709419,
73,40.77777777777778,-74.01666666666667,2024-01-21,8.244406053074854,,9.766598974302275,
73,40.77777777777778,-74.01666666666667,2024-01-22,8.94454792628418,,19.568087603291666,
73,40.77777777777778,-74.01666666666667,2024-01-23,11.913694189823385,,19.129704784289828,
73,40.77777777777778,-74.01666666666667,2024-01-24,15.24835489111412,,,
73,40.77777777777778,-74.01666666666667,2024-01-25,15.794446870998136,,,
73,40.77777777777778,-74.01666666666667,2024-01-26,7.909298448900497,,,
73,40.77777777777778,-74.01666666666667,2024-01-27,3.0171945706403274,,,2.4036955943308183
73,40.77777777777778,-74.01666666666667,2024-01-28,9.068886744546111,,15.80735032377224,
73,40.77777777777778,-74.01666666666667,2024-01-29,8.176086802596135,,13.305420970479734,
73,40.77777777777778,-74.01666666666667,2024-01-30,13.6276163039054,,20.45579235522351,
74,40.77777777777778,-74.00555555555556,2024-01-01,11.284199087302918,,,
74,40.77777777777778,-74.00555555555556,2024-01-02,12.03275735170839,,14.651404751475816,11.365032570033831
74,40.77777777777778,-74.00555555555556,2024-01-03,11.662624462816474,,17.55443478945261,
74,40.77777777777778,-74.00555555555556,2024-01-04,12.79833901681208,,16.976345123919163,
74,40.77777777777778,-74.00555555555556,2024-01-05,7.557441722603006,,16.020376396749644,8.935054267401593
74,40.77777777777778,-74.00555555555556,2024-01-06,4.690237981206236,,10.16249519227598,
74,40.77777777777778,-74.00555555555556,2024-01-07,9.940091195471128,,9.697539110191592,
74,40.77777777777778,-74.00555555555556,2024-01-08,9.807970982580533,,,
74,40.77777777777778,-74.00555555555556,2024-01-09,14.806119216401669,,10.934665337485928,11.863824685414055
74,40.77777777777778,-74.00555555555556,2024-01-10,15.1229395402831,,21.459403845872913,
74,40.77777777777778,-74.00555555555556,2024-01-11,11.521101842863708,,,9.771604691095838
74,40.77777777777778,-74.00555555555556,2024-01-12,7.920232697659845,,13.841075009878878,9.6089646785151
74,40.77777777777778,-74.00555555555556,2024-01-13,5.062393145380562,,6.289027415309921,
74,40.77777777777778,-74.00555555555556,2024-01-14,9.971164109312733,,12.83556099490169,11.945366835983293
74,40.77777777777778,-74.00555555555556,2024-01-15,15.158266051689598,,19.253981903625302,15.532586515423066
74,40.77777777777778,-74.00555555555556,2024-01-16,13.720510818566718,,14.754669087854294,
74,40.77777777777778,-74.00555555555556,2024-01-17,15.111144218782748,,17.71144227883697,14.290261387602943
74,40.77777777777778,-74.00555555555556,2024-01-18,11.457696066616078,,12.298416899913288,
74,40.77777777777778,-74.00555555555556,2024-01-19,7.625141999074423,,15.161734724864449,
74,40.77777777777778,-74.00555555555556,2024-01-20,2.441750522711249,,14.960614812910869,2.544364576325475
74,40.77777777777778,-74.00555555555556,2024-01-21,4.533515774027895,,8.748533374359448,7.700598520677344
74,40.77777777777778,-74.00555555555556,2024-01-22,11.357722560374482,,14.283618765137733,12.207115027333057
74,40.77777777777778,-74.00555555555556,2024-01-23,13.856967100960619,,25.705705925515318,14.206952354469129
74,40.77777777777778,-74.00555555555556,2024-01-24,15.679940961470708,,,
74,40.77777777777778,-74.00555555555556,2024-01-25,9.84975834245312,,14.508019068229679,
74,40.77777777777778,-74.00555555555556,2024-01-26,9.081652406419279,,16.51010110088525,
74,40.77777777777778,-74.00555555555556,2024-01-27,3.768517190240451,,2.4138823789640655,
74,40.77777777777778,-74.00555555555556,2024-01-28,4.076388164205927,,2.8003441152313275,
74,40.77777777777778,-74.00555555555556,2024-01-29,10.286984597839153,,19.653556209469755,
74,40.77777777777778,-74.00555555555556,2024-01-30,14.025355572442855,13.69075171791256,22.092958294478304,
75,40.77777777777778,-73.99444444444444,2024-01-01,10.696958450337364,,,
75,40.77777777777778,-73.99444444444444,2024-01-02,16.12195745349191,,12.573767723267363,
75,40.77777777777778,-73.99444444444444,2024-01-03,15.018837473203574,,19.7787191019,
75,40.77777777777778,-73.99444444444444,2024-01-04,13.126373584936612,,15.387295793876062,
75,40.77777777777778,-73.99444444444444,2024-01-05,3.9758240602715045,,,
75,40.77777777777778,-73.99444444444444,2024-01-06,5.560241591936667,,15.000417156848936,
75,40.77777777777778,-73.99444444444444,2024-01-07,4.917382090561957,,9.247902810524936,2.465778882055914
75,40.77777777777778,-73.99444444444444,2024-01-08,11.93275964085859,,18.68309606309804,11.177014842245118
75,40.77777777777778,-73.99444444444444,2024-01-09,16.384085979182277,,21.92139615003767,
75,40.77777777777778,-73.99444444444444,2024-01-10,14.420333387753866,,23.329546979713555,12.98467058760071
75,40.77777777777778,-73.99444444444444,2024-01-11,13.352662425632758,,25.510689901899514,
75,40.77777777777778,-73.99444444444444,2024-01-12,6.942835482839945,,10.060080411329757,7.397452125315757
75,40.77777777777778,-73.99444444444444,2024-01-13,6.333354918064989,,7.526283834064016,5.648388665049901
75,40.77777777777778,-73.99444444444444,2024-01-14,7.474474653838206,,,6.167342156683994
75,40.77777777777778,-73.99444444444444,2024-01-15,10.086173499573308,,17.467770324788855,
75,40.77777777777778,-73.99444444444444,2024-01-16,13.748261324632713,,20.553810827303884,
75,40.77777777777778,-73.99444444444444,2024-01-17,12.45885425707002,,18.42402537110473,
75,40.77777777777778,-73.99444444444444,2024-01-18,13.104443515986151,,18.96848295246331,
75,40.77777777777778,-73.99444444444444,2024-01-19,8.68894213795198,,13.052294472076909,8.716623116938386
75,40.77777777777778,-73.99444444444444,2024-01-20,4.184835540036849,,5.940190687086416,1.5456834558831791
75,40.77777777777778,-73.99444444444444,2024-01-21,5.894230988604175,6.320886799196651,18.02430344537335,
75,40.77777777777778,-73.99444444444444,2024-01-22,9.607613714599697,,,
75,40.77777777777778,-73.99444444444444,2024-01-23,16.527764243119908,,23.788268792909317,
75,40.77777777777778,-73.99444444444444,2024-01-24,12.478887380518888,,,
75,40.77777777777778,-73.99444444444444,2024-01-25,12.519370064440487,,15.933585163818547,
75,40.77777777777778,-73.99444444444444,2024-01-26,9.71896228128954,,12.036296611762822,
75,40.77777777777778,-73.99444444444444,2024-01-27,7.722706494632918,,5.592392344174982,
75,40.77777777777778,-73.99444444444444,2024-01-28,4.38891688533881,,14.985249196091623,
75,40.77777777777778,-73.99444444444444,2024-01-29,10.429192526939074,,17.507479014905055,
75,40.77777777777778,-73.99444444444444,2024-01-30,13.985280557781193,,20.079079115426094,
76,40.77777777777778,-73.98333333333333,2024-01-01,10.551990044502833,,15.394347886502516,7.40167933610283
76,40.77777777777778,-73.98333333333333,2024-01-02,13.14564198614069,,,
76,40.77777777777778,-73.98333333333333,2024-01-03,14.125081476181792,,11.943273764516016,16.346641936081777
76,40.77777777777778,-73.98333333333333,2024-01-04,14.232127158380685,,18.038206283180905,
76,40.77777777777778,-73.98333333333333,2024-01-05,6.7804835330266044,,13.913885764229121,14.498740700760026
76,40.77777777777778,-73.98333333333333,2024-01-06,6.415961254819656,,10.909842345044462,6.678033530600447
76,40.77777777777778,-73.98333333333333,2024-01-07,4.781138806320522,,9.718533538132368,
76,40.77777777777778,-73.98333333333333,2024-01-08,7.666920796039402,,13.889925286574968,
76,40.77777777777778,-73.98333333333333,2024-01-09,11.69678138461473,,,
76,40.77777777777778,-73.98333333333333,2024-01-10,13.433600793790571,,13.22801838029023,
76,40.77777777777778,-73.98333333333333,2024-01-11,12.60815308760858,,,14.334223261168956
76,40.77777777777778,-73.98333333333333,2024-01-12,5.495472429642213,,6.721154760248085,12.54279810371731
76,40.77777777777778,-73.98333333333333,2024-01-13,7.177061045467645,,10.271900699448404,6.771058343698316
76,40.77777777777778,-73.98333333333333,2024-01-14,6.7662259339258,,5.829853197899656,
76,40.77777777777778,-73.98333333333333,2024-01-15,12.3311815156965,,,
76,40.77777777777778,-73.98333333333333,2024-01-16,13.342509273605486,,15.409743495854247,13.146912620556014
76,40.77777777777778,-73.98333333333333,2024-01-17,14.899955585224623,,,14.664190406481552
76,40.77777777777778,-73.98333333333333,2024-01-18,11.06467949628686,,15.476682053984124,
76,40.77777777777778,-73.98333333333333,2024-01-19,7.988355707649266,,13.297660414825737,16.739454021275236
76,40.77777777777778,-73.98333333333333,2024-01-20,6.234976644634212,,11.354343199407719,
76,40.77777777777778,-73.98333333333333,2024-01-21,7.661039348560699,,,
76,40.77777777777778,-73.98333333333333,2024-01-22,9.288481105699336,,12.310580975675691,
76,40.77777777777778,-73.98333333333333,2024-01-23,16.27400342384246,,17.527940005031745,
76,40.77777777777778,-73.98333333333333,2024-01-24,14.741720560612166,,24.385176083310505,
76,40.77777777777778,-73.98333333333333,2024-01-25,11.684739137257305,11.143118373948116,18.968652973341005,12.276679374128104
76,40.77777777777778,-73.98333333333333,2024-01-26,10.092288599393886,,18.886914911869,8.496494074517608
76,40.77777777777778,-73.98333333333333,2024-01-27,10.542055318324053,,10.583938401562424,7.573102419830962
76,40.77777777777778,-73.98333333333333,2024-01-28,5.352394233221532,,8.393316014726116,2.8943694550178116
76,40.77777777777778,-73.98333333333333,2024-01-29,12.468866462824828,,,
76,40.77777777777778,-73.98333333333333,2024-01-30,13.706366784938504,,20.22150162587916,
77,40.77777777777778,-73.97222222222223,2024-01-01,8.16408061152739,,17.408549758652107,
77,40.77777777777778,-73.97222222222223,2024-01-02,14.882743808466627,,23.00167415753614,16.590611778276816
77,40.77777777777778,-73.97222222222223,2024-01-03,15.169899138547784,,17.26094683254744,
77,40.77777777777778,-73.97222222222223,2024-01-04,10.773780007684655,,12.489234126070006,14.672545440680274
77,40.77777777777778,-73.97222222222223,2024-01-05,5.007754881482434,,,
77,40.77777777777778,-73.97222222222223,2024-01-06,5.451692893043593,,1.7884672266034505,
77,40.77777777777778,-73.97222222222223,2024-01-07,6.496703217697603,,6.947478948475585,6.497375061684967
77,40.77777777777778,-73.97222222222223,2024-01-08,12.162240683258355,,17.383401861799715,7.481728207868524
77,40.77777777777778,-73.97222222222223,2024-01-09,18.29572817096023,,17.386739515209598,18.109319971552306
77,40.77777777777778,-73.97222222222223,2024-01-10,15.233045348185467,,13.400067244060164,
77,40.77777777777778,-73.97222222222223,2024-01-11,11.451751778721537,,20.004479112850497,
77,40.77777777777778,-73.97222222222223,2024-01-12,7.816346892362629,,11.58923799594572,
77,40.77777777777778,-73.97222222222223,2024-01-13,2.4896476132206495,,6.724054729177458,
77,40.77777777777778,-73.97222222222223,2024-01-14,7.455068800608755,,10.369584678499338,
77,40.77777777777778,-73.97222222222223,2024-01-15,9.376939840067308,,17.102345576449412,4.954060673541715
77,40.77777777777778,-73.97222222222223,2024-01-16,11.989674526592097,,18.80705601053051,
77,40.77777777777778,-73.97222222222223,2024-01-17,15.812570444503667,,22.125337938928844,
77,40.77777777777778,-73.97222222222223,2024-01-18,12.017303354200568,,,
77,40.77777777777778,-73.97222222222223,2024-01-19,10.560767445165279,,18.29854719615822,
77,40.77777777777778,-73.97222222222223,2024-01-20,2.0090512052949916,,-2.8917096252044727,-1.3301410982665414
77,40.77777777777778,-73.97222222222223,2024-01-21,7.108892951020664,,13.085260525358038,6.303028079206472
77,40.77777777777778,-73.97222222222223,2024-01-22,10.540186773889461,,10.493857295156982,9.078685224802028
77,40.77777777777778,-73.97222222222223,2024-01-23,9.625861721914283,,17.8556165304592,10.59081970068904
77,40.77777777777778,-73.97222222222223,2024-01-24,13.413021126782258,,,
77,40.77777777777778,-73.97222222222223,2024-01-25,12.166375616802199,,19.597886373159447,
77,40.77777777777778,-73.97222222222223,2024-01-26,9.751388649053867,,11.73791792413215,12.319068565269507
77,40.77777777777778,-73.97222222222223,2024-01-27,5.643112036209569,,,0.08191531255219964
77,40.77777777777778,-73.97222222222223,2024-01-28,7.24774170478223,,13.272525397703733,
77,40.77777777777778,-73.97222222222223,2024-01-29,10.515484935052493,,,11.398741868104638
77,40.77777777777778,-73.97222222222223,2024-01-30,16.48112250510981,,,
78,40.77777777777778,-73.96111111111111,2024-01-01,10.708526573004534,,20.64313346041059,9.851901697082862
78,40.77777777777778,-73.96111111111111,2024-01-02,13.090197144010126,,14.270334393453176,
78,40.77777777777778,-73.96111111111111,2024-01-03,17.456450244497233,,24.370821827493174,13.024402617932601
78,40.77777777777778,-73.96111111111111,2024-01-04,13.45772980007555,,16.409201988350404,
78,40.77777777777778,-73.96111111111111,2024-01-05,11.568732429505381,,13.731589182344383,
78,40.77777777777778,-73.96111111111111,2024-01-06,5.729867443455932,,5.489231149743053,
78,40.77777777777778,-73.96111111111111,2024-01-07,7.768889089015136,,10.772343341795883,
78,40.77777777777778,-73.96111111111111,2024-01-08,6.821153193396177,,,11.12315620458756
78,40.77777777777778,-73.96111111111111,2024-01-09,12.287801543809131,,23.36262698055077,13.02350908749184
78,40.77777777777778,-73.96111111111111,2024-01-10,14.744180866606623,,,
78,40.77777777777778,-73.96111111111111,2024-01-11,17.504730608085094,15.890554273120253,,24.791534822315803
78,40.77777777777778,-73.96111111111111,2024-01-12,6.773924911072099,,4.8531847211929655,
78,40.77777777777778,-73.96111111111111,2024-01-13,7.482667001117817,,12.690519600163118,
78,40.77777777777778,-73.96111111111111,2024-01-14,2.9177160532658486,,0.5133033084618219,6.55199856416314
78,40.77777777777778,-73.96111111111111,2024-01-15,9.141028050571123,,18.243431894506546,8.875314848764752
78,40.77777777777778,-73.96111111111111,2024-01-16,13.586792063345968,,20.61865493751957,
78,40.77777777777778,-73.96111111111111,2024-01-17,16.068993613164746,,13.945465850426492,
78,40.77777777777778,-73.96111111111111,2024-01-18,9.839523034446348,,13.206076768244708,
78,40.77777777777778,-73.96111111111111,2024-01-19,7.617334017465507,,9.922427859228401,
78,40.77777777777778,-73.96111111111111,2024-01-20,2.3500299929044863,,,
78,40.77777777777778,-73.96111111111111,2024-01-21,5.482621123753119,,9.763991763187413,
78,40.77777777777778,-73.96111111111111,2024-01-22,11.649794697490028,,19.001784667355217,
78,40.77777777777778,-73.96111111111111,2024-01-23,14.02205027671491,,22.382287588908873,11.896585972127637
78,40.77777777777778,-73.96111111111111,2024-01-24,13.491085993528532,,,
78,40.77777777777778,-73.96111111111111,2024-01-25,10.798050687594445,,9.676357568101269,11.808187573856278
78,40.77777777777778,-73.96111111111111,2024-01-26,7.724955264721902,,6.628888204970295,12.249887510964552
78,40.77777777777778,-73.96111111111111,2024-01-27,3.2767418634154803,,10.819811609861112,3.7070286745274537
78,40.77777777777778,-73.96111111111111,2024-01-28,6.177557536736329,,5.958322556461438,
78,40.77777777777778,-73.96111111111111,2024-01-29,6.362760168933567,,9.995157508402903,
78,40.77777777777778,-73.96111111111111,2024-01-30,13.905491703343488,11.305371003144504,,
79,40.77777777777778,-73.95,2024-01-01,9.861855086821333,,14.34747136143652,
79,40.77777777777778,-73.95,2024-01-02,14.97543094453239,,23.497057972721542,
79,40.77777777777778,-73.95,2024-01-03,8.98944848965171,,20.103118558453954,
79,40.77777777777778,-73.95,2024-01-04,15.31177016120311,,24.45340780607488,
79,40.77777777777778,-73.95,2024-01-05,4.838042686134129,4.5305817861189865,10.3654336208947,5.062705439248802
79,40.77777777777778,-73.95,2024-01-06,2.7276716784233064,,,1.369931768593736
79,40.77777777777778,-73.95,2024-01-07,9.403444599183967,,,
79,40.77777777777778,-73.95,2024-01-08,11.985057697433579,,,
79,40.77777777777778,-73.95,2024-01-09,13.543551058473568,,17.26405132282555,13.188410833311178
79,40.77777777777778,-73.95,2024-01-10,16.99039635732508,,,
79,40.77777777777778,-73.95,2024-01-11,12.408761959449938,,22.781746039873557,
79,40.77777777777778,-73.95,2024-01-12,7.888416877693435,9.342726979489925,,5.748839964595036
79,40.77777777777778,-73.95,2024-01-13,5.729891324459329,,8.036904009099036,
79,40.77777777777778,-73.95,2024-01-14,5.564588468484379,,,
79,40.77777777777778,-73.95,2024-01-15,8.170448632395608,,12.547723179063876,
79,40.77777777777778,-73.95,2024-01-16,13.280129888330539,,,17.273125535719632
79,40.77777777777778,-73.95,2024-01-17,13.920980195696936,,,12.135063102614989
79,40.77777777777778,-73.95,2024-01-18,12.176208191547582,,14.211816818816596,10.52882874857885
79,40.77777777777778,-73.95,2024-01-19,6.793508329436945,,7.834928497878854,
79,40.77777777777778,-73.95,2024-01-20,6.460424945875256,,9.197270793212814,8.36136583808942
79,40.77777777777778,-73.95,2024-01-21,8.78294110804782,,18.719557929411057,
79,40.77777777777778,-73.95,2024-01-22,12.47630457518334,,21.57675033504411,10.035310849770681
79,40.77777777777778,-73.95,2024-01-23,12.521747064195537,,22.005571252186396,10.920213132750781
79,40.77777777777778,-73.95,2024-01-24,14.395046014353108,,20.182191615965927,
79,40.77777777777778,-73.95,2024-01-25,12.221179967753038,,23.552251554751205,
79,40.77777777777778,-73.95,2024-01-26,8.564607576343118,,,
79,40.77777777777778,-73.95,2024-01-27,2.6378012729010685,,,
79,40.77777777777778,-73.95,2024-01-28,9.036786167511071,,,10.028370686227317
79,40.77777777777778,-73.95,2024-01-29,7.474475057607026,,8.426697333102766,
79,40.77777777777778,-73.95,2024-01-30,14.463189856839461,,18.97365686253739,18.41065537688813
80,40.788888888888884,-74.05,2024-01-01,14.865611773970757,,,
80,40.788888888888884,-74.05,2024-01-02,19.15619572019064,,,19.65654153615757
80,40.788888888888884,-74.05,2024-01-03,18.387155900339707,,27.162925812598107,15.58533017808568
80,40.788888888888884,-74.05,2024-01-04,13.692572600690383,,,10.913032836351139
80,40.788888888888884,-74.05,2024-01-05,10.335617955899513,,15.072687471433838,
80,40.788888888888884,-74.05,2024-01-06,5.287069126672316,,15.555800232802149,0.44705092142392555
80,40.788888888888884,-74.05,2024-01-07,8.062379927578565,8.044451959328766,8.58021692857142,
80,40.788888888888884,-74.05,2024-01-08,13.00075080694894,,20.183961574439223,
80,40.788888888888884,-74.05,2024-01-09,17.69423392448327,,,12.284973639247903
80,40.788888888888884,-74.05,2024-01-10,18.644322339144704,,26.967181921887267,
80,40.788888888888884,-74.05,2024-01-11,14.263640550917511,,21.10775378870831,
80,40.788888888888884,-74.05,2024-01-12,9.262064110242012,,14.388989732021436,
80,40.788888888888884,-74.05,2024-01-13,10.821866957478733,,18.737848680544072,
80,40.788888888888884,-74.05,2024-01-14,8.968643525956423,,,6.702261121777778
80,40.788888888888884,-74.05,2024-01-15,18.03835573739782,,28.021186988403684,
80,40.788888888888884,-74.05,2024-01-16,18.113456959691476,,29.975401692398265,
80,40.788888888888884,-74.05,2024-01-17,16.103934679854607,,19.332357684430878,16.978911479421747
80,40.788888888888884,-74.05,2024-01-18,16.218482916550347,16.80641118454821,26.83543301453369,
80,40.788888888888884,-74.05,2024-01-19,12.9148007595073,,,
80,40.788888888888884,-74.05,2024-01-20,10.302219208016112,,,15.192596446045592
80,40.788888888888884,-74.05,2024-01-21,11.167933244941754,,,
80,40.788888888888884,-74.05,2024-01-22,12.395906705284846,,,11.177819242046699
80,40.788888888888884,-74.05,2024-01-23,18.555640944557073,,29.043628494475744,
80,40.788888888888884,-74.05,2024-01-24,18.83708755832622,,,
80,40.788888888888884,-74.05,2024-01-25,15.546850660935796,,24.771318025034084,16.094698011931985
80,40.788888888888884,-74.05,2024-01-26,9.153898216065137,,6.977654192118633,
80,40.788888888888884,-74.05,2024-01-27,10.95514983611124,,,
80,40.788888888888884,-74.05,2024-01-28,10.774220136383061,,12.000396361719949,
80,40.788888888888884,-74.05,2024-01-29,12.638885966782171,,15.219057751211409,15.955330023808514
80,40.788888888888884,-74.05,2024-01-30,12.527918203413568,,,
81,40.788888888888884,-74.03888888888889,2024-01-01,13.223236034562904,,15.878166228478664,15.328352224931557
81,40.788888888888884,-74.03888888888889,2024-01-02,17.731852242030996,18.494994542740653,,
81,40.788888888888884,-74.03888888888889,2024-01-03,20.291725804508804,,28.216949533902095,
81,40.788888888888884,-74.03888888888889,2024-01-04,12.90789554282288,,,7.904899744250294
81,40.788888888888884,-74.03888888888889,2024-01-05,13.383838862431256,13.151914860317634,,12.844570463202034
81,40.788888888888884,-74.03888888888889,2024-01-06,7.429497415711321,,10.475523213157087,
81,40.788888888888884,-74.03888888888889,2024-01-07,8.65078790840954,,8.8487761005816,
81,40.788888888888884,-74.03888888888889,2024-01-08,8.517225163018118,,13.014608856803848,7.957505403852024
81,40.788888888888884,-74.03888888888889,2024-01-09,21.823667037598607,,,21.87928687346571
81,40.788888888888884,-74.03888888888889,2024-01-10,23.578446782531383,,,
81,40.788888888888884,-74.03888888888889,2024-01-11,17.394448820438786,,20.89342351458632,
81,40.788888888888884,-74.03888888888889,2024-01-12,12.020141995933367,,16.068298191826695,6.653104824429043
81,40.788888888888884,-74.03888888888889,2024-01-13,10.711719989049096,,20.938184384583476,
81,40.788888888888884,-74.03888888888889,2024-01-14,9.00881962906575,,10.755772918163071,
81,40.788888888888884,-74.03888888888889,2024-01-15,15.513218805437862,,18.994552473722255,16.098121923410137
81,40.788888888888884,-74.03888888888889,2024-01-16,16.297635562063036,,,15.615652800120028
81,40.788888888888884,-74.03888888888889,2024-01-17,16.092700201136445,,28.560658278856653,16.008647334134444
81,40.788888888888884,-74.03888888888889,2024-01-18,18.15554907622635,,24.851733282344735,
81,40.788888888888884,-74.03888888888889,2024-01-19,12.46093542467312,,,
81,40.788888888888884,-74.03888888888889,2024-01-20,10.786816813575163,,13.489785889338162,12.471537225288476
81,40.788888888888884,-74.03888888888889,2024-01-21,9.26562822314751,,10.255446784193156,9.97577958622669
81,40.788888888888884,-74.03888888888889,2024-01-22,10.944234909713524,,,11.737859038019725
81,40.788888888888884,-74.03888888888889,2024-01-23,17.095669140858778,,18.156731274770387,18.855617851874786
81,40.788888888888884,-74.03888888888889,2024-01-24,18.55268564387181,,27.213311007428885,
81,40.788888888888884,-74.03888888888889,2024-01-25,19.14976364045487,,,
81,40.788888888888884,-74.03888888888889,2024-01-26,9.59329259637472,,,12.637975622563747
81,40.788888888888884,-74.03888888888889,2024-01-27,5.544866348681855,,11.232869174850197,
81,40.788888888888884,-74.03888888888889,2024-01-28,7.208708216973275,,13.261009688335944,5.594876317973854
81,40.788888888888884,-74.03888888888889,2024-01-29,13.20632076828561,,14.185818817058502,
81,40.788888888888884,-74.03888888888889,2024-01-30,20.42260529677819,,31.18489602183399,23.740882865338314
82,40.788888888888884,-74.02777777777777,2024-01-01,11.017381636032232,11.928288671065982,11.3258785766136,
82,40.788888888888884,-74.02777777777777,2024-01-02,12.526269078215583,,18.702972468285743,
82,40.788888888888884,-74.02777777777777,2024-01-03,17.657059256834405,,,
82,40.788888888888884,-74.02777777777777,2024-01-04,18.02312549383034,,12.235161974513286,17.699174435792507
82,40.788888888888884,-74.02777777777777,2024-01-05,11.176742961332456,,,
82,40.788888888888884,-74.02777777777777,2024-01-06,9.73294015960451,,,
82,40.788888888888884,-74.02777777777777,2024-01-07,8.32939696286984,,11.54840840417475,
82,40.788888888888884,-74.02777777777777,2024-01-08,13.92946345357161,,19.226747159906736,14.341329792034607
82,40.788888888888884,-74.02777777777777,2024-01-09,19.48801310093191,,,21.13340292155362
82,40.788888888888884,-74.02777777777777,2024-01-10,16.941719234878896,,23.945061197088588,15.90340641953885
82,40.788888888888884,-74.02777777777777,2024-01-11,17.440832164134562,,25.86436309706732,17.313836477153924
82,40.788888888888884,-74.02777777777777,2024-01-12,9.071163973211753,,21.312771419250794,
82,40.788888888888884,-74.02777777777777,2024-01-13,9.597593684594642,,12.158796437769059,
82,40.788888888888884,-74.02777777777777,2024-01-14,10.215628176795434,,,
82,40.788888888888884,-74.02777777777777,2024-01-15,14.376827880042148,,,
82,40.788888888888884,-74.02777777777777,2024-01-16,16.91090442198629,,27.123156416956853,16.682069966767543
82,40.788888888888884,-74.02777777777777,2024-01-17,15.123601485686603,,,
82,40.788888888888884,-74.02777777777777,2024-01-18,20.945083541362855,,36.809144921321135,21.853999162124705
82,40.788888888888884,-74.02777777777777,2024-01-19,10.224384431567795,,,
82,40.788888888888884,-74.02777777777777,2024-01-20,8.849130204185226,,,
82,40.788888888888884,-74.02777777777777,2024-01-21,6.124791026721603,,8.935139012539718,6.806768747191174
82,40.788888888888884,-74.02777777777777,2024-01-22,12.668339964687778,,24.334283261030553,
82,40.788888888888884,-74.02777777777777,2024-01-23,20.075876383324694,,,19.837747963263755
82,40.788888888888884,-74.02777777777777,2024-01-24,18.183779840064137,,21.60532201745149,
82,40.788888888888884,-74.02777777777777,2024-01-25,14.02262315182523,,22.544640464486758,
82,40.788888888888884,-74.02777777777777,2024-01-26,11.405639950429903,,8.935607315789904,9.745916944910505
82,40.788888888888884,-74.02777777777777,2024-01-27,7.550078053639043,,13.325188785405706,
82,40.788888888888884,-74.02777777777777,2024-01-28,12.395396061204892,,15.508411794763598,
82,40.788888888888884,-74.02777777777777,2024-01-29,17.495382849729822,,,
82,40.788888888888884,-74.02777777777777,2024-01-30,19.07364110542608,18.31685668667839,28.737710393764765,20.8170777764521
83,40.788888888888884,-74.01666666666667,2024-01-01,17.350688811633972,,23.866306209154743,17.046701743179703
83,40.788888888888884,-74.01666666666667,2024-01-02,14.812959803975165,,18.678279308892563,13.137699298512565
83,40.788888888888884,-74.01666666666667,2024-01-03,17.399354898263535,,18.41604216571246,
83,40.788888888888884,-74.01666666666667,2024-01-04,14.434033613565507,14.817857177396776,,17.96565997581625
83,40.788888888888884,-74.01666666666667,2024-01-05,15.07097433627046,,,
83,40.788888888888884,-74.01666666666667,2024-01-06,5.803530911202029,,6.305577800784782,4.901822739446282
83,40.788888888888884,-74.01666666666667,2024-01-07,8.769011385181237,,,
83,40.788888888888884,-74.01666666666667,2024-01-08,9.647062914091624,,12.680263204766723,
83,40.788888888888884,-74.01666666666667,2024-01-09,16.987122441858176,,18.865877092987663,11.82823988586157
83,40.788888888888884,-74.01666666666667,2024-01-10,17.791644617304627,,25.553144382023447,17.657439436058965
83,40.788888888888884,-74.01666666666667,2024-01-11,17.55511113207212,,25.689534425258138,
83,40.788888888888884,-74.01666666666667,2024-01-12,12.231429375903263,,,
83,40.788888888888884,-74.01666666666667,2024-01-13,9.315651577133265,,,
83,40.788888888888884,-74.01666666666667,2024-01-14,7.248207686577914,8.317123705003226,,
83,40.788888888888884,-74.01666666666667,2024-01-15,11.978561437795115,,,
83,40.788888888888884,-74.01666666666667,2024-01-16,16.56448458904802,,23.165933722264292,
83,40.788888888888884,-74.01666666666667,2024-01-17,23.076228073124426,,30.378150292028682,21.52982025387285
83,40.788888888888884,-74.01666666666667,2024-01-18,16.041204055886585,17.506634210214305,27.15608420430602,
83,40.788888888888884,-74.01666666666667,2024-01-19,12.305682172495573,,,
83,40.788888888888884,-74.01666666666667,2024-01-20,9.79235988505545,,,
83,40.788888888888884,-74.01666666666667,2024-01-21,6.997350533146319,,11.61035772969167,
83,40.788888888888884,-74.01666666666667,2024-01-22,14.828329842800875,,23.824112368195507,17.78703002862768
83,40.788888888888884,-74.01666666666667,2024-01-23,15.758394456545028,,,16.050861273616118
83,40.788888888888884,-74.01666666666667,2024-01-24,21.106876660466686,,24.778590321772693,18.812328975542375
83,40.788888888888884,-74.01666666666667,2024-01-25,12.149577129553215,,,14.795801575421656
83,40.788888888888884,-74.01666666666667,2024-01-26,10.955683089514302,,15.732754287165703,
83,40.788888888888884,-74.01666666666667,2024-01-27,6.142648445959576,,9.558504019212776,
83,40.788888888888884,-74.01666666666667,2024-01-28,9.341659918061167,,,
83,40.788888888888884,-74.01666666666667,2024-01-29,14.782389934651361,,19.61773706927291,
83,40.788888888888884,-74.01666666666667,2024-01-30,16.870504077065426,,,
84,40.788888888888884,-74.00555555555556,2024-01-01,15.59300766878654,,22.185010007037594,13.18292637048946
84,40.788888888888884,-74.00555555555556,2024-01-02,16.026886418287468,,21.63156109636536,
84,40.788888888888884,-74.00555555555556,2024-01-03,17.16879335590923,,,13.927992176567152
84,40.788888888888884,-74.00555555555556,2024-01-04,16.111060224298143,,,
84,40.788888888888884,-74.00555555555556,2024-01-05,10.669233050511632,,17.411870960263364,11.414868365868594
84,40.788888888888884,-74.00555555555556,2024-01-06,7.666605759352434,,,7.746415123113125
84,40.788888888888884,-74.00555555555556,2024-01-07,10.031400949853506,,,11.861255111849438
84,40.788888888888884,-74.00555555555556,2024-01-08,12.487104087704,,12.471771497912375,
84,40.788888888888884,-74.00555555555556,2024-01-09,17.31753296109194,,,
84,40.788888888888884,-74.00555555555556,2024-01-10,19.574110772582898,,22.072559682417292,14.537942485537318
84,40.788888888888884,-74.00555555555556,2024-01-11,15.367211502993538,,,19.1960034666142
84,40.788888888888884,-74.00555555555556,2024-01-12,14.498854004633902,,20.126533242741168,13.333332803277344
84,40.788888888888884,-74.00555555555556,2024-01-13,10.34859849196348,,13.091995137447304,
84,40.788888888888884,-74.00555555555556,2024-01-14,7.951911114912075,,17.858581725870874,
84,40.788888888888884,-74.00555555555556,2024-01-15,17.54494505567997,,26.407678787777193,18.85746366609908
84,40.788888888888884,-74.00555555555556,2024-01-16,17.401379720266693,,13.50481903509265,16.673193952333605
84,40.788888888888884,-74.00555555555556,2024-01-17,18.692221279453555,,,
84,40.788888888888884,-74.00555555555556,2024-01-18,16.264779467813657,,24.01923385916841,
84,40.788888888888884,-74.00555555555556,2024-01-19,13.744943337020821,,19.92403200614818,
84,40.788888888888884,-74.00555555555556,2024-01-20,6.408777925533466,,10.968678802988006,-0.7395091306857289
84,40.788888888888884,-74.00555555555556,2024-01-21,7.460313233253896,,8.697121312188958,
84,40.788888888888884,-74.00555555555556,2024-01-22,13.933060186795878,,,
84,40.788888888888884,-74.00555555555556,2024-01-23,20.0064361294019,,,19.833927223017152
84,40.788888888888884,-74.00555555555556,2024-01-24,17.739865406542847,,,
84,40.788888888888884,-74.00555555555556,2024-01-25,15.317644740073382,,28.832650173688766,15.691634920296053
84,40.788888888888884,-74.00555555555556,2024-01-26,12.346986012396814,,21.45418166763592,
84,40.788888888888884,-74.00555555555556,2024-01-27,7.360768014242568,,6.254807865629175,
84,40.788888888888884,-74.00555555555556,2024-01-28,7.193199236124562,,5.825480769149927,
84,40.788888888888884,-74.00555555555556,2024-01-29,11.126623345657112,,12.689418829354693,
84,40.788888888888884,-74.00555555555556,2024-01-30,16.21334806421361,,24.74548544336693,14.322651843274292
85,40.788888888888884,-73.99444444444444,2024-01-01,10.431173812397526,,21.746052133671668,
85,40.788888888888884,-73.99444444444444,2024-01-02,17.855296758423055,,,18.68148546085268
85,40.788888888888884,-73.99444444444444,2024-01-03,20.27418676872777,,28.22311917263947,15.822249590325516
85,40.788888888888884,-73.99444444444444,2024-01-04,15.274439511568497,,28.951538082457127,
85,40.788888888888884,-73.99444444444444,2024-01-05,12.26299115617642,,19.749730657920228,8.789343860426655
85,40.788888888888884,-73.99444444444444,2024-01-06,8.949104249194937,,13.608411091396498,
85,40.788888888888884,-73.99444444444444,2024-01-07,4.738648244023225,,,3.2060752172160734
85,40.788888888888884,-73.99444444444444,2024-01-08,16.426424399060345,,23.53131271078091,15.598477969740095
85,40.788888888888884,-73.99444444444444,2024-01-09,19.913294393296567,,24.018666524723184,
85,40.788888888888884,-73.99444444444444,2024-01-10,19.49135714727577,,24.28664864365874,18.56862497858454
85,40.788888888888884,-73.99444444444444,2024-01-11,13.80603791962706,,28.899311176563224,
85,40.788888888888884,-73.99444444444444,2024-01-12,13.994560930693188,,12.851522976161245,13.355913682961255
85,40.788888888888884,-73.99444444444444,2024-01-13,7.517055117823371,,11.538476485790607,
85,40.788888888888884,-73.99444444444444,2024-01-14,11.951283434377153,,11.028378616650944,13.941103578170587
85,40.788888888888884,-73.99444444444444,2024-01-15,18.77708365288209,,,
85,40.788888888888884,-73.99444444444444,2024-01-16,18.400296848750934,20.360304367566528,28.297309397231817,
85,40.788888888888884,-73.99444444444444,2024-01-17,17.859687595468152,,23.7656827774356,
85,40.788888888888884,-73.99444444444444,2024-01-18,13.79916286044527,,20.061030930463073,
85,40.788888888888884,-73.99444444444444,2024-01-19,8.579553837295553,,,
85,40.788888888888884,-73.99444444444444,2024-01-20,11.694666535895756,12.42937620346875,19.907985936075058,11.215092938388542
85,40.788888888888884,-73.99444444444444,2024-01-21,10.397366088344093,,15.350953825198175,
85,40.788888888888884,-73.99444444444444,2024-01-22,13.405913286300255,,,
85,40.788888888888884,-73.99444444444444,2024-01-23,19.67462309046586,,31.19739918157971,
85,40.788888888888884,-73.99444444444444,2024-01-24,18.317020581935864,,,
85,40.788888888888884,-73.99444444444444,2024-01-25,18.72387540728162,,24.266506548022875,18.479393809403145
85,40.788888888888884,-73.99444444444444,2024-01-26,12.966894429584803,,14.261562923569338,
85,40.788888888888884,-73.99444444444444,2024-01-27,9.988960042980157,,21.17878493485096,
85,40.788888888888884,-73.99444444444444,2024-01-28,8.406081112482624,,,8.710350005201597
85,40.788888888888884,-73.99444444444444,2024-01-29,12.064708613409971,,,
85,40.788888888888884,-73.99444444444444,2024-01-30,18.13702852809453,,9.734692948676692,
86,40.788888888888884,-73.98333333333333,2024-01-01,9.449077678908969,8.648902380244865,9.922311388035085,6.575294160423165
86,40.788888888888884,-73.98333333333333,2024-01-02,17.527446426878427,,19.60920281393429,
86,40.788888888888884,-73.98333333333333,2024-01-03,20.674488260007028,,16.60952870163409,
86,40.788888888888884,-73.98333333333333,2024-01-04,11.831032280538116,,10.979726420151334,9.942249584946723
86,40.788888888888884,-73.98333333333333,2024-01-05,8.937527079207847,,16.139964559810302,10.821763169908593
86,40.788888888888884,-73.98333333333333,2024-01-06,8.748814818219508,,,
86,40.788888888888884,-73.98333333333333,2024-01-07,9.930277492905812,,19.42190679037524,
86,40.788888888888884,-73.98333333333333,2024-01-08,13.374907105124112,,17.088287699856284,
86,40.788888888888884,-73.98333333333333,2024-01-09,19.039882260938086,,22.462265490014953,24.272191814336022
86,40.788888888888884,-73.98333333333333,2024-01-10,15.826355780965125,,20.618850744100463,
86,40.788888888888884,-73.98333333333333,2024-01-11,16.800142466608598,18.156249180818925,,
86,40.788888888888884,-73.98333333333333,2024-01-12,12.109338622049073,,12.184102833357898,
86,40.788888888888884,-73.98333333333333,2024-01-13,7.151816880446422,,,
86,40.788888888888884,-73.98333333333333,2024-01-14,9.43497338511407,,14.583907499965731,7.1679428689273745
86,40.788888888888884,-73.98333333333333,2024-01-15,13.535447769866046,,18.772896122459777,15.519156814210621
86,40.788888888888884,-73.98333333333333,2024-01-16,15.67137833764732,,19.728288761652262,15.693227298798579
86,40.788888888888884,-73.98333333333333,2024-01-17,19.046353212368913,,19.233066414162366,19.870793595961377
86,40.788888888888884,-73.98333333333333,2024-01-18,14.994393871415316,,,
86,40.788888888888884,-73.98333333333333,2024-01-19,12.230213613440455,,18.646057058671822,
86,40.788888888888884,-73.98333333333333,2024-01-20,9.05766741984652,,13.48187330365513,
86,40.788888888888884,-73.98333333333333,2024-01-21,9.677667840632715,,10.281839293285884,8.44205364290331
86,40.788888888888884,-73.98333333333333,2024-01-22,15.668927649416718,,20.538316043095854,14.914189818336027
86,40.788888888888884,-73.98333333333333,2024-01-23,17.32158300849801,,21.339479025379273,
86,40.788888888888884,-73.98333333333333,2024-01-24,19.258694462408627,,24.108445955511208,
86,40.788888888888884,-73.98333333333333,2024-01-25,12.639490234754621,,,
86,40.788888888888884,-73.98333333333333,2024-01-26,14.41309720530376,,18.852039354391373,18.78727653525107
86,40.788888888888884,-73.98333333333333,2024-01-27,12.156086074313858,,11.622983594730737,17.16863766264484
86,40.788888888888884,-73.98333333333333,2024-01-28,14.072667934949619,,16.386834500439452,16.70017992124673
86,40.788888888888884,-73.98333333333333,2024-01-29,13.003748138823905,,,
86,40.788888888888884,-73.98333333333333,2024-01-30,20.61686433506494,,,
87,40.788888888888884,-73.97222222222223,2024-01-01,12.479791694697429,,12.31789798817163,12.88012153182937
87,40.788888888888884,-73.97222222222223,2024-01-02,16.826673252924856,,24.809909194911988,21.604466818945916
87,40.788888888888884,-73.97222222222223,2024-01-03,17.345695527641183,,21.34791419334381,
87,40.788888888888884,-73.97222222222223,2024-01-04,17.9413091458282,,24.152871836076642,
87,40.788888888888884,-73.97222222222223,2024-01-05,12.599049508215266,,,9.672450701371371
87,40.788888888888884,-73.97222222222223,2024-01-06,8.109575557795917,,13.5342671703268,
87,40.788888888888884,-73.97222222222223,2024-01-07,5.096489221563239,,,4.456191130299466
87,40.788888888888884,-73.97222222222223,2024-01-08,13.955036175433335,,22.68666433847701,
87,40.788888888888884,-73.97222222222223,2024-01-09,17.00665684708318,,27.519824225531003,21.079421474913705
87,40.788888888888884,-73.97222222222223,2024-01-10,20.219781068193637,,19.158603236363405,
87,40.788888888888884,-73.97222222222223,2024-01-11,14.2146953330088,,,14.000406394296284
87,40.788888888888884,-73.97222222222223,2024-01-12,13.377684641483143,,14.47475091027339,
87,40.788888888888884,-73.97222222222223,2024-01-13,10.179682798757772,9.81751185989932,14.273005756448518,7.165504115821408
87,40.788888888888884,-73.97222222222223,2024-01-14,10.32146661511199,,,9.326968450213448
87,40.788888888888884,-73.97222222222223,2024-01-15,13.732848555059526,,18.99684612955209,12.683192507690517
87,40.788888888888884,-73.97222222222223,2024-01-16,20.71348479645364,,23.783530613908,19.551018806644567
87,40.788888888888884,-73.97222222222223,2024-01-17,17.95242023955379,,17.70220388189737,21.0639346571498
87,40.788888888888884,-73.97222222222223,2024-01-18,14.433845125762934,,28.803977942711995,
87,40.788888888888884,-73.97222222222223,2024-01-19,12.489219137494226,,10.756704368267242,
87,40.788888888888884,-73.97222222222223,2024-01-20,10.851809295105959,,16.734128672540365,
87,40.788888888888884,-73.97222222222223,2024-01-21,7.455449365588683,,,
87,40.788888888888884,-73.97222222222223,2024-01-22,14.091315196531372,14.665701547665249,17.920100103276596,
87,40.788888888888884,-73.97222222222223,2024-01-23,17.74916508137763,,21.85222561084596,
87,40.788888888888884,-73.97222222222223,2024-01-24,15.995119926679141,,23.93368927346931,
87,40.788888888888884,-73.97222222222223,2024-01-25,14.943029306829338,,,
87,40.788888888888884,-73.97222222222223,2024-01-26,13.216446276766252,12.840518031294895,19.904473697238014,15.591682098792418
87,40.788888888888884,-73.97222222222223,2024-01-27,7.553678642604498,,,
87,40.788888888888884,-73.97222222222223,2024-01-28,13.06125765383972,,,
87,40.788888888888884,-73.97222222222223,2024-01-29,12.17567943845647,,20.75992049863942,
87,40.788888888888884,-73.97222222222223,2024-01-30,18.400432292095743,,20.58773018915577,
88,40.788888888888884,-73.96111111111111,2024-01-01,15.178244880451023,,26.310148190605823,
88,40.788888888888884,-73.96111111111111,2024-01-02,12.376201011432116,,19.267244391226466,
88,40.788888888888884,-73.96111111111111,2024-01-03,15.820359005949648,,18.651864713823713,
88,40.788888888888884,-73.96111111111111,2024-01-04,17.873470038184912,,25.277846385667626,12.347376506467706
88,40.788888888888884,-73.96111111111111,2024-01-05,11.558476661507028,13.102569325031073,18.410392665559772,3.4357795804907045
88,40.788888888888884,-73.96111111111111,2024-01-06,9.460187504534181,,14.517076105553025,7.4701725339972755
88,40.788888888888884,-73.96111111111111,2024-01-07,6.912667706712712,,,13.309224707131849
88,40.788888888888884,-73.96111111111111,2024-01-08,14.910004540725001,,20.679366225979674,
88,40.788888888888884,-73.96111111111111,2024-01-09,14.701377820705968,,,18.129868839374673
88,40.788888888888884,-73.96111111111111,2024-01-10,18.673593860438903,,29.91134002865509,19.04274622011524
88,40.788888888888884,-73.96111111111111,2024-01-11,14.696500739901985,,,
88,40.788888888888884,-73.96111111111111,2024-01-12,8.50049723461221,,17.318187154075936,
88,40.788888888888884,-73.96111111111111,2024-01-13,7.754334935511277,,12.013912192252164,10.268377099120208
88,40.788888888888884,-73.96111111111111,2024-01-14,5.2817606579910485,,6.36195342546185,5.3294866331899415
88,40.788888888888884,-73.96111111111111,2024-01-15,13.93311601528963,,,15.475954613295077
88,40.788888888888884,-73.96111111111111,2024-01-16,16.443546979567568,,,16.50054422634718
88,40.788888888888884,-73.96111111111111,2024-01-17,17.404253850330328,,,
88,40.788888888888884,-73.96111111111111,2024-01-18,16.737002817839237,,20.967021286729757,
88,40.788888888888884,-73.96111111111111,2024-01-19,9.147523305128153,,23.771375918850012,5.098573215230624
88,40.788888888888884,-73.96111111111111,2024-01-20,9.879913911457733,,8.41628388837453,
88,40.788888888888884,-73.96111111111111,2024-01-21,12.192994958936712,,24.570645123218362,8.981590229876499
88,40.788888888888884,-73.96111111111111,2024-01-22,16.93017350014112,,13.939892610771835,
88,40.788888888888884,-73.96111111111111,2024-01-23,19.516344163334853,,24.567947478056517,20.14438317102114
88,40.788888888888884,-73.96111111111111,2024-01-24,18.745431143582188,,19.280748633301,18.38233465667356
88,40.788888888888884,-73.96111111111111,2024-01-25,14.53348282777172,,,
88,40.788888888888884,-73.96111111111111,2024-01-26,11.841113582812858,,,
88,40.788888888888884,-73.96111111111111,2024-01-27,9.390932374708246,9.053906000026869,16.254113114631608,
88,40.788888888888884,-73.96111111111111,2024-01-28,12.62863222356513,,17.187646810225075,
88,40.788888888888884,-73.96111111111111,2024-01-29,14.267159974944,,20.076835762092458,15.586688634362485
88,40.788888888888884,-73.96111111111111,2024-01-30,17.743819057816623,,26.95401001995976,
89,40.788888888888884,-73.95,2024-01-01,11.957692548164589,,17.117766420940143,10.882528643632629
89,40.788888888888884,-73.95,2024-01-02,19.760889747974588,,35.59499018365426,
89,40.788888888888884,-73.95,2024-01-03,18.097040192689224,,,
89,40.788888888888884,-73.95,2024-01-04,15.407320342923907,,,17.513899077872797
89,40.788888888888884,-73.95,2024-01-05,11.102949140501341,12.215241590393068,18.17843119883007,
89,40.788888888888884,-73.95,2024-01-06,6.362482694462921,,14.520538791065675,
89,40.788888888888884,-73.95,2024-01-07,10.549777865877758,,14.344175452370072,12.707760671366072
89,40.788888888888884,-73.95,2024-01-08,11.181906782613055,,19.187227681008697,
89,40.788888888888884,-73.95,2024-01-09,18.05135079967234,,,
89,40.788888888888884,-73.95,2024-01-10,17.833972609869548,,24.94930073712032,
89,40.788888888888884,-73.95,2024-01-11,18.552979885509792,,23.73157900467792,
89,40.788888888888884,-73.95,2024-01-12,12.270842181912041,,,8.802460080458944
89,40.788888888888884,-73.95,2024-01-13,6.479954551414359,,9.3655730734396,
89,40.788888888888884,-73.95,2024-01-14,11.064911136201255,,14.554053736640892,3.584860990753201
89,40.788888888888884,-73.95,2024-01-15,15.928298640257815,,,
89,40.788888888888884,-73.95,2024-01-16,15.232949345949741,,24.4868163759439,
89,40.788888888888884,-73.95,2024-01-17,15.456231344039736,,,
89,40.788888888888884,-73.95,2024-01-18,15.843950419869183,,17.099345442891405,10.046834157381756
89,40.788888888888884,-73.95,2024-01-19,10.743108693454,,9.808844313608319,
89,40.788888888888884,-73.95,2024-01-20,9.465804698159305,,18.79648630585693,9.257502492721315
89,40.788888888888884,-73.95,2024-01-21,10.690009229302786,,,16.456682910111144
89,40.788888888888884,-73.95,2024-01-22,15.281699905959558,,,
89,40.788888888888884,-73.95,2024-01-23,16.406962390512277,,,18.047949565145185
89,40.788888888888884,-73.95,2024-01-24,21.10268242138451,,29.126577860437834,
89,40.788888888888884,-73.95,2024-01-25,15.030713990464168,,15.797928891086471,
89,40.788888888888884,-73.95,2024-01-26,12.365720469528291,,,
89,40.788888888888884,-73.95,2024-01-27,11.29415332177518,,12.203071313680743,
89,40.788888888888884,-73.95,2024-01-28,6.2462485583150364,,4.743200864017215,6.402310509633896
89,40.788888888888884,-73.95,2024-01-29,13.826471741522033,,,
89,40.788888888888884,-73.95,2024-01-30,18.393360492241,,27.434693777506713,21.294112695467405
90,40.8,-74.05,2024-01-01,18.553853790175708,,,
90,40.8,-74.05,2024-01-02,22.62770018708686,,21.25030687494867,
90,40.8,-74.05,2024-01-03,26.884500149044882,,33.690196111329286,
90,40.8,-74.05,2024-01-04,22.65031370586781,,37.53600270427939,
90,40.8,-74.05,2024-01-05,18.73632995800199,,24.41874414797642,
90,40.8,-74.05,2024-01-06,12.051781411118249,,24.4937644527603,
90,40.8,-74.05,2024-01-07,17.723004675887722,,28.972981835751085,17.60351169003578
90,40.8,-74.05,2024-01-08,22.77526176156809,,29.60225383795035,
90,40.8,-74.05,2024-01-09,22.855898186547076,,,
90,40.8,-74.05,2024-01-10,24.994352209600866,,,27.683626375323104
90,40.8,-74.05,2024-01-11,20.398765831151668,,24.3879714387696,23.564878704738728
90,40.8,-74.05,2024-01-12,17.566240762070517,,,18.38617451082601
90,40.8,-74.05,2024-01-13,12.716700784732959,,20.88450574912063,
90,40.8,-74.05,2024-01-14,17.62927314211795,,20.253793059780648,18.011977841279684
90,40.8,-74.05,2024-01-15,19.07650991730774,,20.675799189422737,
90,40.8,-74.05,2024-01-16,26.974970343163392,,38.614392029608624,24.639209202728257
90,40.8,-74.05,2024-01-17,26.16276940682356,,,
90,40.8,-74.05,2024-01-18,20.892841034354333,,,
90,40.8,-74.05,2024-01-19,19.463690339543405,,32.896457070377764,20.786797844095695
90,40.8,-74.05,2024-01-20,16.884619032269505,,21.867610041031927,
90,40.8,-74.05,2024-01-21,18.42828817612232,,,
90,40.8,-74.05,2024-01-22,19.50938502762439,,25.723365209607575,
90,40.8,-74.05,2024-01-23,22.029786779977524,,27.972621154765,
90,40.8,-74.05,2024-01-24,24.731468175121357,,,
90,40.8,-74.05,2024-01-25,17.457580845723147,,18.691956623635292,16.01115301270905
90,40.8,-74.05,2024-01-26,18.84491282284332,,28.640022991358826,16.66828934591819
90,40.8,-74.05,2024-01-27,13.28438286361172,,,15.83449204918043
90,40.8,-74.05,2024-01-28,13.132227095293064,,15.080963071165538,15.90529919937108
90,40.8,-74.05,2024-01-29,21.13443581086774,,26.13666469535329,
90,40.8,-74.05,2024-01-30,24.206678879011534,,29.71556874646807,
91,40.8,-74.03888888888889,2024-01-01,21.873506527060847,,32.20989268866402,
91,40.8,-74.03888888888889,2024-01-02,25.24892639277163,,34.61482585463582,31.15365975825695
91,40.8,-74.03888888888889,2024-01-03,25.22103484632661,,,
91,40.8,-74.03888888888889,2024-01-04,18.518188338458494,,24.302611192887095,15.631196036123242
91,40.8,-74.03888888888889,2024-01-05,17.173131678479624,,17.980515835756062,
91,40.8,-74.03888888888889,2024-01-06,13.521693265251335,,19.60374143716064,
91,40.8,-74.03888888888889,2024-01-07,18.761790383361156,,22.41263234134296,
91,40.8,-74.03888888888889,2024-01-08,19.939968535904192,,24.32036386758486,22.211136541362443
91,40.8,-74.03888888888889,2024-01-09,25.289037966132316,,24.25415674917145,25.600525671230407
91,40.8,-74.03888888888889,2024-01-10,23.325005033708088,,35.84206492076973,
91,40.8,-74.03888888888889,2024-01-11,22.65150525131201,,,
91,40.8,-74.03888888888889,2024-01-12,19.038415387378965,,25.6428979911223,
91,40.8,-74.03888888888889,2024-01-13,14.03819615199726,,14.96064584397581,16.631370644217256
91,40.8,-74.03888888888889,2024-01-14,16.984123590970622,,16.22630727863405,21.03209537440284
91,40.8,-74.03888888888889,2024-01-15,23.07603256372326,,27.583790681982343,22.33127922213998
91,40.8,-74.03888888888889,2024-01-16,25.230605061258114,,34.21297131708699,
91,40.8,-74.03888888888889,2024-01-17,25.463793161989756,,30.96920657771721,
91,40.8,-74.03888888888889,2024-01-18,19.01091274072279,,24.204741581875943,
91,40.8,-74.03888888888889,2024-01-19,17.43939483071376,,,21.666532729950028
91,40.8,-74.03888888888889,2024-01-20,13.999332049265544,,14.932626076955955,8.619871541903091
91,40.8,-74.03888888888889,2024-01-21,15.994203230191157,,18.330372220840466,15.508608934117966
91,40.8,-74.03888888888889,2024-01-22,19.163361160117073,,24.847513967221,
91,40.8,-74.03888888888889,2024-01-23,26.866185169487217,,,23.72632784520671
91,40.8,-74.03888888888889,2024-01-24,25.492432147447712,,35.14494387237499,27.094374539703704
91,40.8,-74.03888888888889,2024-01-25,18.613013240456095,,21.654181423319613,
91,40.8,-74.03888888888889,2024-01-26,19.944699327125363,,,
91,40.8,-74.03888888888889,2024-01-27,15.10424756932917,,,
91,40.8,-74.03888888888889,2024-01-28,17.963149775916264,,22.781682071897915,
91,40.8,-74.03888888888889,2024-01-29,19.73778618075099,,,15.897842359873604
91,40.8,-74.03888888888889,2024-01-30,23.46677298310168,,30.40440129304924,24.317208409831206
92,40.8,-74.02777777777777,2024-01-01,19.72299795612009,20.893190290190653,20.565137827163127,
92,40.8,-74.02777777777777,2024-01-02,25.01340658179983,,,
92,40.8,-74.02777777777777,2024-01-03,24.166202329075837,,35.35215167328875,
92,40.8,-74.02777777777777,2024-01-04,17.6339695593177,,31.948942705069353,17.643563531163565
92,40.8,-74.02777777777777,2024-01-05,16.78086238376334,,20.048439005668236,
92,40.8,-74.02777777777777,2024-01-06,16.43209720668265,,27.41143301319317,
92,40.8,-74.02777777777777,2024-01-07,16.09259376014109,,25.123985531596283,17.06569168287249
92,40.8,-74.02777777777777,2024-01-08,19.579576116207,,24.43619575400549,18.608527854083437
92,40.8,-74.02777777777777,2024-01-09,23.376062803778648,,28.448100744260536,
92,40.8,-74.02777777777777,2024-01-10,23.35831192190926,,,22.409422312814726
92,40.8,-74.02777777777777,2024-01-11,24.48675274227039,,34.479014352379885,
92,40.8,-74.02777777777777,2024-01-12,19.04166926958338,,24.803358779330225,
92,40.8,-74.02777777777777,2024-01-13,15.043264857811346,,,13.858930087550299
92,40.8,-74.02777777777777,2024-01-14,15.864929657201628,,,14.613133561234447
92,40.8,-74.02777777777777,2024-01-15,19.83317853050687,,28.933114359065634,
92,40.8,-74.02777777777777,2024-01-16,23.20921725163756,,29.134462727298654,
92,40.8,-74.02777777777777,2024-01-17,23.59796242318934,,37.55428406975661,
92,40.8,-74.02777777777777,2024-01-18,22.07186616658655,,25.994486221274816,
92,40.8,-74.02777777777777,2024-01-19,16.92739999791805,,20.515903740585358,
92,40.8,-74.02777777777777,2024-01-20,15.245286154482294,,24.74278890151369,11.62247263178291
92,40.8,-74.02777777777777,2024-01-21,14.445107377663891,,,
92,40.8,-74.02777777777777,2024-01-22,25.939019015491322,25.959032820492933,,
92,40.8,-74.02777777777777,2024-01-23,25.416445975607058,,,26.763374408872085
92,40.8,-74.02777777777777,2024-01-24,22.93110344542933,,,
92,40.8,-74.02777777777777,2024-01-25,18.067313879880082,,25.9210519513567,
92,40.8,-74.02777777777777,2024-01-26,22.50788318552133,,,
92,40.8,-74.02777777777777,2024-01-27,16.50389977734149,,29.508354883247293,
92,40.8,-74.02777777777777,2024-01-28,17.21236512367099,,23.057261293995488,12.655411373004744
92,40.8,-74.02777777777777,2024-01-29,15.3281386058898,15.757178173457348,22.272798662828333,
92,40.8,-74.02777777777777,2024-01-30,21.042029566409262,,,
93,40.8,-74.01666666666667,2024-01-01,23.858539993242562,,31.219178145940678,
93,40.8,-74.01666666666667,2024-01-02,27.70792493427604,,36.44948762961248,
93,40.8,-74.01666666666667,2024-01-03,21.97431322683571,,28.565020784736312,
93,40.8,-74.01666666666667,2024-01-04,17.838180707892185,,27.928135532888025,21.916336377584418
93,40.8,-74.01666666666667,2024-01-05,15.098158122607753,,27.154749826439307,
93,40.8,-74.01666666666667,2024-01-06,15.889594780275914,,24.597348480923802,
93,40.8,-74.01666666666667,2024-01-07,17.046044842984433,,,
93,40.8,-74.01666666666667,2024-01-08,19.88850764375227,,26.094373762235914,20.298747151697658
93,40.8,-74.01666666666667,2024-01-09,23.26119571093899,,32.92237373453468,
93,40.8,-74.01666666666667,2024-01-10,21.629998334321584,,,20.698110614810943
93,40.8,-74.01666666666667,2024-01-11,21.824633295969324,,22.848575912243756,22.8940646099778
93,40.8,-74.01666666666667,2024-01-12,18.34055076936769,,29.78283080726098,
93,40.8,-74.01666666666667,2024-01-13,16.500461878275868,,16.49163570940255,
93,40.8,-74.01666666666667,2024-01-14,16.08030703435488,,23.91902627002542,
93,40.8,-74.01666666666667,2024-01-15,19.189977857098597,,26.545660135779517,
93,40.8,-74.01666666666667,2024-01-16,23.24776512145459,,22.784225983430346,19.08829685938086
93,40.8,-74.01666666666667,2024-01-17,23.826953220282327,,,
93,40.8,-74.01666666666667,2024-01-18,19.60746382671073,,,
93,40.8,-74.01666666666667,2024-01-19,15.822356454895317,,35.12330055102591,
93,40.8,-74.01666666666667,2024-01-20,16.69196891326831,,,
93,40.8,-74.01666666666667,2024-01-21,16.40962898321229,,23.05664237252504,8.502112074672672
93,40.8,-74.01666666666667,2024-01-22,18.22125946755029,,,14.141188738618506
93,40.8,-74.01666666666667,2024-01-23,23.483437646827397,,,
93,40.8,-74.01666666666667,2024-01-24,25.23817735167675,,32.276630118498176,
93,40.8,-74.01666666666667,2024-01-25,22.26860235091096,,31.353839024683115,
93,40.8,-74.01666666666667,2024-01-26,14.23591134854567,,17.889402061742445,21.05819205597539
93,40.8,-74.01666666666667,2024-01-27,17.00609981633747,,28.180288880170693,
93,40.8,-74.01666666666667,2024-01-28,15.528417663083266,,19.87525495395459,
93,40.8,-74.01666666666667,2024-01-29,20.292558087622698,,,
93,40.8,-74.01666666666667,2024-01-30,25.06017486785351,,26.41927192446625,19.838073048712506
94,40.8,-74.00555555555556,2024-01-01,19.20185892151381,,28.38943810875919,
94,40.8,-74.00555555555556,2024-01-02,23.37107522856398,,38.31307357510025,24.34020009992612
94,40.8,-74.00555555555556,2024-01-03,27.470519947979383,,,29.408769671614948
94,40.8,-74.00555555555556,2024-01-04,24.186127682975812,,,20.821187814127036
94,40.8,-74.00555555555556,2024-01-05,12.264660439725766,,17.368998958329215,13.373199788675038
94,40.8,-74.00555555555556,2024-01-06,15.75054489939794,,19.433963138964614,
94,40.8,-74.00555555555556,2024-01-07,16.137128612791734,,,15.131805976807652
94,40.8,-74.00555555555556,2024-01-08,20.621278199129573,19.644852659397976,,
94,40.8,-74.00555555555556,2024-01-09,25.85982888211766,,,
94,40.8,-74.00555555555556,2024-01-10,24.88979288046524,,39.82983637590786,18.119617564596986
94,40.8,-74.00555555555556,2024-01-11,25.38345671208635,,32.548610900975994,25.67027934442408
94,40.8,-74.00555555555556,2024-01-12,16.118387311169815,,21.59250749597775,
94,40.8,-74.00555555555556,2024-01-13,14.34853795711333,14.571254019714294,,
94,40.8,-74.00555555555556,2024-01-14,13.617731387362381,,,
94,40.8,-74.00555555555556,2024-01-15,20.78487540815245,,33.66820611063938,
94,40.8,-74.00555555555556,2024-01-16,22.46359690145115,,,22.953363780327646
94,40.8,-74.00555555555556,2024-01-17,21.938803205631515,,33.083375253406004,
94,40.8,-74.00555555555556,2024-01-18,20.826996545320007,,26.435173371369725,21.135415698698285
94,40.8,-74.00555555555556,2024-01-19,15.800748162814042,,,14.002839796942865
94,40.8,-74.00555555555556,2024-01-20,12.866360513524548,,15.45298687054667,
94,40.8,-74.00555555555556,2024-01-21,19.719348243060395,,21.981683499255112,
94,40.8,-74.00555555555556,2024-01-22,16.735593326057973,,25.96216866665846,
94,40.8,-74.00555555555556,2024-01-23,25.34598080789339,25.569001110855552,33.457128900167575,
94,40.8,-74.00555555555556,2024-01-24,22.074526486582357,,33.25448267573787,
94,40.8,-74.00555555555556,2024-01-25,22.632860696016174,,,
94,40.8,-74.00555555555556,2024-01-26,16.42977293507589,15.814944984626877,,
94,40.8,-74.00555555555556,2024-01-27,16.114405423188423,,,
94,40.8,-74.00555555555556,2024-01-28,13.82980167559392,,21.973829655393125,7.606959214605151
94,40.8,-74.00555555555556,2024-01-29,21.65531501947039,,32.36057918825295,21.77511415913915
94,40.8,-74.00555555555556,2024-01-30,23.290215262941263,,31.02572762547877,
95,40.8,-73.99444444444444,2024-01-01,21.165461116655123,,32.326597284472506,19.87314629061397
95,40.8,-73.99444444444444,2024-01-02,25.19619276764003,,31.51115075739872,21.45020249335215
95,40.8,-73.99444444444444,2024-01-03,26.44560474056827,,40.65545799620938,
95,40.8,-73.99444444444444,2024-01-04,23.186945357686398,,28.989933284464236,
95,40.8,-73.99444444444444,2024-01-05,17.03892055107235,,,18.971126180057222
95,40.8,-73.99444444444444,2024-01-06,19.980107207850246,,,20.272359237043183
95,40.8,-73.99444444444444,2024-01-07,15.57146886077771,,18.357480762002066,
95,40.8,-73.99444444444444,2024-01-08,17.830064025039043,,12.957996675349083,
95,40.8,-73.99444444444444,2024-01-09,21.450442451103495,21.555881677284866,,
95,40.8,-73.99444444444444,2024-01-10,26.035277915428217,,,
95,40.8,-73.99444444444444,2024-01-11,20.730473926911912,,,18.855151664830956
95,40.8,-73.99444444444444,2024-01-12,20.46006183405484,,31.392729788088232,
95,40.8,-73.99444444444444,2024-01-13,15.312277422623586,,22.942910922622325,
95,40.8,-73.99444444444444,2024-01-14,14.370305329801216,,16.974746098141868,
95,40.8,-73.99444444444444,2024-01-15,21.30778522054204,,22.460859083307426,23.94891148970577
95,40.8,-73.99444444444444,2024-01-16,25.149167390141645,,38.2686033779662,
95,40.8,-73.99444444444444,2024-01-17,26.97145282537906,,29.538312877462722,25.097135077046214
95,40.8,-73.99444444444444,2024-01-18,20.997014258373216,,,
95,40.8,-73.99444444444444,2024-01-19,18.38557724927994,,24.14924952850537,19.080200455721357
95,40.8,-73.99444444444444,2024-01-20,13.494725965755158,,22.445363562465968,
95,40.8,-73.99444444444444,2024-01-21,17.14042773866249,,20.054518122516967,
95,40.8,-73.99444444444444,2024-01-22,21.061865972698747,,25.213154650927024,
95,40.8,-73.99444444444444,2024-01-23,22.25255233318635,,23.863916112151625,19.857134799623577
95,40.8,-73.99444444444444,2024-01-24,21.250050002412202,,20.604028793832075,
95,40.8,-73.99444444444444,2024-01-25,19.881551554392736,,20.41385079373061,17.121857043054277
95,40.8,-73.99444444444444,2024-01-26,14.049897699878102,,16.714532824344595,
95,40.8,-73.99444444444444,2024-01-27,17.28221282803677,,19.747624263006703,20.96495134323814
95,40.8,-73.99444444444444,2024-01-28,12.59937075850665,,26.296540119707167,
95,40.8,-73.99444444444444,2024-01-29,18.050934591810528,,27.882080941790257,
95,40.8,-73.99444444444444,2024-01-30,23.836262771824067,,33.74154551901573,
96,40.8,-73.98333333333333,2024-01-01,20.913912364344228,,35.5477335827342,19.02578973072486
96,40.8,-73.98333333333333,2024-01-02,21.0061211754834,,32.35377106603988,
96,40.8,-73.98333333333333,2024-01-03,22.192379495597695,,,26.77632421651623
96,40.8,-73.98333333333333,2024-01-04,25.316504535687223,,32.177742720836136,
96,40.8,-73.98333333333333,2024-01-05,16.034697333131746,,22.162913782445017,19.607362942478055
96,40.8,-73.98333333333333,2024-01-06,12.332110507416978,,,
96,40.8,-73.98333333333333,2024-01-07,16.223031080257797,,,
96,40.8,-73.98333333333333,2024-01-08,23.356111200905186,,,20.37813415455044
96,40.8,-73.98333333333333,2024-01-09,22.811547366785806,,,28.574160816605165
96,40.8,-73.98333333333333,2024-01-10,24.97060500180234,,31.150875400685326,
96,40.8,-73.98333333333333,2024-01-11,24.46355599262963,,31.8551207000778,23.197538302502387
96,40.8,-73.98333333333333,2024-01-12,18.93789236602725,,30.140386655039066,20.291860840257485
96,40.8,-73.98333333333333,2024-01-13,12.851974201249249,,,
96,40.8,-73.98333333333333,2024-01-14,17.979275340230245,,29.143862722434612,
96,40.8,-73.98333333333333,2024-01-15,20.221672757384436,,21.56015166316634,20.502556341750353
96,40.8,-73.98333333333333,2024-01-16,22.741767606816293,,28.941478922467205,
96,40.8,-73.98333333333333,2024-01-17,24.611229869039892,,,
96,40.8,-73.98333333333333,2024-01-18,22.092941680231597,,33.2094932905714,
96,40.8,-73.98333333333333,2024-01-19,14.521560514586717,,22.357267600496492,
96,40.8,-73.98333333333333,2024-01-20,14.69988040295968,,,12.229578118089478
96,40.8,-73.98333333333333,2024-01-21,18.19708549270745,,22.858510695989033,
96,40.8,-73.98333333333333,2024-01-22,18.02459462468882,,,5.967231154397195
96,40.8,-73.98333333333333,2024-01-23,23.08209489472147,22.22952230597497,33.13815036428434,
96,40.8,-73.98333333333333,2024-01-24,24.58566387802026,,27.552225749112196,26.552366073285768
96,40.8,-73.98333333333333,2024-01-25,23.75369349387873,,32.51328420610593,
96,40.8,-73.98333333333333,2024-01-26,19.126737326839223,,31.591703413282744,18.88183424680549
96,40.8,-73.98333333333333,2024-01-27,14.392155299413389,,16.652984349972588,11.944792123907671
96,40.8,-73.98333333333333,2024-01-28,18.721723024109764,,,25.539305865523062
96,40.8,-73.98333333333333,2024-01-29,18.82809846257237,,27.629898734275418,
96,40.8,-73.98333333333333,2024-01-30,28.061065634535094,,,27.373150371937598
97,40.8,-73.97222222222223,2024-01-01,20.49055386443521,,23.100792157524587,
97,40.8,-73.97222222222223,2024-01-02,24.05993435080884,,,25.07091587109852
97,40.8,-73.97222222222223,2024-01-03,26.58755918720669,,,26.545972783693877
97,40.8,-73.97222222222223,2024-01-04,20.644923140066687,,23.74248697335425,24.68254814959984
97,40.8,-73.97222222222223,2024-01-05,19.067506089188644,,,26.426090952615848
97,40.8,-73.97222222222223,2024-01-06,17.202070808896025,,27.460803295099943,
97,40.8,-73.97222222222223,2024-01-07,16.826237094109604,,23.759442315233894,
97,40.8,-73.97222222222223,2024-01-08,22.513756063349838,,,
97,40.8,-73.97222222222223,2024-01-09,24.169416288536226,,25.986705422451553,
97,40.8,-73.97222222222223,2024-01-10,25.852754561992228,,32.01051992072119,
97,40.8,-73.97222222222223,2024-01-11,24.282879557139143,,,
97,40.8,-73.97222222222223,2024-01-12,20.702759996776248,,33.44552954213471,21.09507740360884
97,40.8,-73.97222222222223,2024-01-13,11.915751817294755,,17.976514480401985,
97,40.8,-73.97222222222223,2024-01-14,16.673280831184282,,26.098104273626415,18.789820989365023
97,40.8,-73.97222222222223,2024-01-15,20.511888754156686,,22.946975426851758,14.466863435635414
97,40.8,-73.97222222222223,2024-01-16,15.77995112487136,,17.48038273798744,
97,40.8,-73.97222222222223,2024-01-17,23.814460388899377,,,24.10515401700232
97,40.8,-73.97222222222223,2024-01-18,22.355461272030645,,,
97,40.8,-73.97222222222223,2024-01-19,19.66577984493147,,,
97,40.8,-73.97222222222223,2024-01-20,15.537778855706557,,,14.07671626660304
97,40.8,-73.97222222222223,2024-01-21,15.701673261580511,,21.97749011163759,
97,40.8,-73.97222222222223,2024-01-22,18.964754511158322,,27.996697523749596,16.477324054828106
97,40.8,-73.97222222222223,2024-01-23,23.95248823574726,,32.22899792217245,
97,40.8,-73.97222222222223,2024-01-24,22.963130845263827,24.14743027642055,,23.73328836365105
97,40.8,-73.97222222222223,2024-01-25,25.58451647423131,26.50122294682033,,
97,40.8,-73.97222222222223,2024-01-26,18.411131339330616,,26.346810211763817,
97,40.8,-73.97222222222223,2024-01-27,16.25888120132619,,26.785226319951768,
97,40.8,-73.97222222222223,2024-01-28,16.150320649572155,,22.642708664967298,14.518590489032382
97,40.8,-73.97222222222223,2024-01-29,21.65170533965541,,27.04222422807603,16.742799984357035
97,40.8,-73.97222222222223,2024-01-30,26.19155624215695,,36.3735408484248,
98,40.8,-73.96111111111111,2024-01-01,21.364978418521268,21.65476289717949,,
98,40.8,-73.96111111111111,2024-01-02,22.37734939044805,,30.76225894902097,26.490645832183816
98,40.8,-73.96111111111111,2024-01-03,24.910579390942058,,23.45883870030061,
98,40.8,-73.96111111111111,2024-01-04,24.727166224988537,,34.91033085161854,
98,40.8,-73.96111111111111,2024-01-05,15.118556761213355,15.648082205541415,24.56723376264223,16.83976320790295
98,40.8,-73.96111111111111,2024-01-06,14.761801973530664,,20.003298903156214,11.170544928879766
98,40.8,-73.96111111111111,2024-01-07,14.97013627554016,,20.262730833068826,
98,40.8,-73.96111111111111,2024-01-08,20.91041649620329,,28.77096702231451,
98,40.8,-73.96111111111111,2024-01-09,19.982440125809102,,,
98,40.8,-73.96111111111111,2024-01-10,23.72402234410553,,,
98,40.8,-73.96111111111111,2024-01-11,23.683324167843427,,30.88588605960216,25.212952116563706
98,40.8,-73.96111111111111,2024-01-12,20.305024590180984,,20.950182502510742,19.415908908921235
98,40.8,-73.96111111111111,2024-01-13,15.211409409121133,,25.5235626952281,11.131841335705426
98,40.8,-73.96111111111111,2024-01-14,15.910177976639533,,,
98,40.8,-73.96111111111111,2024-01-15,19.55015953812895,,23.95034677985193,
98,40.8,-73.96111111111111,2024-01-16,21.419711818502606,,,
98,40.8,-73.96111111111111,2024-01-17,24.66222217747112,,,
98,40.8,-73.96111111111111,2024-01-18,24.18007074692041,,34.0044126603173,23.63191536147743
98,40.8,-73.96111111111111,2024-01-19,21.18594948621183,,,
98,40.8,-73.96111111111111,2024-01-20,12.624412151883906,,21.066982335662033,
98,40.8,-73.96111111111111,2024-01-21,14.920716244866647,,,18.442242305966754
98,40.8,-73.96111111111111,2024-01-22,21.166693899483032,,27.09148449282655,
98,40.8,-73.96111111111111,2024-01-23,22.139100147814535,,29.987224062210622,
98,40.8,-73.96111111111111,2024-01-24,27.41317210675897,,,
98,40.8,-73.96111111111111,2024-01-25,24.180319365743948,,23.862597139364045,
98,40.8,-73.96111111111111,2024-01-26,15.717965043460703,,,
98,40.8,-73.96111111111111,2024-01-27,13.301795863753593,,,14.080055837543071
98,40.8,-73.96111111111111,2024-01-28,16.638426438232244,,20.819896709330585,15.404906251572296
98,40.8,-73.96111111111111,2024-01-29,19.94650739765414,,28.325368244019188,
98,40.8,-73.96111111111111,2024-01-30,24.721327632089,,24.81091266306251,
99,40.8,-73.95,2024-01-01,18.655183628411464,,,19.52918455836786
99,40.8,-73.95,2024-01-02,29.14370409028406,,36.19056136127338,
99,40.8,-73.95,2024-01-03,25.343915552791785,,,
99,40.8,-73.95,2024-01-04,22.60051869687837,,25.819446822932402,20.023286747782603
99,40.8,-73.95,2024-01-05,17.885556571133833,,,
99,40.8,-73.95,2024-01-06,16.533866629132717,16.843726573500398,,
99,40.8,-73.95,2024-01-07,17.238156514213276,,,17.41141895421496
99,40.8,-73.95,2024-01-08,24.22920035581667,,36.05953106798926,23.173051387719795
99,40.8,-73.95,2024-01-09,21.91677892114815,,,
99,40.8,-73.95,2024-01-10,23.323240861808646,,32.10424777439974,
99,40.8,-73.95,2024-01-11,20.847374932502362,,,23.2451143050541
99,40.8,-73.95,2024-01-12,18.109905559785208,,,
99,40.8,-73.95,2024-01-13,15.235968809701324,,20.387404874388494,
99,40.8,-73.95,2024-01-14,15.930676591161665,,19.61717205970168,
99,40.8,-73.95,2024-01-15,19.56446495091207,,,
99,40.8,-73.95,2024-01-16,24.973257089311815,,35.81204442822108,
99,40.8,-73.95,2024-01-17,22.628837248755453,,36.825796430524605,
99,40.8,-73.95,2024-01-18,20.367138593184045,,24.539424396712466,
99,40.8,-73.95,2024-01-19,23.211211318989598,,28.576008814424043,
99,40.8,-73.95,2024-01-20,16.300968147109824,,25.243557533870977,21.645167296912398
99,40.8,-73.95,2024-01-21,17.224058253330025,,,
99,40.8,-73.95,2024-01-22,20.20973006615722,,,
99,40.8,-73.95,2024-01-23,24.906217796651475,,28.86523747124678,
99,40.8,-73.95,2024-01-24,24.14059472364586,,,
99,40.8,-73.95,2024-01-25,20.881674673371084,,32.50259046886315,
99,40.8,-73.95,2024-01-26,18.68545776057898,,18.19631168775658,
99,40.8,-73.95,2024-01-27,14.076022877960147,,22.93599694435821,12.38974144751559
99,40.8,-73.95,2024-01-28,19.409681585376262,,,
99,40.8,-73.95,2024-01-29,20.101827391070938,,27.803796845533167,18.813082454295788
99,40.8,-73.95,2024-01-30,21.19313729425713,,26.28172366972838,
