grid_id,model_no2_10m,model_no_100m,longitude,latitude
0_0,16.16,16.22,-6.388698,53.30133
0_1,16.17,16.27,-6.388643,53.302227
0_2,16.13,16.07,-6.388589,53.303125
0_3,16.1,16.11,-6.388534,53.304023
0_4,16.08,16.14,-6.388479,53.304921
0_5,16.05,,-6.388424,53.305819
0_6,16,16.22,-6.388369,53.306717
0_7,16.44,16.59,-6.388315,53.307615
0_8,16.73,16.96,-6.38826,53.308513
0_9,16.79,16.96,-6.388205,53.309411
0_10,21.28,20.63,-6.38815,53.310309
0_11,18.3,17.89,-6.388095,53.311207
0_12,18.1,18.45,-6.38804,53.312105
0_13,19.54,18.48,-6.387985,53.313003
0_14,30.95,20.29,-6.387931,53.313901
0_15,18.97,19.17,-6.387876,53.314799
0_16,17.2,17.87,-6.387821,53.315697
0_17,16.8,17.01,-6.387766,53.316595
0_18,16.47,16.55,-6.387711,53.317493
0_19,16.42,16.43,-6.387656,53.318391
0_20,16.35,16.31,-6.387601,53.319289
0_21,18.36,18.33,-6.387547,53.320187
0_22,16.39,16.38,-6.387492,53.321085
0_23,16.21,16.2,-6.387437,53.321983
0_24,16.22,16.18,-6.387382,53.322881
0_25,16.22,16.24,-6.387327,53.323779
0_26,16.29,16.29,-6.387272,53.324677
0_27,16.91,16.91,-6.387217,53.325574
0_28,16.6,,-6.387162,53.326472
0_29,17.03,16.78,-6.387107,53.32737
0_30,17.64,17.78,-6.387053,53.328268
0_31,16.73,16.46,-6.386998,53.329166
0_32,15.76,15.66,-6.386943,53.330064
0_33,16.02,15.97,-6.386888,53.330962
0_34,16.02,16.07,-6.386833,53.33186
0_35,16.26,16.11,-6.386778,53.332758
0_36,16.6,17.28,-6.386723,53.333656
0_37,17.75,17.92,-6.386668,53.334554
0_38,18.18,18.2,-6.386613,53.335452
0_39,19.7,19.26,-6.386558,53.33635
0_40,21.42,23.13,-6.386503,53.337248
0_41,24.68,23.13,-6.386448,53.338146
0_42,24.44,23.48,-6.386394,53.339044
0_43,23.59,23.35,-6.386339,53.339942
0_44,22.6,21,-6.386284,53.34084
0_45,22.46,21.9,-6.386229,53.341738
0_46,24.01,23.75,-6.386174,53.342636
0_47,23.85,25.26,-6.386119,53.343534
0_48,24.49,23.04,-6.386064,53.344432
0_49,25.51,25,-6.386009,53.345329
0_50,25.52,25.34,-6.385954,53.346227
0_51,23.93,23.84,-6.385899,53.347125
0_52,26.45,26.5,-6.385844,53.348023
0_53,25.36,24.73,-6.385789,53.348921
0_54,24.81,24.32,-6.385734,53.349819
0_55,24.2,25.49,-6.385679,53.350717
0_56,23.72,24.34,-6.385624,53.351615
0_57,24.03,23.83,-6.385569,53.352513
0_58,24.84,23.93,-6.385514,53.353411
0_59,24.36,24.88,-6.385459,53.354309
0_60,24.63,24.91,-6.385404,53.355207
0_61,26.24,25.96,-6.385349,53.356105
0_62,25.72,25.26,-6.385294,53.357003
0_63,24.92,25.43,-6.385239,53.357901
0_64,23.87,23.75,-6.385184,53.358799
0_65,23.18,22.9,-6.385129,53.359697
0_66,22.77,,-6.385074,53.360595
0_67,23.07,22.83,-6.385019,53.361493
0_68,22.58,22.73,-6.384964,53.362391
0_69,22.13,21.63,-6.384909,53.363289
0_70,21.71,21.98,-6.384854,53.364187
0_71,20.59,20.54,-6.384799,53.365084
0_72,20.26,20.07,-6.384744,53.365982
0_73,20.19,20.07,-6.384689,53.36688
0_74,20.75,21.25,-6.384634,53.367778
0_75,20.32,21,-6.384579,53.368676
0_76,19.67,20.13,-6.384524,53.369574
0_77,18.89,18.87,-6.384469,53.370472
0_78,18.92,18.95,-6.384414,53.37137
0_79,19.08,19.01,-6.384359,53.372268
0_80,18.84,18.92,-6.384304,53.373166
0_81,18.67,18.67,-6.384249,53.374064
0_82,18.69,18.7,-6.384194,53.374962
0_83,18.72,18.77,-6.384139,53.37586
0_84,18.65,18.64,-6.384084,53.376758
0_85,18.61,19.17,-6.384028,53.377656
0_86,18.58,18.6,-6.383973,53.378554
0_87,18.57,18.57,-6.383918,53.379452
0_88,18.74,18.73,-6.383863,53.38035
0_89,18.99,18.99,-6.383808,53.381248
0_90,19.33,19.37,-6.383753,53.382145
0_91,19.17,19.17,-6.383698,53.383043
0_92,19.11,19.05,-6.383643,53.383941
0_93,19.06,20.75,-6.383588,53.384839
0_94,19.25,19.27,-6.383533,53.385737
0_95,19.22,19.25,-6.383478,53.386635
0_96,21.37,19.38,-6.383423,53.387533
0_97,19.26,18.91,-6.383367,53.388431
0_98,18.87,18.76,-6.383312,53.389329
0_99,18.61,18.61,-6.383257,53.390227
0_100,19.16,19.25,-6.383202,53.391125
0_101,19.43,20.23,-6.383147,53.392023
0_102,20.59,21.18,-6.383092,53.392921
0_103,20.14,19.7,-6.383037,53.393819
0_104,18.48,,-6.382982,53.394717
0_105,16.91,17.26,-6.382927,53.395615
0_106,16.47,16.68,-6.382871,53.396513
0_107,16.18,16.34,-6.382816,53.397411
0_108,15.87,15.9,-6.382761,53.398309
0_109,15.88,15.8,-6.382706,53.399206
0_110,18.06,15.88,-6.382651,53.400104
0_111,14.57,14.79,-6.382596,53.401002
0_112,14.13,14.18,-6.382541,53.4019
0_113,13.61,13.69,-6.382485,53.402798
0_114,13.26,13.33,-6.38243,53.403696
0_115,13.11,13.17,-6.382375,53.404594
0_116,12.58,12.51,-6.38232,53.405492
0_117,12.14,12.16,-6.382265,53.40639
0_118,11.83,11.86,-6.38221,53.407288
0_119,11.67,11.8,-6.382155,53.408186
0_120,11.72,11.53,-6.382099,53.409084
0_121,11.53,11.5,-6.382044,53.409982
0_122,11.47,11.54,-6.381989,53.41088
0_123,10.78,10.82,-6.381934,53.411778
0_124,10.67,10.61,-6.381879,53.412676
0_125,10.42,10.45,-6.381823,53.413574
0_126,10.34,10.44,-6.381768,53.414471
1_0,15.94,,-6.387199,53.301297
1_1,15.93,15.99,-6.387144,53.302195
1_2,15.89,15.8,-6.38709,53.303093
1_3,15.88,15.84,-6.387035,53.303991
1_4,15.76,15.87,-6.38698,53.304889
1_5,15.55,15.91,-6.386925,53.305786
1_6,15.34,14.94,-6.38687,53.306684
1_7,15.13,15.11,-6.386815,53.307582
1_8,15.05,15.2,-6.38676,53.30848
1_9,15.92,15.64,-6.386706,53.309378
1_10,16.25,16.11,-6.386651,53.310276
1_11,16.48,16.42,-6.386596,53.311174
1_12,16.73,16.74,-6.386541,53.312072
1_13,18.6,18.48,-6.386486,53.31297
1_14,20.34,20.26,-6.386431,53.313868
1_15,19.92,20.17,-6.386376,53.314766
1_16,17.74,17.77,-6.386321,53.315664
1_17,17.09,17.14,-6.386267,53.316562
1_18,16.63,16.66,-6.386212,53.31746
1_19,16.58,16.57,-6.386157,53.318358
1_20,16.61,16.47,-6.386102,53.319256
1_21,16.76,16.9,-6.386047,53.320154
1_22,16.56,16.52,-6.385992,53.321052
1_23,16.32,16.3,-6.385937,53.32195
1_24,16.31,16.26,-6.385882,53.322848
1_25,16.12,15.87,-6.385827,53.323746
1_26,16.04,16.05,-6.385772,53.324644
1_27,16.1,16.33,-6.385717,53.325542
1_28,17.27,16.72,-6.385662,53.32644
1_29,15.78,15.79,-6.385608,53.327337
1_30,16.47,17.08,-6.385553,53.328235
1_31,16.01,15.81,-6.385498,53.329133
1_32,15.58,15.81,-6.385443,53.330031
1_33,15.88,15.77,-6.385388,53.330929
1_34,16.42,16.07,-6.385333,53.331827
1_35,17.22,16.78,-6.385278,53.332725
1_36,17.6,18.11,-6.385223,53.333623
1_37,19.33,19.53,-6.385168,53.334521
1_38,21.71,20.66,-6.385113,53.335419
1_39,24.14,21.83,-6.385058,53.336317
1_40,22.53,20.72,-6.385003,53.337215
1_41,21.62,21.03,-6.384948,53.338113
1_42,20.67,20.81,-6.384893,53.339011
1_43,20.2,20.82,-6.384838,53.339909
1_44,19.18,18.67,-6.384783,53.340807
1_45,19.75,19.47,-6.384728,53.341705
1_46,20.3,20.59,-6.384673,53.342603
1_47,20.48,21.22,-6.384618,53.343501
1_48,20.79,20.36,-6.384563,53.344399
1_49,21.17,21.17,-6.384508,53.345297
1_50,21.58,22.03,-6.384453,53.346195
1_51,22.72,23.84,-6.384398,53.347093
1_52,22.8,22.4,-6.384343,53.34799
1_53,24.31,24.43,-6.384288,53.348888
1_54,24.76,25.38,-6.384233,53.349786
1_55,24.8,23.94,-6.384178,53.350684
1_56,24.76,24.56,-6.384123,53.351582
1_57,24.95,25.26,-6.384068,53.35248
1_58,25.87,25.89,-6.384013,53.353378
1_59,26.06,25.37,-6.383958,53.354276
1_60,26.01,25.97,-6.383903,53.355174
1_61,26.06,26.35,-6.383848,53.356072
1_62,26.05,26.35,-6.383793,53.35697
1_63,25.49,25.59,-6.383738,53.357868
1_64,26.91,26.91,-6.383683,53.358766
1_65,26.79,26.91,-6.383628,53.359664
1_66,25.66,24.91,-6.383573,53.360562
1_67,25.32,26.78,-6.383518,53.36146
1_68,24.51,25.42,-6.383463,53.362358
1_69,24,23.45,-6.383408,53.363256
1_70,23.83,23.41,-6.383353,53.364154
1_71,22.79,23.86,-6.383298,53.365052
1_72,21.93,22.37,-6.383243,53.365949
1_73,21.51,20.99,-6.383188,53.366847
1_74,21.99,22.68,-6.383133,53.367745
1_75,21.82,22.24,-6.383078,53.368643
1_76,20.38,20.71,-6.383023,53.369541
1_77,19.26,19.26,-6.382967,53.370439
1_78,19.02,19.1,-6.382912,53.371337
1_79,19.14,19.16,-6.382857,53.372235
1_80,18.93,18.95,-6.382802,53.373133
1_81,18.85,18.79,-6.382747,53.374031
1_82,18.76,18.8,-6.382692,53.374929
1_83,18.85,18.85,-6.382637,53.375827
1_84,18.83,19.38,-6.382582,53.376725
1_85,18.75,18.66,-6.382527,53.377623
1_86,18.7,18.75,-6.382472,53.378521
1_87,18.67,18.67,-6.382417,53.379419
1_88,18.64,18.62,-6.382361,53.380317
1_89,18.91,18.99,-6.382306,53.381215
1_90,20.68,21.72,-6.382251,53.382113
1_91,19.27,19.27,-6.382196,53.38301
1_92,19.31,19.29,-6.382141,53.383908
1_93,20.68,18.77,-6.382086,53.384806
1_94,18.66,18.25,-6.382031,53.385704
1_95,18.47,18.75,-6.381976,53.386602
1_96,18.96,19.04,-6.381921,53.3875
1_97,20.89,18.5,-6.381865,53.388398
1_98,18.81,21.32,-6.38181,53.389296
1_99,21.63,18.86,-6.381755,53.390194
1_100,19.8,21.21,-6.3817,53.391092
1_101,21.01,21.2,-6.381645,53.39199
1_102,21.07,21.38,-6.38159,53.392888
1_103,19.9,20.32,-6.381535,53.393786
1_104,18.16,18.93,-6.381479,53.394684
1_105,16.97,17.1,-6.381424,53.395582
1_106,16.53,16.66,-6.381369,53.39648
1_107,16.13,16.23,-6.381314,53.397378
1_108,15.75,15.9,-6.381259,53.398276
1_109,15.63,15.54,-6.381204,53.399173
1_110,15.61,15.61,-6.381148,53.400071
1_111,14.55,14.63,-6.381093,53.400969
1_112,13.98,13.88,-6.381038,53.401867
1_113,13.46,13.37,-6.380983,53.402765
1_114,13.04,13.04,-6.380928,53.403663
1_115,12.84,12.96,-6.380873,53.404561
1_116,12.32,12.12,-6.380817,53.405459
1_117,11.85,11.73,-6.380762,53.406357
1_118,11.56,11.59,-6.380707,53.407255
1_119,11.45,11.52,-6.380652,53.408153
1_120,11.28,11.23,-6.380597,53.409051
1_121,11.22,11.22,-6.380541,53.409949
1_122,11.26,11.26,-6.380486,53.410847
1_123,10.72,10.54,-6.380431,53.411745
1_124,10.49,10.43,-6.380376,53.412643
1_125,10.36,10.33,-6.380321,53.413541
1_126,10.29,10.28,-6.380265,53.414438
2_0,15.86,15.88,-6.3857,53.301264
2_1,15.65,15.76,-6.385645,53.302162
2_2,15.4,15.4,-6.385591,53.30306
2_3,15.06,15.12,-6.385536,53.303958
2_4,14.73,14.83,-6.385481,53.304856
2_5,14.42,14.86,-6.385426,53.305754
2_6,14.53,14.65,-6.385371,53.306652
2_7,14.9,14.93,-6.385316,53.30755
2_8,15.6,15.46,-6.385261,53.308447
2_9,15.76,15.88,-6.385206,53.309345
2_10,15.92,15.84,-6.385151,53.310243
2_11,16.12,16.15,-6.385097,53.311141
2_12,16.73,16.75,-6.385042,53.312039
2_13,17.6,17.93,-6.384987,53.312937
2_14,19.84,20.28,-6.384932,53.313835
2_15,38.63,20.52,-6.384877,53.314733
2_16,18.69,17.89,-6.384822,53.315631
2_17,17.75,18.39,-6.384767,53.316529
2_18,17.13,16.7,-6.384712,53.317427
2_19,16.72,16.7,-6.384657,53.318325
2_20,16.83,16.78,-6.384602,53.319223
2_21,16.93,16.83,-6.384547,53.320121
2_22,16.71,16.57,-6.384492,53.321019
2_23,16.44,16.33,-6.384437,53.321917
2_24,17.34,16.33,-6.384382,53.322815
2_25,15.52,14.99,-6.384327,53.323713
2_26,15.45,15.29,-6.384273,53.324611
2_27,15.48,15.5,-6.384218,53.325509
2_28,15.29,15.62,-6.384163,53.326407
2_29,15.97,16.02,-6.384108,53.327305
2_30,16.74,16.47,-6.384053,53.328203
2_31,16.41,16.52,-6.383998,53.329101
2_32,16.27,15.98,-6.383943,53.329998
2_33,16.09,16.55,-6.383888,53.330896
2_34,16.69,16.53,-6.383833,53.331794
2_35,18.6,17.32,-6.383778,53.332692
2_36,20.53,22.83,-6.383723,53.33359
2_37,23.61,24.11,-6.383668,53.334488
2_38,22.43,22.92,-6.383613,53.335386
2_39,20.19,21.44,-6.383558,53.336284
2_40,19.24,18.98,-6.383503,53.337182
2_41,19.68,19.38,-6.383448,53.33808
2_42,19.14,19.29,-6.383393,53.338978
2_43,18.35,19.1,-6.383338,53.339876
2_44,18.31,18.08,-6.383283,53.340774
2_45,18.23,18.19,-6.383228,53.341672
2_46,18.49,18.77,-6.383173,53.34257
2_47,18.68,19.58,-6.383118,53.343468
2_48,18.81,18.5,-6.383063,53.344366
2_49,19.17,19.26,-6.383008,53.345264
2_50,24.23,23.45,-6.382953,53.346162
2_51,20.61,21.97,-6.382898,53.34706
2_52,20.99,21,-6.382843,53.347958
2_53,21.75,22.25,-6.382788,53.348855
2_54,22.57,23.46,-6.382733,53.349753
2_55,22.79,22.02,-6.382678,53.350651
2_56,22.73,22.02,-6.382623,53.351549
2_57,22.89,22.69,-6.382568,53.352447
2_58,22.66,23.1,-6.382513,53.353345
2_59,23.18,22.23,-6.382457,53.354243
2_60,23.91,23.18,-6.382402,53.355141
2_61,24.55,24.31,-6.382347,53.356039
2_62,24.9,25.05,-6.382292,53.356937
2_63,24.8,24.58,-6.382237,53.357835
2_64,26.94,26.27,-6.382182,53.358733
2_65,27.18,27.25,-6.382127,53.359631
2_66,27.26,28.03,-6.382072,53.360529
2_67,27.32,26.49,-6.382017,53.361427
2_68,26.61,26.6,-6.381962,53.362325
2_69,26.53,26.12,-6.381907,53.363223
2_70,26.11,25.3,-6.381852,53.364121
2_71,25.54,26.36,-6.381797,53.365019
2_72,24.45,24.45,-6.381742,53.365917
2_73,24.15,23.35,-6.381686,53.366814
2_74,23.39,22.68,-6.381631,53.367712
2_75,22.79,22.86,-6.381576,53.36861
2_76,21.24,21.06,-6.381521,53.369508
2_77,19.82,19.65,-6.381466,53.370406
2_78,19.41,19.54,-6.381411,53.371304
2_79,19.32,19.35,-6.381356,53.372202
2_80,19.21,19.14,-6.381301,53.3731
2_81,19.02,18.91,-6.381246,53.373998
2_82,18.88,18.89,-6.38119,53.374896
2_83,18.83,18.89,-6.381135,53.375794
2_84,18.92,18.93,-6.38108,53.376692
2_85,18.92,18.84,-6.381025,53.37759
2_86,18.66,18.43,-6.38097,53.378488
2_87,18.45,18.38,-6.380915,53.379386
2_88,18.25,18.34,-6.38086,53.380284
2_89,18.19,18.34,-6.380805,53.381182
2_90,18.93,19.92,-6.380749,53.38208
2_91,18.71,20.08,-6.380694,53.382978
2_92,18.43,18.57,-6.380639,53.383875
2_93,18.36,18.93,-6.380584,53.384773
2_94,18.23,18.36,-6.380529,53.385671
2_95,18.2,18.19,-6.380474,53.386569
2_96,18.34,18.25,-6.380419,53.387467
2_97,18.67,20.97,-6.380363,53.388365
2_98,21.5,20.43,-6.380308,53.389263
2_99,19.88,19.75,-6.380253,53.390161
2_100,20.66,20.05,-6.380198,53.391059
2_101,21.66,21.38,-6.380143,53.391957
2_102,20.29,20.1,-6.380088,53.392855
2_103,19.24,19.44,-6.380032,53.393753
2_104,17.66,18.15,-6.379977,53.394651
2_105,17.09,17.08,-6.379922,53.395549
2_106,16.64,16.64,-6.379867,53.396447
2_107,16.16,16.2,-6.379812,53.397345
2_108,15.6,15.77,-6.379756,53.398243
2_109,15.35,15.26,-6.379701,53.399141
2_110,15.31,15.23,-6.379646,53.400038
2_111,17.25,14.4,-6.379591,53.400936
2_112,13.76,13.88,-6.379536,53.401834
2_113,13.24,12.94,-6.37948,53.402732
2_114,12.87,12.89,-6.379425,53.40363
2_115,12.62,12.56,-6.37937,53.404528
2_116,12.05,11.72,-6.379315,53.405426
2_117,11.48,11.35,-6.379259,53.406324
2_118,11.33,11.32,-6.379204,53.407222
2_119,11.21,11.25,-6.379149,53.40812
2_120,11.18,11.18,-6.379094,53.409018
2_121,11.21,11.18,-6.379039,53.409916
2_122,11.29,11.23,-6.378983,53.410814
2_123,11.12,11.39,-6.378928,53.411712
2_124,10.57,10.94,-6.378873,53.41261
2_125,10.39,10.42,-6.378818,53.413508
2_126,10.3,10.34,-6.378762,53.414405
3_0,15.14,15.18,-6.384201,53.301231
3_1,15.31,15.42,-6.384146,53.302129
3_2,15.18,15.04,-6.384092,53.303027
3_3,15.08,15,-6.384037,53.303925
3_4,14.77,14.74,-6.383982,53.304823
3_5,14.53,14.42,-6.383927,53.305721
3_6,14.86,15.28,-6.383872,53.306619
3_7,15.57,15.47,-6.383817,53.307517
3_8,15.24,15.34,-6.383762,53.308415
3_9,15.31,15.56,-6.383707,53.309313
3_10,15.57,15.57,-6.383652,53.310211
3_11,15.95,16.22,-6.383597,53.311108
3_12,16.75,17.02,-6.383542,53.312006
3_13,17.26,17.81,-6.383487,53.312904
3_14,18.43,19.99,-6.383432,53.313802
3_15,21.2,21.45,-6.383377,53.3147
3_16,20.68,21.45,-6.383322,53.315598
3_17,19.24,19.68,-6.383267,53.316496
3_18,16.89,17.31,-6.383213,53.317394
3_19,16.4,16.33,-6.383158,53.318292
3_20,16.26,16.79,-6.383103,53.31919
3_21,16.22,15.6,-6.383048,53.320088
3_22,15.32,15.16,-6.382993,53.320986
3_23,15,15.03,-6.382938,53.321884
3_24,14.92,14.91,-6.382883,53.322782
3_25,14.96,15.14,-6.382828,53.32368
3_26,15.27,15.32,-6.382773,53.324578
3_27,15.46,15.37,-6.382718,53.325476
3_28,16.09,15.57,-6.382663,53.326374
3_29,16.28,16.15,-6.382608,53.327272
3_30,16.93,16.88,-6.382553,53.32817
3_31,17.78,17.56,-6.382498,53.329068
3_32,17.62,17.08,-6.382443,53.329966
3_33,17.43,17.84,-6.382388,53.330864
3_34,19.37,19.37,-6.382333,53.331761
3_35,22.06,21.18,-6.382278,53.332659
3_36,23.45,22.83,-6.382223,53.333557
3_37,20.73,20.02,-6.382168,53.334455
3_38,20.15,19.7,-6.382113,53.335353
3_39,17.88,18.27,-6.382058,53.336251
3_40,18.22,17.54,-6.382003,53.337149
3_41,17.91,17.7,-6.381948,53.338047
3_42,17.74,17.86,-6.381893,53.338945
3_43,17.74,17.97,-6.381838,53.339843
3_44,17.65,17.42,-6.381783,53.340741
3_45,17.62,17.53,-6.381727,53.341639
3_46,17.73,17.91,-6.381672,53.342537
3_47,17.95,18.2,-6.381617,53.343435
3_48,18.17,17.89,-6.381562,53.344333
3_49,18.44,18.19,-6.381507,53.345231
3_50,19.37,22.32,-6.381452,53.346129
3_51,18.95,19.39,-6.381397,53.347027
3_52,19.92,19.25,-6.381342,53.347925
3_53,20.05,19.96,-6.381287,53.348823
3_54,20.02,20.08,-6.381232,53.349721
3_55,20.61,21.33,-6.381177,53.350618
3_56,20.89,20.12,-6.381122,53.351516
3_57,21.08,20.82,-6.381067,53.352414
3_58,21.38,21.64,-6.381012,53.353312
3_59,22.02,21.58,-6.380957,53.35421
3_60,22.5,22.18,-6.380902,53.355108
3_61,23.04,22.96,-6.380846,53.356006
3_62,23.55,23.72,-6.380791,53.356904
3_63,23.74,22.72,-6.380736,53.357802
3_64,24.17,23.71,-6.380681,53.3587
3_65,24.47,24.7,-6.380626,53.359598
3_66,24.77,25.69,-6.380571,53.360496
3_67,25.06,24.23,-6.380516,53.361394
3_68,23.43,23.09,-6.380461,53.362292
3_69,23.14,23.36,-6.380406,53.36319
3_70,23.94,25.74,-6.380351,53.364088
3_71,24.12,23.21,-6.380295,53.364986
3_72,24.16,23.96,-6.38024,53.365884
3_73,26.13,26.32,-6.380185,53.366782
3_74,25.74,24.39,-6.38013,53.367679
3_75,24.69,24.86,-6.380075,53.368577
3_76,22.96,22.12,-6.38002,53.369475
3_77,21.01,20.06,-6.379965,53.370373
3_78,19.92,19.96,-6.37991,53.371271
3_79,19.64,19.63,-6.379854,53.372169
3_80,19.47,19.63,-6.379799,53.373067
3_81,19.33,19.35,-6.379744,53.373965
3_82,19.18,19.42,-6.379689,53.374863
3_83,18.95,19.06,-6.379634,53.375761
3_84,18.97,18.93,-6.379579,53.376659
3_85,19.93,18.97,-6.379523,53.377557
3_86,18.65,18.76,-6.379468,53.378455
3_87,17.95,18.02,-6.379413,53.379353
3_88,17.92,17.93,-6.379358,53.380251
3_89,20.49,17.91,-6.379303,53.381149
3_90,18.17,18,-6.379248,53.382047
3_91,18.32,18.31,-6.379192,53.382945
3_92,18.29,18.29,-6.379137,53.383842
3_93,18.47,18.45,-6.379082,53.38474
3_94,18.47,18.49,-6.379027,53.385638
3_95,18.37,18.39,-6.378972,53.386536
3_96,18.53,18.49,-6.378917,53.387434
3_97,18.99,19.38,-6.378861,53.388332
3_98,19.9,20.05,-6.378806,53.38923
3_99,20.4,20.4,-6.378751,53.390128
3_100,21.06,21.17,-6.378696,53.391026
3_101,20.65,19.95,-6.378641,53.391924
3_102,19.68,19.31,-6.378585,53.392822
3_103,18.79,18.55,-6.37853,53.39372
3_104,17.57,17.51,-6.378475,53.394618
3_105,16.71,16.27,-6.37842,53.395516
3_106,16.16,15.86,-6.378364,53.396414
3_107,15.48,15.44,-6.378309,53.397312
3_108,14.86,15.08,-6.378254,53.39821
3_109,15,14.64,-6.378199,53.399108
3_110,14.72,14.46,-6.378144,53.400005
3_111,14.78,14.97,-6.378088,53.400903
3_112,13.38,13.35,-6.378033,53.401801
3_113,12.98,13.23,-6.377978,53.402699
3_114,12.78,12.85,-6.377923,53.403597
3_115,12.34,12.61,-6.377867,53.404495
3_116,12.12,12.49,-6.377812,53.405393
3_117,12.14,12.34,-6.377757,53.406291
3_118,11.24,11.41,-6.377702,53.407189
3_119,11.15,11.19,-6.377646,53.408087
3_120,11.2,11.24,-6.377591,53.408985
3_121,11.29,11.3,-6.377536,53.409883
3_122,11.39,11.37,-6.377481,53.410781
3_123,11.58,11.56,-6.377425,53.411679
3_124,10.95,10.9,-6.37737,53.412577
3_125,10.4,10.41,-6.377315,53.413475
3_126,10.32,10.33,-6.377259,53.414372
4_0,14.93,15,-6.382702,53.301198
4_1,14.94,15.06,-6.382647,53.302096
4_2,14.86,15.04,-6.382592,53.302994
4_3,14.72,14.63,-6.382538,53.303892
4_4,14.58,14.6,-6.382483,53.30479
4_5,14.9,14.83,-6.382428,53.305688
4_6,15.69,15.57,-6.382373,53.306586
4_7,15.5,15.57,-6.382318,53.307484
4_8,15.24,15.37,-6.382263,53.308382
4_9,15.03,15.03,-6.382208,53.30928
4_10,15.26,15.11,-6.382153,53.310178
4_11,15.47,15.36,-6.382098,53.311076
4_12,15.91,15.78,-6.382043,53.311974
4_13,16.46,16.47,-6.381988,53.312871
4_14,16.86,16.43,-6.381933,53.313769
4_15,20.78,19.47,-6.381878,53.314667
4_16,20.92,21.88,-6.381823,53.315565
4_17,18.33,19.6,-6.381768,53.316463
4_18,16.86,16.94,-6.381713,53.317361
4_19,15.8,15.97,-6.381658,53.318259
4_20,15.29,15.74,-6.381603,53.319157
4_21,15.32,15.6,-6.381548,53.320055
4_22,15.2,15.29,-6.381493,53.320953
4_23,15.15,15.15,-6.381438,53.321851
4_24,15.25,15.13,-6.381383,53.322749
4_25,15.53,15.83,-6.381328,53.323647
4_26,15.85,16.03,-6.381273,53.324545
4_27,16.41,16.33,-6.381218,53.325443
4_28,16.12,16.2,-6.381163,53.326341
4_29,16.1,16.47,-6.381108,53.327239
4_30,16.85,17.23,-6.381053,53.328137
4_31,18.06,18.24,-6.380998,53.329035
4_32,19.1,18.44,-6.380943,53.329933
4_33,20.25,22.37,-6.380888,53.330831
4_34,23.27,24.41,-6.380833,53.331729
4_35,22.73,23.16,-6.380778,53.332626
4_36,19.95,20.79,-6.380723,53.333524
4_37,18.65,17.86,-6.380668,53.334422
4_38,17.6,17.43,-6.380613,53.33532
4_39,16.51,17.03,-6.380557,53.336218
4_40,16.86,17.03,-6.380502,53.337116
4_41,16.88,16.62,-6.380447,53.338014
4_42,17.02,16.83,-6.380392,53.338912
4_43,17.03,17.19,-6.380337,53.33981
4_44,17.01,16.63,-6.380282,53.340708
4_45,17.03,16.81,-6.380227,53.341606
4_46,17.32,17.22,-6.380172,53.342504
4_47,17.62,17.63,-6.380117,53.343402
4_48,17.8,17.59,-6.380062,53.3443
4_49,18.16,17.98,-6.380007,53.345198
4_50,18.53,18.54,-6.379952,53.346096
4_51,19.39,18.57,-6.379897,53.346994
4_52,19.08,18.68,-6.379842,53.347892
4_53,19.54,19.55,-6.379786,53.34879
4_54,19.6,19.57,-6.379731,53.349688
4_55,19.65,19.65,-6.379676,53.350585
4_56,19.76,19.69,-6.379621,53.351483
4_57,20.36,20.36,-6.379566,53.352381
4_58,20.57,20.71,-6.379511,53.353279
4_59,21.2,21.58,-6.379456,53.354177
4_60,21.64,21.5,-6.379401,53.355075
4_61,22.06,22.14,-6.379346,53.355973
4_62,22.78,23.05,-6.37929,53.356871
4_63,21.92,21.55,-6.379235,53.357769
4_64,21.73,21.59,-6.37918,53.358667
4_65,21.86,22.39,-6.379125,53.359565
4_66,22.39,23.38,-6.37907,53.360463
4_67,22.65,21.57,-6.379015,53.361361
4_68,21.4,21.25,-6.37896,53.362259
4_69,21.2,21.49,-6.378904,53.363157
4_70,21.15,21.74,-6.378849,53.364055
4_71,21.23,21.08,-6.378794,53.364953
4_72,21.27,21.08,-6.378739,53.365851
4_73,22.44,21.71,-6.378684,53.366749
4_74,24.16,24.15,-6.378629,53.367646
4_75,25.43,23.52,-6.378574,53.368544
4_76,25.42,25.91,-6.378518,53.369442
4_77,24.25,24.73,-6.378463,53.37034
4_78,22.67,22.5,-6.378408,53.371238
4_79,20.2,20.71,-6.378353,53.372136
4_80,20.02,20.13,-6.378298,53.373034
4_81,19.62,19.77,-6.378243,53.373932
4_82,19.26,19.22,-6.378187,53.37483
4_83,18.75,18.78,-6.378132,53.375728
4_84,19.1,18.36,-6.378077,53.376626
4_85,18.36,18.4,-6.378022,53.377524
4_86,18.41,18.3,-6.377967,53.378422
4_87,18.05,18.08,-6.377911,53.37932
4_88,18,17.99,-6.377856,53.380218
4_89,17.92,17.9,-6.377801,53.381116
4_90,18.09,18.14,-6.377746,53.382014
4_91,18.1,18.11,-6.377691,53.382912
4_92,18.29,18.3,-6.377635,53.383809
4_93,18.52,18.51,-6.37758,53.384707
4_94,18.54,18.55,-6.377525,53.385605
4_95,18.52,20.41,-6.37747,53.386503
4_96,19.01,18.94,-6.377415,53.387401
4_97,19.68,19.38,-6.377359,53.388299
4_98,20.4,21.44,-6.377304,53.389197
4_99,21.85,21.73,-6.377249,53.390095
4_100,19.92,19.91,-6.377194,53.390993
4_101,19.51,17.95,-6.377138,53.391891
4_102,18.65,18.6,-6.377083,53.392789
4_103,18.66,18.58,-6.377028,53.393687
4_104,17.81,18.58,-6.376973,53.394585
4_105,16.6,17.12,-6.376917,53.395483
4_106,15.35,15.55,-6.376862,53.396381
4_107,14.75,14.97,-6.376807,53.397279
4_108,14.36,14.62,-6.376752,53.398177
4_109,14.11,14.18,-6.376696,53.399074
4_110,14.05,14.04,-6.376641,53.399972
4_111,13.86,14.04,-6.376586,53.40087
4_112,13.71,13.45,-6.376531,53.401768
4_113,13.17,13.44,-6.376475,53.402666
4_114,12.93,13,-6.37642,53.403564
4_115,12.62,12.68,-6.376365,53.404462
4_116,12.46,12.49,-6.376309,53.40536
4_117,12.06,12.19,-6.376254,53.406258
4_118,11.37,11.47,-6.376199,53.407156
4_119,11.22,11.21,-6.376144,53.408054
4_120,11.29,11.35,-6.376088,53.408952
4_121,11.38,11.42,-6.376033,53.40985
4_122,11.54,11.54,-6.375978,53.410748
4_123,11.36,11.42,-6.375922,53.411646
4_124,10.77,10.57,-6.375867,53.412544
4_125,10.41,10.4,-6.375812,53.413442
4_126,10.27,10.32,-6.375756,53.414339
5_0,16.26,16.39,-6.381203,53.301165
5_1,14.61,14.67,-6.381148,53.302063
5_2,14.51,14.69,-6.381093,53.302961
5_3,14.77,14.83,-6.381038,53.303859
5_4,15.04,14.96,-6.380983,53.304757
5_5,15.77,15.16,-6.380929,53.305655
5_6,15.33,15.11,-6.380874,53.306553
5_7,15.17,15.09,-6.380819,53.307451
5_8,15.02,15.07,-6.380764,53.308349
5_9,14.91,15.03,-6.380709,53.309247
5_10,15.06,14.94,-6.380654,53.310145
5_11,15.27,15.2,-6.380599,53.311043
5_12,15.46,15.45,-6.380544,53.311941
5_13,15.66,15.74,-6.380489,53.312839
5_14,16.06,15.79,-6.380434,53.313736
5_15,17.36,17.11,-6.380378,53.314634
5_16,20.26,20.41,-6.380323,53.315532
5_17,17.77,17.99,-6.380268,53.31643
5_18,16.78,16.43,-6.380213,53.317328
5_19,15.7,15.6,-6.380158,53.318226
5_20,15.59,15.46,-6.380103,53.319124
5_21,15.78,15.47,-6.380048,53.320022
5_22,15.7,15.83,-6.379993,53.32092
5_23,15.74,15.73,-6.379938,53.321818
5_24,15.85,15.66,-6.379883,53.322716
5_25,16.12,16.56,-6.379828,53.323614
5_26,16.6,16.56,-6.379773,53.324512
5_27,16.29,16.21,-6.379718,53.32541
5_28,16.27,16.06,-6.379663,53.326308
5_29,17.01,17.68,-6.379608,53.327206
5_30,17.88,18.77,-6.379553,53.328104
5_31,19.43,18.77,-6.379498,53.329002
5_32,21.9,19.55,-6.379443,53.3299
5_33,23.96,22.87,-6.379388,53.330798
5_34,22.58,22.68,-6.379333,53.331696
5_35,20.64,21.66,-6.379278,53.332594
5_36,18.45,19.81,-6.379223,53.333491
5_37,16.79,16.92,-6.379167,53.334389
5_38,16.54,16.68,-6.379112,53.335287
5_39,15.46,15.88,-6.379057,53.336185
5_40,15.68,15.98,-6.379002,53.337083
5_41,16.04,15.82,-6.378947,53.337981
5_42,16.19,16.12,-6.378892,53.338879
5_43,16.4,16.5,-6.378837,53.339777
5_44,16.3,16.11,-6.378782,53.340675
5_45,16.62,16.53,-6.378727,53.341573
5_46,16.98,16.94,-6.378672,53.342471
5_47,17.26,17.34,-6.378616,53.343369
5_48,17.44,17.49,-6.378561,53.344267
5_49,23.73,18.29,-6.378506,53.345165
5_50,18.06,18.16,-6.378451,53.346063
5_51,17.82,18.05,-6.378396,53.346961
5_52,18.13,17.95,-6.378341,53.347859
5_53,19.67,19.67,-6.378286,53.348757
5_54,19.71,19.7,-6.378231,53.349655
5_55,19.68,19.68,-6.378176,53.350553
5_56,24.51,19.77,-6.37812,53.35145
5_57,22.52,21.92,-6.378065,53.352348
5_58,19.58,20.01,-6.37801,53.353246
5_59,20.41,20.93,-6.377955,53.354144
5_60,20.82,20.99,-6.3779,53.355042
5_61,21.52,28.09,-6.377845,53.35594
5_62,22.5,22.21,-6.377789,53.356838
5_63,21.18,22.21,-6.377734,53.357736
5_64,20.95,20.78,-6.377679,53.358634
5_65,20.84,20.82,-6.377624,53.359532
5_66,20.66,20.87,-6.377569,53.36043
5_67,20.54,20.36,-6.377514,53.361328
5_68,20.46,20.33,-6.377459,53.362226
5_69,20.44,20.41,-6.377403,53.363124
5_70,20.46,20.61,-6.377348,53.364022
5_71,20.49,20.13,-6.377293,53.36492
5_72,20.47,20.33,-6.377238,53.365818
5_73,20.55,20.54,-6.377183,53.366716
5_74,21.47,21.77,-6.377127,53.367613
5_75,22.44,20.82,-6.377072,53.368511
5_76,24.04,23.42,-6.377017,53.369409
5_77,24.89,25.42,-6.376962,53.370307
5_78,23.86,24.04,-6.376907,53.371205
5_79,21.14,21.48,-6.376851,53.372103
5_80,19.97,19.97,-6.376796,53.373001
5_81,19.58,19.61,-6.376741,53.373899
5_82,19.12,19.22,-6.376686,53.374797
5_83,18.86,18.89,-6.376631,53.375695
5_84,18.59,18.56,-6.376575,53.376593
5_85,19.4,18.41,-6.37652,53.377491
5_86,18.26,18.34,-6.376465,53.378389
5_87,18.17,18.15,-6.37641,53.379287
5_88,18.07,18.05,-6.376354,53.380185
5_89,17.98,17.95,-6.376299,53.381083
5_90,20.76,18.35,-6.376244,53.381981
5_91,18.23,18.3,-6.376189,53.382879
5_92,18.4,18.42,-6.376134,53.383776
5_93,18.59,18.57,-6.376078,53.384674
5_94,18.61,22.01,-6.376023,53.385572
5_95,18.82,18.99,-6.375968,53.38647
5_96,19.4,18.99,-6.375913,53.387368
5_97,20.23,19.7,-6.375857,53.388266
5_98,22.12,21.95,-6.375802,53.389164
5_99,21.09,21.46,-6.375747,53.390062
5_100,18.72,19.92,-6.375691,53.39096
5_101,17.03,17.93,-6.375636,53.391858
5_102,16.99,16.46,-6.375581,53.392756
5_103,16.97,16.86,-6.375526,53.393654
5_104,22.97,22.94,-6.37547,53.394552
5_105,16.75,16.71,-6.375415,53.39545
5_106,15.2,18.03,-6.37536,53.396348
5_107,14.53,14.61,-6.375305,53.397246
5_108,14.22,14.25,-6.375249,53.398144
5_109,14.15,14.16,-6.375194,53.399041
5_110,14.13,14.18,-6.375139,53.399939
5_111,14.28,14.24,-6.375083,53.400837
5_112,14.04,13.99,-6.375028,53.401735
5_113,13.56,13.48,-6.374973,53.402633
5_114,13.08,13.09,-6.374917,53.403531
5_115,12.68,12.64,-6.374862,53.404429
5_116,12.6,12.51,-6.374807,53.405327
5_117,12.32,12.23,-6.374752,53.406225
5_118,11.33,11.33,-6.374696,53.407123
5_119,11.3,11.28,-6.374641,53.408021
5_120,11.38,11.35,-6.374586,53.408919
5_121,11.5,11.6,-6.37453,53.409817
5_122,11.73,11.67,-6.374475,53.410715
5_123,11.5,11.36,-6.37442,53.411613
5_124,10.7,10.15,-6.374364,53.412511
5_125,9.88,9.76,-6.374309,53.413408
5_126,9.72,9.69,-6.374254,53.414306
6_0,14.81,14.81,-6.379704,53.301132
6_1,14.98,14.9,-6.379649,53.30203
6_2,15.09,14.77,-6.379594,53.302928
6_3,15.25,15.48,-6.379539,53.303826
6_4,15.91,15.87,-6.379484,53.304724
6_5,15.42,15.52,-6.379429,53.305622
6_6,14.9,15.11,-6.379374,53.30652
6_7,14.75,14.66,-6.379319,53.307418
6_8,14.64,14.64,-6.379264,53.308316
6_9,14.67,14.72,-6.379209,53.309214
6_10,14.83,14.79,-6.379154,53.310112
6_11,15.03,15.02,-6.379099,53.31101
6_12,15.23,15.28,-6.379044,53.311908
6_13,15.43,15.54,-6.378989,53.312806
6_14,15.64,15.79,-6.378934,53.313704
6_15,17.37,17.84,-6.378879,53.314601
6_16,19.61,20.08,-6.378824,53.315499
6_17,20.15,18.12,-6.378769,53.316397
6_18,16.79,16.63,-6.378714,53.317295
6_19,16.24,16.18,-6.378659,53.318193
6_20,16.22,16.07,-6.378604,53.319091
6_21,16.34,16.01,-6.378549,53.319989
6_22,16.28,16.4,-6.378494,53.320887
6_23,16.36,16.4,-6.378439,53.321785
6_24,16.39,16.32,-6.378384,53.322683
6_25,16.88,16.29,-6.378328,53.323581
6_26,16.86,16.94,-6.378273,53.324479
6_27,16.58,16.72,-6.378218,53.325377
6_28,17.11,16.69,-6.378163,53.326275
6_29,18.67,18.9,-6.378108,53.327173
6_30,20.25,20.54,-6.378053,53.328071
6_31,23.27,22.32,-6.377998,53.328969
6_32,22.81,24.09,-6.377943,53.329867
6_33,21.17,19.82,-6.377888,53.330765
6_34,20.75,20.12,-6.377833,53.331663
6_35,19.15,19.63,-6.377778,53.332561
6_36,17.34,18.29,-6.377722,53.333458
6_37,17.03,16.75,-6.377667,53.334356
6_38,15.97,16,-6.377612,53.335254
6_39,15.26,15.32,-6.377557,53.336152
6_40,15.19,15.34,-6.377502,53.33705
6_41,15.45,15.29,-6.377447,53.337948
6_42,15.57,15.54,-6.377392,53.338846
6_43,15.65,15.79,-6.377337,53.339744
6_44,15.94,16.11,-6.377281,53.340642
6_45,16.27,16.28,-6.377226,53.34154
6_46,16.61,16.69,-6.377171,53.342438
6_47,17.14,17.2,-6.377116,53.343336
6_48,20.29,17.87,-6.377061,53.344234
6_49,17.89,17.67,-6.377006,53.345132
6_50,17.4,17.36,-6.376951,53.34603
6_51,18.56,17.7,-6.376895,53.346928
6_52,17.6,17.68,-6.37684,53.347826
6_53,18.79,19.23,-6.376785,53.348724
6_54,19.39,19.53,-6.37673,53.349622
6_55,19.06,19.53,-6.376675,53.35052
6_56,19.15,18.66,-6.37662,53.351417
6_57,19.13,18.86,-6.376564,53.352315
6_58,23.64,19.28,-6.376509,53.353213
6_59,19.79,19.47,-6.376454,53.354111
6_60,20.63,20.35,-6.376399,53.355009
6_61,29.04,27.55,-6.376344,53.355907
6_62,21.82,22.3,-6.376289,53.356805
6_63,20.52,21.32,-6.376233,53.357703
6_64,20.26,20.01,-6.376178,53.358601
6_65,20.11,20.08,-6.376123,53.359499
6_66,20.21,20.22,-6.376068,53.360397
6_67,20.21,20.04,-6.376013,53.361295
6_68,20.04,19.99,-6.375957,53.362193
6_69,19.89,19.9,-6.375902,53.363091
6_70,19.73,19.92,-6.375847,53.363989
6_71,19.7,19.42,-6.375792,53.364887
6_72,19.77,19.63,-6.375737,53.365785
6_73,19.74,19.82,-6.375681,53.366683
6_74,20.11,20.32,-6.375626,53.36758
6_75,20.26,19.89,-6.375571,53.368478
6_76,21.21,21.35,-6.375516,53.369376
6_77,23,23.28,-6.37546,53.370274
6_78,24.65,24.11,-6.375405,53.371172
6_79,24.35,24.16,-6.37535,53.37207
6_80,21.85,21.44,-6.375295,53.372968
6_81,20.29,19.77,-6.37524,53.373866
6_82,20.07,19.21,-6.375184,53.374764
6_83,20.03,20.39,-6.375129,53.375662
6_84,19.63,19,-6.375074,53.37656
6_85,18.61,19.44,-6.375019,53.377458
6_86,20.82,18.67,-6.374963,53.378356
6_87,18.42,18.67,-6.374908,53.379254
6_88,18.28,18.39,-6.374853,53.380152
6_89,18.17,18.17,-6.374797,53.38105
6_90,20.71,18.5,-6.374742,53.381948
6_91,18.4,18.48,-6.374687,53.382845
6_92,18.61,18.53,-6.374632,53.383743
6_93,18.79,18.66,-6.374576,53.384641
6_94,19.13,19,-6.374521,53.385539
6_95,21.75,19.35,-6.374466,53.386437
6_96,19.6,21.47,-6.374411,53.387335
6_97,21.13,20.51,-6.374355,53.388233
6_98,19.93,19.21,-6.3743,53.389131
6_99,19.7,19.16,-6.374245,53.390029
6_100,17.73,18.11,-6.374189,53.390927
6_101,16.38,16.54,-6.374134,53.391825
6_102,16.16,16.1,-6.374079,53.392723
6_103,16.05,16.03,-6.374023,53.393621
6_104,16.26,16.45,-6.373968,53.394519
6_105,17.73,16.14,-6.373913,53.395417
6_106,19.83,15.66,-6.373858,53.396315
6_107,14.8,14.74,-6.373802,53.397213
6_108,14.33,14.25,-6.373747,53.39811
6_109,14.21,14.28,-6.373692,53.399008
6_110,14.3,14.21,-6.373636,53.399906
6_111,14.05,14.02,-6.373581,53.400804
6_112,13.73,13.79,-6.373526,53.401702
6_113,13.46,13.42,-6.37347,53.4026
6_114,13.26,13.21,-6.373415,53.403498
6_115,13.03,12.89,-6.37336,53.404396
6_116,12.85,12.69,-6.373304,53.405294
6_117,12.62,12.41,-6.373249,53.406192
6_118,11.66,11.48,-6.373193,53.40709
6_119,11.02,11.32,-6.373138,53.407988
6_120,11.25,11.32,-6.373083,53.408886
6_121,11.32,11.1,-6.373027,53.409784
6_122,10.93,11.01,-6.372972,53.410682
6_123,10.86,10.96,-6.372917,53.41158
6_124,10.23,10.47,-6.372861,53.412477
6_125,9.78,9.81,-6.372806,53.413375
6_126,9.73,9.75,-6.372751,53.414273
7_0,15.01,15.04,-6.378205,53.301099
7_1,15.27,15.25,-6.37815,53.301997
7_2,17.53,15.42,-6.378095,53.302895
7_3,16.28,15.69,-6.37804,53.303793
7_4,15.56,15.49,-6.377985,53.304691
7_5,15.17,15.16,-6.37793,53.305589
7_6,14.47,14.68,-6.377875,53.306487
7_7,14.36,14.23,-6.37782,53.307385
7_8,14.3,14.36,-6.377765,53.308283
7_9,14.46,14.57,-6.37771,53.309181
7_10,14.65,14.79,-6.377655,53.310079
7_11,14.81,14.87,-6.3776,53.310977
7_12,15,15.1,-6.377545,53.311875
7_13,15.2,15.36,-6.37749,53.312773
7_14,15.38,15.18,-6.377435,53.313671
7_15,17.24,16.32,-6.37738,53.314569
7_16,19.1,18.27,-6.377325,53.315466
7_17,20.38,19.88,-6.377269,53.316364
7_18,18.18,19.83,-6.377214,53.317262
7_19,17.1,17.58,-6.377159,53.31816
7_20,17.33,17.39,-6.377104,53.319058
7_21,16.52,16.8,-6.377049,53.319956
7_22,16.72,16.67,-6.376994,53.320854
7_23,16.73,16.77,-6.376939,53.321752
7_24,17.11,16.96,-6.376884,53.32265
7_25,16.83,16.93,-6.376829,53.323548
7_26,16.86,16.63,-6.376774,53.324446
7_27,17.46,17.44,-6.376718,53.325344
7_28,17.89,17.67,-6.376663,53.326242
7_29,20.68,18.9,-6.376608,53.32714
7_30,21.02,20.88,-6.376553,53.328038
7_31,21.06,21.06,-6.376498,53.328936
7_32,18.63,19.98,-6.376443,53.329834
7_33,18.21,16.61,-6.376388,53.330732
7_34,17.52,16.91,-6.376333,53.33163
7_35,16.9,17.21,-6.376277,53.332528
7_36,17.21,21.49,-6.376222,53.333425
7_37,16.42,16.24,-6.376167,53.334323
7_38,15.8,15.68,-6.376112,53.335221
7_39,15.24,15.14,-6.376057,53.336119
7_40,14.72,14.94,-6.376002,53.337017
7_41,14.9,14.76,-6.375947,53.337915
7_42,15.08,15.37,-6.375891,53.338813
7_43,15.72,15.69,-6.375836,53.339711
7_44,15.62,15.87,-6.375781,53.340609
7_45,15.96,16.13,-6.375726,53.341507
7_46,16.49,16.73,-6.375671,53.342405
7_47,17.06,16.73,-6.375616,53.343303
7_48,21.41,17.34,-6.37556,53.344201
7_49,17.69,17.77,-6.375505,53.345099
7_50,17.28,17.42,-6.37545,53.345997
7_51,17.19,18.36,-6.375395,53.346895
7_52,16.98,16.68,-6.37534,53.347793
7_53,17.86,17.36,-6.375284,53.348691
7_54,18.81,18.57,-6.375229,53.349589
7_55,18.55,18.9,-6.375174,53.350486
7_56,18.48,18.39,-6.375119,53.351384
7_57,18.58,18.51,-6.375064,53.352282
7_58,18.93,18.84,-6.375008,53.35318
7_59,20.7,20.11,-6.374953,53.354078
7_60,20.65,21.11,-6.374898,53.354976
7_61,22.11,22.07,-6.374843,53.355874
7_62,20.93,21.24,-6.374788,53.356772
7_63,19.92,20.36,-6.374732,53.35767
7_64,19.82,19.77,-6.374677,53.358568
7_65,19.92,19.9,-6.374622,53.359466
7_66,19.99,20.04,-6.374567,53.360364
7_67,19.87,20.04,-6.374512,53.361262
7_68,19.74,19.63,-6.374456,53.36216
7_69,19.51,19.49,-6.374401,53.363058
7_70,19.14,19.3,-6.374346,53.363956
7_71,19.03,18.72,-6.374291,53.364854
7_72,19.01,18.92,-6.374235,53.365752
7_73,19.04,19.09,-6.37418,53.366649
7_74,19.24,19.67,-6.374125,53.367547
7_75,19.4,19.8,-6.37407,53.368445
7_76,20.73,21.45,-6.374014,53.369343
7_77,22.46,23.09,-6.373959,53.370241
7_78,23.46,24.38,-6.373904,53.371139
7_79,24.3,23.27,-6.373849,53.372037
7_80,23.99,24.28,-6.373793,53.372935
7_81,22.71,23.64,-6.373738,53.373833
7_82,22,21.52,-6.373683,53.374731
7_83,21.56,22.12,-6.373627,53.375629
7_84,19.74,20.09,-6.373572,53.376527
7_85,19.1,19.29,-6.373517,53.377425
7_86,18.93,18.77,-6.373462,53.378323
7_87,18.85,19.11,-6.373406,53.379221
7_88,18.57,18.66,-6.373351,53.380119
7_89,18.6,18.54,-6.373296,53.381017
7_90,18.67,18.75,-6.37324,53.381914
7_91,18.69,18.65,-6.373185,53.382812
7_92,18.55,18.49,-6.37313,53.38371
7_93,18.95,18.91,-6.373074,53.384608
7_94,22.54,19.37,-6.373019,53.385506
7_95,19.48,19.53,-6.372964,53.386404
7_96,19.53,19.29,-6.372909,53.387302
7_97,20.3,20.62,-6.372853,53.3882
7_98,18.84,18.52,-6.372798,53.389098
7_99,18.11,17.98,-6.372743,53.389996
7_100,17.19,17.16,-6.372687,53.390894
7_101,16.05,16.26,-6.372632,53.391792
7_102,15.98,15.86,-6.372577,53.39269
7_103,15.83,15.78,-6.372521,53.393588
7_104,15.64,15.69,-6.372466,53.394486
7_105,15.82,16.14,-6.372411,53.395384
7_106,15.93,15.65,-6.372355,53.396282
7_107,15.02,14.79,-6.3723,53.397179
7_108,14.62,14.45,-6.372245,53.398077
7_109,14.42,14.25,-6.372189,53.398975
7_110,14.12,13.93,-6.372134,53.399873
7_111,13.81,13.93,-6.372078,53.400771
7_112,13.56,13.71,-6.372023,53.401669
7_113,13.38,13.3,-6.371968,53.402567
7_114,13.17,13.17,-6.371912,53.403465
7_115,12.68,12.83,-6.371857,53.404363
7_116,12.43,13.09,-6.371802,53.405261
7_117,12.26,12.13,-6.371746,53.406159
7_118,11.98,12.16,-6.371691,53.407057
7_119,11.1,11.39,-6.371635,53.407955
7_120,10.98,10.88,-6.37158,53.408853
7_121,11.19,11.23,-6.371525,53.409751
7_122,10.96,11,-6.371469,53.410648
7_123,10.76,10.8,-6.371414,53.411546
7_124,10.4,10.47,-6.371358,53.412444
7_125,9.83,9.84,-6.371303,53.413342
7_126,9.79,9.8,-6.371248,53.41424
8_0,15.39,15.5,-6.376706,53.301066
8_1,15.7,20.04,-6.376651,53.301964
8_2,20.71,16.43,-6.376596,53.302862
8_3,14.99,13.96,-6.376541,53.30376
8_4,13.86,13.84,-6.376486,53.304658
8_5,13.99,14.55,-6.376431,53.305556
8_6,14.2,14.55,-6.376376,53.306454
8_7,13.95,13.82,-6.376321,53.307352
8_8,14.11,14.01,-6.376266,53.30825
8_9,14.26,14.21,-6.376211,53.309148
8_10,14.43,14.42,-6.376156,53.310046
8_11,14.63,14.49,-6.376101,53.310944
8_12,14.79,14.72,-6.376045,53.311842
8_13,14.97,14.94,-6.37599,53.31274
8_14,15.17,15.08,-6.375935,53.313638
8_15,16.93,16.34,-6.37588,53.314536
8_16,18.35,18.05,-6.375825,53.315433
8_17,31.58,38.6,-6.37577,53.316331
8_18,19.51,20.33,-6.375715,53.317229
8_19,18.17,18.44,-6.37566,53.318127
8_20,17.86,17.96,-6.375605,53.319025
8_21,16.85,16.96,-6.375549,53.319923
8_22,16.69,16.78,-6.375494,53.320821
8_23,16.83,16.85,-6.375439,53.321719
8_24,17.18,17.15,-6.375384,53.322617
8_25,17.72,17.36,-6.375329,53.323515
8_26,17.13,17.63,-6.375274,53.324413
8_27,18.47,19.05,-6.375219,53.325311
8_28,21.59,20.72,-6.375163,53.326209
8_29,21.74,22.53,-6.375108,53.327107
8_30,19.17,21.83,-6.375053,53.328005
8_31,18.18,17.99,-6.374998,53.328903
8_32,17.24,17.04,-6.374943,53.329801
8_33,16.2,16.09,-6.374888,53.330699
8_34,15.92,15.94,-6.374833,53.331597
8_35,16.04,16.23,-6.374777,53.332495
8_36,16.3,16.4,-6.374722,53.333392
8_37,16.19,15.93,-6.374667,53.33429
8_38,15.82,15.93,-6.374612,53.335188
8_39,15.26,15.56,-6.374557,53.336086
8_40,14.83,15.01,-6.374501,53.336984
8_41,15.03,14.64,-6.374446,53.337882
8_42,15.56,16.54,-6.374391,53.33878
8_43,15.68,15.74,-6.374336,53.339678
8_44,15.52,15.62,-6.374281,53.340576
8_45,15.75,15.31,-6.374226,53.341474
8_46,16.34,16.14,-6.37417,53.342372
8_47,16.92,16.76,-6.374115,53.34327
8_48,20.46,19.14,-6.37406,53.344168
8_49,17.37,17.29,-6.374005,53.345066
8_50,16.77,16.86,-6.37395,53.345964
8_51,16.7,16.77,-6.373894,53.346862
8_52,16.86,16.68,-6.373839,53.34776
8_53,17.36,17.45,-6.373784,53.348658
8_54,17.91,17.91,-6.373729,53.349556
8_55,18.23,18.29,-6.373673,53.350453
8_56,18.32,18.3,-6.373618,53.351351
8_57,18.42,18.41,-6.373563,53.352249
8_58,18.58,18.63,-6.373508,53.353147
8_59,20.26,26.22,-6.373452,53.354045
8_60,21.93,22.42,-6.373397,53.354943
8_61,22.11,21.46,-6.373342,53.355841
8_62,20.27,22.72,-6.373287,53.356739
8_63,19.96,19.91,-6.373231,53.357637
8_64,19.78,19.73,-6.373176,53.358535
8_65,19.71,19.73,-6.373121,53.359433
8_66,19.68,19.74,-6.373066,53.360331
8_67,19.55,19.68,-6.37301,53.361229
8_68,19.31,19.03,-6.372955,53.362127
8_69,18.87,18.81,-6.3729,53.363025
8_70,18.68,18.75,-6.372845,53.363923
8_71,18.55,18.75,-6.372789,53.364821
8_72,18.45,18.47,-6.372734,53.365718
8_73,18.72,18.57,-6.372679,53.366616
8_74,18.9,19.01,-6.372624,53.367514
8_75,18.96,18.52,-6.372568,53.368412
8_76,20.13,19.39,-6.372513,53.36931
8_77,21.1,20.71,-6.372458,53.370208
8_78,22.1,22.03,-6.372402,53.371106
8_79,22.76,22.01,-6.372347,53.372004
8_80,22.42,22.04,-6.372292,53.372902
8_81,24.32,24.39,-6.372236,53.3738
8_82,23.75,23.57,-6.372181,53.374698
8_83,21.58,23.45,-6.372126,53.375596
8_84,20.26,20.85,-6.372071,53.376494
8_85,19.51,19.56,-6.372015,53.377392
8_86,19.42,19.26,-6.37196,53.37829
8_87,21.07,21.07,-6.371905,53.379188
8_88,18.73,18.72,-6.371849,53.380086
8_89,18.28,18.28,-6.371794,53.380983
8_90,18.28,18.75,-6.371739,53.381881
8_91,21.34,18.63,-6.371683,53.382779
8_92,24.45,24.45,-6.371628,53.383677
8_93,23.38,24.24,-6.371573,53.384575
8_94,19.69,20.17,-6.371517,53.385473
8_95,20.04,20.4,-6.371462,53.386371
8_96,21.37,20.79,-6.371407,53.387269
8_97,18.83,18.92,-6.371351,53.388167
8_98,18.22,17.83,-6.371296,53.389065
8_99,17.72,17.47,-6.37124,53.389963
8_100,16.77,16.43,-6.371185,53.390861
8_101,15.96,15.93,-6.37113,53.391759
8_102,15.73,15.6,-6.371074,53.392657
8_103,15.56,15.6,-6.371019,53.393555
8_104,15.39,15.47,-6.370964,53.394453
8_105,15.33,16.3,-6.370908,53.39535
8_106,15.1,15.07,-6.370853,53.396248
8_107,14.89,14.93,-6.370798,53.397146
8_108,14.73,14.79,-6.370742,53.398044
8_109,14.42,14.59,-6.370687,53.398942
8_110,13.82,13.75,-6.370631,53.39984
8_111,13.57,13.63,-6.370576,53.400738
8_112,13.34,13.43,-6.370521,53.401636
8_113,13.13,13.01,-6.370465,53.402534
8_114,12.7,12.67,-6.37041,53.403432
8_115,12.19,12.27,-6.370354,53.40433
8_116,11.82,11.84,-6.370299,53.405228
8_117,12.02,11.9,-6.370244,53.406126
8_118,12.2,12.14,-6.370188,53.407024
8_119,11.51,11.5,-6.370133,53.407922
8_120,11.37,11.25,-6.370077,53.40882
8_121,11.25,11.3,-6.370022,53.409717
8_122,10.98,10.96,-6.369966,53.410615
8_123,10.83,10.81,-6.369911,53.411513
8_124,10.58,10.5,-6.369856,53.412411
8_125,10.12,10.12,-6.3698,53.413309
8_126,9.85,9.84,-6.369745,53.414207
9_0,14.55,14.88,-6.375208,53.301033
9_1,20.46,19.45,-6.375152,53.301931
9_2,14.63,14.96,-6.375097,53.302829
9_3,14.1,13.97,-6.375042,53.303727
9_4,13.72,13.69,-6.374987,53.304625
9_5,13.71,13.71,-6.374932,53.305523
9_6,13.69,13.68,-6.374877,53.306421
9_7,13.76,13.77,-6.374822,53.307319
9_8,13.91,13.88,-6.374767,53.308217
9_9,14.07,14.06,-6.374712,53.309115
9_10,14.23,14.27,-6.374656,53.310013
9_11,14.44,14.44,-6.374601,53.310911
9_12,14.68,14.65,-6.374546,53.311809
9_13,14.91,14.87,-6.374491,53.312707
9_14,15.15,15.08,-6.374436,53.313605
9_15,16.04,15.96,-6.374381,53.314503
9_16,17.47,17.47,-6.374326,53.3154
9_17,19.11,19.58,-6.37427,53.316298
9_18,19.65,18.74,-6.374215,53.317196
9_19,19.29,19.29,-6.37416,53.318094
9_20,17.86,17.72,-6.374105,53.318992
9_21,17.36,17.16,-6.37405,53.31989
9_22,17.02,17.24,-6.373995,53.320788
9_23,17.45,17.54,-6.37394,53.321686
9_24,17.73,17.77,-6.373884,53.322584
9_25,18.26,18,-6.373829,53.323482
9_26,19.73,21.96,-6.373774,53.32438
9_27,22.45,20.91,-6.373719,53.325278
9_28,19.15,20.12,-6.373664,53.326176
9_29,18.35,19.9,-6.373608,53.327074
9_30,20.15,17.62,-6.373553,53.327972
9_31,17.57,20.32,-6.373498,53.32887
9_32,16.97,17.37,-6.373443,53.329768
9_33,16.07,16.59,-6.373388,53.330666
9_34,19.08,20.86,-6.373333,53.331564
9_35,16.12,16.12,-6.373277,53.332461
9_36,16.23,16.15,-6.373222,53.333359
9_37,16.02,15.97,-6.373167,53.334257
9_38,15.59,15.63,-6.373112,53.335155
9_39,15.2,15.3,-6.373056,53.336053
9_40,14.94,15.03,-6.373001,53.336951
9_41,14.5,14.06,-6.372946,53.337849
9_42,15.66,15.43,-6.372891,53.338747
9_43,15.35,15.41,-6.372836,53.339645
9_44,15.29,15.52,-6.37278,53.340543
9_45,15.13,16.16,-6.372725,53.341441
9_46,15.54,15.47,-6.37267,53.342339
9_47,16.23,16.39,-6.372615,53.343237
9_48,17.46,21.72,-6.372559,53.344135
9_49,16.98,16.82,-6.372504,53.345033
9_50,16.64,16.62,-6.372449,53.345931
9_51,16.82,16.8,-6.372394,53.346829
9_52,17.15,17.12,-6.372338,53.347727
9_53,17.52,17.59,-6.372283,53.348625
9_54,17.9,17.98,-6.372228,53.349522
9_55,18.27,18.23,-6.372173,53.35042
9_56,18.28,18.37,-6.372117,53.351318
9_57,18.33,18.36,-6.372062,53.352216
9_58,18.46,18.58,-6.372007,53.353114
9_59,20.15,20.95,-6.371952,53.354012
9_60,22.37,22.55,-6.371896,53.35491
9_61,21.74,20.65,-6.371841,53.355808
9_62,22.31,20.65,-6.371786,53.356706
9_63,20.09,20.18,-6.371731,53.357604
9_64,19.84,19.57,-6.371675,53.358502
9_65,19.46,19.41,-6.37162,53.3594
9_66,19.29,19.38,-6.371565,53.360298
9_67,19.01,19.27,-6.371509,53.361196
9_68,18.74,18.69,-6.371454,53.362094
9_69,18.72,18.73,-6.371399,53.362992
9_70,18.61,18.63,-6.371343,53.36389
9_71,18.52,18.54,-6.371288,53.364787
9_72,18.45,18.52,-6.371233,53.365685
9_73,18.56,18.47,-6.371178,53.366583
9_74,18.53,18.57,-6.371122,53.367481
9_75,18.36,18.25,-6.371067,53.368379
9_76,18.78,18.36,-6.371012,53.369277
9_77,19.78,19.64,-6.370956,53.370175
9_78,20.64,20.96,-6.370901,53.371073
9_79,21.07,20.13,-6.370846,53.371971
9_80,20.73,20.54,-6.37079,53.372869
9_81,21.03,21.31,-6.370735,53.373767
9_82,23.67,24.48,-6.37068,53.374665
9_83,23.09,22.9,-6.370624,53.375563
9_84,23.35,23.54,-6.370569,53.376461
9_85,21.69,20.97,-6.370514,53.377359
9_86,20.97,20.09,-6.370458,53.378257
9_87,19.23,19.12,-6.370403,53.379155
9_88,20.75,18.91,-6.370348,53.380052
9_89,18.62,18.4,-6.370292,53.38095
9_90,18.77,18.35,-6.370237,53.381848
9_91,19.04,18.86,-6.370181,53.382746
9_92,18.86,19.13,-6.370126,53.383644
9_93,23.83,19.75,-6.370071,53.384542
9_94,20.08,27.07,-6.370015,53.38544
9_95,20.44,20.3,-6.36996,53.386338
9_96,19.89,20.41,-6.369905,53.387236
9_97,18.22,18.82,-6.369849,53.388134
9_98,17.66,17.51,-6.369794,53.389032
9_99,17.17,17.25,-6.369738,53.38993
9_100,16.88,17.11,-6.369683,53.390828
9_101,17.22,16.28,-6.369628,53.391726
9_102,15.68,16.83,-6.369572,53.392624
9_103,15.44,15.47,-6.369517,53.393522
9_104,15.27,15.28,-6.369461,53.394419
9_105,14.82,15.16,-6.369406,53.395317
9_106,14.78,14.6,-6.369351,53.396215
9_107,14.6,14.56,-6.369295,53.397113
9_108,14.42,14.51,-6.36924,53.398011
9_109,13.92,14.26,-6.369184,53.398909
9_110,13.62,13.56,-6.369129,53.399807
9_111,13.37,13.34,-6.369074,53.400705
9_112,13.08,13.14,-6.369018,53.401603
9_113,12.79,12.51,-6.368963,53.402501
9_114,12.32,12.18,-6.368907,53.403399
9_115,11.94,11.91,-6.368852,53.404297
9_116,11.74,11.76,-6.368796,53.405195
9_117,11.81,11.82,-6.368741,53.406093
9_118,11.94,11.95,-6.368685,53.406991
9_119,11.62,11.58,-6.36863,53.407888
9_120,14.36,14.41,-6.368575,53.408786
9_121,11.48,11.41,-6.368519,53.409684
9_122,11.19,11.16,-6.368464,53.410582
9_123,11.06,10.93,-6.368408,53.41148
9_124,10.89,10.6,-6.368353,53.412378
9_125,10.27,10.03,-6.368297,53.413276
9_126,9.9,9.89,-6.368242,53.414174
10_0,15.8,16.06,-6.373709,53.301
10_1,14.76,15.02,-6.373653,53.301898
10_2,14.08,14.31,-6.373598,53.302796
10_3,13.91,13.94,-6.373543,53.303694
10_4,13.48,13.37,-6.373488,53.304592
10_5,13.76,13.75,-6.373433,53.30549
10_6,13.74,13.71,-6.373378,53.306388
10_7,13.85,13.87,-6.373323,53.307286
10_8,13.89,13.91,-6.373267,53.308184
10_9,14.09,14.09,-6.373212,53.309082
10_10,14.31,14.25,-6.373157,53.30998
10_11,14.51,14.58,-6.373102,53.310878
10_12,14.68,14.73,-6.373047,53.311776
10_13,14.92,14.95,-6.372992,53.312674
10_14,15.24,15.23,-6.372936,53.313572
10_15,15.6,15.58,-6.372881,53.314469
10_16,15.67,16.02,-6.372826,53.315367
10_17,17.29,18.06,-6.372771,53.316265
10_18,17.49,18.74,-6.372716,53.317163
10_19,18.98,18.74,-6.372661,53.318061
10_20,18.14,17.98,-6.372605,53.318959
10_21,17.8,17.98,-6.37255,53.319857
10_22,17.47,17.75,-6.372495,53.320755
10_23,17.81,17.67,-6.37244,53.321653
10_24,18.74,18.12,-6.372385,53.322551
10_25,20.82,19.02,-6.372329,53.323449
10_26,21.57,20.75,-6.372274,53.324347
10_27,19.59,20.06,-6.372219,53.325245
10_28,17.91,18.23,-6.372164,53.326143
10_29,17.46,18.05,-6.372109,53.327041
10_30,20.77,19.85,-6.372053,53.327939
10_31,16.84,16.93,-6.371998,53.328837
10_32,16.08,16.33,-6.371943,53.329735
10_33,21.24,16.13,-6.371888,53.330633
10_34,16.05,15.89,-6.371832,53.33153
10_35,15.87,15.83,-6.371777,53.332428
10_36,16.18,16.17,-6.371722,53.333326
10_37,15.8,15.97,-6.371667,53.334224
10_38,15.44,15.36,-6.371612,53.335122
10_39,15.03,15.03,-6.371556,53.33602
10_40,15.15,15.15,-6.371501,53.336918
10_41,13.98,14.16,-6.371446,53.337816
10_42,15.18,15.03,-6.371391,53.338714
10_43,15.01,15.08,-6.371335,53.339612
10_44,15.04,16.42,-6.37128,53.34051
10_45,15.08,15.02,-6.371225,53.341408
10_46,16.27,15.03,-6.37117,53.342306
10_47,15.23,15.39,-6.371114,53.343204
10_48,17.06,17.27,-6.371059,53.344102
10_49,16.47,16.55,-6.371004,53.345
10_50,16.49,16.46,-6.370948,53.345898
10_51,16.67,16.83,-6.370893,53.346796
10_52,17.04,17.21,-6.370838,53.347694
10_53,17.41,17.58,-6.370783,53.348591
10_54,17.78,17.58,-6.370727,53.349489
10_55,18.18,17.98,-6.370672,53.350387
10_56,18.48,18.38,-6.370617,53.351285
10_57,18.49,18.56,-6.370561,53.352183
10_58,18.48,18.51,-6.370506,53.353081
10_59,19.91,19.14,-6.370451,53.353979
10_60,22.44,21.99,-6.370396,53.354877
10_61,21.4,20.39,-6.37034,53.355775
10_62,19.91,19.98,-6.370285,53.356673
10_63,19.46,19.77,-6.37023,53.357571
10_64,19.14,18.97,-6.370174,53.358469
10_65,19.07,18.99,-6.370119,53.359367
10_66,18.84,18.91,-6.370064,53.360265
10_67,18.64,18.82,-6.370008,53.361163
10_68,18.64,18.6,-6.369953,53.362061
10_69,18.62,18.61,-6.369898,53.362959
10_70,18.58,18.58,-6.369842,53.363856
10_71,18.53,18.55,-6.369787,53.364754
10_72,18.39,18.28,-6.369732,53.365652
10_73,18.43,18.45,-6.369676,53.36655
10_74,18.51,18.54,-6.369621,53.367448
10_75,18.17,18.25,-6.369566,53.368346
10_76,18.07,18.02,-6.36951,53.369244
10_77,18.32,18.58,-6.369455,53.370142
10_78,19.42,19.87,-6.3694,53.37104
10_79,19.37,18.99,-6.369344,53.371938
10_80,19.59,19.56,-6.369289,53.372836
10_81,19.96,20.13,-6.369233,53.373734
10_82,20.42,22.09,-6.369178,53.374632
10_83,21.51,21.67,-6.369123,53.37553
10_84,23.61,23.78,-6.369067,53.376428
10_85,23.12,22.7,-6.369012,53.377326
10_86,22.32,22.7,-6.368957,53.378223
10_87,20.71,22.72,-6.368901,53.379121
10_88,19.93,20.16,-6.368846,53.380019
10_89,19.61,19.97,-6.36879,53.380917
10_90,18.86,18.94,-6.368735,53.381815
10_91,18.66,19.12,-6.36868,53.382713
10_92,18.91,18.79,-6.368624,53.383611
10_93,19.68,19.4,-6.368569,53.384509
10_94,20.15,27.07,-6.368513,53.385407
10_95,20.41,20.7,-6.368458,53.386305
10_96,18.84,19.19,-6.368403,53.387203
10_97,17.8,18.02,-6.368347,53.388101
10_98,17.39,17.42,-6.368292,53.388999
10_99,17.16,17.17,-6.368236,53.389897
10_100,16.95,16.99,-6.368181,53.390795
10_101,16.23,16.49,-6.368125,53.391693
10_102,15.57,15.72,-6.36807,53.39259
10_103,15.37,15.35,-6.368015,53.393488
10_104,14.96,15.12,-6.367959,53.394386
10_105,14.24,14.43,-6.367904,53.395284
10_106,14.32,14.13,-6.367848,53.396182
10_107,14.18,14.09,-6.367793,53.39708
10_108,13.51,13.59,-6.367737,53.397978
10_109,13.2,13.54,-6.367682,53.398876
10_110,13.47,13.43,-6.367627,53.399774
10_111,13.13,13.06,-6.367571,53.400672
10_112,12.84,12.85,-6.367516,53.40157
10_113,12.49,12.51,-6.36746,53.402468
10_114,12.18,12.06,-6.367405,53.403366
10_115,11.91,11.78,-6.367349,53.404264
10_116,11.72,11.73,-6.367294,53.405162
10_117,11.76,11.79,-6.367238,53.406059
10_118,11.84,11.79,-6.367183,53.406957
10_119,11.58,11.91,-6.367127,53.407855
10_120,11.3,11.38,-6.367072,53.408753
10_121,11.14,11.05,-6.367016,53.409651
10_122,11.2,11.14,-6.366961,53.410549
10_123,11.22,11.25,-6.366905,53.411447
10_124,11.13,14.77,-6.36685,53.412345
10_125,10.66,10.75,-6.366794,53.413243
10_126,9.87,9.94,-6.366739,53.414141
11_0,15.98,15.69,-6.37221,53.300967
11_1,14.72,14.61,-6.372154,53.301865
11_2,14.13,14.1,-6.372099,53.302763
11_3,13.97,13.65,-6.372044,53.303661
11_4,13.18,13.07,-6.371989,53.304559
11_5,13.45,13.58,-6.371934,53.305457
11_6,13.8,13.79,-6.371879,53.306355
11_7,13.91,14,-6.371823,53.307253
11_8,14.06,14.14,-6.371768,53.308151
11_9,14.25,14.28,-6.371713,53.309049
11_10,14.44,14.43,-6.371658,53.309947
11_11,14.62,14.5,-6.371603,53.310845
11_12,14.68,14.72,-6.371547,53.311743
11_13,14.73,14.72,-6.371492,53.312641
11_14,14.97,14.97,-6.371437,53.313538
11_15,15.15,14.9,-6.371382,53.314436
11_16,15.07,15.19,-6.371327,53.315334
11_17,15.98,15.24,-6.371271,53.316232
11_18,18.26,16.95,-6.371216,53.31713
11_19,18.61,18.28,-6.371161,53.318028
11_20,18.56,18.49,-6.371106,53.318926
11_21,18.1,18.18,-6.371051,53.319824
11_22,18.23,19.27,-6.370995,53.320722
11_23,19.41,19.63,-6.37094,53.32162
11_24,21.27,20.89,-6.370885,53.322518
11_25,20.41,21.51,-6.37083,53.323416
11_26,18.8,17.53,-6.370774,53.324314
11_27,17.54,18.3,-6.370719,53.325212
11_28,16.53,16.58,-6.370664,53.32611
11_29,16.76,16.8,-6.370609,53.327008
11_30,16.84,18.34,-6.370553,53.327906
11_31,16.58,16.59,-6.370498,53.328804
11_32,16.23,16.21,-6.370443,53.329702
11_33,15.92,16.18,-6.370388,53.330599
11_34,15.33,15.05,-6.370332,53.331497
11_35,15.31,15.28,-6.370277,53.332395
11_36,15.47,15.68,-6.370222,53.333293
11_37,15.61,15.68,-6.370167,53.334191
11_38,15.2,15.04,-6.370111,53.335089
11_39,14.83,14.73,-6.370056,53.335987
11_40,15.55,14.4,-6.370001,53.336885
11_41,13.91,14.16,-6.369946,53.337783
11_42,14.39,14.37,-6.36989,53.338681
11_43,14.56,14.69,-6.369835,53.339579
11_44,14.79,14.96,-6.36978,53.340477
11_45,14.93,14.92,-6.369724,53.341375
11_46,15.03,15.01,-6.369669,53.342273
11_47,15.38,15.09,-6.369614,53.343171
11_48,15.81,15.55,-6.369559,53.344069
11_49,16.02,15.65,-6.369503,53.344967
11_50,16.33,16.36,-6.369448,53.345865
11_51,16.57,16.42,-6.369393,53.346762
11_52,16.89,16.8,-6.369337,53.34766
11_53,17.3,17.18,-6.369282,53.348558
11_54,17.7,17.58,-6.369227,53.349456
11_55,18.06,17.98,-6.369171,53.350354
11_56,18.47,18.39,-6.369116,53.351252
11_57,18.67,18.73,-6.369061,53.35215
11_58,18.71,18.71,-6.369005,53.353048
11_59,19.3,19.31,-6.36895,53.353946
11_60,19.84,21.99,-6.368895,53.354844
11_61,19.89,19.73,-6.368839,53.355742
11_62,19.08,19.08,-6.368784,53.35664
11_63,18.82,18.95,-6.368729,53.357538
11_64,18.76,18.56,-6.368673,53.358436
11_65,18.63,18.52,-6.368618,53.359334
11_66,18.44,18.45,-6.368563,53.360232
11_67,18.54,18.58,-6.368507,53.36113
11_68,18.54,18.52,-6.368452,53.362027
11_69,18.5,18.42,-6.368397,53.362925
11_70,18.29,18.33,-6.368341,53.363823
11_71,18.16,18.3,-6.368286,53.364721
11_72,18.07,17.91,-6.36823,53.365619
11_73,18.26,18.4,-6.368175,53.366517
11_74,18.39,18.26,-6.36812,53.367415
11_75,17.98,17.97,-6.368064,53.368313
11_76,17.69,17.69,-6.368009,53.369211
11_77,17.87,17.94,-6.367954,53.370109
11_78,18.01,17.94,-6.367898,53.371007
11_79,18.3,18.42,-6.367843,53.371905
11_80,18.7,18.22,-6.367787,53.372803
11_81,18.98,18.76,-6.367732,53.373701
11_82,19.41,19.31,-6.367677,53.374599
11_83,20.08,19.27,-6.367621,53.375497
11_84,21.34,20.58,-6.367566,53.376394
11_85,22.2,21.94,-6.36751,53.377292
11_86,23.59,23.55,-6.367455,53.37819
11_87,23.16,22.02,-6.367399,53.379088
11_88,22.11,22.56,-6.367344,53.379986
11_89,20.54,20.83,-6.367289,53.380884
11_90,19.76,19.54,-6.367233,53.381782
11_91,19.61,19.96,-6.367178,53.38268
11_92,19.5,19.53,-6.367122,53.383578
11_93,20.18,19.98,-6.367067,53.384476
11_94,21.15,20.86,-6.367011,53.385374
11_95,20.06,19.73,-6.366956,53.386272
11_96,18.49,18.45,-6.366901,53.38717
11_97,17.83,17.81,-6.366845,53.388068
11_98,19.85,17.42,-6.36679,53.388966
11_99,17.11,16.95,-6.366734,53.389863
11_100,16.71,16.64,-6.366679,53.390761
11_101,16.22,16.17,-6.366623,53.391659
11_102,15.57,15.19,-6.366568,53.392557
11_103,14.97,14.36,-6.366512,53.393455
11_104,14.01,13.97,-6.366457,53.394353
11_105,13.85,13.87,-6.366401,53.395251
11_106,13.84,13.67,-6.366346,53.396149
11_107,13.45,13.07,-6.366291,53.397047
11_108,12.86,13.01,-6.366235,53.397945
11_109,13.09,13.27,-6.36618,53.398843
11_110,13.26,12.99,-6.366124,53.399741
11_111,13.38,13.34,-6.366069,53.400639
11_112,12.93,13.17,-6.366013,53.401537
11_113,12.44,12.63,-6.365958,53.402435
11_114,12.14,12.21,-6.365902,53.403332
11_115,11.83,11.94,-6.365847,53.40423
11_116,11.7,11.73,-6.365791,53.405128
11_117,11.71,11.7,-6.365736,53.406026
11_118,11.91,11.88,-6.36568,53.406924
11_119,11.22,11.46,-6.365625,53.407822
11_120,10.94,11.01,-6.365569,53.40872
11_121,10.84,10.77,-6.365514,53.409618
11_122,10.82,10.7,-6.365458,53.410516
11_123,10.75,10.79,-6.365403,53.411414
11_124,11,11.2,-6.365347,53.412312
11_125,10.45,10.46,-6.365291,53.41321
11_126,9.89,9.88,-6.365236,53.414108
12_0,15.41,15.39,-6.370711,53.300934
12_1,15.02,14.74,-6.370655,53.301832
12_2,14.22,14.15,-6.3706,53.30273
12_3,13.75,13.65,-6.370545,53.303628
12_4,12.96,12.77,-6.37049,53.304526
12_5,13.03,12.77,-6.370435,53.305424
12_6,13.59,13.29,-6.370379,53.306322
12_7,14.63,13.75,-6.370324,53.30722
12_8,14.1,14,-6.370269,53.308118
12_9,13.95,14,-6.370214,53.309016
12_10,13.99,14.06,-6.370159,53.309914
12_11,14.04,13.77,-6.370103,53.310812
12_12,14.11,13.99,-6.370048,53.31171
12_13,14.55,14.42,-6.369993,53.312607
12_14,14.66,14.72,-6.369938,53.313505
12_15,14.78,14.65,-6.369882,53.314403
12_16,14.9,14.81,-6.369827,53.315301
12_17,16.21,15.71,-6.369772,53.316199
12_18,17.76,17.7,-6.369717,53.317097
12_19,18.13,18.57,-6.369661,53.317995
12_20,19.38,19.47,-6.369606,53.318893
12_21,20.49,20.01,-6.369551,53.319791
12_22,20.53,19.27,-6.369496,53.320689
12_23,20.34,19.4,-6.36944,53.321587
12_24,18.8,18.74,-6.369385,53.322485
12_25,17.25,18.14,-6.36933,53.323383
12_26,18.44,16.31,-6.369275,53.324281
12_27,16.32,16.07,-6.369219,53.325179
12_28,16.21,16.22,-6.369164,53.326077
12_29,16.34,16.62,-6.369109,53.326975
12_30,16.88,16.24,-6.369054,53.327873
12_31,16.25,15.87,-6.368998,53.328771
12_32,15.82,15.87,-6.368943,53.329668
12_33,15.55,15.53,-6.368888,53.330566
12_34,15.06,14.75,-6.368832,53.331464
12_35,16.62,14.62,-6.368777,53.332362
12_36,14.81,15.04,-6.368722,53.33326
12_37,15,15.04,-6.368667,53.334158
12_38,14.97,14.86,-6.368611,53.335056
12_39,14.84,14.87,-6.368556,53.335954
12_40,14.48,14.72,-6.368501,53.336852
12_41,13.93,14.25,-6.368445,53.33775
12_42,14.08,14,-6.36839,53.338648
12_43,14.4,14.3,-6.368335,53.339546
12_44,14.73,14.62,-6.368279,53.340444
12_45,15,15,-6.368224,53.341342
12_46,15.19,15.14,-6.368169,53.34224
12_47,15.36,15.27,-6.368113,53.343138
12_48,15.27,15.31,-6.368058,53.344036
12_49,15.67,15.56,-6.368003,53.344933
12_50,16.2,16.16,-6.367947,53.345831
12_51,16.42,16.38,-6.367892,53.346729
12_52,16.81,16.77,-6.367837,53.347627
12_53,17.18,17.18,-6.367781,53.348525
12_54,17.58,17.58,-6.367726,53.349423
12_55,17.99,17.99,-6.367671,53.350321
12_56,18.35,18.39,-6.367615,53.351219
12_57,18.75,18.8,-6.36756,53.352117
12_58,18.86,18.88,-6.367505,53.353015
12_59,19.52,19.47,-6.367449,53.353913
12_60,20.09,20.04,-6.367394,53.354811
12_61,19.52,19.25,-6.367338,53.355709
12_62,18.72,18.67,-6.367283,53.356607
12_63,18.51,18.53,-6.367228,53.357505
12_64,18.34,18.14,-6.367172,53.358403
12_65,18.22,18.24,-6.367117,53.359301
12_66,18.32,18.37,-6.367062,53.360198
12_67,18.42,18.5,-6.367006,53.361096
12_68,18.48,18.41,-6.366951,53.361994
12_69,18.38,18.41,-6.366895,53.362892
12_70,18.1,18.24,-6.36684,53.36379
12_71,17.83,17.99,-6.366785,53.364688
12_72,17.7,17.56,-6.366729,53.365586
12_73,18.01,17.69,-6.366674,53.366484
12_74,18.37,18.31,-6.366618,53.367382
12_75,17.89,18.12,-6.366563,53.36828
12_76,17.45,17.47,-6.366508,53.369178
12_77,17.56,17.45,-6.366452,53.370076
12_78,17.85,17.82,-6.366397,53.370974
12_79,17.83,17.89,-6.366341,53.371872
12_80,17.84,17.77,-6.366286,53.37277
12_81,18.24,18.06,-6.36623,53.373668
12_82,18.65,18.68,-6.366175,53.374565
12_83,19.01,18.66,-6.36612,53.375463
12_84,20,19.5,-6.366064,53.376361
12_85,21.34,21.34,-6.366009,53.377259
12_86,20.75,22.44,-6.365953,53.378157
12_87,21.94,21.75,-6.365898,53.379055
12_88,22.51,22.49,-6.365842,53.379953
12_89,21.62,21.55,-6.365787,53.380851
12_90,20.9,20.55,-6.365731,53.381749
12_91,20.46,20.73,-6.365676,53.382647
12_92,20.27,20.55,-6.365621,53.383545
12_93,21.21,21.24,-6.365565,53.384443
12_94,22.41,21.96,-6.36551,53.385341
12_95,20.21,19.75,-6.365454,53.386239
12_96,18.31,17.89,-6.365399,53.387137
12_97,17.57,17.52,-6.365343,53.388034
12_98,17.04,17.18,-6.365288,53.388932
12_99,16.62,16.3,-6.365232,53.38983
12_100,16.19,16,-6.365177,53.390728
12_101,15.69,16,-6.365121,53.391626
12_102,15.13,15.65,-6.365066,53.392524
12_103,14.56,14.62,-6.36501,53.393422
12_104,13.87,13.93,-6.364955,53.39432
12_105,13.76,13.82,-6.364899,53.395218
12_106,13.65,13.61,-6.364844,53.396116
12_107,13.44,13.57,-6.364788,53.397014
12_108,13.02,13.12,-6.364733,53.397912
12_109,12.74,12.79,-6.364677,53.39881
12_110,12.89,12.71,-6.364622,53.399708
12_111,13.26,13.06,-6.364566,53.400606
12_112,13.24,13.32,-6.364511,53.401503
12_113,12.68,12.75,-6.364455,53.402401
12_114,12.19,12.29,-6.3644,53.403299
12_115,11.79,11.82,-6.364344,53.404197
12_116,11.7,11.7,-6.364289,53.405095
12_117,11.74,11.71,-6.364233,53.405993
12_118,11.68,11.57,-6.364177,53.406891
12_119,11.15,11.15,-6.364122,53.407789
12_120,10.84,10.86,-6.364066,53.408687
12_121,10.67,10.77,-6.364011,53.409585
12_122,10.48,10.42,-6.363955,53.410483
12_123,10.29,10.3,-6.3639,53.411381
12_124,10.23,10.5,-6.363844,53.412279
12_125,10.42,10.44,-6.363789,53.413177
12_126,10.08,9.98,-6.363733,53.414074
13_0,14.92,14.83,-6.369212,53.300901
13_1,15.15,14.96,-6.369156,53.301799
13_2,14.56,14.89,-6.369101,53.302697
13_3,13.66,13.98,-6.369046,53.303595
13_4,12.84,13.06,-6.368991,53.304493
13_5,12.66,12.48,-6.368936,53.305391
13_6,13.11,13.27,-6.36888,53.306289
13_7,13.23,13.75,-6.368825,53.307187
13_8,13.52,13.34,-6.36877,53.308085
13_9,13.53,13.53,-6.368715,53.308983
13_10,13.42,13.55,-6.368659,53.309881
13_11,13.49,13.26,-6.368604,53.310778
13_12,13.86,13.87,-6.368549,53.311676
13_13,14.23,14.25,-6.368494,53.312574
13_14,14.38,14.46,-6.368438,53.313472
13_15,14.51,14.41,-6.368383,53.31437
13_16,14.9,15.09,-6.368328,53.315268
13_17,15.85,15.95,-6.368272,53.316166
13_18,17.26,17.43,-6.368217,53.317064
13_19,18.44,18.6,-6.368162,53.317962
13_20,19.93,20.22,-6.368107,53.31886
13_21,21.3,21.81,-6.368051,53.319758
13_22,19.58,20.45,-6.367996,53.320656
13_23,17.82,17.21,-6.367941,53.321554
13_24,16.87,16.73,-6.367885,53.322452
13_25,16.41,16.46,-6.36783,53.32335
13_26,16.03,16.31,-6.367775,53.324248
13_27,15.51,15.11,-6.36772,53.325146
13_28,15.24,15.58,-6.367664,53.326044
13_29,15.5,15.58,-6.367609,53.326942
13_30,15.58,15.06,-6.367554,53.327839
13_31,14.98,14.88,-6.367498,53.328737
13_32,15.13,15.08,-6.367443,53.329635
13_33,14.93,15.17,-6.367388,53.330533
13_34,14.67,14.61,-6.367332,53.331431
13_35,17.14,16.86,-6.367277,53.332329
13_36,14.72,14.72,-6.367222,53.333227
13_37,14.7,14.57,-6.367166,53.334125
13_38,14.74,14.71,-6.367111,53.335023
13_39,15.28,15.08,-6.367056,53.335921
13_40,14.24,14.31,-6.367,53.336819
13_41,14.04,14.08,-6.366945,53.337717
13_42,14.14,14.07,-6.36689,53.338615
13_43,14.43,14.41,-6.366834,53.339513
13_44,14.78,14.72,-6.366779,53.340411
13_45,15.04,15,-6.366724,53.341309
13_46,15.19,15.21,-6.366668,53.342207
13_47,17.7,17.7,-6.366613,53.343104
13_48,15.38,15.62,-6.366558,53.344002
13_49,15.73,15.47,-6.366502,53.3449
13_50,15.92,15.95,-6.366447,53.345798
13_51,16.29,16.37,-6.366391,53.346696
13_52,16.69,16.77,-6.366336,53.347594
13_53,17.1,17.15,-6.366281,53.348492
13_54,17.46,17.58,-6.366225,53.34939
13_55,17.87,17.99,-6.36617,53.350288
13_56,18.27,18.39,-6.366115,53.351186
13_57,18.68,18.8,-6.366059,53.352084
13_58,19.04,28.79,-6.366004,53.352982
13_59,29.5,20.01,-6.365948,53.35388
13_60,19.74,19.8,-6.365893,53.354778
13_61,19.24,19.3,-6.365838,53.355676
13_62,18.53,18.77,-6.365782,53.356574
13_63,18.29,18.42,-6.365727,53.357472
13_64,18.09,18.25,-6.365671,53.358369
13_65,18.11,17.95,-6.365616,53.359267
13_66,18.26,18.21,-6.365561,53.360165
13_67,18.37,18.33,-6.365505,53.361063
13_68,18.4,18.31,-6.36545,53.361961
13_69,18.21,18.18,-6.365394,53.362859
13_70,18.01,18.09,-6.365339,53.363757
13_71,17.73,17.82,-6.365283,53.364655
13_72,17.43,17.7,-6.365228,53.365553
13_73,17.66,17.66,-6.365173,53.366451
13_74,17.99,17.99,-6.365117,53.367349
13_75,17.71,17.85,-6.365062,53.368247
13_76,17.49,17.59,-6.365006,53.369145
13_77,17.5,17.52,-6.364951,53.370043
13_78,17.71,17.73,-6.364895,53.370941
13_79,17.63,17.71,-6.36484,53.371838
13_80,17.66,17.62,-6.364784,53.372736
13_81,17.77,17.82,-6.364729,53.373634
13_82,18.03,18.15,-6.364673,53.374532
13_83,18.43,18.66,-6.364618,53.37543
13_84,22.18,18.93,-6.364563,53.376328
13_85,18.91,19.02,-6.364507,53.377226
13_86,19.67,20.15,-6.364452,53.378124
13_87,20.85,20.81,-6.364396,53.379022
13_88,22.02,22.01,-6.364341,53.37992
13_89,21.93,21.72,-6.364285,53.380818
13_90,22.2,21.92,-6.36423,53.381716
13_91,22.19,23,-6.364174,53.382614
13_92,22.04,21.2,-6.364119,53.383512
13_93,21.25,21.2,-6.364063,53.38441
13_94,21.49,21.43,-6.364008,53.385307
13_95,19.49,19.92,-6.363952,53.386205
13_96,18.15,18.57,-6.363897,53.387103
13_97,16.98,17.32,-6.363841,53.388001
13_98,16.41,16.83,-6.363786,53.388899
13_99,16.04,15.86,-6.36373,53.389797
13_100,15.54,15.56,-6.363675,53.390695
13_101,15.01,15.25,-6.363619,53.391593
13_102,14.56,14.95,-6.363564,53.392491
13_103,14.06,14.04,-6.363508,53.393389
13_104,13.77,13.78,-6.363452,53.394287
13_105,13.65,13.69,-6.363397,53.395185
13_106,13.54,13.49,-6.363341,53.396083
13_107,13.48,13.46,-6.363286,53.396981
13_108,13.23,13.25,-6.36323,53.397879
13_109,12.9,12.92,-6.363175,53.398776
13_110,12.57,12.43,-6.363119,53.399674
13_111,13,12.99,-6.363064,53.400572
13_112,13.34,13.34,-6.363008,53.40147
13_113,13.15,12.94,-6.362953,53.402368
13_114,12.45,12.28,-6.362897,53.403266
13_115,11.71,11.62,-6.362841,53.404164
13_116,11.19,11.35,-6.362786,53.405062
13_117,11.06,11.31,-6.36273,53.40596
13_118,11.14,11.04,-6.362675,53.406858
13_119,11.14,10.98,-6.362619,53.407756
13_120,10.74,10.75,-6.362564,53.408654
13_121,10.48,10.54,-6.362508,53.409552
13_122,10.28,10.19,-6.362452,53.41045
13_123,10.12,10.19,-6.362397,53.411347
13_124,10.27,10.28,-6.362341,53.412245
13_125,10.42,10.38,-6.362286,53.413143
13_126,10.26,10.46,-6.36223,53.414041
14_0,14.41,14.17,-6.367713,53.300868
14_1,14.42,14.25,-6.367657,53.301766
14_2,17.41,18.38,-6.367602,53.302664
14_3,13.64,14.1,-6.367547,53.303562
14_4,12.7,12.77,-6.367492,53.30446
14_5,12.5,12.54,-6.367436,53.305358
14_6,12.6,12.51,-6.367381,53.306256
14_7,12.63,12.59,-6.367326,53.307154
14_8,12.85,12.67,-6.367271,53.308052
14_9,12.88,12.9,-6.367215,53.308949
14_10,12.89,13.05,-6.36716,53.309847
14_11,13.16,13.32,-6.367105,53.310745
14_12,13.8,13.79,-6.367049,53.311643
14_13,13.95,13.99,-6.366994,53.312541
14_14,14.32,14.2,-6.366939,53.313439
14_15,15.2,15.45,-6.366884,53.314337
14_16,15.74,16.09,-6.366828,53.315235
14_17,16.41,16.4,-6.366773,53.316133
14_18,16.79,17.28,-6.366718,53.317031
14_19,17.72,18.21,-6.366662,53.317929
14_20,19.05,18.21,-6.366607,53.318827
14_21,19.32,19.25,-6.366552,53.319725
14_22,17.79,18.94,-6.366496,53.320623
14_23,17.12,17.14,-6.366441,53.321521
14_24,16.52,16.66,-6.366386,53.322419
14_25,15.99,16.18,-6.36633,53.323317
14_26,15.41,15.78,-6.366275,53.324215
14_27,14.97,14.96,-6.36622,53.325113
14_28,14.8,14.81,-6.366164,53.32601
14_29,14.76,14.77,-6.366109,53.326908
14_30,14.72,15.06,-6.366054,53.327806
14_31,14.54,14.54,-6.365998,53.328704
14_32,14.51,14.52,-6.365943,53.329602
14_33,14.54,14.51,-6.365888,53.3305
14_34,14.65,14.71,-6.365832,53.331398
14_35,17.34,17.34,-6.365777,53.332296
14_36,14.95,14.95,-6.365722,53.333194
14_37,14.68,14.86,-6.365666,53.334092
14_38,14.48,14.37,-6.365611,53.33499
14_39,14.21,14.2,-6.365556,53.335888
14_40,14.18,14.19,-6.3655,53.336786
14_41,14.11,14.09,-6.365445,53.337684
14_42,14,14.07,-6.365389,53.338582
14_43,14.57,14.62,-6.365334,53.33948
14_44,14.79,14.83,-6.365279,53.340378
14_45,15.08,15.07,-6.365223,53.341275
14_46,15.23,15.24,-6.365168,53.342173
14_47,19.06,19.59,-6.365113,53.343071
14_48,15.12,14.99,-6.365057,53.343969
14_49,14.96,15.47,-6.365002,53.344867
14_50,15.7,15.91,-6.364946,53.345765
14_51,16.04,16.18,-6.364891,53.346663
14_52,16.32,16.18,-6.364836,53.347561
14_53,16.74,16.4,-6.36478,53.348459
14_54,17.15,16.84,-6.364725,53.349357
14_55,17.59,17.34,-6.364669,53.350255
14_56,17.95,17.84,-6.364614,53.351153
14_57,18.36,18.03,-6.364558,53.352051
14_58,18.82,18.54,-6.364503,53.352949
14_59,19.78,19.44,-6.364448,53.353847
14_60,19.3,19.64,-6.364392,53.354745
14_61,18.89,18.8,-6.364337,53.355642
14_62,18.32,18.33,-6.364281,53.35654
14_63,18.12,18.17,-6.364226,53.357438
14_64,17.95,18.04,-6.36417,53.358336
14_65,17.84,17.76,-6.364115,53.359234
14_66,18.06,18,-6.36406,53.360132
14_67,18.2,18.18,-6.364004,53.36103
14_68,18.12,18.31,-6.363949,53.361928
14_69,17.95,17.85,-6.363893,53.362826
14_70,17.8,17.8,-6.363838,53.363724
14_71,17.84,17.74,-6.363782,53.364622
14_72,17.97,17.69,-6.363727,53.36552
14_73,17.6,17.47,-6.363671,53.366418
14_74,17.75,17.75,-6.363616,53.367316
14_75,17.67,17.75,-6.36356,53.368214
14_76,17.71,17.65,-6.363505,53.369112
14_77,17.73,17.76,-6.363449,53.370009
14_78,17.67,17.6,-6.363394,53.370907
14_79,17.49,17.52,-6.363338,53.371805
14_80,17.71,21.31,-6.363283,53.372703
14_81,22.29,23.09,-6.363227,53.373601
14_82,25.3,23.34,-6.363172,53.374499
14_83,21.85,18.69,-6.363116,53.375397
14_84,19.19,19.19,-6.363061,53.376295
14_85,18.43,19.19,-6.363005,53.377193
14_86,18.47,18.43,-6.36295,53.378091
14_87,19.61,19.3,-6.362894,53.378989
14_88,19.92,19.04,-6.362839,53.379887
14_89,20.72,20.2,-6.362783,53.380785
14_90,21.56,21.5,-6.362728,53.381683
14_91,22.65,21.92,-6.362672,53.382581
14_92,21.3,21.4,-6.362617,53.383478
14_93,20.86,20.94,-6.362561,53.384376
14_94,20.67,21.04,-6.362506,53.385274
14_95,19.35,19.22,-6.36245,53.386172
14_96,17.82,17.97,-6.362395,53.38707
14_97,16.58,16.83,-6.362339,53.387968
14_98,15.91,16.13,-6.362284,53.388866
14_99,15.38,15.35,-6.362228,53.389764
14_100,15.01,15.03,-6.362172,53.390662
14_101,14.69,14.7,-6.362117,53.39156
14_102,14.32,14.37,-6.362061,53.392458
14_103,13.98,13.93,-6.362006,53.393356
14_104,13.76,13.74,-6.36195,53.394254
14_105,13.61,13.61,-6.361895,53.395152
14_106,13.43,13.49,-6.361839,53.396049
14_107,12.97,12.83,-6.361784,53.396947
14_108,12.74,12.76,-6.361728,53.397845
14_109,12.41,12.54,-6.361672,53.398743
14_110,12.22,12.19,-6.361617,53.399641
14_111,12.65,12.79,-6.361561,53.400539
14_112,13.17,13.32,-6.361506,53.401437
14_113,12.91,12.97,-6.36145,53.402335
14_114,12.35,11.98,-6.361394,53.403233
14_115,11.61,11.32,-6.361339,53.404131
14_116,11.29,11.22,-6.361283,53.405029
14_117,11,11.22,-6.361228,53.405927
14_118,10.85,10.97,-6.361172,53.406825
14_119,10.74,10.78,-6.361116,53.407723
14_120,10.62,10.8,-6.361061,53.40862
14_121,10.33,10.53,-6.361005,53.409518
14_122,10.1,10.08,-6.36095,53.410416
14_123,10.27,10.22,-6.360894,53.411314
14_124,10.37,10.31,-6.360838,53.412212
14_125,10.47,10.38,-6.360783,53.41311
14_126,10.15,10.13,-6.360727,53.414008
15_0,13.78,13.49,-6.366214,53.300835
15_1,13.18,13.14,-6.366158,53.301733
15_2,13.35,13.5,-6.366103,53.302631
15_3,13.24,13.17,-6.366048,53.303529
15_4,13.06,13.23,-6.365993,53.304427
15_5,12.97,12.96,-6.365937,53.305325
15_6,12.94,12.88,-6.365882,53.306223
15_7,12.76,12.62,-6.365827,53.30712
15_8,12.62,12.64,-6.365771,53.308018
15_9,12.56,12.6,-6.365716,53.308916
15_10,12.82,12.9,-6.365661,53.309814
15_11,13.37,13.32,-6.365605,53.310712
15_12,14.1,13.98,-6.36555,53.31161
15_13,15.05,14.84,-6.365495,53.312508
15_14,15.99,15.26,-6.365439,53.313406
15_15,16.49,17.51,-6.365384,53.314304
15_16,17.28,17.38,-6.365329,53.315202
15_17,17.28,17.45,-6.365274,53.3161
15_18,16.65,17.08,-6.365218,53.316998
15_19,16.84,17.53,-6.365163,53.317896
15_20,17.72,17.25,-6.365107,53.318794
15_21,18.06,18.04,-6.365052,53.319692
15_22,17.67,17.78,-6.364997,53.32059
15_23,16.7,16.56,-6.364941,53.321488
15_24,16.04,16.08,-6.364886,53.322386
15_25,15.74,15.8,-6.364831,53.323283
15_26,15.18,15.38,-6.364775,53.324181
15_27,14.86,14.96,-6.36472,53.325079
15_28,14.74,14.76,-6.364665,53.325977
15_29,14.76,14.7,-6.364609,53.326875
15_30,14.77,14.67,-6.364554,53.327773
15_31,14.6,14.56,-6.364499,53.328671
15_32,14.49,14.5,-6.364443,53.329569
15_33,14.59,14.58,-6.364388,53.330467
15_34,14.72,14.7,-6.364332,53.331365
15_35,17.62,17.87,-6.364277,53.332263
15_36,14.61,14.48,-6.364222,53.333161
15_37,14.25,14.31,-6.364166,53.334059
15_38,14.33,14.35,-6.364111,53.334957
15_39,14.12,14.11,-6.364055,53.335855
15_40,14.13,14.13,-6.364,53.336753
15_41,14.09,14.06,-6.363945,53.337651
15_42,13.85,14.07,-6.363889,53.338548
15_43,14.5,14.78,-6.363834,53.339446
15_44,14.95,14.78,-6.363778,53.340344
15_45,15.12,14.99,-6.363723,53.341242
15_46,15.24,15.25,-6.363668,53.34214
15_47,19.06,15.43,-6.363612,53.343038
15_48,15.12,15.52,-6.363557,53.343936
15_49,14.83,14.63,-6.363501,53.344834
15_50,15.53,15.33,-6.363446,53.345732
15_51,15.82,15.84,-6.36339,53.34663
15_52,16.12,16.04,-6.363335,53.347528
15_53,16.44,16.26,-6.363279,53.348426
15_54,16.74,16.62,-6.363224,53.349324
15_55,17.13,17.02,-6.363169,53.350222
15_56,17.53,17.53,-6.363113,53.35112
15_57,17.93,17.72,-6.363058,53.352018
15_58,18.74,18.64,-6.363002,53.352915
15_59,19.18,19.43,-6.362947,53.353813
15_60,17.92,18.32,-6.362891,53.354711
15_61,18.14,17.87,-6.362836,53.355609
15_62,18.15,18.1,-6.36278,53.356507
15_63,17.97,17.99,-6.362725,53.357405
15_64,17.78,17.88,-6.362669,53.358303
15_65,17.63,17.48,-6.362614,53.359201
15_66,17.52,17.47,-6.362558,53.360099
15_67,17.7,17.92,-6.362503,53.360997
15_68,17.84,17.98,-6.362448,53.361895
15_69,18.08,17.94,-6.362392,53.362793
15_70,17.93,17.88,-6.362337,53.363691
15_71,17.81,17.9,-6.362281,53.364589
15_72,17.72,17.53,-6.362226,53.365487
15_73,17.46,17.31,-6.36217,53.366385
15_74,17.21,17.25,-6.362115,53.367282
15_75,17.34,17.47,-6.362059,53.36818
15_76,17.46,17.28,-6.362004,53.369078
15_77,17.53,17.41,-6.361948,53.369976
15_78,17.56,17.55,-6.361893,53.370874
15_79,17.61,17.55,-6.361837,53.371772
15_80,18.03,17.87,-6.361781,53.37267
15_81,18.22,18.12,-6.361726,53.373568
15_82,18.01,18.1,-6.36167,53.374466
15_83,17.97,18.15,-6.361615,53.375364
15_84,18.07,17.79,-6.361559,53.376262
15_85,18.02,18,-6.361504,53.37716
15_86,18.87,18.87,-6.361448,53.378058
15_87,19.07,18.31,-6.361393,53.378956
15_88,18.01,17.76,-6.361337,53.379854
15_89,18.85,18.66,-6.361282,53.380751
15_90,20.33,20.24,-6.361226,53.381649
15_91,21.87,21.92,-6.361171,53.382547
15_92,21.26,21.21,-6.361115,53.383445
15_93,20.74,20.74,-6.361059,53.384343
15_94,20.13,20.21,-6.361004,53.385241
15_95,18.97,19.23,-6.360948,53.386139
15_96,17.63,17.63,-6.360893,53.387037
15_97,16.72,16.64,-6.360837,53.387935
15_98,15.68,15.68,-6.360782,53.388833
15_99,15.35,15.25,-6.360726,53.389731
15_100,15,14.92,-6.36067,53.390629
15_101,14.63,14.59,-6.360615,53.391527
15_102,14.34,14.27,-6.360559,53.392425
15_103,13.93,13.83,-6.360504,53.393322
15_104,13.74,13.7,-6.360448,53.39422
15_105,13.61,13.57,-6.360392,53.395118
15_106,13.34,13.32,-6.360337,53.396016
15_107,12.83,12.54,-6.360281,53.396914
15_108,12.15,12.14,-6.360226,53.397812
15_109,11.87,12.14,-6.36017,53.39871
15_110,11.89,11.94,-6.360114,53.399608
15_111,12.32,11.98,-6.360059,53.400506
15_112,12.59,12.47,-6.360003,53.401404
15_113,12.48,12.68,-6.359948,53.402302
15_114,12.56,12.67,-6.359892,53.4032
15_115,12.12,12.02,-6.359836,53.404098
15_116,11.47,12.19,-6.359781,53.404996
15_117,11.04,11.14,-6.359725,53.405893
15_118,10.98,11.01,-6.359669,53.406791
15_119,10.82,10.87,-6.359614,53.407689
15_120,10.76,10.71,-6.359558,53.408587
15_121,10.3,10.34,-6.359503,53.409485
15_122,10.22,10.3,-6.359447,53.410383
15_123,10.32,10.26,-6.359391,53.411281
15_124,10.32,10.41,-6.359336,53.412179
15_125,10.28,10.35,-6.35928,53.413077
15_126,9.97,9.93,-6.359224,53.413975
16_0,13.23,13.1,-6.364715,53.300802
16_1,13.14,13.22,-6.36466,53.3017
16_2,13.07,13.36,-6.364604,53.302598
16_3,16.67,13.36,-6.364549,53.303496
16_4,13.63,13.41,-6.364494,53.304394
16_5,13.3,13.51,-6.364438,53.305291
16_6,13.1,13.12,-6.364383,53.306189
16_7,12.97,13.03,-6.364328,53.307087
16_8,12.84,12.98,-6.364272,53.307985
16_9,13.04,12.98,-6.364217,53.308883
16_10,13.87,13.48,-6.364162,53.309781
16_11,13.75,13.41,-6.364106,53.310679
16_12,15.31,15.49,-6.364051,53.311577
16_13,16.6,16.5,-6.363995,53.312475
16_14,17.82,16.99,-6.36394,53.313373
16_15,25.61,17.51,-6.363885,53.314271
16_16,17.18,16.61,-6.363829,53.315169
16_17,15.98,16.04,-6.363774,53.316067
16_18,15.17,15.61,-6.363719,53.316965
16_19,18.32,17.07,-6.363663,53.317863
16_20,16.04,15.88,-6.363608,53.318761
16_21,27.75,27.75,-6.363553,53.319659
16_22,17.43,17.58,-6.363497,53.320556
16_23,16.34,16.04,-6.363442,53.321454
16_24,15.74,15.65,-6.363386,53.322352
16_25,15.43,15.44,-6.363331,53.32325
16_26,15.2,15.18,-6.363276,53.324148
16_27,15.21,15.26,-6.36322,53.325046
16_28,15.1,15.04,-6.363165,53.325944
16_29,19.64,15.02,-6.363109,53.326842
16_30,14.84,14.79,-6.363054,53.32774
16_31,14.58,14.49,-6.362999,53.328638
16_32,14.53,14.58,-6.362943,53.329536
16_33,14.6,14.62,-6.362888,53.330434
16_34,14.64,14.7,-6.362832,53.331332
16_35,18.06,18.21,-6.362777,53.33223
16_36,14.62,18.21,-6.362722,53.333128
16_37,14.58,14.51,-6.362666,53.334026
16_38,14.59,14.75,-6.362611,53.334924
16_39,15.01,15.37,-6.362555,53.335821
16_40,14.05,14.16,-6.3625,53.336719
16_41,14.05,14.07,-6.362444,53.337617
16_42,13.92,13.93,-6.362389,53.338515
16_43,14.29,14.08,-6.362333,53.339413
16_44,15.2,14.9,-6.362278,53.340311
16_45,15.17,15.15,-6.362223,53.341209
16_46,15.33,15.37,-6.362167,53.342107
16_47,20.31,15.91,-6.362112,53.343005
16_48,15.12,15.32,-6.362056,53.343903
16_49,14.68,14.65,-6.362001,53.344801
16_50,15.41,15.35,-6.361945,53.345699
16_51,15.77,15.77,-6.36189,53.346597
16_52,15.88,15.9,-6.361834,53.347495
16_53,16.21,16.26,-6.361779,53.348393
16_54,16.53,16.48,-6.361723,53.349291
16_55,16.81,16.84,-6.361668,53.350188
16_56,17.14,17.21,-6.361612,53.351086
16_57,17.68,17.87,-6.361557,53.351984
16_58,18.46,18.64,-6.361501,53.352882
16_59,18.59,18.31,-6.361446,53.35378
16_60,17.48,17.33,-6.36139,53.354678
16_61,17.61,17.69,-6.361335,53.355576
16_62,17.91,17.82,-6.361279,53.356474
16_63,17.71,17.7,-6.361224,53.357372
16_64,17.54,17.6,-6.361168,53.35827
16_65,17.41,17.27,-6.361113,53.359168
16_66,17.34,17.44,-6.361057,53.360066
16_67,17.73,17.92,-6.361002,53.360964
16_68,17.96,17.92,-6.360946,53.361862
16_69,17.69,17.53,-6.360891,53.36276
16_70,17.5,17.45,-6.360835,53.363658
16_71,17.41,17.48,-6.36078,53.364555
16_72,17.36,17.5,-6.360724,53.365453
16_73,17.27,17.15,-6.360669,53.366351
16_74,17.16,17.17,-6.360613,53.367249
16_75,17.14,17.11,-6.360558,53.368147
16_76,17.2,17.02,-6.360502,53.369045
16_77,17.29,17.18,-6.360447,53.369943
16_78,17.31,17.31,-6.360391,53.370841
16_79,17.46,17.44,-6.360336,53.371739
16_80,17.98,17.55,-6.36028,53.372637
16_81,17.68,17.56,-6.360224,53.373535
16_82,17.41,17.48,-6.360169,53.374433
16_83,17.43,17.58,-6.360113,53.375331
16_84,17.47,17.26,-6.360058,53.376229
16_85,17.54,17.42,-6.360002,53.377126
16_86,17.32,17.38,-6.359947,53.378024
16_87,17.27,17.32,-6.359891,53.378922
16_88,17.63,17.79,-6.359835,53.37982
16_89,18.56,18.67,-6.35978,53.380718
16_90,19.31,19.73,-6.359724,53.381616
16_91,20.67,21.34,-6.359669,53.382514
16_92,20.71,20.21,-6.359613,53.383412
16_93,19.86,19.65,-6.359558,53.38431
16_94,19.7,19.75,-6.359502,53.385208
16_95,19.52,19.48,-6.359446,53.386106
16_96,18.75,18.11,-6.359391,53.387004
16_97,17.32,16.73,-6.359335,53.387902
16_98,15.78,15.57,-6.35928,53.3888
16_99,15.31,15.13,-6.359224,53.389698
16_100,14.98,15.13,-6.359168,53.390595
16_101,14.65,14.8,-6.359113,53.391493
16_102,14.27,14.51,-6.359057,53.392391
16_103,13.88,13.98,-6.359001,53.393289
16_104,13.74,13.79,-6.358946,53.394187
16_105,13.53,13.66,-6.35889,53.395085
16_106,13.23,13.41,-6.358835,53.395983
16_107,12.92,12.99,-6.358779,53.396881
16_108,12.21,12.41,-6.358723,53.397779
16_109,11.56,11.75,-6.358668,53.398677
16_110,11.59,11.64,-6.358612,53.399575
16_111,11.77,11.67,-6.358556,53.400473
16_112,12.1,12.02,-6.358501,53.401371
16_113,12.25,12.24,-6.358445,53.402268
16_114,12.66,12.5,-6.358389,53.403166
16_115,12.22,12.3,-6.358334,53.404064
16_116,11.47,11.49,-6.358278,53.404962
16_117,11.1,11.09,-6.358222,53.40586
16_118,11.04,11.07,-6.358167,53.406758
16_119,10.99,11.03,-6.358111,53.407656
16_120,11.03,10.99,-6.358055,53.408554
16_121,10.42,10.36,-6.358,53.409452
16_122,10.26,10.25,-6.357944,53.41035
16_123,10.15,10.11,-6.357888,53.411248
16_124,10.06,10.12,-6.357833,53.412146
16_125,10.05,10.16,-6.357777,53.413044
16_126,9.95,9.82,-6.357721,53.413942
17_0,13.22,13.36,-6.363216,53.300769
17_1,13.23,13.22,-6.363161,53.301667
17_2,13.19,13.2,-6.363105,53.302564
17_3,13.15,13.15,-6.36305,53.303462
17_4,13.45,13.26,-6.362994,53.30436
17_5,13.5,13.67,-6.362939,53.305258
17_6,13.26,13.25,-6.362884,53.306156
17_7,13.15,13.16,-6.362828,53.307054
17_8,13.27,13.66,-6.362773,53.307952
17_9,13.99,14.05,-6.362718,53.30885
17_10,14.93,14.71,-6.362662,53.309748
17_11,15.58,14.68,-6.362607,53.310646
17_12,17.16,18.08,-6.362552,53.311544
17_13,20.34,20.97,-6.362496,53.312442
17_14,19.54,20.03,-6.362441,53.31334
17_15,17.61,18.26,-6.362385,53.314238
17_16,15.52,15.32,-6.36233,53.315136
17_17,15.22,15.14,-6.362275,53.316034
17_18,16.73,15.01,-6.362219,53.316932
17_19,17.06,17.07,-6.362164,53.31783
17_20,15.53,15.5,-6.362108,53.318727
17_21,16.85,30.79,-6.362053,53.319625
17_22,26.83,17.26,-6.361998,53.320523
17_23,16.42,16.13,-6.361942,53.321421
17_24,15.69,15.63,-6.361887,53.322319
17_25,15.46,15.28,-6.361831,53.323217
17_26,15.23,15.18,-6.361776,53.324115
17_27,15.14,17.73,-6.36172,53.325013
17_28,15.22,15.18,-6.361665,53.325911
17_29,15.47,19.33,-6.36161,53.326809
17_30,15.05,15.18,-6.361554,53.327707
17_31,14.59,14.91,-6.361499,53.328605
17_32,14.58,14.58,-6.361443,53.329503
17_33,14.77,14.67,-6.361388,53.330401
17_34,14.85,14.76,-6.361332,53.331299
17_35,14.76,14.79,-6.361277,53.332197
17_36,14.87,14.89,-6.361221,53.333094
17_37,14.85,14.82,-6.361166,53.333992
17_38,14.81,14.75,-6.361111,53.33489
17_39,15.63,15.39,-6.361055,53.335788
17_40,14.26,14.28,-6.361,53.336686
17_41,14.92,14.07,-6.360944,53.337584
17_42,13.98,14,-6.360889,53.338482
17_43,13.89,13.87,-6.360833,53.33938
17_44,14.75,14.75,-6.360778,53.340278
17_45,15.19,15.17,-6.360722,53.341176
17_46,15.53,15.57,-6.360667,53.342074
17_47,15.69,17.78,-6.360611,53.342972
17_48,15.24,15.18,-6.360556,53.34387
17_49,14.72,14.66,-6.3605,53.344768
17_50,15.23,15.37,-6.360445,53.345666
17_51,15.72,15.69,-6.360389,53.346564
17_52,15.68,15.76,-6.360334,53.347461
17_53,15.96,16.12,-6.360278,53.348359
17_54,16.28,16.34,-6.360223,53.349257
17_55,16.61,16.7,-6.360167,53.350155
17_56,16.89,17.06,-6.360112,53.351053
17_57,17.75,17.87,-6.360056,53.351951
17_58,18.38,18.54,-6.360001,53.352849
17_59,18.22,18.02,-6.359945,53.353747
17_60,17.8,18.02,-6.35989,53.354645
17_61,17.35,17.7,-6.359834,53.355543
17_62,17.66,17.51,-6.359779,53.356441
17_63,17.49,17.54,-6.359723,53.357339
17_64,17.29,17.42,-6.359668,53.358237
17_65,17.28,17.35,-6.359612,53.359135
17_66,17.47,17.47,-6.359556,53.360033
17_67,17.56,17.61,-6.359501,53.36093
17_68,17.5,17.63,-6.359445,53.361828
17_69,17.3,17.18,-6.35939,53.362726
17_70,17.25,17.22,-6.359334,53.363624
17_71,17.18,17.2,-6.359279,53.364522
17_72,17.09,17.17,-6.359223,53.36542
17_73,17,16.94,-6.359168,53.366318
17_74,16.93,16.91,-6.359112,53.367216
17_75,16.95,16.96,-6.359056,53.368114
17_76,16.9,17.02,-6.359001,53.369012
17_77,16.89,16.81,-6.358945,53.36991
17_78,16.96,16.96,-6.35889,53.370808
17_79,17.18,17.25,-6.358834,53.371706
17_80,17.23,16.96,-6.358779,53.372604
17_81,19.64,19.02,-6.358723,53.373502
17_82,18.6,18.24,-6.358667,53.374399
17_83,17,17.03,-6.358612,53.375297
17_84,18.33,17.08,-6.358556,53.376195
17_85,17.15,17.1,-6.358501,53.377093
17_86,16.99,16.93,-6.358445,53.377991
17_87,17.24,17.27,-6.358389,53.378889
17_88,18.05,20.11,-6.358334,53.379787
17_89,19.04,19.18,-6.358278,53.380685
17_90,19.44,19.68,-6.358223,53.381583
17_91,19.5,19.92,-6.358167,53.382481
17_92,19.02,18.62,-6.358111,53.383379
17_93,18.96,18.7,-6.358056,53.384277
17_94,19.25,19.23,-6.358,53.385175
17_95,19.39,19.4,-6.357944,53.386073
17_96,19.54,19.49,-6.357889,53.38697
17_97,18.15,19.42,-6.357833,53.387868
17_98,16.12,16.61,-6.357778,53.388766
17_99,15.29,15.34,-6.357722,53.389664
17_100,14.96,15.03,-6.357666,53.390562
17_101,14.65,14.74,-6.357611,53.39146
17_102,14.22,14.36,-6.357555,53.392358
17_103,13.87,13.87,-6.357499,53.393256
17_104,13.72,13.74,-6.357444,53.394154
17_105,13.46,13.5,-6.357388,53.395052
17_106,13.15,13.24,-6.357332,53.39595
17_107,12.85,12.83,-6.357277,53.396848
17_108,12.3,12.29,-6.357221,53.397746
17_109,11.75,11.72,-6.357165,53.398644
17_110,11.75,11.67,-6.35711,53.399541
17_111,11.72,11.75,-6.357054,53.400439
17_112,11.86,11.88,-6.356998,53.401337
17_113,12.22,12.22,-6.356943,53.402235
17_114,12.78,12.5,-6.356887,53.403133
17_115,12.16,11.95,-6.356831,53.404031
17_116,11.5,11.44,-6.356776,53.404929
17_117,11.26,11.19,-6.35672,53.405827
17_118,11.16,11.24,-6.356664,53.406725
17_119,11.21,11.04,-6.356608,53.407623
17_120,10.85,10.88,-6.356553,53.408521
17_121,10.59,10.66,-6.356497,53.409419
17_122,10.2,10.14,-6.356441,53.410317
17_123,10.05,9.93,-6.356386,53.411214
17_124,9.84,9.93,-6.35633,53.412112
17_125,9.8,9.88,-6.356274,53.41301
17_126,9.75,9.71,-6.356218,53.413908
18_0,13.38,13.36,-6.361717,53.300735
18_1,13.23,13.27,-6.361662,53.301633
18_2,13.11,13.11,-6.361606,53.302531
18_3,13.07,13.1,-6.361551,53.303429
18_4,13.21,13.18,-6.361495,53.304327
18_5,13.7,13.68,-6.36144,53.305225
18_6,13.61,13.56,-6.361385,53.306123
18_7,13.54,13.32,-6.361329,53.307021
18_8,14.26,14.45,-6.361274,53.307919
18_9,14.83,15.13,-6.361218,53.308817
18_10,15.86,15.93,-6.361163,53.309715
18_11,18.16,17.08,-6.361108,53.310613
18_12,19.06,18.08,-6.361052,53.311511
18_13,18.08,17.4,-6.360997,53.312409
18_14,16.64,17.06,-6.360941,53.313307
18_15,16.05,16.69,-6.360886,53.314205
18_16,15.04,15.03,-6.360831,53.315102
18_17,16.63,15.1,-6.360775,53.316
18_18,15.05,15.1,-6.36072,53.316898
18_19,15.22,15.1,-6.360664,53.317796
18_20,15.33,15.32,-6.360609,53.318694
18_21,16.15,15.43,-6.360553,53.319592
18_22,17.45,17,-6.360498,53.32049
18_23,17.41,17.43,-6.360442,53.321388
18_24,16.04,16.23,-6.360387,53.322286
18_25,15.72,15.85,-6.360332,53.323184
18_26,15.35,15.43,-6.360276,53.324082
18_27,15.44,15.52,-6.360221,53.32498
18_28,15.53,15.42,-6.360165,53.325878
18_29,16.11,18.91,-6.36011,53.326776
18_30,15.59,15.56,-6.360054,53.327674
18_31,15.15,15.52,-6.359999,53.328572
18_32,14.86,14.87,-6.359943,53.32947
18_33,15.05,15.02,-6.359888,53.330367
18_34,14.99,14.95,-6.359832,53.331265
18_35,14.96,15.06,-6.359777,53.332163
18_36,15.08,15.1,-6.359721,53.333061
18_37,15.03,15,-6.359666,53.333959
18_38,14.97,14.9,-6.35961,53.334857
18_39,15.71,16,-6.359555,53.335755
18_40,14.52,14.46,-6.359499,53.336653
18_41,14.21,14.17,-6.359444,53.337551
18_42,14,13.95,-6.359388,53.338449
18_43,13.82,13.78,-6.359333,53.339347
18_44,14.24,14.4,-6.359277,53.340245
18_45,14.92,15.22,-6.359222,53.341143
18_46,15.54,15.7,-6.359166,53.342041
18_47,16.1,15.79,-6.359111,53.342939
18_48,15.37,15.17,-6.359055,53.343837
18_49,14.9,14.79,-6.359,53.344734
18_50,15.23,15.51,-6.358944,53.345632
18_51,15.67,15.51,-6.358889,53.34653
18_52,15.57,15.61,-6.358833,53.347428
18_53,15.74,15.62,-6.358778,53.348326
18_54,16.04,15.83,-6.358722,53.349224
18_55,16.35,16.2,-6.358667,53.350122
18_56,16.75,16.55,-6.358611,53.35102
18_57,17.85,17.57,-6.358556,53.351918
18_58,18.05,17.88,-6.3585,53.352816
18_59,18,17.9,-6.358444,53.353714
18_60,17.85,17.97,-6.358389,53.354612
18_61,17.69,17.34,-6.358333,53.35551
18_62,17.45,17.38,-6.358278,53.356408
18_63,17.31,17.32,-6.358222,53.357306
18_64,17.35,17.29,-6.358167,53.358203
18_65,17.54,17.64,-6.358111,53.359101
18_66,17.53,17.45,-6.358055,53.359999
18_67,17.33,17.33,-6.358,53.360897
18_68,17.19,17.29,-6.357944,53.361795
18_69,17.04,16.95,-6.357889,53.362693
18_70,17.03,16.99,-6.357833,53.363591
18_71,16.97,16.99,-6.357778,53.364489
18_72,16.88,16.96,-6.357722,53.365387
18_73,16.81,16.76,-6.357666,53.366285
18_74,16.82,16.83,-6.357611,53.367183
18_75,16.87,16.89,-6.357555,53.368081
18_76,16.9,16.93,-6.3575,53.368979
18_77,16.91,16.91,-6.357444,53.369877
18_78,16.86,16.81,-6.357388,53.370774
18_79,19.96,20.18,-6.357333,53.371672
18_80,16.95,16.96,-6.357277,53.37257
18_81,16.68,16.63,-6.357221,53.373468
18_82,16.74,16.8,-6.357166,53.374366
18_83,16.78,16.8,-6.35711,53.375264
18_84,16.88,16.65,-6.357055,53.376162
18_85,17.06,16.9,-6.356999,53.37706
18_86,16.86,16.95,-6.356943,53.377958
18_87,17.14,16.85,-6.356888,53.378856
18_88,17.96,17.57,-6.356832,53.379754
18_89,19.71,19.07,-6.356776,53.380652
18_90,18.81,19.52,-6.356721,53.38155
18_91,18.34,18.96,-6.356665,53.382448
18_92,17.73,17.41,-6.356609,53.383345
18_93,17.91,17.77,-6.356554,53.384243
18_94,18.5,18.46,-6.356498,53.385141
18_95,18.84,19.15,-6.356442,53.386039
18_96,18.93,18.7,-6.356387,53.386937
18_97,19.28,19.22,-6.356331,53.387835
18_98,17.16,17.3,-6.356275,53.388733
18_99,15.26,15.34,-6.35622,53.389631
18_100,14.99,14.96,-6.356164,53.390529
18_101,14.56,14.58,-6.356108,53.391427
18_102,14.15,14.2,-6.356053,53.392325
18_103,13.86,13.83,-6.355997,53.393223
18_104,13.65,13.59,-6.355941,53.394121
18_105,13.34,13.33,-6.355886,53.395019
18_106,13.07,13.08,-6.35583,53.395916
18_107,12.78,12.66,-6.355774,53.396814
18_108,12.31,12.17,-6.355719,53.397712
18_109,11.94,11.89,-6.355663,53.39861
18_110,11.9,11.82,-6.355607,53.399508
18_111,11.87,11.94,-6.355552,53.400406
18_112,12.05,12.2,-6.355496,53.401304
18_113,12.5,12.6,-6.35544,53.402202
18_114,12.49,12.72,-6.355384,53.4031
18_115,12.08,11.86,-6.355329,53.403998
18_116,11.61,11.86,-6.355273,53.404896
18_117,11.14,11.36,-6.355217,53.405794
18_118,11.22,11.25,-6.355161,53.406692
18_119,10.8,10.82,-6.355106,53.407589
18_120,10.47,10.56,-6.35505,53.408487
18_121,10.33,10.39,-6.354994,53.409385
18_122,10.21,10.24,-6.354939,53.410283
18_123,10.02,10.07,-6.354883,53.411181
18_124,9.74,9.82,-6.354827,53.412079
18_125,9.66,9.63,-6.354771,53.412977
18_126,9.75,9.74,-6.354716,53.413875
19_0,13.47,13.43,-6.360218,53.300702
19_1,13.34,13.32,-6.360163,53.3016
19_2,13.19,13.15,-6.360107,53.302498
19_3,13.03,13.01,-6.360052,53.303396
19_4,13.04,13.18,-6.359996,53.304294
19_5,13.68,13.77,-6.359941,53.305192
19_6,13.77,13.69,-6.359885,53.30609
19_7,13.8,13.69,-6.35983,53.306988
19_8,14.25,15.71,-6.359775,53.307886
19_9,16.28,17.55,-6.359719,53.308784
19_10,18.82,17.55,-6.359664,53.309682
19_11,17.83,18.94,-6.359608,53.31058
19_12,16.68,15.75,-6.359553,53.311478
19_13,16.14,15.67,-6.359497,53.312375
19_14,15.48,15.43,-6.359442,53.313273
19_15,15.25,15.26,-6.359387,53.314171
19_16,14.97,14.95,-6.359331,53.315069
19_17,14.77,14.75,-6.359276,53.315967
19_18,14.74,14.73,-6.35922,53.316865
19_19,15.02,14.97,-6.359165,53.317763
19_20,15.26,15.15,-6.359109,53.318661
19_21,15.42,16.61,-6.359054,53.319559
19_22,16.31,16.22,-6.358998,53.320457
19_23,17.64,17.43,-6.358943,53.321355
19_24,16.45,16.98,-6.358887,53.322253
19_25,15.89,15.93,-6.358832,53.323151
19_26,15.51,15.52,-6.358776,53.324049
19_27,15.63,15.86,-6.358721,53.324947
19_28,18.74,18.74,-6.358665,53.325845
19_29,16.67,16.67,-6.35861,53.326742
19_30,16.29,16.1,-6.358554,53.32764
19_31,18.26,15.82,-6.358499,53.328538
19_32,18.3,15.58,-6.358443,53.329436
19_33,15.46,15.35,-6.358388,53.330334
19_34,17.88,18.06,-6.358332,53.331232
19_35,15.18,15.19,-6.358277,53.33213
19_36,17.97,15.05,-6.358221,53.333028
19_37,14.83,15.05,-6.358166,53.333926
19_38,15.12,15.12,-6.35811,53.334824
19_39,15.18,15.84,-6.358055,53.335722
19_40,14.82,14.59,-6.357999,53.33662
19_41,14.34,14.18,-6.357944,53.337518
19_42,14.03,13.95,-6.357888,53.338416
19_43,13.85,13.97,-6.357833,53.339314
19_44,14.24,13.83,-6.357777,53.340212
19_45,14.96,14.65,-6.357722,53.341109
19_46,15.46,15.58,-6.357666,53.342007
19_47,16.05,20.91,-6.35761,53.342905
19_48,15.48,15.71,-6.357555,53.343803
19_49,14.98,15.13,-6.357499,53.344701
19_50,15.25,15.09,-6.357444,53.345599
19_51,15.46,15.35,-6.357388,53.346497
19_52,15.6,15.62,-6.357333,53.347395
19_53,15.54,15.5,-6.357277,53.348293
19_54,15.84,15.77,-6.357222,53.349191
19_55,16.14,16.08,-6.357166,53.350089
19_56,16.74,16.61,-6.35711,53.350987
19_57,17.91,17.82,-6.357055,53.351885
19_58,17.69,17.4,-6.356999,53.352783
19_59,17.27,17.23,-6.356944,53.353681
19_60,17.19,17.28,-6.356888,53.354578
19_61,17.15,17.34,-6.356832,53.355476
19_62,16.94,16.66,-6.356777,53.356374
19_63,17.29,17.36,-6.356721,53.357272
19_64,17.52,17.48,-6.356666,53.35817
19_65,17.41,17.25,-6.35661,53.359068
19_66,17.16,17.07,-6.356554,53.359966
19_67,17.05,17.04,-6.356499,53.360864
19_68,16.87,16.95,-6.356443,53.361762
19_69,16.82,16.72,-6.356388,53.36266
19_70,16.79,16.76,-6.356332,53.363558
19_71,16.76,16.78,-6.356276,53.364456
19_72,16.7,16.75,-6.356221,53.365354
19_73,16.7,16.69,-6.356165,53.366252
19_74,16.75,16.76,-6.356109,53.36715
19_75,16.78,16.76,-6.356054,53.368047
19_76,16.81,16.81,-6.355998,53.368945
19_77,16.85,16.79,-6.355943,53.369843
19_78,16.86,16.84,-6.355887,53.370741
19_79,17.27,17.03,-6.355831,53.371639
19_80,16.8,17.03,-6.355776,53.372537
19_81,16.62,16.68,-6.35572,53.373435
19_82,16.54,16.53,-6.355664,53.374333
19_83,16.52,16.53,-6.355609,53.375231
19_84,16.62,16.55,-6.355553,53.376129
19_85,16.8,16.71,-6.355497,53.377027
19_86,16.78,16.83,-6.355442,53.377925
19_87,16.86,16.83,-6.355386,53.378823
19_88,17.9,18.02,-6.35533,53.379721
19_89,18.21,18.14,-6.355275,53.380618
19_90,17.45,17.6,-6.355219,53.381516
19_91,17.15,17.66,-6.355163,53.382414
19_92,16.83,16.6,-6.355108,53.383312
19_93,17.34,17.27,-6.355052,53.38421
19_94,17.49,17.75,-6.354996,53.385108
19_95,17.85,18.23,-6.354941,53.386006
19_96,17.97,17.71,-6.354885,53.386904
19_97,18.59,18.64,-6.354829,53.387802
19_98,19.1,17.76,-6.354773,53.3887
19_99,16.44,15.27,-6.354718,53.389598
19_100,14.9,14.79,-6.354662,53.390496
19_101,14.53,14.41,-6.354606,53.391394
19_102,14.1,14.03,-6.354551,53.392291
19_103,13.83,13.68,-6.354495,53.393189
19_104,13.56,13.42,-6.354439,53.394087
19_105,13.26,13.17,-6.354383,53.394985
19_106,12.97,12.92,-6.354328,53.395883
19_107,12.69,12.75,-6.354272,53.396781
19_108,12.39,12.5,-6.354216,53.397679
19_109,12.11,12.13,-6.354161,53.398577
19_110,12.09,12.05,-6.354105,53.399475
19_111,12.07,12.16,-6.354049,53.400373
19_112,12.44,12.45,-6.353993,53.401271
19_113,11.9,12.15,-6.353938,53.402169
19_114,11.87,12.11,-6.353882,53.403067
19_115,13.73,14.01,-6.353826,53.403964
19_116,11.07,11.22,-6.35377,53.404862
19_117,10.85,10.92,-6.353715,53.40576
19_118,10.73,11.02,-6.353659,53.406658
19_119,10.49,10.48,-6.353603,53.407556
19_120,10.44,10.45,-6.353547,53.408454
19_121,10.34,10.36,-6.353492,53.409352
19_122,10.23,10.2,-6.353436,53.41025
19_123,9.98,9.97,-6.35338,53.411148
19_124,9.75,9.76,-6.353324,53.412046
19_125,9.66,9.65,-6.353268,53.412944
19_126,9.77,9.8,-6.353213,53.413842
20_0,13.58,13.49,-6.358719,53.300669
20_1,13.43,13.38,-6.358664,53.301567
20_2,13.29,13.38,-6.358608,53.302465
20_3,13.08,13.2,-6.358553,53.303363
20_4,13,13,-6.358497,53.304261
20_5,13.38,13.24,-6.358442,53.305159
20_6,13.92,13.64,-6.358386,53.306057
20_7,14.32,14.11,-6.358331,53.306955
20_8,16.13,14.69,-6.358275,53.307853
20_9,18.29,18.07,-6.35822,53.30875
20_10,17.22,17.53,-6.358165,53.309648
20_11,15.61,16.58,-6.358109,53.310546
20_12,15.15,15.08,-6.358054,53.311444
20_13,15.35,15.29,-6.357998,53.312342
20_14,16.01,15.84,-6.357943,53.31324
20_15,15.18,15.29,-6.357887,53.314138
20_16,14.8,14.77,-6.357832,53.315036
20_17,14.51,14.51,-6.357776,53.315934
20_18,14.56,14.58,-6.357721,53.316832
20_19,14.89,14.88,-6.357665,53.31773
20_20,15.12,15.17,-6.35761,53.318628
20_21,15.29,15.29,-6.357554,53.319526
20_22,15.71,15.71,-6.357499,53.320424
20_23,17.21,17.56,-6.357443,53.321322
20_24,17.59,17.39,-6.357388,53.32222
20_25,16.63,16.43,-6.357332,53.323118
20_26,15.99,15.78,-6.357277,53.324015
20_27,17.28,15.86,-6.357221,53.324913
20_28,18.19,16.29,-6.357166,53.325811
20_29,16.24,16.25,-6.35711,53.326709
20_30,19.3,19.73,-6.357054,53.327607
20_31,15.96,15.59,-6.356999,53.328505
20_32,15.36,15.18,-6.356943,53.329403
20_33,15.1,15.09,-6.356888,53.330301
20_34,15.22,15.09,-6.356832,53.331199
20_35,15.29,15.19,-6.356777,53.332097
20_36,17.74,15.33,-6.356721,53.332995
20_37,14.95,15.21,-6.356666,53.333893
20_38,14.66,14.65,-6.35661,53.334791
20_39,15.11,15.08,-6.356555,53.335689
20_40,15.05,16.04,-6.356499,53.336587
20_41,14.55,14.69,-6.356443,53.337484
20_42,14.24,14.31,-6.356388,53.338382
20_43,13.96,14.04,-6.356332,53.33928
20_44,14.06,14.89,-6.356277,53.340178
20_45,16.46,16.19,-6.356221,53.341076
20_46,16.66,15.58,-6.356166,53.341974
20_47,17.71,17.79,-6.35611,53.342872
20_48,15.38,15.42,-6.356054,53.34377
20_49,15,15.08,-6.355999,53.344668
20_50,15.07,15.11,-6.355943,53.345566
20_51,15.3,15.32,-6.355888,53.346464
20_52,15.54,15.54,-6.355832,53.347362
20_53,15.64,15.58,-6.355776,53.34826
20_54,15.85,15.97,-6.355721,53.349158
20_55,16.23,16.45,-6.355665,53.350056
20_56,17.15,17.15,-6.35561,53.350953
20_57,20.16,17.6,-6.355554,53.351851
20_58,17.28,17.01,-6.355498,53.352749
20_59,16.84,16.8,-6.355443,53.353647
20_60,16.76,16.82,-6.355387,53.354545
20_61,16.67,16.87,-6.355332,53.355443
20_62,16.44,16.8,-6.355276,53.356341
20_63,17.48,17.7,-6.35522,53.357239
20_64,17.44,17.46,-6.355165,53.358137
20_65,17.27,17.25,-6.355109,53.359035
20_66,16.91,16.76,-6.355053,53.359933
20_67,16.73,16.76,-6.354998,53.360831
20_68,16.66,16.7,-6.354942,53.361729
20_69,16.65,16.62,-6.354886,53.362627
20_70,16.62,16.61,-6.354831,53.363525
20_71,16.58,16.59,-6.354775,53.364422
20_72,16.57,16.57,-6.35472,53.36532
20_73,16.61,16.56,-6.354664,53.366218
20_74,16.66,16.62,-6.354608,53.367116
20_75,16.69,16.68,-6.354553,53.368014
20_76,16.73,16.74,-6.354497,53.368912
20_77,16.76,16.72,-6.354441,53.36981
20_78,16.79,16.77,-6.354386,53.370708
20_79,17.08,17.19,-6.35433,53.371606
20_80,16.86,16.88,-6.354274,53.372504
20_81,16.66,16.68,-6.354219,53.373402
20_82,16.46,16.48,-6.354163,53.3743
20_83,16.42,16.45,-6.354107,53.375198
20_84,16.52,16.55,-6.354051,53.376096
20_85,16.64,16.62,-6.353996,53.376993
20_86,16.78,16.81,-6.35394,53.377891
20_87,17.14,17.14,-6.353884,53.378789
20_88,17.99,16.76,-6.353829,53.379687
20_89,16.95,16.59,-6.353773,53.380585
20_90,16.3,16.42,-6.353717,53.381483
20_91,16.06,16.35,-6.353662,53.382381
20_92,16.11,16.09,-6.353606,53.383279
20_93,16.49,16.52,-6.35355,53.384177
20_94,16.7,16.92,-6.353494,53.385075
20_95,16.8,17.32,-6.353439,53.385973
20_96,16.86,16.73,-6.353383,53.386871
20_97,17.44,18.2,-6.353327,53.387769
20_98,18.55,19.03,-6.353271,53.388666
20_99,18.75,19.03,-6.353216,53.389564
20_100,16.78,18.38,-6.35316,53.390462
20_101,15.15,16.22,-6.353104,53.39136
20_102,14.07,14.25,-6.353048,53.392258
20_103,13.75,13.92,-6.352993,53.393156
20_104,13.44,13.48,-6.352937,53.394054
20_105,13.18,13.26,-6.352881,53.394952
20_106,12.87,13.01,-6.352825,53.39585
20_107,12.54,12.46,-6.35277,53.396748
20_108,12.29,12.31,-6.352714,53.397646
20_109,12.23,12.26,-6.352658,53.398544
20_110,12.07,12.06,-6.352602,53.399442
20_111,12.33,12.18,-6.352547,53.400339
20_112,11.78,11.79,-6.352491,53.401237
20_113,11.32,11.32,-6.352435,53.402135
20_114,11.39,11.43,-6.352379,53.403033
20_115,11.37,11.29,-6.352324,53.403931
20_116,10.68,10.64,-6.352268,53.404829
20_117,10.54,10.6,-6.352212,53.405727
20_118,10.48,10.49,-6.352156,53.406625
20_119,10.44,10.42,-6.3521,53.407523
20_120,10.4,10.39,-6.352045,53.408421
20_121,10.36,10.35,-6.351989,53.409319
20_122,10.2,10.2,-6.351933,53.410217
20_123,9.94,9.86,-6.351877,53.411115
20_124,9.68,9.64,-6.351821,53.412012
20_125,9.68,9.69,-6.351766,53.41291
20_126,9.8,9.77,-6.35171,53.413808
21_0,13.76,14.06,-6.35722,53.300636
21_1,13.48,13.58,-6.357165,53.301534
21_2,13.24,13.29,-6.357109,53.302432
21_3,13.02,13.08,-6.357054,53.30333
21_4,12.93,12.86,-6.356998,53.304228
21_5,13.35,13.29,-6.356943,53.305126
21_6,13.9,13.7,-6.356887,53.306023
21_7,15.47,15.16,-6.356832,53.306921
21_8,17.3,16.66,-6.356776,53.307819
21_9,17.44,17.23,-6.356721,53.308717
21_10,15.89,15.89,-6.356665,53.309615
21_11,15.32,15.35,-6.35661,53.310513
21_12,15.03,17.67,-6.356554,53.311411
21_13,15.25,15.15,-6.356499,53.312309
21_14,15.14,15.13,-6.356443,53.313207
21_15,15.09,15.11,-6.356388,53.314105
21_16,14.73,14.63,-6.356332,53.315003
21_17,14.58,14.68,-6.356277,53.315901
21_18,14.47,14.46,-6.356221,53.316799
21_19,14.76,14.9,-6.356166,53.317697
21_20,15.31,15.44,-6.35611,53.318595
21_21,16.88,17.11,-6.356055,53.319493
21_22,15.74,15.7,-6.355999,53.32039
21_23,16.49,17.51,-6.355943,53.321288
21_24,32.94,18.13,-6.355888,53.322186
21_25,17.8,17.21,-6.355832,53.323084
21_26,16.72,17.21,-6.355777,53.323982
21_27,16.31,16.41,-6.355721,53.32488
21_28,16.27,16.38,-6.355666,53.325778
21_29,16.15,16.21,-6.35561,53.326676
21_30,20.34,16.04,-6.355555,53.327574
21_31,15.81,15.94,-6.355499,53.328472
21_32,15.26,15.33,-6.355443,53.32937
21_33,15.2,15.19,-6.355388,53.330268
21_34,15.11,15.2,-6.355332,53.331166
21_35,15.19,15.08,-6.355277,53.332064
21_36,19.1,15.27,-6.355221,53.332962
21_37,17.85,17.76,-6.355166,53.333859
21_38,15.13,14.91,-6.35511,53.334757
21_39,15.5,15.65,-6.355054,53.335655
21_40,16.21,15.23,-6.354999,53.336553
21_41,14.73,15.95,-6.354943,53.337451
21_42,14.39,14.38,-6.354888,53.338349
21_43,15.18,14.37,-6.354832,53.339247
21_44,14.37,14.46,-6.354776,53.340145
21_45,14.6,14.62,-6.354721,53.341043
21_46,15.69,15.7,-6.354665,53.341941
21_47,16.73,16.74,-6.35461,53.342839
21_48,16.86,16.62,-6.354554,53.343737
21_49,15.18,15.08,-6.354498,53.344635
21_50,15.16,15.45,-6.354443,53.345533
21_51,15.45,15.57,-6.354387,53.346431
21_52,15.74,15.77,-6.354332,53.347328
21_53,15.85,15.79,-6.354276,53.348226
21_54,16.08,16.54,-6.35422,53.349124
21_55,16.84,17.2,-6.354165,53.350022
21_56,17.31,19.13,-6.354109,53.35092
21_57,17.71,17.62,-6.354053,53.351818
21_58,17.13,17.2,-6.353998,53.352716
21_59,16.73,16.72,-6.353942,53.353614
21_60,16.64,16.7,-6.353886,53.354512
21_61,16.67,16.57,-6.353831,53.35541
21_62,16.58,16.49,-6.353775,53.356308
21_63,16.87,16.52,-6.353719,53.357206
21_64,17.09,17.04,-6.353664,53.358104
21_65,17.03,17.21,-6.353608,53.359002
21_66,16.64,16.55,-6.353552,53.359899
21_67,16.59,16.57,-6.353497,53.360797
21_68,16.53,16.57,-6.353441,53.361695
21_69,16.59,16.62,-6.353385,53.362593
21_70,16.57,16.56,-6.35333,53.363491
21_71,16.53,16.54,-6.353274,53.364389
21_72,16.55,16.55,-6.353218,53.365287
21_73,16.54,16.54,-6.353163,53.366185
21_74,16.56,16.55,-6.353107,53.367083
21_75,16.61,16.61,-6.353051,53.367981
21_76,16.64,16.66,-6.352996,53.368879
21_77,16.68,16.66,-6.35294,53.369777
21_78,19.47,19.47,-6.352884,53.370675
21_79,16.91,17.04,-6.352828,53.371573
21_80,16.87,16.87,-6.352773,53.37247
21_81,16.71,16.59,-6.352717,53.373368
21_82,16.52,16.48,-6.352661,53.374266
21_83,16.34,16.36,-6.352606,53.375164
21_84,16.41,16.48,-6.35255,53.376062
21_85,16.53,16.54,-6.352494,53.37696
21_86,16.65,16.81,-6.352438,53.377858
21_87,17.01,17.43,-6.352383,53.378756
21_88,16.4,16.76,-6.352327,53.379654
21_89,16.03,15.91,-6.352271,53.380552
21_90,15.83,15.91,-6.352215,53.38145
21_91,15.87,15.85,-6.35216,53.382348
21_92,15.6,15.5,-6.352104,53.383246
21_93,15.8,15.59,-6.352048,53.384144
21_94,15.93,15.86,-6.351992,53.385041
21_95,15.99,16.13,-6.351937,53.385939
21_96,16.08,15.62,-6.351881,53.386837
21_97,16.13,15.88,-6.351825,53.387735
21_98,17.58,17.34,-6.351769,53.388633
21_99,19.06,18.8,-6.351714,53.389531
21_100,18.78,19.51,-6.351658,53.390429
21_101,16.97,17.46,-6.351602,53.391327
21_102,14.58,15.35,-6.351546,53.392225
21_103,13.63,13.72,-6.351491,53.393123
21_104,13.21,13.22,-6.351435,53.394021
21_105,12.89,12.91,-6.351379,53.394919
21_106,12.56,12.69,-6.351323,53.395817
21_107,12.38,12.46,-6.351267,53.396714
21_108,12.39,12.35,-6.351212,53.397612
21_109,12.52,12.52,-6.351156,53.39851
21_110,12.18,12.31,-6.3511,53.399408
21_111,11.92,11.73,-6.351044,53.400306
21_112,11.52,11.38,-6.350988,53.401204
21_113,11.19,11.19,-6.350933,53.402102
21_114,11.17,11.28,-6.350877,53.403
21_115,11.19,11.14,-6.350821,53.403898
21_116,10.99,10.8,-6.350765,53.404796
21_117,10.53,10.48,-6.350709,53.405694
21_118,10.43,10.45,-6.350654,53.406592
21_119,10.39,10.36,-6.350598,53.407489
21_120,10.35,10.33,-6.350542,53.408387
21_121,10.3,10.31,-6.350486,53.409285
21_122,10.08,10.09,-6.35043,53.410183
21_123,9.83,9.89,-6.350374,53.411081
21_124,9.71,9.67,-6.350319,53.411979
21_125,9.74,9.74,-6.350263,53.412877
21_126,9.82,9.74,-6.350207,53.413775
22_0,13.96,13.91,-6.355721,53.300603
22_1,13.74,13.85,-6.355666,53.301501
22_2,13.37,13.44,-6.35561,53.302398
22_3,12.93,12.94,-6.355555,53.303296
22_4,12.9,12.88,-6.355499,53.304194
22_5,13.61,14.06,-6.355444,53.305092
22_6,14.58,14.76,-6.355388,53.30599
22_7,16.05,15.99,-6.355333,53.306888
22_8,17.27,17.52,-6.355277,53.307786
22_9,16.9,16.67,-6.355222,53.308684
22_10,16.1,15.93,-6.355166,53.309582
22_11,15.34,15.25,-6.35511,53.31048
22_12,15.25,17.67,-6.355055,53.311378
22_13,14.94,14.76,-6.354999,53.312276
22_14,14.68,14.77,-6.354944,53.313174
22_15,14.87,14.98,-6.354888,53.314072
22_16,14.89,14.98,-6.354833,53.31497
22_17,14.96,14.85,-6.354777,53.315868
22_18,14.75,14.85,-6.354722,53.316765
22_19,14.91,14.76,-6.354666,53.317663
22_20,15.19,15.03,-6.354611,53.318561
22_21,15.36,15.22,-6.354555,53.319459
22_22,15.55,16.99,-6.354499,53.320357
22_23,16.12,15.87,-6.354444,53.321255
22_24,17.57,17.13,-6.354388,53.322153
22_25,29.65,29.07,-6.354333,53.323051
22_26,17.32,17.69,-6.354277,53.323949
22_27,16.83,16.61,-6.354222,53.324847
22_28,16.04,16.23,-6.354166,53.325745
22_29,15.86,15.82,-6.35411,53.326643
22_30,17.48,20.14,-6.354055,53.327541
22_31,15.72,15.94,-6.353999,53.328439
22_32,15.25,15.28,-6.353944,53.329337
22_33,15.04,15.05,-6.353888,53.330234
22_34,14.94,14.98,-6.353832,53.331132
22_35,15.03,14.97,-6.353777,53.33203
22_36,15.1,15.05,-6.353721,53.332928
22_37,15.11,15.12,-6.353666,53.333826
22_38,15.12,15.2,-6.35361,53.334724
22_39,15.54,15.26,-6.353554,53.335622
22_40,15.4,15.2,-6.353499,53.33652
22_41,14.93,16.04,-6.353443,53.337418
22_42,14.65,14.58,-6.353387,53.338316
22_43,14.44,14.37,-6.353332,53.339214
22_44,14.47,14.7,-6.353276,53.340112
22_45,15.26,15.24,-6.35322,53.34101
22_46,15.86,19.69,-6.353165,53.341908
22_47,15.98,15.69,-6.353109,53.342806
22_48,15.39,16.44,-6.353054,53.343703
22_49,15.28,17.03,-6.352998,53.344601
22_50,15.25,17.03,-6.352942,53.345499
22_51,15.82,15.36,-6.352887,53.346397
22_52,16.09,16.12,-6.352831,53.347295
22_53,16.15,16.06,-6.352775,53.348193
22_54,16.52,16.53,-6.35272,53.349091
22_55,17.26,17.05,-6.352664,53.349989
22_56,17.05,17.28,-6.352608,53.350887
22_57,17.1,16.94,-6.352553,53.351785
22_58,16.86,16.81,-6.352497,53.352683
22_59,16.61,16.61,-6.352441,53.353581
22_60,16.58,16.55,-6.352386,53.354479
22_61,16.59,16.8,-6.35233,53.355377
22_62,16,15.88,-6.352274,53.356274
22_63,15.92,15.76,-6.352219,53.357172
22_64,16.14,16.13,-6.352163,53.35807
22_65,16.51,16.57,-6.352107,53.358968
22_66,16.54,16.5,-6.352051,53.359866
22_67,16.48,16.47,-6.351996,53.360764
22_68,16.39,16.42,-6.35194,53.361662
22_69,16.45,16.51,-6.351884,53.36256
22_70,16.52,16.5,-6.351829,53.363458
22_71,16.49,16.48,-6.351773,53.364356
22_72,16.51,16.53,-6.351717,53.365254
22_73,16.54,16.55,-6.351661,53.366152
22_74,16.52,16.54,-6.351606,53.36705
22_75,16.53,16.55,-6.35155,53.367948
22_76,16.56,16.6,-6.351494,53.368845
22_77,16.61,16.6,-6.351439,53.369743
22_78,20.95,16.87,-6.351383,53.370641
22_79,16.35,16.44,-6.351327,53.371539
22_80,16.25,16.52,-6.351271,53.372437
22_81,16.14,16.03,-6.351216,53.373335
22_82,16.1,16.03,-6.35116,53.374233
22_83,16.14,16.14,-6.351104,53.375131
22_84,16.34,16.25,-6.351048,53.376029
22_85,16.42,16.39,-6.350993,53.376927
22_86,16.52,16.48,-6.350937,53.377825
22_87,17.12,16.8,-6.350881,53.378723
22_88,16.18,16.7,-6.350825,53.379621
22_89,15.59,15.51,-6.350769,53.380518
22_90,15.62,15.56,-6.350714,53.381416
22_91,15.5,15.63,-6.350658,53.382314
22_92,15.31,15.21,-6.350602,53.383212
22_93,15.3,15.24,-6.350546,53.38411
22_94,15.32,15.32,-6.350491,53.385008
22_95,15.35,15.4,-6.350435,53.385906
22_96,15.37,15.2,-6.350379,53.386804
22_97,15.27,15.22,-6.350323,53.387702
22_98,16.31,16.39,-6.350267,53.3886
22_99,17.72,18.29,-6.350212,53.389498
22_100,19.92,19.82,-6.350156,53.390396
22_101,18.27,17.93,-6.3501,53.391294
22_102,14.84,14.66,-6.350044,53.392191
22_103,13.72,13.66,-6.349988,53.393089
22_104,13.19,13.12,-6.349933,53.393987
22_105,12.8,12.72,-6.349877,53.394885
22_106,12.39,12.41,-6.349821,53.395783
22_107,12.28,12.37,-6.349765,53.396681
22_108,12.15,12.1,-6.349709,53.397579
22_109,12.32,12.36,-6.349653,53.398477
22_110,11.97,11.94,-6.349598,53.399375
22_111,11.62,11.37,-6.349542,53.400273
22_112,11.27,11.14,-6.349486,53.401171
22_113,11.12,11.12,-6.34943,53.402069
22_114,11.08,11.12,-6.349374,53.402967
22_115,11.06,11.03,-6.349318,53.403864
22_116,11.03,11.02,-6.349263,53.404762
22_117,10.68,10.9,-6.349207,53.40566
22_118,10.34,10.49,-6.349151,53.406558
22_119,10.33,10.29,-6.349095,53.407456
22_120,10.28,10.28,-6.349039,53.408354
22_121,10.26,10.25,-6.348983,53.409252
22_122,9.96,10.11,-6.348927,53.41015
22_123,9.69,9.7,-6.348872,53.411048
22_124,9.78,9.78,-6.348816,53.411946
22_125,9.9,9.78,-6.34876,53.412844
22_126,9.82,9.85,-6.348704,53.413742
23_0,14.24,14.16,-6.354222,53.300569
23_1,14.05,14.13,-6.354167,53.301467
23_2,13.81,13.77,-6.354111,53.302365
23_3,13.42,13.22,-6.354056,53.303263
23_4,13.09,13.33,-6.354,53.304161
23_5,14.3,14.77,-6.353945,53.305059
23_6,15.42,16.09,-6.353889,53.305957
23_7,16.93,16.98,-6.353833,53.306855
23_8,15.59,16.27,-6.353778,53.307753
23_9,15.78,15.17,-6.353722,53.308651
23_10,17.21,15.55,-6.353667,53.309549
23_11,18.26,19.85,-6.353611,53.310447
23_12,15.58,17.12,-6.353556,53.311345
23_13,15.11,15.37,-6.3535,53.312242
23_14,14.82,14.88,-6.353445,53.31314
23_15,15.02,14.79,-6.353389,53.314038
23_16,18.09,17.16,-6.353333,53.314936
23_17,15.13,15.24,-6.353278,53.315834
23_18,14.76,14.85,-6.353222,53.316732
23_19,14.83,14.87,-6.353167,53.31763
23_20,14.79,14.53,-6.353111,53.318528
23_21,15.01,14.89,-6.353055,53.319426
23_22,16.72,16.72,-6.353,53.320324
23_23,16.02,15.75,-6.352944,53.321222
23_24,17.1,16.89,-6.352889,53.32212
23_25,17.98,17.84,-6.352833,53.323018
23_26,17.59,17.67,-6.352777,53.323916
23_27,16.96,17.2,-6.352722,53.324814
23_28,16.26,15.91,-6.352666,53.325712
23_29,15.53,15.4,-6.35261,53.326609
23_30,17.2,15.53,-6.352555,53.327507
23_31,15.37,15.64,-6.352499,53.328405
23_32,15.39,15.37,-6.352444,53.329303
23_33,15.18,15.13,-6.352388,53.330201
23_34,14.89,14.79,-6.352332,53.331099
23_35,14.83,14.97,-6.352277,53.331997
23_36,14.84,14.77,-6.352221,53.332895
23_37,14.82,14.84,-6.352165,53.333793
23_38,14.85,14.95,-6.35211,53.334691
23_39,17.83,14.79,-6.352054,53.335589
23_40,14.81,14.8,-6.351998,53.336487
23_41,14.73,14.8,-6.351943,53.337385
23_42,14.67,14.73,-6.351887,53.338283
23_43,14.5,14.6,-6.351831,53.33918
23_44,14.26,14.38,-6.351776,53.340078
23_45,14.89,14.58,-6.35172,53.340976
23_46,15.93,15.4,-6.351664,53.341874
23_47,16.05,16.35,-6.351609,53.342772
23_48,15.53,15.66,-6.351553,53.34367
23_49,15.19,15.24,-6.351497,53.344568
23_50,17.6,15.28,-6.351442,53.345466
23_51,15.51,15.3,-6.351386,53.346364
23_52,16.29,16.17,-6.35133,53.347262
23_53,16.32,16.19,-6.351275,53.34816
23_54,16.64,16.53,-6.351219,53.349058
23_55,17.35,17.25,-6.351163,53.349956
23_56,16.68,18.97,-6.351108,53.350854
23_57,16.61,16.63,-6.351052,53.351752
23_58,16.65,16.55,-6.350996,53.352649
23_59,16.53,16.56,-6.35094,53.353547
23_60,16.67,16.67,-6.350885,53.354445
23_61,16.17,16.33,-6.350829,53.355343
23_62,15.78,15.57,-6.350773,53.356241
23_63,16.07,16.2,-6.350718,53.357139
23_64,16.39,16.34,-6.350662,53.358037
23_65,16.47,16.49,-6.350606,53.358935
23_66,16.48,16.53,-6.35055,53.359833
23_67,16.4,16.34,-6.350495,53.360731
23_68,16.28,16.28,-6.350439,53.361629
23_69,16.32,16.4,-6.350383,53.362527
23_70,16.41,16.43,-6.350327,53.363425
23_71,16.44,16.46,-6.350272,53.364322
23_72,16.49,16.51,-6.350216,53.36522
23_73,16.57,16.55,-6.35016,53.366118
23_74,16.44,16.53,-6.350104,53.367016
23_75,16.29,16.29,-6.350049,53.367914
23_76,16.5,16.43,-6.349993,53.368812
23_77,16.55,16.47,-6.349937,53.36971
23_78,16.78,21.03,-6.349881,53.370608
23_79,15.74,16.14,-6.349826,53.371506
23_80,15.78,15.85,-6.34977,53.372404
23_81,15.86,15.78,-6.349714,53.373302
23_82,15.91,15.87,-6.349658,53.3742
23_83,15.88,15.9,-6.349603,53.375098
23_84,16.03,16.04,-6.349547,53.375996
23_85,16.34,16.2,-6.349491,53.376893
23_86,16.74,16.56,-6.349435,53.377791
23_87,16.64,16.91,-6.349379,53.378689
23_88,15.69,16.26,-6.349324,53.379587
23_89,15.34,15.28,-6.349268,53.380485
23_90,15.37,15.37,-6.349212,53.381383
23_91,15.29,15.35,-6.349156,53.382281
23_92,15.08,15.21,-6.3491,53.383179
23_93,15.06,15.02,-6.349045,53.384077
23_94,15.1,15.11,-6.348989,53.384975
23_95,15.03,15.18,-6.348933,53.385873
23_96,14.91,14.72,-6.348877,53.386771
23_97,14.84,14.74,-6.348821,53.387668
23_98,15.46,15.74,-6.348765,53.388566
23_99,17.25,18.23,-6.34871,53.389464
23_100,19.14,19.01,-6.348654,53.390362
23_101,18.64,17.52,-6.348598,53.39126
23_102,14.84,14.26,-6.348542,53.392158
23_103,13.9,13.66,-6.348486,53.393056
23_104,13.3,13.07,-6.34843,53.393954
23_105,12.78,12.58,-6.348375,53.394852
23_106,12.31,12.58,-6.348319,53.39575
23_107,12.17,12.24,-6.348263,53.396648
23_108,12.17,12.09,-6.348207,53.397546
23_109,12.37,12.33,-6.348151,53.398444
23_110,11.85,12.08,-6.348095,53.399341
23_111,11.44,11.7,-6.348039,53.400239
23_112,11.09,11.12,-6.347984,53.401137
23_113,11.08,11.08,-6.347928,53.402035
23_114,11.04,11.06,-6.347872,53.402933
23_115,10.99,10.97,-6.347816,53.403831
23_116,10.95,10.94,-6.34776,53.404729
23_117,10.51,10.64,-6.347704,53.405627
23_118,10.22,10.26,-6.347648,53.406525
23_119,10.21,10.26,-6.347592,53.407423
23_120,10.2,10.26,-6.347536,53.408321
23_121,10.27,10.25,-6.347481,53.409219
23_122,10.28,10.16,-6.347425,53.410116
23_123,9.86,10.06,-6.347369,53.411014
23_124,10.44,10.5,-6.347313,53.411912
23_125,10.74,10.56,-6.347257,53.41281
23_126,10.02,9.94,-6.347201,53.413708
24_0,19.28,18.98,-6.352723,53.300536
24_1,20.51,13.96,-6.352668,53.301434
24_2,14.43,14.7,-6.352612,53.302332
24_3,14.21,14.45,-6.352557,53.30323
24_4,14.3,13.96,-6.352501,53.304128
24_5,14.93,15.48,-6.352446,53.305026
24_6,33.32,16.65,-6.35239,53.305924
24_7,16.44,16.96,-6.352334,53.306822
24_8,15.66,16.13,-6.352279,53.30772
24_9,14.85,14.7,-6.352223,53.308617
24_10,14.87,14.85,-6.352168,53.309515
24_11,16.32,16.38,-6.352112,53.310413
24_12,15.99,15.99,-6.352056,53.311311
24_13,15.45,15.66,-6.352001,53.312209
24_14,15.23,15.28,-6.351945,53.313107
24_15,15.35,15.2,-6.35189,53.314005
24_16,15.77,15.64,-6.351834,53.314903
24_17,15.75,15.88,-6.351778,53.315801
24_18,14.78,14.78,-6.351723,53.316699
24_19,14.42,14.52,-6.351667,53.317597
24_20,14.35,14.32,-6.351611,53.318495
24_21,14.73,14.73,-6.351556,53.319393
24_22,15.14,15.2,-6.3515,53.320291
24_23,15.45,15.74,-6.351445,53.321189
24_24,16.46,16.32,-6.351389,53.322086
24_25,17.16,17.36,-6.351333,53.322984
24_26,17.83,17.86,-6.351278,53.323882
24_27,17.65,17.13,-6.351222,53.32478
24_28,16.11,15.45,-6.351166,53.325678
24_29,14.9,14.86,-6.351111,53.326576
24_30,17.05,16.72,-6.351055,53.327474
24_31,16.01,15.19,-6.350999,53.328372
24_32,15.33,15.46,-6.350944,53.32927
24_33,15.4,15.46,-6.350888,53.330168
24_34,15.27,17.83,-6.350832,53.331066
24_35,14.82,15,-6.350777,53.331964
24_36,14.6,14.74,-6.350721,53.332862
24_37,14.55,14.49,-6.350665,53.33376
24_38,14.55,14.56,-6.35061,53.334658
24_39,17.38,14.28,-6.350554,53.335555
24_40,14.71,14.32,-6.350498,53.336453
24_41,14.63,14.67,-6.350443,53.337351
24_42,14.67,14.69,-6.350387,53.338249
24_43,14.57,14.58,-6.350331,53.339147
24_44,14.34,14.4,-6.350276,53.340045
24_45,14.41,14.4,-6.35022,53.340943
24_46,15.73,15.76,-6.350164,53.341841
24_47,16.31,16.44,-6.350108,53.342739
24_48,15.51,15.57,-6.350053,53.343637
24_49,18.51,18.51,-6.349997,53.344535
24_50,15.01,15.21,-6.349941,53.345433
24_51,16.88,16.83,-6.349886,53.346331
24_52,15.92,16.05,-6.34983,53.347229
24_53,16.48,16.44,-6.349774,53.348126
24_54,16.95,16.81,-6.349718,53.349024
24_55,19.91,20.34,-6.349663,53.349922
24_56,16.49,16.36,-6.349607,53.35082
24_57,16.6,16.66,-6.349551,53.351718
24_58,16.67,16.55,-6.349495,53.352616
24_59,16.79,16.5,-6.34944,53.353514
24_60,16.31,16.16,-6.349384,53.354412
24_61,15.76,15.74,-6.349328,53.35531
24_62,15.59,15.44,-6.349272,53.356208
24_63,15.41,15.43,-6.349217,53.357106
24_64,15.83,16.12,-6.349161,53.358004
24_65,16.39,16.12,-6.349105,53.358902
24_66,16.44,16.33,-6.349049,53.3598
24_67,16.39,16.45,-6.348994,53.360697
24_68,16.21,16.29,-6.348938,53.361595
24_69,16.18,16.17,-6.348882,53.362493
24_70,16.28,16.19,-6.348826,53.363391
24_71,16.3,16.31,-6.348771,53.364289
24_72,16.24,16.29,-6.348715,53.365187
24_73,16.55,16.53,-6.348659,53.366085
24_74,16.32,16.29,-6.348603,53.366983
24_75,16,16.05,-6.348547,53.367881
24_76,16.07,16.2,-6.348492,53.368779
24_77,16.22,16.47,-6.348436,53.369677
24_78,15.99,16.02,-6.34838,53.370575
24_79,15.8,15.81,-6.348324,53.371473
24_80,15.63,15.66,-6.348268,53.37237
24_81,15.67,15.56,-6.348213,53.373268
24_82,15.64,15.59,-6.348157,53.374166
24_83,15.59,15.62,-6.348101,53.375064
24_84,15.76,15.83,-6.348045,53.375962
24_85,16.22,16.43,-6.347989,53.37686
24_86,17.05,16.87,-6.347934,53.377758
24_87,15.92,16.02,-6.347878,53.378656
24_88,15.22,15.29,-6.347822,53.379554
24_89,15.16,15.15,-6.347766,53.380452
24_90,15.16,15.12,-6.34771,53.38135
24_91,15.01,15.03,-6.347654,53.382248
24_92,14.85,14.95,-6.347599,53.383146
24_93,14.79,14.65,-6.347543,53.384043
24_94,14.67,14.68,-6.347487,53.384941
24_95,14.55,14.7,-6.347431,53.385839
24_96,14.47,14.72,-6.347375,53.386737
24_97,14.35,14.27,-6.347319,53.387635
24_98,14.48,14.27,-6.347263,53.388533
24_99,15.38,15.22,-6.347208,53.389431
24_100,16.62,15.04,-6.347152,53.390329
24_101,18.32,17.52,-6.347096,53.391227
24_102,17.07,18.42,-6.34704,53.392125
24_103,16.15,15.87,-6.346984,53.393023
24_104,14.89,15.66,-6.346928,53.393921
24_105,13.14,13.49,-6.346872,53.394818
24_106,12.25,12.44,-6.346816,53.395716
24_107,12.01,12.09,-6.346761,53.396614
24_108,12.28,12.34,-6.346705,53.397512
24_109,12.24,12.31,-6.346649,53.39841
24_110,11.79,11.81,-6.346593,53.399308
24_111,11.32,11.45,-6.346537,53.400206
24_112,11.03,11.03,-6.346481,53.401104
24_113,11.02,11.02,-6.346425,53.402002
24_114,10.99,11.01,-6.346369,53.4029
24_115,10.92,10.97,-6.346313,53.403798
24_116,10.88,10.9,-6.346257,53.404696
24_117,10.53,10.42,-6.346202,53.405593
24_118,10.29,10.2,-6.346146,53.406491
24_119,10.4,10.53,-6.34609,53.407389
24_120,10.63,10.72,-6.346034,53.408287
24_121,10.79,10.79,-6.345978,53.409185
24_122,10.77,10.51,-6.345922,53.410083
24_123,10.46,10.56,-6.345866,53.410981
24_124,10.59,10.66,-6.34581,53.411879
24_125,10.73,10.66,-6.345754,53.412777
24_126,10.3,10.08,-6.345698,53.413675
25_0,13.37,13.36,-6.351224,53.300503
25_1,14.24,13.96,-6.351169,53.301401
25_2,15.16,14.78,-6.351113,53.302299
25_3,15.69,15.72,-6.351058,53.303197
25_4,16.12,15.71,-6.351002,53.304094
25_5,17.36,19.04,-6.350946,53.304992
25_6,17.55,17.56,-6.350891,53.30589
25_7,15.75,15.88,-6.350835,53.306788
25_8,14.9,15.13,-6.35078,53.307686
25_9,16.42,14.55,-6.350724,53.308584
25_10,14.71,14.69,-6.350668,53.309482
25_11,15.15,15.2,-6.350613,53.31038
25_12,15.94,16.05,-6.350557,53.311278
25_13,15.95,15.84,-6.350501,53.312176
25_14,15.76,15.87,-6.350446,53.313074
25_15,16.05,15.99,-6.35039,53.313972
25_16,16.39,21.93,-6.350334,53.31487
25_17,16.15,16.03,-6.350279,53.315768
25_18,15.17,14.85,-6.350223,53.316666
25_19,14.33,14.25,-6.350168,53.317563
25_20,14.19,14.32,-6.350112,53.318461
25_21,14.44,14.53,-6.350056,53.319359
25_22,14.85,15.07,-6.350001,53.320257
25_23,15.34,15.46,-6.349945,53.321155
25_24,15.72,15.92,-6.349889,53.322053
25_25,16.48,15.92,-6.349834,53.322951
25_26,17.46,17.07,-6.349778,53.323849
25_27,17.03,17.6,-6.349722,53.324747
25_28,16.17,16.74,-6.349667,53.325645
25_29,15.29,15.74,-6.349611,53.326543
25_30,14.85,14.81,-6.349555,53.327441
25_31,15.17,15.12,-6.349499,53.328339
25_32,16.97,17.24,-6.349444,53.329237
25_33,15.54,15.49,-6.349388,53.330135
25_34,17.98,17.48,-6.349332,53.331032
25_35,15.02,15.08,-6.349277,53.33193
25_36,14.75,14.85,-6.349221,53.332828
25_37,14.5,14.57,-6.349165,53.333726
25_38,14.33,14.29,-6.34911,53.334624
25_39,14.26,14.28,-6.349054,53.335522
25_40,14.33,14.31,-6.348998,53.33642
25_41,14.62,14.62,-6.348942,53.337318
25_42,15.28,15.28,-6.348887,53.338216
25_43,14.77,20.59,-6.348831,53.339114
25_44,14.85,19.35,-6.348775,53.340012
25_45,19.56,19.39,-6.348719,53.34091
25_46,22.05,19.98,-6.348664,53.341808
25_47,16.59,16.41,-6.348608,53.342706
25_48,15.74,15.61,-6.348552,53.343603
25_49,15.26,15.28,-6.348497,53.344501
25_50,15.16,15.08,-6.348441,53.345399
25_51,15.38,21.54,-6.348385,53.346297
25_52,16.27,16.59,-6.348329,53.347195
25_53,17.05,17,-6.348274,53.348093
25_54,16.89,17.06,-6.348218,53.348991
25_55,16.67,16.33,-6.348162,53.349889
25_56,16.16,15.96,-6.348106,53.350787
25_57,15.87,15.96,-6.34805,53.351685
25_58,16.28,16.26,-6.347995,53.352583
25_59,16.23,16.29,-6.347939,53.353481
25_60,15.94,16.02,-6.347883,53.354379
25_61,15.68,15.78,-6.347827,53.355277
25_62,15.46,15.46,-6.347772,53.356174
25_63,15.55,15.52,-6.347716,53.357072
25_64,15.86,15.76,-6.34766,53.35797
25_65,16.14,15.98,-6.347604,53.358868
25_66,16.29,16.16,-6.347548,53.359766
25_67,16.32,16.25,-6.347493,53.360664
25_68,16.26,16.28,-6.347437,53.361562
25_69,16.11,16.16,-6.347381,53.36246
25_70,16.19,16.13,-6.347325,53.363358
25_71,16.13,16.11,-6.347269,53.364256
25_72,16.01,16.06,-6.347214,53.365154
25_73,15.97,16.25,-6.347158,53.366052
25_74,15.95,15.97,-6.347102,53.36695
25_75,15.98,15.98,-6.347046,53.367847
25_76,15.78,15.73,-6.34699,53.368745
25_77,15.88,15.9,-6.346934,53.369643
25_78,15.89,15.83,-6.346879,53.370541
25_79,15.73,15.71,-6.346823,53.371439
25_80,15.6,15.6,-6.346767,53.372337
25_81,15.56,15.55,-6.346711,53.373235
25_82,15.53,15.53,-6.346655,53.374133
25_83,15.51,15.51,-6.346599,53.375031
25_84,15.8,15.8,-6.346544,53.375929
25_85,16.42,16.65,-6.346488,53.376827
25_86,16.51,16.14,-6.346432,53.377725
25_87,15.62,15.41,-6.346376,53.378623
25_88,15.2,15.14,-6.34632,53.37952
25_89,15.06,15.04,-6.346264,53.380418
25_90,14.7,14.97,-6.346208,53.381316
25_91,14.5,14.63,-6.346153,53.382214
25_92,14.41,14.61,-6.346097,53.383112
25_93,14.31,14.15,-6.346041,53.38401
25_94,14.21,14.19,-6.345985,53.384908
25_95,14.13,14.22,-6.345929,53.385806
25_96,14.01,14.23,-6.345873,53.386704
25_97,13.93,13.79,-6.345817,53.387602
25_98,13.98,13.86,-6.345761,53.3885
25_99,14.24,14.33,-6.345706,53.389398
25_100,14.82,14.17,-6.34565,53.390295
25_101,18.22,17.31,-6.345594,53.391193
25_102,18.85,18.82,-6.345538,53.392091
25_103,17.46,17.47,-6.345482,53.392989
25_104,14.64,14.89,-6.345426,53.393887
25_105,13.78,13.85,-6.34537,53.394785
25_106,12.65,12.66,-6.345314,53.395683
25_107,12.27,12.19,-6.345258,53.396581
25_108,12.65,12.59,-6.345202,53.397479
25_109,12.17,12.1,-6.345146,53.398377
25_110,11.91,11.88,-6.34509,53.399275
25_111,11.5,11.41,-6.345035,53.400173
25_112,11.1,11.12,-6.344979,53.40107
25_113,11.08,11.08,-6.344923,53.401968
25_114,11.08,11,-6.344867,53.402866
25_115,11.04,10.96,-6.344811,53.403764
25_116,11.03,11.06,-6.344755,53.404662
25_117,10.88,10.69,-6.344699,53.40556
25_118,10.59,10.49,-6.344643,53.406458
25_119,10.63,10.71,-6.344587,53.407356
25_120,10.84,10.87,-6.344531,53.408254
25_121,10.93,10.87,-6.344475,53.409152
25_122,10.93,10.99,-6.344419,53.41005
25_123,10.66,10.61,-6.344363,53.410948
25_124,10.57,10.37,-6.344307,53.411845
25_125,10.63,10.61,-6.344251,53.412743
25_126,10.39,10.55,-6.344195,53.413641
26_0,13.92,13.01,-6.349726,53.300469
26_1,14.13,13.93,-6.34967,53.301367
26_2,15.14,15.27,-6.349614,53.302265
26_3,16.07,16.16,-6.349559,53.303163
26_4,17.66,17.74,-6.349503,53.304061
26_5,19.46,19.04,-6.349447,53.304959
26_6,16.84,16.23,-6.349392,53.305857
26_7,18.21,15.36,-6.349336,53.306755
26_8,14.83,14.71,-6.34928,53.307653
26_9,16.78,16.21,-6.349225,53.308551
26_10,14.56,14.59,-6.349169,53.309449
26_11,14.66,14.71,-6.349113,53.310347
26_12,15.34,15.8,-6.349058,53.311245
26_13,15.78,15.66,-6.349002,53.312143
26_14,16.01,15.79,-6.348946,53.31304
26_15,15.68,15.88,-6.348891,53.313938
26_16,15.83,15.88,-6.348835,53.314836
26_17,15.99,15.62,-6.348779,53.315734
26_18,15.62,15.92,-6.348724,53.316632
26_19,14.58,15.05,-6.348668,53.31753
26_20,14.14,14.25,-6.348612,53.318428
26_21,14.55,14.56,-6.348557,53.319326
26_22,14.75,14.86,-6.348501,53.320224
26_23,15.11,14.94,-6.348445,53.321122
26_24,15.69,15.47,-6.34839,53.32202
26_25,16.41,16.23,-6.348334,53.322918
26_26,17.05,16.9,-6.348278,53.323816
26_27,23.49,17.26,-6.348222,53.324714
26_28,16.7,16.78,-6.348167,53.325612
26_29,15.96,16.09,-6.348111,53.326509
26_30,15.1,15.19,-6.348055,53.327407
26_31,17.25,15.04,-6.348,53.328305
26_32,15.31,15.28,-6.347944,53.329203
26_33,15.33,15.31,-6.347888,53.330101
26_34,15.52,15.51,-6.347832,53.330999
26_35,15.23,15.16,-6.347777,53.331897
26_36,14.95,15.18,-6.347721,53.332795
26_37,14.95,14.98,-6.347665,53.333693
26_38,14.66,14.62,-6.347609,53.334591
26_39,14.6,14.32,-6.347554,53.335489
26_40,15.05,15.52,-6.347498,53.336387
26_41,15.32,15.29,-6.347442,53.337285
26_42,15.35,19.73,-6.347386,53.338183
26_43,15.48,20.59,-6.347331,53.33908
26_44,15.25,15.12,-6.347275,53.339978
26_45,15.14,15.34,-6.347219,53.340876
26_46,15.91,16.5,-6.347163,53.341774
26_47,16.46,16.02,-6.347108,53.342672
26_48,15.87,15.6,-6.347052,53.34357
26_49,15.23,15.6,-6.346996,53.344468
26_50,15.27,15.16,-6.34694,53.345366
26_51,23.7,16.03,-6.346885,53.346264
26_52,16.54,16.2,-6.346829,53.347162
26_53,17.04,21.29,-6.346773,53.34806
26_54,16.83,19.85,-6.346717,53.348958
26_55,16.32,16.25,-6.346661,53.349856
26_56,16.14,16.14,-6.346606,53.350754
26_57,15.77,16.01,-6.34655,53.351651
26_58,15.7,16.1,-6.346494,53.352549
26_59,15.95,15.77,-6.346438,53.353447
26_60,15.74,15.79,-6.346382,53.354345
26_61,15.53,15.61,-6.346327,53.355243
26_62,15.4,15.46,-6.346271,53.356141
26_63,15.46,15.45,-6.346215,53.357039
26_64,15.56,15.54,-6.346159,53.357937
26_65,15.73,15.84,-6.346103,53.358835
26_66,15.93,15.79,-6.346047,53.359733
26_67,15.99,15.93,-6.345992,53.360631
26_68,15.85,15.92,-6.345936,53.361529
26_69,15.8,15.93,-6.34588,53.362427
26_70,16.06,16,-6.345824,53.363324
26_71,15.97,15.97,-6.345768,53.364222
26_72,15.96,15.97,-6.345712,53.36512
26_73,16.02,16.02,-6.345657,53.366018
26_74,15.95,15.99,-6.345601,53.366916
26_75,16.01,16.03,-6.345545,53.367814
26_76,15.7,15.75,-6.345489,53.368712
26_77,15.61,15.77,-6.345433,53.36961
26_78,15.8,15.75,-6.345377,53.370508
26_79,15.69,15.65,-6.345321,53.371406
26_80,15.57,15.57,-6.345266,53.372304
26_81,15.55,15.57,-6.34521,53.373202
26_82,15.53,15.53,-6.345154,53.374099
26_83,15.5,15.51,-6.345098,53.374997
26_84,15.92,15.71,-6.345042,53.375895
26_85,16.37,16.38,-6.344986,53.376793
26_86,16.05,16.13,-6.34493,53.377691
26_87,15.43,15.65,-6.344874,53.378589
26_88,14.99,15.33,-6.344819,53.379487
26_89,14.78,14.52,-6.344763,53.380385
26_90,14.42,14.41,-6.344707,53.381283
26_91,14.02,14.06,-6.344651,53.382181
26_92,13.92,14.1,-6.344595,53.383079
26_93,13.82,13.67,-6.344539,53.383977
26_94,13.76,13.71,-6.344483,53.384875
26_95,13.66,13.76,-6.344427,53.385772
26_96,13.6,13.78,-6.344371,53.38667
26_97,13.49,13.4,-6.344315,53.387568
26_98,13.69,13.69,-6.344259,53.388466
26_99,13.91,13.97,-6.344203,53.389364
26_100,14.25,14.17,-6.344148,53.390262
26_101,15.56,15.49,-6.344092,53.39116
26_102,18.08,18.24,-6.344036,53.392058
26_103,17.84,17.61,-6.34398,53.392956
26_104,15.25,14.93,-6.343924,53.393854
26_105,13.99,13.72,-6.343868,53.394752
26_106,12.93,12.74,-6.343812,53.39565
26_107,12.39,12.4,-6.343756,53.396547
26_108,12.72,12.4,-6.3437,53.397445
26_109,12.18,12.13,-6.343644,53.398343
26_110,12.04,11.96,-6.343588,53.399241
26_111,11.73,11.5,-6.343532,53.400139
26_112,11.26,11.22,-6.343476,53.401037
26_113,11.19,11.22,-6.34342,53.401935
26_114,11.19,11.19,-6.343364,53.402833
26_115,11.17,11.18,-6.343308,53.403731
26_116,11.15,11.15,-6.343252,53.404629
26_117,11.28,11.23,-6.343196,53.405527
26_118,11.06,11.11,-6.34314,53.406425
26_119,10.62,10.72,-6.343084,53.407322
26_120,10.58,10.55,-6.343028,53.40822
26_121,10.55,10.55,-6.342972,53.409118
26_122,10.53,10.58,-6.342916,53.410016
26_123,10.41,10.5,-6.34286,53.410914
26_124,10.1,10.17,-6.342804,53.411812
26_125,9.94,9.95,-6.342748,53.41271
26_126,9.94,10.06,-6.342692,53.413608
27_0,13.6,14.56,-6.348227,53.300436
27_1,14.4,14.43,-6.348171,53.301334
27_2,15.33,15.72,-6.348115,53.302232
27_3,16.32,16.65,-6.34806,53.30313
27_4,18.57,18.81,-6.348004,53.304028
27_5,16.73,18.09,-6.347948,53.304926
27_6,15.98,15.56,-6.347893,53.305824
27_7,15.25,15.16,-6.347837,53.306722
27_8,19.43,15.16,-6.347781,53.30762
27_9,14.72,14.9,-6.347726,53.308517
27_10,14.51,14.71,-6.34767,53.309415
27_11,14.74,14.63,-6.347614,53.310313
27_12,14.89,14.88,-6.347558,53.311211
27_13,15.42,15.07,-6.347503,53.312109
27_14,15.25,15.2,-6.347447,53.313007
27_15,15.06,15.09,-6.347391,53.313905
27_16,15.24,15.3,-6.347336,53.314803
27_17,15.57,15.42,-6.34728,53.315701
27_18,21,20.12,-6.347224,53.316599
27_19,14.95,15.16,-6.347169,53.317497
27_20,14.73,14.35,-6.347113,53.318395
27_21,15.02,17.05,-6.347057,53.319293
27_22,15.17,15.25,-6.347001,53.320191
27_23,15.43,15.3,-6.346946,53.321089
27_24,15.78,15.71,-6.34689,53.321986
27_25,16.17,16.17,-6.346834,53.322884
27_26,16.43,16.37,-6.346778,53.323782
27_27,16.68,16.8,-6.346723,53.32468
27_28,16.79,16.85,-6.346667,53.325578
27_29,16.31,16.26,-6.346611,53.326476
27_30,15.53,15.4,-6.346555,53.327374
27_31,15.52,17.49,-6.3465,53.328272
27_32,15.33,15.43,-6.346444,53.32917
27_33,15.3,15.41,-6.346388,53.330068
27_34,15.67,15.66,-6.346332,53.330966
27_35,15.47,15.44,-6.346277,53.331864
27_36,15.72,15.38,-6.346221,53.332762
27_37,15.61,15.53,-6.346165,53.33366
27_38,19.02,14.91,-6.346109,53.334557
27_39,15.14,19.82,-6.346054,53.335455
27_40,14.82,14.41,-6.345998,53.336353
27_41,14.75,14.54,-6.345942,53.337251
27_42,14.82,14.89,-6.345886,53.338149
27_43,14.67,14.87,-6.34583,53.339047
27_44,14.54,14.49,-6.345775,53.339945
27_45,14.81,14.54,-6.345719,53.340843
27_46,15.59,15.28,-6.345663,53.341741
27_47,19.05,16.07,-6.345607,53.342639
27_48,15.9,15.91,-6.345551,53.343537
27_49,15.6,15.73,-6.345496,53.344435
27_50,15.85,15.6,-6.34544,53.345333
27_51,15.64,15.53,-6.345384,53.34623
27_52,15.79,15.36,-6.345328,53.347128
27_53,17.28,17.22,-6.345272,53.348026
27_54,16.87,16.94,-6.345217,53.348924
27_55,16.08,16.05,-6.345161,53.349822
27_56,15.99,15.92,-6.345105,53.35072
27_57,15.34,15.87,-6.345049,53.351618
27_58,15.15,15.13,-6.344993,53.352516
27_59,15.54,15.52,-6.344937,53.353414
27_60,15.56,15.55,-6.344882,53.354312
27_61,15.39,15.4,-6.344826,53.35521
27_62,15.44,15.42,-6.34477,53.356108
27_63,15.48,15.5,-6.344714,53.357006
27_64,15.54,15.55,-6.344658,53.357903
27_65,15.63,15.64,-6.344602,53.358801
27_66,15.71,15.79,-6.344546,53.359699
27_67,15.73,15.71,-6.344491,53.360597
27_68,15.67,15.67,-6.344435,53.361495
27_69,15.73,15.81,-6.344379,53.362393
27_70,15.85,15.84,-6.344323,53.363291
27_71,15.98,15.98,-6.344267,53.364189
27_72,16,15.98,-6.344211,53.365087
27_73,16.03,16,-6.344155,53.365985
27_74,15.93,16.04,-6.344099,53.366883
27_75,16.12,16.06,-6.344044,53.367781
27_76,15.96,16.07,-6.343988,53.368679
27_77,15.65,15.73,-6.343932,53.369576
27_78,15.73,15.64,-6.343876,53.370474
27_79,15.67,15.7,-6.34382,53.371372
27_80,15.56,15.59,-6.343764,53.37227
27_81,15.54,15.55,-6.343708,53.373168
27_82,15.52,15.52,-6.343652,53.374066
27_83,15.5,15.5,-6.343596,53.374964
27_84,16.21,15.99,-6.34354,53.375862
27_85,16.34,16.38,-6.343485,53.37676
27_86,15.57,15.5,-6.343429,53.377658
27_87,15.27,15.27,-6.343373,53.378556
27_88,14.47,14.61,-6.343317,53.379454
27_89,14.34,14.39,-6.343261,53.380352
27_90,14.07,14.03,-6.343205,53.381249
27_91,13.87,13.88,-6.343149,53.382147
27_92,13.77,13.77,-6.343093,53.383045
27_93,13.66,13.64,-6.343037,53.383943
27_94,13.54,13.52,-6.342981,53.384841
27_95,13.43,13.41,-6.342925,53.385739
27_96,13.31,13.32,-6.342869,53.386637
27_97,13.31,13.33,-6.342813,53.387535
27_98,13.47,13.52,-6.342757,53.388433
27_99,13.75,13.87,-6.342701,53.389331
27_100,14.44,14.51,-6.342646,53.390229
27_101,15.01,15.17,-6.34259,53.391127
27_102,16.07,18.24,-6.342534,53.392024
27_103,18.65,17.57,-6.342478,53.392922
27_104,16.72,14.93,-6.342422,53.39382
27_105,14.2,16.01,-6.342366,53.394718
27_106,13.31,13.76,-6.34231,53.395616
27_107,12.6,12.86,-6.342254,53.396514
27_108,12.69,13.06,-6.342198,53.397412
27_109,12.33,12.48,-6.342142,53.39831
27_110,12.17,12.24,-6.342086,53.399208
27_111,11.97,12.05,-6.34203,53.400106
27_112,11.5,11.73,-6.341974,53.401004
27_113,11.29,11.31,-6.341918,53.401901
27_114,11.26,11.27,-6.341862,53.402799
27_115,11.2,11.19,-6.341806,53.403697
27_116,11.26,11.29,-6.34175,53.404595
27_117,11.28,11.33,-6.341694,53.405493
27_118,10.71,10.92,-6.341638,53.406391
27_119,10.53,10.56,-6.341582,53.407289
27_120,10.51,10.49,-6.341526,53.408187
27_121,10.5,10.5,-6.34147,53.409085
27_122,10.57,10.55,-6.341414,53.409983
27_123,10.53,10.5,-6.341358,53.410881
27_124,10.22,10.2,-6.341302,53.411779
27_125,9.89,9.86,-6.341246,53.412676
27_126,9.78,9.81,-6.341189,53.413574
28_0,13.57,,-6.346728,53.300403
28_1,14.38,13.84,-6.346672,53.301301
28_2,15.45,14.9,-6.346616,53.302199
28_3,16.88,16.19,-6.346561,53.303097
28_4,18.84,18.55,-6.346505,53.303994
28_5,15.73,17.72,-6.346449,53.304892
28_6,15.15,14.95,-6.346394,53.30579
28_7,14.65,14.57,-6.346338,53.306688
28_8,14.68,14.72,-6.346282,53.307586
28_9,14.74,14.9,-6.346226,53.308484
28_10,14.95,14.85,-6.346171,53.309382
28_11,14.86,14.86,-6.346115,53.31028
28_12,14.89,14.93,-6.346059,53.311178
28_13,14.82,14.9,-6.346003,53.312076
28_14,14.78,14.88,-6.345948,53.312974
28_15,14.94,14.92,-6.345892,53.313872
28_16,15.19,15.1,-6.345836,53.31477
28_17,15.59,15.71,-6.345781,53.315668
28_18,20.99,21.06,-6.345725,53.316565
28_19,15.57,15.45,-6.345669,53.317463
28_20,15.41,17.56,-6.345613,53.318361
28_21,15.33,15.25,-6.345558,53.319259
28_22,15.25,15.32,-6.345502,53.320157
28_23,15.52,15.58,-6.345446,53.321055
28_24,15.68,15.79,-6.34539,53.321953
28_25,16,16.11,-6.345334,53.322851
28_26,22.87,16.53,-6.345279,53.323749
28_27,16.17,16.39,-6.345223,53.324647
28_28,16.74,16.85,-6.345167,53.325545
28_29,16.75,16.66,-6.345111,53.326443
28_30,17.34,15.95,-6.345056,53.327341
28_31,15.91,15.67,-6.345,53.328239
28_32,15.69,15.87,-6.344944,53.329136
28_33,20.8,15.8,-6.344888,53.330034
28_34,15.97,15.72,-6.344832,53.330932
28_35,15.19,15.42,-6.344777,53.33183
28_36,14.89,14.82,-6.344721,53.332728
28_37,14.74,14.66,-6.344665,53.333626
28_38,15.11,14.75,-6.344609,53.334524
28_39,14.94,18.62,-6.344553,53.335422
28_40,14.31,14.33,-6.344498,53.33632
28_41,14.41,14.36,-6.344442,53.337218
28_42,14.64,14.66,-6.344386,53.338116
28_43,14.49,14.59,-6.34433,53.339014
28_44,14.37,14.35,-6.344274,53.339912
28_45,14.33,14.31,-6.344219,53.34081
28_46,14.52,14.63,-6.344163,53.341707
28_47,16.01,18.97,-6.344107,53.342605
28_48,15.89,15.92,-6.344051,53.343503
28_49,15.76,15.77,-6.343995,53.344401
28_50,16.07,16.17,-6.343939,53.345299
28_51,16.88,15.13,-6.343883,53.346197
28_52,15.18,15.15,-6.343828,53.347095
28_53,26.43,24.45,-6.343772,53.347993
28_54,16.8,16.62,-6.343716,53.348891
28_55,16.16,15.76,-6.34366,53.349789
28_56,15.44,15.37,-6.343604,53.350687
28_57,15.16,15.13,-6.343548,53.351585
28_58,14.93,15,-6.343492,53.352483
28_59,15.19,15.27,-6.343437,53.35338
28_60,15.4,15.39,-6.343381,53.354278
28_61,15.42,15.43,-6.343325,53.355176
28_62,15.47,15.46,-6.343269,53.356074
28_63,15.52,15.54,-6.343213,53.356972
28_64,15.56,15.54,-6.343157,53.35787
28_65,15.61,15.58,-6.343101,53.358768
28_66,15.7,15.65,-6.343045,53.359666
28_67,15.68,15.68,-6.34299,53.360564
28_68,15.64,15.66,-6.342934,53.361462
28_69,15.71,15.66,-6.342878,53.36236
28_70,15.78,15.74,-6.342822,53.363258
28_71,15.83,15.8,-6.342766,53.364156
28_72,15.95,15.91,-6.34271,53.365053
28_73,16.12,16.05,-6.342654,53.365951
28_74,16.08,16.16,-6.342598,53.366849
28_75,16.16,16.17,-6.342542,53.367747
28_76,16.01,16.05,-6.342486,53.368645
28_77,15.8,15.85,-6.34243,53.369543
28_78,15.65,15.64,-6.342375,53.370441
28_79,15.68,15.66,-6.342319,53.371339
28_80,15.5,15.55,-6.342263,53.372237
28_81,15.44,15.54,-6.342207,53.373135
28_82,15.36,15.45,-6.342151,53.374033
28_83,15.79,15.82,-6.342095,53.374931
28_84,16.27,16.3,-6.342039,53.375828
28_85,15.75,16.09,-6.341983,53.376726
28_86,15.1,14.94,-6.341927,53.377624
28_87,14.88,14.88,-6.341871,53.378522
28_88,14.62,14.44,-6.341815,53.37942
28_89,14.49,14.27,-6.341759,53.380318
28_90,13.98,13.88,-6.341703,53.381216
28_91,13.83,13.82,-6.341647,53.382114
28_92,13.76,13.75,-6.341591,53.383012
28_93,13.67,13.61,-6.341535,53.38391
28_94,13.55,13.5,-6.341479,53.384808
28_95,13.43,13.39,-6.341423,53.385706
28_96,13.34,13.39,-6.341367,53.386603
28_97,13.28,13.32,-6.341311,53.387501
28_98,13.37,13.25,-6.341255,53.388399
28_99,13.43,13.43,-6.341199,53.389297
28_100,13.8,13.69,-6.341143,53.390195
28_101,14.41,13.97,-6.341087,53.391093
28_102,14.98,14.71,-6.341031,53.391991
28_103,17.86,16.84,-6.340975,53.392889
28_104,18.8,18.72,-6.340919,53.393787
28_105,15.85,17.32,-6.340863,53.394685
28_106,13.74,13.92,-6.340807,53.395583
28_107,13.1,13.02,-6.340751,53.396481
28_108,13.22,13.06,-6.340695,53.397378
28_109,12.66,12.74,-6.340639,53.398276
28_110,12.41,12.44,-6.340583,53.399174
28_111,12.2,12.18,-6.340527,53.400072
28_112,11.84,11.84,-6.340471,53.40097
28_113,11.36,11.37,-6.340415,53.401868
28_114,11.34,11.33,-6.340359,53.402766
28_115,11.31,11.27,-6.340303,53.403664
28_116,11.4,11.36,-6.340247,53.404562
28_117,11.19,11.15,-6.340191,53.40546
28_118,10.71,10.65,-6.340135,53.406358
28_119,10.47,10.49,-6.340079,53.407255
28_120,10.48,10.52,-6.340023,53.408153
28_121,10.56,10.58,-6.339967,53.409051
28_122,10.64,10.63,-6.339911,53.409949
28_123,10.61,10.55,-6.339855,53.410847
28_124,10.34,10.25,-6.339799,53.411745
28_125,10.04,9.89,-6.339743,53.412643
28_126,9.74,9.75,-6.339687,53.413541
29_0,13.82,13.96,-6.345229,53.300369
29_1,14.18,13.97,-6.345173,53.301267
29_2,15.71,16.16,-6.345117,53.302165
29_3,18.37,18.35,-6.345062,53.303063
29_4,16.58,17.05,-6.345006,53.303961
29_5,15.03,15.69,-6.34495,53.304859
29_6,14.28,13.9,-6.344894,53.305757
29_7,13.86,13.78,-6.344839,53.306655
29_8,13.77,13.91,-6.344783,53.307553
29_9,14.2,14.74,-6.344727,53.308451
29_10,15.62,14.67,-6.344671,53.309349
29_11,15.43,15.46,-6.344616,53.310247
29_12,15.55,15.31,-6.34456,53.311145
29_13,15.25,14.9,-6.344504,53.312042
29_14,15.32,15.3,-6.344448,53.31294
29_15,15.31,15.33,-6.344393,53.313838
29_16,15.47,15.4,-6.344337,53.314736
29_17,15.67,15.89,-6.344281,53.315634
29_18,19.12,16.39,-6.344225,53.316532
29_19,15.73,15.59,-6.34417,53.31743
29_20,15.45,15.37,-6.344114,53.318328
29_21,15.22,15.16,-6.344058,53.319226
29_22,15.16,15.17,-6.344002,53.320124
29_23,15.26,15.17,-6.343946,53.321022
29_24,15.48,15.39,-6.343891,53.32192
29_25,15.74,15.52,-6.343835,53.322818
29_26,16.41,16.06,-6.343779,53.323716
29_27,16.11,16.2,-6.343723,53.324613
29_28,16.32,16.06,-6.343667,53.325511
29_29,17.33,17.34,-6.343612,53.326409
29_30,16.87,17.17,-6.343556,53.327307
29_31,21.21,19.96,-6.3435,53.328205
29_32,15.86,15.87,-6.343444,53.329103
29_33,15.45,15.54,-6.343388,53.330001
29_34,15.15,15.22,-6.343332,53.330899
29_35,15.18,15.4,-6.343277,53.331797
29_36,14.77,14.81,-6.343221,53.332695
29_37,14.82,14.78,-6.343165,53.333593
29_38,15,14.98,-6.343109,53.334491
29_39,14.94,15.09,-6.343053,53.335389
29_40,14.33,14.35,-6.342997,53.336286
29_41,14.4,14.4,-6.342942,53.337184
29_42,14.44,14.43,-6.342886,53.338082
29_43,14.35,14.4,-6.34283,53.33898
29_44,14.36,14.33,-6.342774,53.339878
29_45,14.32,14.3,-6.342718,53.340776
29_46,15.33,16.52,-6.342662,53.341674
29_47,15.36,15.74,-6.342606,53.342572
29_48,15.81,15.74,-6.342551,53.34347
29_49,15.92,16.04,-6.342495,53.344368
29_50,15.86,15.65,-6.342439,53.345266
29_51,15.23,15.13,-6.342383,53.346164
29_52,15.07,15.06,-6.342327,53.347062
29_53,16.61,22.14,-6.342271,53.347959
29_54,16.64,16.58,-6.342215,53.348857
29_55,15.65,15.35,-6.342159,53.349755
29_56,15.27,15.35,-6.342104,53.350653
29_57,15.14,15.08,-6.342048,53.351551
29_58,15.27,15.13,-6.341992,53.352449
29_59,15.29,15.19,-6.341936,53.353347
29_60,15.27,15.21,-6.34188,53.354245
29_61,15.36,15.33,-6.341824,53.355143
29_62,15.41,15.45,-6.341768,53.356041
29_63,15.48,15.39,-6.341712,53.356939
29_64,15.56,15.51,-6.341656,53.357837
29_65,15.62,15.63,-6.3416,53.358735
29_66,15.68,15.67,-6.341544,53.359632
29_67,15.65,15.65,-6.341489,53.36053
29_68,15.63,15.63,-6.341433,53.361428
29_69,15.68,15.68,-6.341377,53.362326
29_70,15.72,15.74,-6.341321,53.363224
29_71,15.77,15.75,-6.341265,53.364122
29_72,15.85,15.85,-6.341209,53.36502
29_73,16.03,16.05,-6.341153,53.365918
29_74,16.13,16.13,-6.341097,53.366816
29_75,16.09,16.05,-6.341041,53.367714
29_76,15.97,15.96,-6.340985,53.368612
29_77,15.79,15.78,-6.340929,53.36951
29_78,15.68,15.56,-6.340873,53.370407
29_79,15.34,15.3,-6.340817,53.371305
29_80,15.28,15.3,-6.340761,53.372203
29_81,15.24,15.3,-6.340705,53.373101
29_82,15.4,15.53,-6.340649,53.373999
29_83,15.73,16.05,-6.340593,53.374897
29_84,15.73,15.73,-6.340537,53.375795
29_85,15.23,15.31,-6.340481,53.376693
29_86,14.85,14.85,-6.340425,53.377591
29_87,14.85,14.89,-6.340369,53.378489
29_88,14.85,14.89,-6.340313,53.379387
29_89,14.39,14.68,-6.340257,53.380285
29_90,13.87,14.03,-6.340201,53.381183
29_91,13.8,13.82,-6.340145,53.38208
29_92,13.72,13.76,-6.340089,53.382978
29_93,13.65,13.64,-6.340033,53.383876
29_94,13.56,13.58,-6.339977,53.384774
29_95,13.44,13.47,-6.339921,53.385672
29_96,13.37,13.38,-6.339865,53.38657
29_97,13.22,13.19,-6.339809,53.387468
29_98,13.26,13.22,-6.339753,53.388366
29_99,13.29,13.29,-6.339697,53.389264
29_100,13.32,13.36,-6.339641,53.390162
29_101,13.77,13.51,-6.339585,53.39106
29_102,14.3,14.19,-6.339529,53.391957
29_103,16.16,16.02,-6.339473,53.392855
29_104,18.55,18.58,-6.339417,53.393753
29_105,18.25,18.64,-6.339361,53.394651
29_106,15.05,15.05,-6.339305,53.395549
29_107,13.54,13.46,-6.339249,53.396447
29_108,13.31,13.18,-6.339193,53.397345
29_109,13,13.07,-6.339137,53.398243
29_110,12.72,12.62,-6.339081,53.399141
29_111,12.42,12.35,-6.339025,53.400039
29_112,12.05,11.88,-6.338969,53.400937
29_113,11.44,11.45,-6.338913,53.401835
29_114,11.43,11.4,-6.338857,53.402732
29_115,11.47,11.42,-6.338801,53.40363
29_116,11.34,11.25,-6.338745,53.404528
29_117,11.17,11.03,-6.338689,53.405426
29_118,10.72,10.64,-6.338632,53.406324
29_119,10.49,10.46,-6.338576,53.407222
29_120,10.55,10.64,-6.33852,53.40812
29_121,10.63,10.61,-6.338464,53.409018
29_122,10.69,10.67,-6.338408,53.409916
29_123,10.65,10.66,-6.338352,53.410814
29_124,10.49,10.63,-6.338296,53.411712
29_125,10.15,10.3,-6.33824,53.412609
29_126,10,9.9,-6.338184,53.413507
30_0,13.81,13.81,-6.34373,53.300336
30_1,15.28,15.01,-6.343674,53.301234
30_2,17.04,18.33,-6.343618,53.302132
30_3,17.61,16.93,-6.343563,53.30303
30_4,15.37,15.48,-6.343507,53.303928
30_5,14.7,14.72,-6.343451,53.304826
30_6,13.46,13.61,-6.343395,53.305724
30_7,13.3,13.25,-6.34334,53.306621
30_8,13.36,13.49,-6.343284,53.307519
30_9,13.94,14.04,-6.343228,53.308417
30_10,14.48,14.72,-6.343172,53.309315
30_11,15.27,15.51,-6.343116,53.310213
30_12,15.76,15.93,-6.343061,53.311111
30_13,15.93,15.58,-6.343005,53.312009
30_14,15.68,15.75,-6.342949,53.312907
30_15,15.72,15.75,-6.342893,53.313805
30_16,15.79,15.82,-6.342837,53.314703
30_17,15.7,15.56,-6.342782,53.315601
30_18,20.81,16.02,-6.342726,53.316499
30_19,15.83,16.19,-6.34267,53.317397
30_20,15.48,15.57,-6.342614,53.318295
30_21,15.28,15.37,-6.342558,53.319192
30_22,15.22,15.27,-6.342503,53.32009
30_23,15.2,15.19,-6.342447,53.320988
30_24,15.39,15.32,-6.342391,53.321886
30_25,15.65,15.83,-6.342335,53.322784
30_26,16.52,16.49,-6.342279,53.323682
30_27,16.7,16.71,-6.342223,53.32458
30_28,21.1,16.49,-6.342168,53.325478
30_29,24.09,17.91,-6.342112,53.326376
30_30,17.59,17.74,-6.342056,53.327274
30_31,16.67,16.67,-6.342,53.328172
30_32,17.75,17.89,-6.341944,53.32907
30_33,15.43,15.43,-6.341888,53.329968
30_34,15.28,15.27,-6.341832,53.330866
30_35,15.65,15.65,-6.341777,53.331763
30_36,14.72,14.81,-6.341721,53.332661
30_37,14.65,14.61,-6.341665,53.333559
30_38,14.81,14.91,-6.341609,53.334457
30_39,15.02,14.88,-6.341553,53.335355
30_40,14.42,14.53,-6.341497,53.336253
30_41,14.5,14.42,-6.341441,53.337151
30_42,14.4,14.4,-6.341386,53.338049
30_43,14.33,14.34,-6.34133,53.338947
30_44,14.27,14.25,-6.341274,53.339845
30_45,14.35,14.42,-6.341218,53.340743
30_46,14.57,14.78,-6.341162,53.341641
30_47,14.96,14.78,-6.341106,53.342539
30_48,15.32,15.24,-6.34105,53.343436
30_49,16.01,15.69,-6.340994,53.344334
30_50,15.98,16.12,-6.340938,53.345232
30_51,15.29,15.47,-6.340882,53.34613
30_52,15.09,15.13,-6.340827,53.347028
30_53,16.36,15.73,-6.340771,53.347926
30_54,15.95,16.28,-6.340715,53.348824
30_55,15.34,15.7,-6.340659,53.349722
30_56,15.11,15.08,-6.340603,53.35062
30_57,15.11,15.12,-6.340547,53.351518
30_58,15.11,15.16,-6.340491,53.352416
30_59,15.06,14.96,-6.340435,53.353314
30_60,15.08,15.03,-6.340379,53.354211
30_61,15.14,15.15,-6.340323,53.355109
30_62,15.21,15.27,-6.340267,53.356007
30_63,15.28,15.21,-6.340211,53.356905
30_64,15.35,15.33,-6.340155,53.357803
30_65,15.43,15.45,-6.340099,53.358701
30_66,15.53,15.59,-6.340044,53.359599
30_67,15.6,15.57,-6.339988,53.360497
30_68,15.62,15.62,-6.339932,53.361395
30_69,15.62,15.63,-6.339876,53.362293
30_70,15.65,15.69,-6.33982,53.363191
30_71,15.65,15.58,-6.339764,53.364089
30_72,15.7,15.77,-6.339708,53.364987
30_73,15.93,16.03,-6.339652,53.365884
30_74,16.03,16.13,-6.339596,53.366782
30_75,15.79,15.6,-6.33954,53.36768
30_76,15.62,15.73,-6.339484,53.368578
30_77,15.61,15.65,-6.339428,53.369476
30_78,15.36,15.16,-6.339372,53.370374
30_79,15.27,15.16,-6.339316,53.371272
30_80,15.31,15.3,-6.33926,53.37217
30_81,15.63,15.35,-6.339204,53.373068
30_82,15.89,15.94,-6.339148,53.373966
30_83,16.52,16.45,-6.339092,53.374864
30_84,15.35,15.8,-6.339036,53.375762
30_85,14.91,15.11,-6.33898,53.376659
30_86,14.81,14.79,-6.338924,53.377557
30_87,14.88,14.86,-6.338868,53.378455
30_88,14.71,14.82,-6.338812,53.379353
30_89,14.29,14.5,-6.338756,53.380251
30_90,13.83,13.83,-6.3387,53.381149
30_91,13.75,13.77,-6.338644,53.382047
30_92,13.69,13.7,-6.338588,53.382945
30_93,13.61,13.64,-6.338532,53.383843
30_94,13.53,13.52,-6.338476,53.384741
30_95,13.42,13.44,-6.33842,53.385639
30_96,13.28,13.31,-6.338364,53.386536
30_97,13.12,13.07,-6.338308,53.387434
30_98,13.18,13.16,-6.338251,53.388332
30_99,13.18,13.19,-6.338195,53.38923
30_100,13.18,13.22,-6.338139,53.390128
30_101,13.2,13.15,-6.338083,53.391026
30_102,13.62,13.67,-6.338027,53.391924
30_103,14.31,14.88,-6.337971,53.392822
30_104,17.12,18.29,-6.337915,53.39372
30_105,18.71,18.85,-6.337859,53.394618
30_106,17.25,16.31,-6.337803,53.395516
30_107,15.32,14.48,-6.337747,53.396414
30_108,14.08,13.38,-6.337691,53.397311
30_109,13.37,13.22,-6.337635,53.398209
30_110,12.87,12.64,-6.337579,53.399107
30_111,12.48,12.4,-6.337523,53.400005
30_112,12.15,12.4,-6.337466,53.400903
30_113,11.55,11.72,-6.33741,53.401801
30_114,11.55,11.6,-6.337354,53.402699
30_115,11.37,11.4,-6.337298,53.403597
30_116,11.24,11.39,-6.337242,53.404495
30_117,11.14,11.23,-6.337186,53.405393
30_118,10.87,10.99,-6.33713,53.406291
30_119,10.56,10.5,-6.337074,53.407188
30_120,10.77,10.76,-6.337018,53.408086
30_121,10.7,10.78,-6.336962,53.408984
30_122,10.74,10.75,-6.336905,53.409882
30_123,10.69,10.69,-6.336849,53.41078
30_124,10.61,10.66,-6.336793,53.411678
30_125,10.23,10.27,-6.336737,53.412576
30_126,10.17,10.18,-6.336681,53.413474
31_0,14.8,15.04,-6.342231,53.300303
31_1,16.1,16.27,-6.342175,53.3012
31_2,18.4,16.89,-6.342119,53.302098
31_3,16.06,15.32,-6.342064,53.302996
31_4,14.8,14.45,-6.342008,53.303894
31_5,14.12,14.53,-6.341952,53.304792
31_6,13.64,13.32,-6.341896,53.30569
31_7,14.3,13.32,-6.34184,53.306588
31_8,13.62,13.65,-6.341785,53.307486
31_9,14,13.58,-6.341729,53.308384
31_10,14.41,14.32,-6.341673,53.309282
31_11,15,14.77,-6.341617,53.31018
31_12,15.45,15.28,-6.341561,53.311078
31_13,15.68,15.68,-6.341506,53.311976
31_14,16,15.63,-6.34145,53.312874
31_15,15.92,22.53,-6.341394,53.313771
31_16,15.63,15.7,-6.341338,53.314669
31_17,15.68,15.56,-6.341282,53.315567
31_18,16.15,16.06,-6.341226,53.316465
31_19,16.02,16.13,-6.341171,53.317363
31_20,15.54,15.56,-6.341115,53.318261
31_21,15.41,15.51,-6.341059,53.319159
31_22,15.35,15.44,-6.341003,53.320057
31_23,15.47,15.47,-6.340947,53.320955
31_24,15.63,15.52,-6.340891,53.321853
31_25,21.48,16.69,-6.340835,53.322751
31_26,17.02,17.09,-6.34078,53.323649
31_27,17.27,17.33,-6.340724,53.324547
31_28,17.01,17.2,-6.340668,53.325445
31_29,17.26,17.16,-6.340612,53.326342
31_30,17.43,17.41,-6.340556,53.32724
31_31,16.91,16.65,-6.3405,53.328138
31_32,15.97,15.94,-6.340444,53.329036
31_33,15.48,15.35,-6.340388,53.329934
31_34,15.21,15.13,-6.340333,53.330832
31_35,15.03,14.98,-6.340277,53.33173
31_36,14.8,14.67,-6.340221,53.332628
31_37,14.56,14.55,-6.340165,53.333526
31_38,14.7,14.83,-6.340109,53.334424
31_39,14.92,14.83,-6.340053,53.335322
31_40,14.47,14.64,-6.339997,53.33622
31_41,14.32,14.32,-6.339941,53.337118
31_42,14.29,14.3,-6.339885,53.338015
31_43,14.26,14.3,-6.339829,53.338913
31_44,14.2,14.16,-6.339773,53.339811
31_45,14.2,14.17,-6.339718,53.340709
31_46,14.41,14.37,-6.339662,53.341607
31_47,15.01,14.72,-6.339606,53.342505
31_48,15.63,15.46,-6.33955,53.343403
31_49,15.98,15.87,-6.339494,53.344301
31_50,15.86,16.09,-6.339438,53.345199
31_51,15.42,15.56,-6.339382,53.346097
31_52,20,18.46,-6.339326,53.346995
31_53,15.28,15.24,-6.33927,53.347893
31_54,15.52,15.69,-6.339214,53.34879
31_55,15.18,15.27,-6.339158,53.349688
31_56,14.96,14.93,-6.339102,53.350586
31_57,14.94,14.94,-6.339046,53.351484
31_58,14.88,14.95,-6.33899,53.352382
31_59,14.85,14.74,-6.338934,53.35328
31_60,14.88,14.86,-6.338878,53.354178
31_61,14.93,14.97,-6.338822,53.355076
31_62,15.02,15.09,-6.338766,53.355974
31_63,15.08,15.05,-6.33871,53.356872
31_64,15.17,15.18,-6.338654,53.35777
31_65,15.26,15.31,-6.338599,53.358668
31_66,15.35,15.45,-6.338543,53.359566
31_67,15.45,15.43,-6.338487,53.360463
31_68,15.58,15.6,-6.338431,53.361361
31_69,15.58,15.53,-6.338375,53.362259
31_70,15.46,15.54,-6.338319,53.363157
31_71,15.41,15.37,-6.338263,53.364055
31_72,15.36,15.36,-6.338207,53.364953
31_73,15.83,15.69,-6.338151,53.365851
31_74,15.56,15.88,-6.338095,53.366749
31_75,15.49,15.37,-6.338039,53.367647
31_76,15.51,15.51,-6.337983,53.368545
31_77,15.39,15.52,-6.337927,53.369443
31_78,15.21,15.2,-6.33787,53.370341
31_79,15.29,15.25,-6.337814,53.371238
31_80,15.61,15.52,-6.337758,53.372136
31_81,15.85,15.74,-6.337702,53.373034
31_82,16.39,16.28,-6.337646,53.373932
31_83,16.1,16.1,-6.33759,53.37483
31_84,15.21,15.29,-6.337534,53.375728
31_85,14.86,14.91,-6.337478,53.376626
31_86,14.81,14.82,-6.337422,53.377524
31_87,14.85,14.83,-6.337366,53.378422
31_88,14.58,14.62,-6.33731,53.37932
31_89,14.14,14.25,-6.337254,53.380218
31_90,13.79,13.77,-6.337198,53.381116
31_91,13.72,13.71,-6.337142,53.382013
31_92,13.65,13.65,-6.337086,53.382911
31_93,13.57,13.59,-6.33703,53.383809
31_94,13.51,13.48,-6.336974,53.384707
31_95,13.28,13.2,-6.336918,53.385605
31_96,13.04,13.13,-6.336862,53.386503
31_97,12.99,13.07,-6.336806,53.387401
31_98,13.1,13.09,-6.336749,53.388299
31_99,13.1,13.11,-6.336693,53.389197
31_100,13.1,13.13,-6.336637,53.390095
31_101,13.11,13.16,-6.336581,53.390993
31_102,13.49,13.82,-6.336525,53.39189
31_103,14.18,13.82,-6.336469,53.392788
31_104,15,14.57,-6.336413,53.393686
31_105,17.95,15.47,-6.336357,53.394584
31_106,18.98,18.5,-6.336301,53.395482
31_107,17.22,18.02,-6.336245,53.39638
31_108,14.93,15.72,-6.336189,53.397278
31_109,13.64,16.74,-6.336132,53.398176
31_110,13.06,13.27,-6.336076,53.399074
31_111,12.56,12.65,-6.33602,53.399972
31_112,12.23,12.44,-6.335964,53.40087
31_113,11.82,12,-6.335908,53.401767
31_114,11.53,11.61,-6.335852,53.402665
31_115,11.54,11.39,-6.335796,53.403563
31_116,11.44,11.39,-6.33574,53.404461
31_117,11.25,11.28,-6.335683,53.405359
31_118,11.06,11.08,-6.335627,53.406257
31_119,10.87,10.78,-6.335571,53.407155
31_120,10.8,10.8,-6.335515,53.408053
31_121,10.79,10.79,-6.335459,53.408951
31_122,10.75,10.75,-6.335403,53.409849
31_123,10.71,10.71,-6.335346,53.410747
31_124,10.67,10.67,-6.33529,53.411644
31_125,10.41,10.37,-6.335234,53.412542
31_126,10.14,10.14,-6.335178,53.41344
32_0,16.25,16.12,-6.340732,53.300269
32_1,18.03,17.04,-6.340676,53.301167
32_2,17.54,18.41,-6.34062,53.302065
32_3,15.86,16.31,-6.340565,53.302963
32_4,14.59,14.75,-6.340509,53.303861
32_5,14.26,14.42,-6.340453,53.304759
32_6,13.98,14.25,-6.340397,53.305657
32_7,13.53,13.68,-6.340341,53.306555
32_8,13.56,13.52,-6.340285,53.307453
32_9,14.49,13.76,-6.34023,53.30835
32_10,15.16,14.2,-6.340174,53.309248
32_11,14.64,15.56,-6.340118,53.310146
32_12,14.9,14.96,-6.340062,53.311044
32_13,15.07,15.27,-6.340006,53.311942
32_14,15.32,15.39,-6.33995,53.31284
32_15,19.22,19.68,-6.339894,53.313738
32_16,15.71,15.73,-6.339839,53.314636
32_17,15.65,15.56,-6.339783,53.315534
32_18,15.97,16.08,-6.339727,53.316432
32_19,16.29,16.21,-6.339671,53.31733
32_20,15.61,15.58,-6.339615,53.318228
32_21,15.64,15.51,-6.339559,53.319126
32_22,15.65,15.85,-6.339503,53.320024
32_23,15.95,20.94,-6.339447,53.320921
32_24,15.93,16.24,-6.339392,53.321819
32_25,16.35,16.27,-6.339336,53.322717
32_26,22.09,23.01,-6.33928,53.323615
32_27,16.67,16.63,-6.339224,53.324513
32_28,16.42,16.73,-6.339168,53.325411
32_29,16.75,16.72,-6.339112,53.326309
32_30,17.03,16.72,-6.339056,53.327207
32_31,17.18,26.9,-6.339,53.328105
32_32,15.96,16.62,-6.338944,53.329003
32_33,15.46,17.85,-6.338888,53.329901
32_34,15.73,15.72,-6.338833,53.330799
32_35,14.97,15.05,-6.338777,53.331697
32_36,14.75,14.86,-6.338721,53.332594
32_37,14.55,14.58,-6.338665,53.333492
32_38,14.58,14.49,-6.338609,53.33439
32_39,14.74,14.76,-6.338553,53.335288
32_40,14.4,14.64,-6.338497,53.336186
32_41,14.2,14.17,-6.338441,53.337084
32_42,14.18,14.18,-6.338385,53.337982
32_43,14.15,14.18,-6.338329,53.33888
32_44,14.11,14.14,-6.338273,53.339778
32_45,14.1,14.09,-6.338217,53.340676
32_46,14.64,14.64,-6.338161,53.341574
32_47,14.9,14.61,-6.338105,53.342472
32_48,15.45,15.72,-6.338049,53.343369
32_49,16.07,16.12,-6.337993,53.344267
32_50,16.03,15.9,-6.337937,53.345165
32_51,15.31,15.32,-6.337881,53.346063
32_52,15.28,15.23,-6.337825,53.346961
32_53,14.66,14.53,-6.33777,53.347859
32_54,14.86,15.04,-6.337714,53.348757
32_55,15.04,15.09,-6.337658,53.349655
32_56,14.83,14.74,-6.337602,53.350553
32_57,14.71,14.71,-6.337546,53.351451
32_58,14.67,14.72,-6.33749,53.352349
32_59,14.62,14.74,-6.337434,53.353247
32_60,14.67,14.68,-6.337378,53.354145
32_61,14.75,14.8,-6.337322,53.355042
32_62,14.82,14.92,-6.337266,53.35594
32_63,14.9,14.77,-6.33721,53.356838
32_64,15,14.91,-6.337154,53.357736
32_65,15.09,15.04,-6.337098,53.358634
32_66,15.18,15.17,-6.337042,53.359532
32_67,15.28,15.17,-6.336986,53.36043
32_68,15.42,15.35,-6.33693,53.361328
32_69,15.42,15.43,-6.336873,53.362226
32_70,15.36,15.48,-6.336817,53.363124
32_71,15.29,15.24,-6.336761,53.364022
32_72,15.42,15.36,-6.336705,53.36492
32_73,15.39,15.44,-6.336649,53.365817
32_74,15.36,15.36,-6.336593,53.366715
32_75,15.43,15.43,-6.336537,53.367613
32_76,15.51,15.5,-6.336481,53.368511
32_77,15.49,15.51,-6.336425,53.369409
32_78,15.13,15.2,-6.336369,53.370307
32_79,15.35,15.43,-6.336313,53.371205
32_80,15.71,15.71,-6.336257,53.372103
32_81,16.03,15.96,-6.336201,53.373001
32_82,16.9,16.6,-6.336145,53.373899
32_83,15.83,15.69,-6.336089,53.374797
32_84,15.21,15.15,-6.336033,53.375694
32_85,14.84,14.83,-6.335977,53.376592
32_86,14.85,14.91,-6.335921,53.37749
32_87,14.8,14.69,-6.335865,53.378388
32_88,14.4,14.31,-6.335808,53.379286
32_89,13.99,13.96,-6.335752,53.380184
32_90,13.83,13.8,-6.335696,53.381082
32_91,13.71,13.67,-6.33564,53.38198
32_92,13.62,13.6,-6.335584,53.382878
32_93,13.55,13.54,-6.335528,53.383776
32_94,13.47,13.44,-6.335472,53.384674
32_95,13.26,13.44,-6.335416,53.385572
32_96,12.88,13.05,-6.33536,53.386469
32_97,12.97,12.92,-6.335304,53.387367
32_98,13.05,13.03,-6.335247,53.388265
32_99,13.06,13.05,-6.335191,53.389163
32_100,13.07,13.07,-6.335135,53.390061
32_101,13.11,13.11,-6.335079,53.390959
32_102,13.61,13.48,-6.335023,53.391857
32_103,14.34,14.14,-6.334967,53.392755
32_104,15.09,14.8,-6.334911,53.393653
32_105,15.58,15.29,-6.334855,53.394551
32_106,18.51,18.2,-6.334798,53.395449
32_107,18.53,18.92,-6.334742,53.396346
32_108,16.08,16.38,-6.334686,53.397244
32_109,17.11,14.17,-6.33463,53.398142
32_110,13.35,13.44,-6.334574,53.39904
32_111,12.77,12.73,-6.334518,53.399938
32_112,12.68,12.54,-6.334462,53.400836
32_113,12.04,12.06,-6.334405,53.401734
32_114,11.82,11.82,-6.334349,53.402632
32_115,11.71,11.69,-6.334293,53.40353
32_116,11.54,11.49,-6.334237,53.404428
32_117,11.36,11.34,-6.334181,53.405326
32_118,11.18,11.14,-6.334125,53.406223
32_119,10.98,10.93,-6.334068,53.407121
32_120,10.8,10.78,-6.334012,53.408019
32_121,10.77,10.76,-6.333956,53.408917
32_122,10.75,10.74,-6.3339,53.409815
32_123,10.71,10.7,-6.333844,53.410713
32_124,10.68,10.67,-6.333788,53.411611
32_125,10.5,10.36,-6.333731,53.412509
32_126,10.15,10.14,-6.333675,53.413407
33_0,18.21,18.23,-6.339233,53.300236
33_1,18.6,19,-6.339177,53.301134
33_2,17.2,17.75,-6.339122,53.302032
33_3,15.76,15.74,-6.339066,53.302929
33_4,14.39,14.37,-6.33901,53.303827
33_5,14.23,14.29,-6.338954,53.304725
33_6,14.15,13.97,-6.338898,53.305623
33_7,13.58,13.54,-6.338842,53.306521
33_8,13.39,13.39,-6.338786,53.307419
33_9,13.56,13.7,-6.33873,53.308317
33_10,13.98,13.92,-6.338675,53.309215
33_11,14.48,14.47,-6.338619,53.310113
33_12,15.67,15.72,-6.338563,53.311011
33_13,14.77,14.89,-6.338507,53.311909
33_14,15.3,15.32,-6.338451,53.312807
33_15,15.78,15.83,-6.338395,53.313705
33_16,19.64,16.09,-6.338339,53.314602
33_17,16.04,15.92,-6.338283,53.3155
33_18,16.25,16.41,-6.338227,53.316398
33_19,16.49,16.3,-6.338172,53.317296
33_20,15.98,15.71,-6.338116,53.318194
33_21,15.75,15.79,-6.33806,53.319092
33_22,16.18,16.06,-6.338004,53.31999
33_23,16.67,16.72,-6.337948,53.320888
33_24,16.21,16.5,-6.337892,53.321786
33_25,15.96,15.95,-6.337836,53.322684
33_26,19.9,16.04,-6.33778,53.323582
33_27,16.16,16.37,-6.337724,53.32448
33_28,15.87,15.97,-6.337668,53.325378
33_29,16.15,15.46,-6.337612,53.326275
33_30,16.15,15.79,-6.337556,53.327173
33_31,23.41,26.24,-6.3375,53.328071
33_32,16.29,16.58,-6.337444,53.328969
33_33,17.5,17.71,-6.337389,53.329867
33_34,15.22,15.32,-6.337333,53.330765
33_35,14.98,15,-6.337277,53.331663
33_36,14.73,14.8,-6.337221,53.332561
33_37,14.47,14.48,-6.337165,53.333459
33_38,14.37,14.37,-6.337109,53.334357
33_39,14.55,14.58,-6.337053,53.335255
33_40,14.3,14.43,-6.336997,53.336153
33_41,14.02,13.96,-6.336941,53.337051
33_42,13.99,13.99,-6.336885,53.337948
33_43,13.96,14.02,-6.336829,53.338846
33_44,14.18,14.14,-6.336773,53.339744
33_45,14.28,15.72,-6.336717,53.340642
33_46,14.39,14.42,-6.336661,53.34154
33_47,14.65,14.78,-6.336605,53.342438
33_48,15.62,15.54,-6.336549,53.343336
33_49,15.88,15.98,-6.336493,53.344234
33_50,16.05,15.74,-6.336437,53.345132
33_51,15.24,15.2,-6.336381,53.34603
33_52,15.16,14.8,-6.336325,53.346928
33_53,14.54,14.47,-6.336269,53.347826
33_54,14.73,14.47,-6.336213,53.348723
33_55,14.96,15.05,-6.336157,53.349621
33_56,14.69,14.78,-6.336101,53.350519
33_57,14.52,14.58,-6.336045,53.351417
33_58,14.44,14.48,-6.335989,53.352315
33_59,14.4,14.49,-6.335933,53.353213
33_60,14.49,14.39,-6.335877,53.354111
33_61,14.55,14.51,-6.335821,53.355009
33_62,14.64,14.64,-6.335765,53.355907
33_63,14.74,14.77,-6.335709,53.356805
33_64,14.82,14.77,-6.335653,53.357703
33_65,14.93,14.9,-6.335597,53.358601
33_66,15.02,15.03,-6.335541,53.359499
33_67,15.09,15.03,-6.335485,53.360396
33_68,15.17,15.17,-6.335428,53.361294
33_69,15.18,15.18,-6.335372,53.362192
33_70,15.23,15.21,-6.335316,53.36309
33_71,15.31,15.39,-6.33526,53.363988
33_72,15.38,15.37,-6.335204,53.364886
33_73,15.42,15.42,-6.335148,53.365784
33_74,15.44,15.41,-6.335092,53.366682
33_75,15.46,15.48,-6.335036,53.36758
33_76,15.58,15.59,-6.33498,53.368478
33_77,15.72,15.73,-6.334924,53.369376
33_78,15.65,15.33,-6.334868,53.370273
33_79,15.63,15.81,-6.334812,53.371171
33_80,15.95,16.01,-6.334756,53.372069
33_81,25.22,25.44,-6.3347,53.372967
33_82,16.51,16.6,-6.334643,53.373865
33_83,15.81,15.43,-6.334587,53.374763
33_84,15.15,15.01,-6.334531,53.375661
33_85,14.86,14.85,-6.334475,53.376559
33_86,14.85,14.78,-6.334419,53.377457
33_87,14.65,14.78,-6.334363,53.378355
33_88,14.22,14.43,-6.334307,53.379253
33_89,14.01,14.12,-6.334251,53.380151
33_90,13.9,13.97,-6.334195,53.381048
33_91,13.78,13.84,-6.334138,53.381946
33_92,13.66,13.71,-6.334082,53.382844
33_93,13.55,13.58,-6.334026,53.383742
33_94,13.45,13.48,-6.33397,53.38464
33_95,13.22,13.32,-6.333914,53.385538
33_96,12.9,12.98,-6.333858,53.386436
33_97,12.98,12.95,-6.333802,53.387334
33_98,13.02,13,-6.333746,53.388232
33_99,13.02,13.02,-6.333689,53.38913
33_100,13.07,13.05,-6.333633,53.390028
33_101,13.13,13.11,-6.333577,53.390925
33_102,13.77,13.8,-6.333521,53.391823
33_103,14.46,14.46,-6.333465,53.392721
33_104,14.79,14.95,-6.333409,53.393619
33_105,15.01,14.74,-6.333352,53.394517
33_106,17.18,17.31,-6.333296,53.395415
33_107,18.9,18.97,-6.33324,53.396313
33_108,16.69,15.79,-6.333184,53.397211
33_109,14.93,15.07,-6.333128,53.398109
33_110,13.92,13.81,-6.333072,53.399007
33_111,13.32,13.21,-6.333015,53.399905
33_112,12.85,12.68,-6.332959,53.400802
33_113,12.31,12.13,-6.332903,53.4017
33_114,11.94,11.91,-6.332847,53.402598
33_115,11.79,11.73,-6.332791,53.403496
33_116,11.65,11.55,-6.332734,53.404394
33_117,11.47,11.41,-6.332678,53.405292
33_118,11.28,11.2,-6.332622,53.40619
33_119,11.11,11.2,-6.332566,53.407088
33_120,10.92,10.99,-6.33251,53.407986
33_121,10.76,10.84,-6.332453,53.408884
33_122,10.74,10.74,-6.332397,53.409782
33_123,10.72,10.73,-6.332341,53.410679
33_124,10.69,10.76,-6.332285,53.411577
33_125,10.59,10.7,-6.332229,53.412475
33_126,10.26,10.35,-6.332172,53.413373
34_0,18.84,18.57,-6.337734,53.300202
34_1,16.9,17.07,-6.337678,53.3011
34_2,15.99,16.76,-6.337623,53.301998
34_3,15.29,14.51,-6.337567,53.302896
34_4,14.16,14.13,-6.337511,53.303794
34_5,14.09,14.44,-6.337455,53.304692
34_6,13.87,13.97,-6.337399,53.30559
34_7,13.45,13.24,-6.337343,53.306488
34_8,13.21,13.27,-6.337287,53.307386
34_9,13.26,13.4,-6.337231,53.308284
34_10,13.57,13.72,-6.337175,53.309181
34_11,14.03,14.25,-6.337119,53.310079
34_12,14.57,14.6,-6.337064,53.310977
34_13,15.51,14.75,-6.337008,53.311875
34_14,14.93,15.61,-6.336952,53.312773
34_15,15.39,15.05,-6.336896,53.313671
34_16,15.97,15.66,-6.33684,53.314569
34_17,16.35,22.21,-6.336784,53.315467
34_18,16.57,16.7,-6.336728,53.316365
34_19,23.67,21.41,-6.336672,53.317263
34_20,16.21,16.36,-6.336616,53.318161
34_21,21.46,15.84,-6.33656,53.319059
34_22,16.1,16.14,-6.336504,53.319957
34_23,15.92,15.89,-6.336448,53.320854
34_24,15.73,15.85,-6.336392,53.321752
34_25,15.66,15.69,-6.336336,53.32265
34_26,18.87,19.48,-6.33628,53.323548
34_27,15.76,15.73,-6.336224,53.324446
34_28,15.35,15.43,-6.336168,53.325344
34_29,15.25,15.11,-6.336113,53.326242
34_30,15.28,15.24,-6.336057,53.32714
34_31,15.73,15.87,-6.336001,53.328038
34_32,16.78,16.55,-6.335945,53.328936
34_33,15.89,15.87,-6.335889,53.329834
34_34,15.51,15.5,-6.335833,53.330732
34_35,15.17,15.12,-6.335777,53.33163
34_36,14.92,14.8,-6.335721,53.332527
34_37,14.64,14.62,-6.335665,53.333425
34_38,14.34,14.29,-6.335609,53.334323
34_39,14.37,14.46,-6.335553,53.335221
34_40,14.3,14.2,-6.335497,53.336119
34_41,13.84,13.76,-6.335441,53.337017
34_42,13.76,13.78,-6.335385,53.337915
34_43,13.95,14,-6.335329,53.338813
34_44,14.31,14.28,-6.335273,53.339711
34_45,14.37,14.4,-6.335217,53.340609
34_46,14.37,14.4,-6.335161,53.341507
34_47,14.5,14.38,-6.335105,53.342405
34_48,14.91,14.69,-6.335049,53.343302
34_49,15.47,15.18,-6.334993,53.3442
34_50,15.9,15.81,-6.334937,53.345098
34_51,15.32,15.68,-6.33488,53.345996
34_52,14.84,14.98,-6.334824,53.346894
34_53,14.41,14.48,-6.334768,53.347792
34_54,14.69,14.44,-6.334712,53.34869
34_55,14.86,14.96,-6.334656,53.349588
34_56,14.57,14.53,-6.3346,53.350486
34_57,14.4,14.4,-6.334544,53.351384
34_58,14.21,14.27,-6.334488,53.352282
34_59,14.21,14.27,-6.334432,53.35318
34_60,14.29,14.23,-6.334376,53.354077
34_61,14.38,14.37,-6.33432,53.354975
34_62,14.47,14.5,-6.334264,53.355873
34_63,14.56,14.63,-6.334208,53.356771
34_64,14.66,14.62,-6.334152,53.357669
34_65,14.74,14.75,-6.334096,53.358567
34_66,14.83,14.89,-6.33404,53.359465
34_67,14.97,14.97,-6.333984,53.360363
34_68,15.19,15.22,-6.333927,53.361261
34_69,15.24,15.23,-6.333871,53.362159
34_70,15.3,15.26,-6.333815,53.363057
34_71,15.4,15.35,-6.333759,53.363955
34_72,15.35,15.38,-6.333703,53.364852
34_73,15.44,15.46,-6.333647,53.36575
34_74,15.51,15.48,-6.333591,53.366648
34_75,15.53,15.55,-6.333535,53.367546
34_76,15.6,15.66,-6.333479,53.368444
34_77,15.86,15.99,-6.333423,53.369342
34_78,16.18,15.99,-6.333366,53.37024
34_79,16.29,16.43,-6.33331,53.371138
34_80,16.41,16.44,-6.333254,53.372036
34_81,17.08,25.94,-6.333198,53.372934
34_82,15.91,16.59,-6.333142,53.373832
34_83,15.35,16.34,-6.333086,53.374729
34_84,16.91,16.3,-6.33303,53.375627
34_85,16.71,14.92,-6.332974,53.376525
34_86,14.73,14.72,-6.332917,53.377423
34_87,14.48,14.54,-6.332861,53.378321
34_88,14.26,14.3,-6.332805,53.379219
34_89,14.08,14.1,-6.332749,53.380117
34_90,13.96,14,-6.332693,53.381015
34_91,13.85,13.87,-6.332637,53.381913
34_92,13.73,13.74,-6.332581,53.382811
34_93,13.61,13.61,-6.332524,53.383709
34_94,13.47,13.43,-6.332468,53.384607
34_95,13.43,13.43,-6.332412,53.385504
34_96,13.11,13.1,-6.332356,53.386402
34_97,13.03,13,-6.3323,53.3873
34_98,13,13,-6.332244,53.388198
34_99,13.02,13.03,-6.332187,53.389096
34_100,13.09,13.09,-6.332131,53.389994
34_101,13.14,13.14,-6.332075,53.390892
34_102,13.83,13.73,-6.332019,53.39179
34_103,14,14.07,-6.331963,53.392688
34_104,14.19,14.4,-6.331906,53.393586
34_105,14.41,14.74,-6.33185,53.394484
34_106,15.23,15.74,-6.331794,53.395381
34_107,17.06,18.1,-6.331738,53.396279
34_108,19.18,17.64,-6.331682,53.397177
34_109,16.1,15.92,-6.331625,53.398075
34_110,14.67,15.92,-6.331569,53.398973
34_111,13.44,13.93,-6.331513,53.399871
34_112,12.93,13.19,-6.331457,53.400769
34_113,12.42,12.73,-6.331401,53.401667
34_114,12.06,12.19,-6.331344,53.402565
34_115,11.88,11.95,-6.331288,53.403463
34_116,11.72,11.77,-6.331232,53.40436
34_117,11.59,11.65,-6.331176,53.405258
34_118,11.4,11.47,-6.331119,53.406156
34_119,11.21,11.26,-6.331063,53.407054
34_120,11.04,11.05,-6.331007,53.407952
34_121,10.85,10.91,-6.330951,53.40885
34_122,10.79,10.79,-6.330894,53.409748
34_123,10.85,10.78,-6.330838,53.410646
34_124,10.91,10.76,-6.330782,53.411544
34_125,10.68,10.76,-6.330726,53.412442
34_126,10.61,10.61,-6.330669,53.41334
35_0,16.8,15.87,-6.336235,53.300169
35_1,15.69,15.67,-6.33618,53.301067
35_2,15.29,15.09,-6.336124,53.301965
35_3,14.68,14.4,-6.336068,53.302862
35_4,14.06,14.03,-6.336012,53.30376
35_5,14.01,14.03,-6.335956,53.304658
35_6,13.81,14.47,-6.3359,53.305556
35_7,13.16,13.54,-6.335844,53.306454
35_8,13.08,13.99,-6.335788,53.307352
35_9,13.16,13.11,-6.335732,53.30825
35_10,13.44,13.22,-6.335676,53.309148
35_11,13.97,13.77,-6.33562,53.310046
35_12,14.46,14.3,-6.335564,53.310944
35_13,14.61,14.45,-6.335508,53.311842
35_14,15.12,15.06,-6.335452,53.31274
35_15,15.55,15.5,-6.335396,53.313638
35_16,15.97,15.92,-6.33534,53.314536
35_17,23,19.91,-6.335284,53.315433
35_18,16.72,17.14,-6.335229,53.316331
35_19,16.73,22.1,-6.335173,53.317229
35_20,19.64,16.16,-6.335117,53.318127
35_21,16.37,22.41,-6.335061,53.319025
35_22,15.71,15.64,-6.335005,53.319923
35_23,16.66,16.66,-6.334949,53.320821
35_24,16.39,16.43,-6.334893,53.321719
35_25,15.5,15.97,-6.334837,53.322617
35_26,15.71,18.99,-6.334781,53.323515
35_27,15.56,15.46,-6.334725,53.324413
35_28,15.11,15.15,-6.334669,53.325311
35_29,14.94,15.11,-6.334613,53.326208
35_30,15.22,15.46,-6.334557,53.327106
35_31,15.85,16.01,-6.334501,53.328004
35_32,16.61,16.87,-6.334445,53.328902
35_33,16.48,16.02,-6.334389,53.3298
35_34,15.76,15.62,-6.334333,53.330698
35_35,15.39,15.22,-6.334277,53.331596
35_36,15.09,14.94,-6.334221,53.332494
35_37,14.86,15.07,-6.334165,53.333392
35_38,14.55,14.74,-6.334109,53.33429
35_39,14.34,14.37,-6.334053,53.335188
35_40,14.1,14.41,-6.333997,53.336086
35_41,14,14.17,-6.33394,53.336984
35_42,14.04,14.13,-6.333884,53.337881
35_43,14.27,14.08,-6.333828,53.338779
35_44,14.37,14.33,-6.333772,53.339677
35_45,14.38,14.36,-6.333716,53.340575
35_46,15.71,14.4,-6.33366,53.341473
35_47,14.58,14.54,-6.333604,53.342371
35_48,17.3,14.69,-6.333548,53.343269
35_49,15.4,15.32,-6.333492,53.344167
35_50,15.58,15.66,-6.333436,53.345065
35_51,15.12,15.35,-6.33338,53.345963
35_52,14.91,14.87,-6.333324,53.346861
35_53,14.28,14.3,-6.333268,53.347759
35_54,14.11,14.14,-6.333212,53.348656
35_55,14.78,14.83,-6.333156,53.349554
35_56,14.41,14.34,-6.3331,53.350452
35_57,14.25,14.22,-6.333044,53.35135
35_58,14.09,14.1,-6.332987,53.352248
35_59,14.03,14.1,-6.332931,53.353146
35_60,14.1,14.08,-6.332875,53.354044
35_61,14.2,14.22,-6.332819,53.354942
35_62,14.29,14.35,-6.332763,53.35584
35_63,14.38,14.48,-6.332707,53.356738
35_64,14.47,14.47,-6.332651,53.357636
35_65,14.56,14.6,-6.332595,53.358533
35_66,14.66,14.74,-6.332539,53.359431
35_67,14.88,14.97,-6.332483,53.360329
35_68,15.19,15.29,-6.332426,53.361227
35_69,15.31,15.32,-6.33237,53.362125
35_70,15.46,15.32,-6.332314,53.363023
35_71,15.38,15.4,-6.332258,53.363921
35_72,15.35,15.3,-6.332202,53.364819
35_73,15.43,15.39,-6.332146,53.365717
35_74,15.52,15.48,-6.33209,53.366615
35_75,15.57,15.56,-6.332034,53.367513
35_76,15.63,15.61,-6.331977,53.368411
35_77,15.84,15.8,-6.331921,53.369308
35_78,16.13,16.14,-6.331865,53.370206
35_79,16.16,15.85,-6.331809,53.371104
35_80,23.35,23.35,-6.331753,53.372002
35_81,18.1,18.95,-6.331697,53.3729
35_82,15.78,18.3,-6.331641,53.373798
35_83,15.39,15.44,-6.331584,53.374696
35_84,14.96,15,-6.331528,53.375594
35_85,16.78,16.99,-6.331472,53.376492
35_86,14.77,14.78,-6.331416,53.37739
35_87,14.56,14.58,-6.33136,53.378288
35_88,14.28,14.28,-6.331303,53.379185
35_89,14.15,14.13,-6.331247,53.380083
35_90,14.02,13.97,-6.331191,53.380981
35_91,13.86,13.83,-6.331135,53.381879
35_92,13.73,13.7,-6.331079,53.382777
35_93,13.57,13.57,-6.331023,53.383675
35_94,13.43,13.46,-6.330966,53.384573
35_95,13.47,13.48,-6.33091,53.385471
35_96,13.44,13.23,-6.330854,53.386369
35_97,13.09,13.07,-6.330798,53.387267
35_98,13.04,13.06,-6.330742,53.388165
35_99,13.04,13.06,-6.330685,53.389062
35_100,13.1,13.12,-6.330629,53.38996
35_101,13.2,13.39,-6.330573,53.390858
35_102,13.49,13.36,-6.330517,53.391756
35_103,13.79,13.65,-6.33046,53.392654
35_104,13.97,13.93,-6.330404,53.393552
35_105,14.12,14.14,-6.330348,53.39445
35_106,14.51,14.25,-6.330292,53.395348
35_107,16.94,15.68,-6.330236,53.396246
35_108,18.17,18.23,-6.330179,53.397144
35_109,18.53,18.98,-6.330123,53.398042
35_110,16.42,17.35,-6.330067,53.398939
35_111,14.4,14.96,-6.330011,53.399837
35_112,13.22,13.28,-6.329954,53.400735
35_113,12.73,12.91,-6.329898,53.401633
35_114,12.17,12.32,-6.329842,53.402531
35_115,11.98,11.99,-6.329786,53.403429
35_116,11.81,11.81,-6.329729,53.404327
35_117,11.65,11.68,-6.329673,53.405225
35_118,11.53,11.53,-6.329617,53.406123
35_119,11.33,11.33,-6.329561,53.407021
35_120,11.14,11.12,-6.329504,53.407918
35_121,11.14,11.15,-6.329448,53.408816
35_122,11.05,11.09,-6.329392,53.409714
35_123,11.16,11.1,-6.329335,53.410612
35_124,11.17,11.06,-6.329279,53.41151
35_125,10.94,10.98,-6.329223,53.412408
35_126,10.77,10.72,-6.329167,53.413306
36_0,16.01,16.17,-6.334737,53.300135
36_1,15.5,15.67,-6.334681,53.301033
36_2,15.03,15.26,-6.334625,53.301931
36_3,14.64,14.65,-6.334569,53.302829
36_4,14.14,14.29,-6.334513,53.303727
36_5,14.33,13.92,-6.334457,53.304625
36_6,13.92,13.96,-6.334401,53.305523
36_7,14.45,14.03,-6.334345,53.306421
36_8,13.25,13.41,-6.334289,53.307319
36_9,13.3,13.27,-6.334233,53.308217
36_10,13.61,13.48,-6.334177,53.309114
36_11,13.98,14.03,-6.334121,53.310012
36_12,14.39,14.34,-6.334065,53.31091
36_13,14.76,14.77,-6.334009,53.311808
36_14,14.95,15.06,-6.333953,53.312706
36_15,15.34,15.25,-6.333897,53.313604
36_16,15.73,15.79,-6.333841,53.314502
36_17,16.29,16.42,-6.333785,53.3154
36_18,23.47,20.92,-6.333729,53.316298
36_19,24.6,26.25,-6.333673,53.317196
36_20,17.38,17.05,-6.333617,53.318094
36_21,16.97,16.44,-6.333561,53.318992
36_22,16.54,15.59,-6.333505,53.31989
36_23,15.59,15.62,-6.333449,53.320787
36_24,15.46,15.5,-6.333393,53.321685
36_25,15.4,15.43,-6.333337,53.322583
36_26,15.5,20.4,-6.333281,53.323481
36_27,15.64,15.42,-6.333225,53.324379
36_28,15.04,14.83,-6.333169,53.325277
36_29,14.76,14.83,-6.333113,53.326175
36_30,15.33,14.95,-6.333057,53.327073
36_31,15.89,15.44,-6.333001,53.327971
36_32,16.37,16.34,-6.332945,53.328869
36_33,28.16,27.57,-6.332889,53.329767
36_34,16.26,17.23,-6.332833,53.330665
36_35,15.6,15.88,-6.332777,53.331562
36_36,15.24,15.32,-6.332721,53.33246
36_37,15.03,15.51,-6.332665,53.333358
36_38,14.67,14.79,-6.332609,53.334256
36_39,17.75,17.74,-6.332552,53.335154
36_40,14.41,14.31,-6.332496,53.336052
36_41,14.47,14.46,-6.33244,53.33695
36_42,14.4,14.4,-6.332384,53.337848
36_43,14.34,14.34,-6.332328,53.338746
36_44,14.31,14.33,-6.332272,53.339644
36_45,14.32,14.31,-6.332216,53.340542
36_46,14.38,14.38,-6.33216,53.34144
36_47,14.66,14.62,-6.332104,53.342337
36_48,15.01,14.92,-6.332048,53.343235
36_49,15.31,15.4,-6.331992,53.344133
36_50,15.7,15.75,-6.331936,53.345031
36_51,15.17,15.06,-6.33188,53.345929
36_52,14.87,14.87,-6.331823,53.346827
36_53,14.24,14.08,-6.331767,53.347725
36_54,14.01,14.2,-6.331711,53.348623
36_55,14.47,14.62,-6.331655,53.349521
36_56,14.33,14.26,-6.331599,53.350419
36_57,14.17,14.13,-6.331543,53.351317
36_58,14.07,14.03,-6.331487,53.352215
36_59,13.96,13.95,-6.331431,53.353112
36_60,13.95,13.94,-6.331375,53.35401
36_61,14.02,13.94,-6.331318,53.354908
36_62,14.12,14.07,-6.331262,53.355806
36_63,14.21,14.2,-6.331206,53.356704
36_64,14.29,14.19,-6.33115,53.357602
36_65,14.38,14.32,-6.331094,53.3585
36_66,14.57,14.46,-6.331038,53.359398
36_67,14.88,14.74,-6.330982,53.360296
36_68,15.15,15.12,-6.330925,53.361194
36_69,15.41,15.36,-6.330869,53.362092
36_70,15.46,15.52,-6.330813,53.362989
36_71,15.33,15.4,-6.330757,53.363887
36_72,15.29,15.26,-6.330701,53.364785
36_73,15.35,15.32,-6.330645,53.365683
36_74,15.46,15.48,-6.330588,53.366581
36_75,15.52,15.39,-6.330532,53.367479
36_76,15.64,15.54,-6.330476,53.368377
36_77,15.72,15.76,-6.33042,53.369275
36_78,16.05,15.83,-6.330364,53.370173
36_79,16.05,21.63,-6.330308,53.371071
36_80,17.29,17.16,-6.330251,53.371969
36_81,15.96,15.96,-6.330195,53.372866
36_82,15.51,15.58,-6.330139,53.373764
36_83,15.42,15.34,-6.330083,53.374662
36_84,15.09,15,-6.330027,53.37556
36_85,14.82,14.78,-6.32997,53.376458
36_86,16.87,16.36,-6.329914,53.377356
36_87,14.65,14.54,-6.329858,53.378254
36_88,14.36,14.28,-6.329802,53.379152
36_89,14.13,14.1,-6.329746,53.38005
36_90,13.98,13.97,-6.329689,53.380948
36_91,13.83,13.75,-6.329633,53.381846
36_92,13.67,13.62,-6.329577,53.382743
36_93,13.51,13.48,-6.329521,53.383641
36_94,13.46,13.46,-6.329465,53.384539
36_95,13.52,13.51,-6.329408,53.385437
36_96,13.55,13.54,-6.329352,53.386335
36_97,13.18,13.39,-6.329296,53.387233
36_98,13.11,13.13,-6.32924,53.388131
36_99,13.1,13.12,-6.329183,53.389029
36_100,13.15,13.12,-6.329127,53.389927
36_101,13.26,13.2,-6.329071,53.390825
36_102,13.39,13.2,-6.329015,53.391723
36_103,13.47,13.39,-6.328958,53.39262
36_104,13.63,13.61,-6.328902,53.393518
36_105,13.89,13.91,-6.328846,53.394416
36_106,14.55,14.41,-6.32879,53.395314
36_107,15.87,15.67,-6.328733,53.396212
36_108,17,17,-6.328677,53.39711
36_109,18.54,18.98,-6.328621,53.398008
36_110,17.91,18.15,-6.328565,53.398906
36_111,16.15,16.15,-6.328508,53.399804
36_112,14.62,14.26,-6.328452,53.400702
36_113,13.07,13.22,-6.328396,53.4016
36_114,12.58,12.55,-6.328339,53.402497
36_115,12.09,12.06,-6.328283,53.403395
36_116,11.9,11.86,-6.328227,53.404293
36_117,11.74,11.72,-6.328171,53.405191
36_118,11.59,11.57,-6.328114,53.406089
36_119,11.48,11.42,-6.328058,53.406987
36_120,11.52,11.34,-6.328002,53.407885
36_121,11.33,11.28,-6.327945,53.408783
36_122,11.27,11.25,-6.327889,53.409681
36_123,11.21,11.2,-6.327833,53.410579
36_124,11.17,11.15,-6.327776,53.411476
36_125,11.13,11,-6.32772,53.412374
36_126,10.9,11,-6.327664,53.413272
37_0,15.93,15.97,-6.333238,53.300102
37_1,15.42,15.47,-6.333182,53.301
37_2,14.96,15.06,-6.333126,53.301898
37_3,14.51,14.45,-6.33307,53.302795
37_4,14.04,14.04,-6.333014,53.303693
37_5,14.2,14.14,-6.332958,53.304591
37_6,13.9,14.64,-6.332902,53.305489
37_7,14.17,14.22,-6.332846,53.306387
37_8,13.66,13.64,-6.33279,53.307285
37_9,13.45,13.44,-6.332734,53.308183
37_10,13.81,13.74,-6.332678,53.309081
37_11,14.13,14.17,-6.332622,53.309979
37_12,14.34,14.37,-6.332566,53.310877
37_13,14.54,14.66,-6.33251,53.311775
37_14,16.36,15.65,-6.332454,53.312673
37_15,14.97,15.05,-6.332398,53.313571
37_16,15.35,15.48,-6.332342,53.314468
37_17,15.82,16.15,-6.332286,53.315366
37_18,20.95,17.06,-6.33223,53.316264
37_19,21,19.06,-6.332174,53.317162
37_20,17.06,22.63,-6.332118,53.31806
37_21,16.27,22.63,-6.332062,53.318958
37_22,20.82,15.93,-6.332005,53.319856
37_23,15.77,20.69,-6.331949,53.320754
37_24,15.52,15.67,-6.331893,53.321652
37_25,15.52,15.4,-6.331837,53.32255
37_26,15.37,15.58,-6.331781,53.323448
37_27,15.61,18.71,-6.331725,53.324346
37_28,15.14,15.27,-6.331669,53.325243
37_29,14.83,14.82,-6.331613,53.326141
37_30,15.05,15,-6.331557,53.327039
37_31,15.41,15.34,-6.331501,53.327937
37_32,15.75,15.67,-6.331445,53.328835
37_33,16.46,16.3,-6.331389,53.329733
37_34,25.95,16.85,-6.331333,53.330631
37_35,16.52,16.61,-6.331277,53.331529
37_36,15.94,15.72,-6.331221,53.332427
37_37,15.76,16.02,-6.331165,53.333325
37_38,14.86,14.87,-6.331108,53.334223
37_39,14.76,14.71,-6.331052,53.335121
37_40,14.51,14.52,-6.330996,53.336018
37_41,14.44,14.41,-6.33094,53.336916
37_42,14.36,14.35,-6.330884,53.337814
37_43,14.33,14.33,-6.330828,53.338712
37_44,14.3,14.29,-6.330772,53.33961
37_45,14.28,14.31,-6.330716,53.340508
37_46,14.37,15.63,-6.33066,53.341406
37_47,18.97,17.72,-6.330604,53.342304
37_48,15.14,15.16,-6.330547,53.343202
37_49,15.49,15.64,-6.330491,53.3441
37_50,15.84,15.64,-6.330435,53.344998
37_51,15.11,14.92,-6.330379,53.345896
37_52,14.73,14.64,-6.330323,53.346793
37_53,14.2,14.42,-6.330267,53.347691
37_54,13.76,13.86,-6.330211,53.348589
37_55,14.04,13.93,-6.330154,53.349487
37_56,14.24,14.06,-6.330098,53.350385
37_57,14.15,14.17,-6.330042,53.351283
37_58,14.03,14.08,-6.329986,53.352181
37_59,13.95,13.98,-6.32993,53.353079
37_60,13.84,13.84,-6.329874,53.353977
37_61,13.86,13.8,-6.329818,53.354875
37_62,13.95,13.93,-6.329761,53.355773
37_63,14.02,14.06,-6.329705,53.35667
37_64,14.13,14.11,-6.329649,53.357568
37_65,14.29,14.27,-6.329593,53.358466
37_66,14.51,14.48,-6.329537,53.359364
37_67,14.99,14.88,-6.329481,53.360262
37_68,15.35,15.37,-6.329424,53.36116
37_69,15.55,15.54,-6.329368,53.362058
37_70,15.41,15.43,-6.329312,53.362956
37_71,15.26,15.31,-6.329256,53.363854
37_72,15.22,15.22,-6.3292,53.364752
37_73,15.28,15.28,-6.329143,53.36565
37_74,15.31,15.36,-6.329087,53.366548
37_75,15.3,15.39,-6.329031,53.367445
37_76,15.41,15.54,-6.328975,53.368343
37_77,15.84,18.7,-6.328919,53.369241
37_78,16.41,16.31,-6.328862,53.370139
37_79,16.72,16.6,-6.328806,53.371037
37_80,16.39,15.83,-6.32875,53.371935
37_81,15.57,15.51,-6.328694,53.372833
37_82,15.35,15.37,-6.328638,53.373731
37_83,15.25,15.16,-6.328581,53.374629
37_84,15.16,15.01,-6.328525,53.375527
37_85,14.94,15.01,-6.328469,53.376425
37_86,14.9,14.75,-6.328413,53.377322
37_87,15.57,14.81,-6.328356,53.37822
37_88,14.46,14.56,-6.3283,53.379118
37_89,14.21,14.31,-6.328244,53.380016
37_90,13.99,14.07,-6.328188,53.380914
37_91,13.8,13.88,-6.328131,53.381812
37_92,13.63,13.69,-6.328075,53.38271
37_93,13.48,13.53,-6.328019,53.383608
37_94,13.49,13.46,-6.327963,53.384506
37_95,13.51,13.5,-6.327906,53.385404
37_96,13.43,13.49,-6.32785,53.386301
37_97,13.17,13.18,-6.327794,53.387199
37_98,13.15,13.17,-6.327738,53.388097
37_99,13.17,13.18,-6.327681,53.388995
37_100,13.23,13.22,-6.327625,53.389893
37_101,13.32,13.29,-6.327569,53.390791
37_102,13.16,13.13,-6.327513,53.391689
37_103,13.17,13.17,-6.327456,53.392587
37_104,13.44,13.44,-6.3274,53.393485
37_105,13.72,13.72,-6.327344,53.394383
37_106,17.74,14.49,-6.327287,53.395281
37_107,14.85,14.85,-6.327231,53.396178
37_108,15.46,15.91,-6.327175,53.397076
37_109,18.25,18.7,-6.327118,53.397974
37_110,18.97,18.9,-6.327062,53.398872
37_111,17,16.41,-6.327006,53.39977
37_112,14.9,14.45,-6.32695,53.400668
37_113,13.61,13.22,-6.326893,53.401566
37_114,12.99,12.71,-6.326837,53.402464
37_115,12.37,12.26,-6.326781,53.403362
37_116,12.15,11.98,-6.326724,53.40426
37_117,11.94,12.18,-6.326668,53.405157
37_118,11.82,11.97,-6.326612,53.406055
37_119,11.95,11.92,-6.326555,53.406953
37_120,11.8,11.87,-6.326499,53.407851
37_121,11.51,11.61,-6.326443,53.408749
37_122,11.3,11.34,-6.326386,53.409647
37_123,11.24,11.26,-6.32633,53.410545
37_124,11.2,11.2,-6.326274,53.411443
37_125,11.14,11.18,-6.326217,53.412341
37_126,10.97,11.07,-6.326161,53.413239
38_0,15.89,15.76,-6.331739,53.300068
38_1,15.32,15.27,-6.331683,53.300966
38_2,14.86,14.86,-6.331627,53.301864
38_3,14.43,14.51,-6.331571,53.302762
38_4,14.32,14.35,-6.331515,53.30366
38_5,15.12,14.36,-6.331459,53.304558
38_6,14.3,14.12,-6.331403,53.305456
38_7,14.16,13.97,-6.331347,53.306354
38_8,13.89,13.78,-6.331291,53.307252
38_9,13.61,13.71,-6.331235,53.308149
38_10,13.87,13.96,-6.331179,53.309047
38_11,14.09,14.17,-6.331123,53.309945
38_12,14.27,14.17,-6.331066,53.310843
38_13,14.45,14.37,-6.33101,53.311741
38_14,14.59,14.49,-6.330954,53.312639
38_15,14.93,14.79,-6.330898,53.313537
38_16,15.22,15.12,-6.330842,53.314435
38_17,15.93,19.51,-6.330786,53.315333
38_18,16.23,16.21,-6.33073,53.316231
38_19,21.07,16.36,-6.330674,53.317129
38_20,16.23,16.41,-6.330618,53.318027
38_21,15.55,15.7,-6.330562,53.318924
38_22,15.51,15.67,-6.330506,53.319822
38_23,16.01,15.77,-6.33045,53.32072
38_24,19.63,19.59,-6.330394,53.321618
38_25,16.02,15.85,-6.330338,53.322516
38_26,15.9,16.14,-6.330282,53.323414
38_27,15.97,19.67,-6.330226,53.324312
38_28,15.3,15.3,-6.330169,53.32521
38_29,15.03,14.97,-6.330113,53.326108
38_30,15.04,15.06,-6.330057,53.327006
38_31,15.39,15.39,-6.330001,53.327904
38_32,15.39,15.49,-6.329945,53.328802
38_33,15.36,15.73,-6.329889,53.329699
38_34,16.06,15.74,-6.329833,53.330597
38_35,16.53,16.84,-6.329777,53.331495
38_36,16.82,16.7,-6.329721,53.332393
38_37,16.61,16.02,-6.329664,53.333291
38_38,15.88,15.78,-6.329608,53.334189
38_39,15.32,15.03,-6.329552,53.335087
38_40,14.65,14.47,-6.329496,53.335985
38_41,14.41,14.36,-6.32944,53.336883
38_42,14.35,14.33,-6.329384,53.337781
38_43,14.32,14.31,-6.329328,53.338679
38_44,14.29,14.29,-6.329272,53.339577
38_45,14.32,14.36,-6.329215,53.340474
38_46,14.44,14.4,-6.329159,53.341372
38_47,19.74,14.73,-6.329103,53.34227
38_48,14.78,15.04,-6.329047,53.343168
38_49,15.15,14.87,-6.328991,53.344066
38_50,15.62,16,-6.328935,53.344964
38_51,14.94,15.08,-6.328879,53.345862
38_52,14.72,14.84,-6.328822,53.34676
38_53,14.09,14.19,-6.328766,53.347658
38_54,13.74,13.78,-6.32871,53.348556
38_55,13.74,13.72,-6.328654,53.349454
38_56,13.95,14.06,-6.328598,53.350352
38_57,14,13.94,-6.328542,53.351249
38_58,14.01,14.02,-6.328485,53.352147
38_59,13.91,13.94,-6.328429,53.353045
38_60,13.81,13.81,-6.328373,53.353943
38_61,13.71,13.7,-6.328317,53.354841
38_62,13.8,13.79,-6.328261,53.355739
38_63,13.96,13.95,-6.328204,53.356637
38_64,14.11,14.14,-6.328148,53.357535
38_65,14.17,14.15,-6.328092,53.358433
38_66,14.29,14.34,-6.328036,53.359331
38_67,14.79,14.89,-6.32798,53.360229
38_68,15.16,15.1,-6.327923,53.361126
38_69,15.33,15.35,-6.327867,53.362024
38_70,15.35,15.34,-6.327811,53.362922
38_71,15.22,15.22,-6.327755,53.36382
38_72,15.16,15.18,-6.327699,53.364718
38_73,15.26,15.28,-6.327642,53.365616
38_74,15.27,15.26,-6.327586,53.366514
38_75,15.37,15.31,-6.32753,53.367412
38_76,15.64,19.14,-6.327474,53.36831
38_77,16,19.14,-6.327417,53.369208
38_78,16.36,16.05,-6.327361,53.370106
38_79,17.14,17.39,-6.327305,53.371003
38_80,15.87,15.92,-6.327249,53.371901
38_81,15.52,15.64,-6.327192,53.372799
38_82,15.17,15.35,-6.327136,53.373697
38_83,15.15,15.14,-6.32708,53.374595
38_84,15.1,15.12,-6.327024,53.375493
38_85,14.79,14.95,-6.326967,53.376391
38_86,14.87,14.8,-6.326911,53.377289
38_87,14.73,14.74,-6.326855,53.378187
38_88,14.47,14.49,-6.326799,53.379085
38_89,14.27,14.32,-6.326742,53.379983
38_90,14.07,14.08,-6.326686,53.38088
38_91,13.86,13.89,-6.32663,53.381778
38_92,13.68,13.7,-6.326573,53.382676
38_93,13.52,13.51,-6.326517,53.383574
38_94,13.5,13.46,-6.326461,53.384472
38_95,13.48,13.5,-6.326405,53.38537
38_96,13.55,13.56,-6.326348,53.386268
38_97,13.22,13.2,-6.326292,53.387166
38_98,13.2,13.25,-6.326236,53.388064
38_99,13.25,13.27,-6.326179,53.388962
38_100,13.3,13.31,-6.326123,53.389859
38_101,13.32,13.31,-6.326067,53.390757
38_102,13.22,13.34,-6.32601,53.391655
38_103,13.26,13.27,-6.325954,53.392553
38_104,13.4,13.5,-6.325898,53.393451
38_105,13.88,13.94,-6.325841,53.394349
38_106,14.32,14.68,-6.325785,53.395247
38_107,14.82,15.17,-6.325729,53.396145
38_108,15.61,15.66,-6.325672,53.397043
38_109,16.52,15.66,-6.325616,53.397941
38_110,18.69,17.68,-6.32556,53.398839
38_111,17.65,18.9,-6.325503,53.399736
38_112,15.2,15.79,-6.325447,53.400634
38_113,14.08,14.32,-6.325391,53.401532
38_114,13.32,13.69,-6.325334,53.40243
38_115,12.62,12.88,-6.325278,53.403328
38_116,12.41,12.45,-6.325222,53.404226
38_117,12.25,12.44,-6.325165,53.405124
38_118,12.12,12.24,-6.325109,53.406022
38_119,11.99,12.03,-6.325053,53.40692
38_120,11.84,11.91,-6.324996,53.407818
38_121,11.58,11.66,-6.32494,53.408715
38_122,11.37,11.39,-6.324884,53.409613
38_123,11.3,11.3,-6.324827,53.410511
38_124,11.25,11.24,-6.324771,53.411409
38_125,11.21,11.23,-6.324714,53.412307
38_126,11.17,11.12,-6.324658,53.413205
39_0,15.17,15.09,-6.33024,53.300035
39_1,15.24,15.07,-6.330184,53.300933
39_2,14.8,14.67,-6.330128,53.30183
39_3,14.59,14.39,-6.330072,53.302728
39_4,14.34,14.39,-6.330016,53.303626
39_5,14.97,14.21,-6.32996,53.304524
39_6,14.19,14.25,-6.329904,53.305422
39_7,14,14.12,-6.329848,53.30632
39_8,13.85,13.94,-6.329792,53.307218
39_9,13.69,13.76,-6.329735,53.308116
39_10,13.81,13.75,-6.329679,53.309014
39_11,14.03,13.97,-6.329623,53.309912
39_12,14.24,14.18,-6.329567,53.31081
39_13,14.4,14.38,-6.329511,53.311708
39_14,14.68,14.49,-6.329455,53.312605
39_15,18.04,20.28,-6.329399,53.313503
39_16,15.48,15.35,-6.329343,53.314401
39_17,15.71,15.73,-6.329287,53.315299
39_18,15.8,15.89,-6.329231,53.316197
39_19,21.77,21.15,-6.329175,53.317095
39_20,15.9,15.9,-6.329119,53.317993
39_21,16.1,15.67,-6.329062,53.318891
39_22,16.09,15.67,-6.329006,53.319789
39_23,15.39,15.87,-6.32895,53.320687
39_24,15.76,15.86,-6.328894,53.321585
39_25,16.19,21.27,-6.328838,53.322483
39_26,20.27,21.12,-6.328782,53.32338
39_27,24.09,16.35,-6.328726,53.324278
39_28,15.58,15.36,-6.32867,53.325176
39_29,15.23,15.12,-6.328614,53.326074
39_30,15.12,15.14,-6.328557,53.326972
39_31,15.31,15.16,-6.328501,53.32787
39_32,15.06,15.03,-6.328445,53.328768
39_33,14.93,15.14,-6.328389,53.329666
39_34,15.3,15.37,-6.328333,53.330564
39_35,15.54,16.14,-6.328277,53.331462
39_36,16.6,16.14,-6.328221,53.33236
39_37,16.95,17.31,-6.328164,53.333258
39_38,16.82,16.65,-6.328108,53.334155
39_39,19.52,19.29,-6.328052,53.335053
39_40,15.69,15.99,-6.327996,53.335951
39_41,14.42,14.58,-6.32794,53.336849
39_42,14.42,14.53,-6.327884,53.337747
39_43,14.56,14.55,-6.327827,53.338645
39_44,14.66,14.57,-6.327771,53.339543
39_45,14.47,14.52,-6.327715,53.340441
39_46,14.61,14.62,-6.327659,53.341339
39_47,15.18,15.05,-6.327603,53.342237
39_48,14.93,14.96,-6.327547,53.343135
39_49,15.07,15.18,-6.32749,53.344033
39_50,15.73,15.67,-6.327434,53.34493
39_51,15.01,15.1,-6.327378,53.345828
39_52,14.69,14.77,-6.327322,53.346726
39_53,14.05,14.01,-6.327266,53.347624
39_54,13.73,13.73,-6.327209,53.348522
39_55,13.5,13.51,-6.327153,53.34942
39_56,13.65,13.8,-6.327097,53.350318
39_57,13.79,13.84,-6.327041,53.351216
39_58,13.98,13.97,-6.326985,53.352114
39_59,13.9,13.89,-6.326928,53.353012
39_60,13.83,13.81,-6.326872,53.35391
39_61,13.72,13.72,-6.326816,53.354807
39_62,13.89,13.87,-6.32676,53.355705
39_63,13.94,13.98,-6.326704,53.356603
39_64,14.1,14.06,-6.326647,53.357501
39_65,14.06,14.04,-6.326591,53.358399
39_66,14.04,14.05,-6.326535,53.359297
39_67,14.55,14.84,-6.326479,53.360195
39_68,14.82,14.6,-6.326422,53.361093
39_69,14.95,14.81,-6.326366,53.361991
39_70,15.11,15.02,-6.32631,53.362889
39_71,15.15,15.25,-6.326254,53.363787
39_72,15.09,15.04,-6.326197,53.364684
39_73,15.19,15.14,-6.326141,53.365582
39_74,15.36,15.25,-6.326085,53.36648
39_75,15.58,15.39,-6.326029,53.367378
39_76,15.91,16.05,-6.325972,53.368276
39_77,16.13,15.98,-6.325916,53.369174
39_78,21.63,16.5,-6.32586,53.370072
39_79,16.43,17.39,-6.325804,53.37097
39_80,15.65,15.62,-6.325747,53.371868
39_81,15.3,15.33,-6.325691,53.372766
39_82,15.09,15.14,-6.325635,53.373664
39_83,15.1,15.03,-6.325578,53.374561
39_84,15.14,15.14,-6.325522,53.375459
39_85,18.03,18.06,-6.325466,53.376357
39_86,15.93,14.87,-6.325409,53.377255
39_87,15.5,14.54,-6.325353,53.378153
39_88,14.4,14.38,-6.325297,53.379051
39_89,14.22,14.21,-6.325241,53.379949
39_90,14.05,14.04,-6.325184,53.380847
39_91,13.93,13.9,-6.325128,53.381745
39_92,13.77,13.73,-6.325072,53.382643
39_93,13.59,13.55,-6.325015,53.38354
39_94,13.56,13.54,-6.324959,53.384438
39_95,13.57,13.59,-6.324903,53.385336
39_96,13.61,13.58,-6.324846,53.386234
39_97,13.35,13.23,-6.32479,53.387132
39_98,13.28,13.25,-6.324734,53.38803
39_99,13.32,13.36,-6.324677,53.388928
39_100,13.38,13.41,-6.324621,53.389826
39_101,13.32,13.41,-6.324565,53.390724
39_102,13.44,13.54,-6.324508,53.391622
39_103,13.53,13.61,-6.324452,53.39252
39_104,13.55,13.48,-6.324396,53.393417
39_105,14.08,13.75,-6.324339,53.394315
39_106,14.3,14.17,-6.324283,53.395213
39_107,15.19,14.52,-6.324227,53.396111
39_108,16.16,15.88,-6.32417,53.397009
39_109,17.13,17.19,-6.324114,53.397907
39_110,18.1,17.3,-6.324057,53.398805
39_111,19.01,18.89,-6.324001,53.399703
39_112,17.41,18.02,-6.323945,53.400601
39_113,14.65,14.64,-6.323888,53.401499
39_114,13.73,14.01,-6.323832,53.402396
39_115,12.94,13.04,-6.323776,53.403294
39_116,12.68,12.65,-6.323719,53.404192
39_117,12.58,12.44,-6.323663,53.40509
39_118,12.39,12.4,-6.323606,53.405988
39_119,12.18,12.18,-6.32355,53.406886
39_120,12.02,11.97,-6.323494,53.407784
39_121,11.74,11.78,-6.323437,53.408682
39_122,11.45,11.44,-6.323381,53.40958
39_123,11.37,11.36,-6.323324,53.410478
39_124,11.31,11.28,-6.323268,53.411375
39_125,11.27,11.28,-6.323212,53.412273
39_126,11.13,11.07,-6.323155,53.413171
40_0,14.96,14.91,-6.328741,53.300001
40_1,14.96,14.95,-6.328685,53.300899
40_2,14.9,14.96,-6.328629,53.301797
40_3,14.55,14.64,-6.328573,53.302695
40_4,14.2,14.32,-6.328517,53.303593
40_5,14.96,14.92,-6.328461,53.304491
40_6,14.36,14.27,-6.328405,53.305389
40_7,14.13,14.27,-6.328348,53.306286
40_8,13.99,14.02,-6.328292,53.307184
40_9,13.84,13.84,-6.328236,53.308082
40_10,13.86,13.81,-6.32818,53.30898
40_11,13.99,14.08,-6.328124,53.309878
40_12,14.21,14.23,-6.328068,53.310776
40_13,14.57,14.53,-6.328012,53.311674
40_14,20.42,14.89,-6.327956,53.312572
40_15,14.93,15.04,-6.3279,53.31347
40_16,15.25,15.25,-6.327844,53.314368
40_17,15.43,15.51,-6.327787,53.315266
40_18,15.61,15.71,-6.327731,53.316164
40_19,21.84,16.79,-6.327675,53.317061
40_20,16.06,15.85,-6.327619,53.317959
40_21,15.45,15.44,-6.327563,53.318857
40_22,15.3,15.35,-6.327507,53.319755
40_23,15.27,15.26,-6.327451,53.320653
40_24,15.37,15.44,-6.327395,53.321551
40_25,16.31,15.89,-6.327338,53.322449
40_26,16.09,16.17,-6.327282,53.323347
40_27,20.86,17.68,-6.327226,53.324245
40_28,15.81,17.68,-6.32717,53.325143
40_29,16.23,15.41,-6.327114,53.326041
40_30,15.23,15.27,-6.327058,53.326939
40_31,15.15,15.18,-6.327001,53.327836
40_32,15,15.11,-6.326945,53.328734
40_33,14.8,14.85,-6.326889,53.329632
40_34,14.97,14.86,-6.326833,53.33053
40_35,15.15,15.06,-6.326777,53.331428
40_36,15.39,15.51,-6.326721,53.332326
40_37,15.51,15.96,-6.326664,53.333224
40_38,16.21,15.97,-6.326608,53.334122
40_39,16.82,16.63,-6.326552,53.33502
40_40,31.78,30.58,-6.326496,53.335918
40_41,15.71,15.47,-6.32644,53.336816
40_42,14.93,15.1,-6.326383,53.337713
40_43,15.12,15.12,-6.326327,53.338611
40_44,14.85,14.83,-6.326271,53.339509
40_45,14.6,14.68,-6.326215,53.340407
40_46,14.86,14.92,-6.326159,53.341305
40_47,15.29,15.32,-6.326102,53.342203
40_48,15.24,15.2,-6.326046,53.343101
40_49,15.37,15.52,-6.32599,53.343999
40_50,15.24,15.16,-6.325934,53.344897
40_51,14.91,14.93,-6.325878,53.345795
40_52,14.67,14.56,-6.325821,53.346693
40_53,14.01,13.88,-6.325765,53.347591
40_54,13.74,13.67,-6.325709,53.348488
40_55,13.51,13.46,-6.325653,53.349386
40_56,13.41,13.54,-6.325596,53.350284
40_57,13.7,13.82,-6.32554,53.351182
40_58,13.96,13.93,-6.325484,53.35208
40_59,13.88,13.87,-6.325428,53.352978
40_60,13.86,13.87,-6.325371,53.353876
40_61,14.01,13.95,-6.325315,53.354774
40_62,14.01,14.08,-6.325259,53.355672
40_63,14.13,14.09,-6.325203,53.35657
40_64,14.1,14.07,-6.325146,53.357468
40_65,14.11,14.12,-6.32509,53.358365
40_66,14.16,14.15,-6.325034,53.359263
40_67,14.33,14.27,-6.324978,53.360161
40_68,14.5,14.33,-6.324921,53.361059
40_69,14.65,14.54,-6.324865,53.361957
40_70,14.76,14.74,-6.324809,53.362855
40_71,14.91,14.95,-6.324753,53.363753
40_72,15.03,15.08,-6.324696,53.364651
40_73,15.17,15.19,-6.32464,53.365549
40_74,15.58,15.47,-6.324584,53.366447
40_75,16.01,15.78,-6.324527,53.367345
40_76,16.18,16.24,-6.324471,53.368242
40_77,16.43,16.45,-6.324415,53.36914
40_78,17.08,17.09,-6.324358,53.370038
40_79,16.07,16.16,-6.324302,53.370936
40_80,15.44,15.31,-6.324246,53.371834
40_81,15.16,15.15,-6.32419,53.372732
40_82,15.01,15.02,-6.324133,53.37363
40_83,14.96,15.03,-6.324077,53.374528
40_84,15.03,15.01,-6.324021,53.375426
40_85,14.98,14.95,-6.323964,53.376324
40_86,15.46,15.56,-6.323908,53.377221
40_87,16.06,14.55,-6.323852,53.378119
40_88,14.43,14.37,-6.323795,53.379017
40_89,14.24,14.18,-6.323739,53.379915
40_90,14.1,14.04,-6.323683,53.380813
40_91,13.96,13.91,-6.323626,53.381711
40_92,13.84,13.91,-6.32357,53.382609
40_93,13.68,13.77,-6.323514,53.383507
40_94,13.63,13.61,-6.323457,53.384405
40_95,13.64,13.68,-6.323401,53.385303
40_96,13.63,13.69,-6.323344,53.386201
40_97,13.57,13.56,-6.323288,53.387098
40_98,13.41,13.41,-6.323232,53.387996
40_99,13.41,13.43,-6.323175,53.388894
40_100,13.45,13.45,-6.323119,53.389792
40_101,13.55,13.48,-6.323063,53.39069
40_102,13.69,13.54,-6.323006,53.391588
40_103,13.79,13.88,-6.32295,53.392486
40_104,13.7,13.81,-6.322894,53.393384
40_105,13.95,14.03,-6.322837,53.394282
40_106,14.13,14.04,-6.322781,53.39518
40_107,14.3,14.25,-6.322724,53.396077
40_108,14.45,14.57,-6.322668,53.396975
40_109,15.54,15.94,-6.322612,53.397873
40_110,16.51,15.99,-6.322555,53.398771
40_111,18.55,18.33,-6.322499,53.399669
40_112,19.12,19.19,-6.322442,53.400567
40_113,15.78,15.36,-6.322386,53.401465
40_114,14.58,14.83,-6.32233,53.402363
40_115,13.62,13.44,-6.322273,53.403261
40_116,12.92,12.86,-6.322217,53.404159
40_117,12.7,12.63,-6.32216,53.405056
40_118,12.51,12.45,-6.322104,53.405954
40_119,12.29,12.23,-6.322047,53.406852
40_120,12.12,12.06,-6.321991,53.40775
40_121,11.98,11.78,-6.321935,53.408648
40_122,11.64,11.63,-6.321878,53.409546
40_123,11.51,11.43,-6.321822,53.410444
40_124,11.47,11.34,-6.321765,53.411342
40_125,11.52,11.71,-6.321709,53.41224
40_126,11.56,11.79,-6.321652,53.413138
41_0,14.93,14.94,-6.327242,53.299967
41_1,14.96,14.96,-6.327186,53.300865
41_2,14.94,14.94,-6.32713,53.301763
41_3,14.7,14.69,-6.327074,53.302661
41_4,14.38,14.43,-6.327018,53.303559
41_5,14.96,14.96,-6.326962,53.304457
41_6,14.43,14.41,-6.326906,53.305355
41_7,14.4,14.27,-6.326849,53.306253
41_8,14.16,14.17,-6.326793,53.307151
41_9,13.96,13.94,-6.326737,53.308049
41_10,13.91,13.9,-6.326681,53.308947
41_11,14.24,14.42,-6.326625,53.309845
41_12,19.23,19.75,-6.326569,53.310742
41_13,15.12,15.12,-6.326513,53.31164
41_14,15.1,15.11,-6.326456,53.312538
41_15,15.02,14.93,-6.3264,53.313436
41_16,14.98,15.03,-6.326344,53.314334
41_17,15.16,15.28,-6.326288,53.315232
41_18,15.51,15.73,-6.326232,53.31613
41_19,22.05,15.86,-6.326176,53.317028
41_20,16.08,16.35,-6.32612,53.317926
41_21,15.52,15.69,-6.326063,53.318824
41_22,15.15,15.36,-6.326007,53.319722
41_23,15.14,15.82,-6.325951,53.320619
41_24,15.22,15.14,-6.325895,53.321517
41_25,15.41,15.3,-6.325839,53.322415
41_26,15.75,16.67,-6.325783,53.323313
41_27,25.75,16.16,-6.325726,53.324211
41_28,15.84,16.36,-6.32567,53.325109
41_29,15.34,15.43,-6.325614,53.326007
41_30,15.98,15.22,-6.325558,53.326905
41_31,15.14,15.13,-6.325502,53.327803
41_32,15,15.05,-6.325445,53.328701
41_33,15.53,15.58,-6.325389,53.329599
41_34,14.88,16.45,-6.325333,53.330497
41_35,16.84,15.16,-6.325277,53.331394
41_36,15.24,15.21,-6.325221,53.332292
41_37,15.37,15.32,-6.325164,53.33319
41_38,15.74,16.9,-6.325108,53.334088
41_39,15.71,15.63,-6.325052,53.334986
41_40,16.11,16.46,-6.324996,53.335884
41_41,27.49,25.4,-6.32494,53.336782
41_42,15.52,15.67,-6.324883,53.33768
41_43,15.39,15.31,-6.324827,53.338578
41_44,15,14.9,-6.324771,53.339476
41_45,14.75,14.68,-6.324715,53.340374
41_46,14.96,15.05,-6.324658,53.341271
41_47,15.37,15.51,-6.324602,53.342169
41_48,15.4,15.27,-6.324546,53.343067
41_49,15.63,15.26,-6.32449,53.343965
41_50,15.28,15.12,-6.324433,53.344863
41_51,14.9,14.78,-6.324377,53.345761
41_52,14.74,14.78,-6.324321,53.346659
41_53,14.04,14.25,-6.324265,53.347557
41_54,13.73,13.83,-6.324208,53.348455
41_55,13.53,13.62,-6.324152,53.349353
41_56,13.37,13.41,-6.324096,53.350251
41_57,13.57,13.42,-6.32404,53.351148
41_58,13.85,13.74,-6.323983,53.352046
41_59,13.85,13.88,-6.323927,53.352944
41_60,13.85,13.83,-6.323871,53.353842
41_61,13.99,13.97,-6.323814,53.35474
41_62,14.14,14.11,-6.323758,53.355638
41_63,14.17,14.17,-6.323702,53.356536
41_64,14.18,14.15,-6.323646,53.357434
41_65,14.19,14.21,-6.323589,53.358332
41_66,14.3,14.29,-6.323533,53.35923
41_67,14.16,14.21,-6.323477,53.360128
41_68,14.3,14.28,-6.32342,53.361025
41_69,14.47,14.49,-6.323364,53.361923
41_70,14.69,14.69,-6.323308,53.362821
41_71,14.91,14.89,-6.323251,53.363719
41_72,15.17,15.24,-6.323195,53.364617
41_73,15.39,17.1,-6.323139,53.365515
41_74,15.99,16,-6.323082,53.366413
41_75,16.01,16.01,-6.323026,53.367311
41_76,16.28,16.32,-6.32297,53.368209
41_77,22.23,23.45,-6.322913,53.369107
41_78,16.46,16.44,-6.322857,53.370005
41_79,15.83,15.78,-6.322801,53.370902
41_80,15.23,15.16,-6.322744,53.3718
41_81,15.09,15.03,-6.322688,53.372698
41_82,14.93,14.9,-6.322632,53.373596
41_83,14.83,14.92,-6.322575,53.374494
41_84,14.86,14.78,-6.322519,53.375392
41_85,14.95,14.87,-6.322463,53.37629
41_86,14.75,14.81,-6.322406,53.377188
41_87,14.57,14.72,-6.32235,53.378086
41_88,14.47,14.49,-6.322294,53.378984
41_89,14.32,14.38,-6.322237,53.379881
41_90,14.2,14.23,-6.322181,53.380779
41_91,14.05,14.14,-6.322125,53.381677
41_92,13.89,13.96,-6.322068,53.382575
41_93,13.74,13.78,-6.322012,53.383473
41_94,13.7,13.67,-6.321955,53.384371
41_95,13.76,13.91,-6.321899,53.385269
41_96,13.89,13.91,-6.321843,53.386167
41_97,13.87,13.86,-6.321786,53.387065
41_98,13.76,13.68,-6.32173,53.387963
41_99,13.62,13.78,-6.321673,53.388861
41_100,13.78,13.83,-6.321617,53.389758
41_101,13.84,13.77,-6.321561,53.390656
41_102,13.93,13.81,-6.321504,53.391554
41_103,14.11,14.28,-6.321448,53.392452
41_104,13.94,13.89,-6.321391,53.39335
41_105,13.78,13.83,-6.321335,53.394248
41_106,13.94,13.92,-6.321279,53.395146
41_107,14.11,14.13,-6.321222,53.396044
41_108,14.3,14.34,-6.321166,53.396942
41_109,14.48,14.62,-6.321109,53.39784
41_110,14.92,14.68,-6.321053,53.398737
41_111,16.47,17.21,-6.320996,53.399635
41_112,18.84,18.03,-6.32094,53.400533
41_113,18.25,16.17,-6.320884,53.401431
41_114,16.21,15.94,-6.320827,53.402329
41_115,14.37,13.63,-6.320771,53.403227
41_116,13.39,13.63,-6.320714,53.404125
41_117,12.94,13.06,-6.320658,53.405023
41_118,12.6,12.9,-6.320601,53.405921
41_119,12.41,12.5,-6.320545,53.406818
41_120,12.24,12.3,-6.320488,53.407716
41_121,12.15,12.14,-6.320432,53.408614
41_122,11.91,12.1,-6.320375,53.409512
41_123,11.89,11.93,-6.320319,53.41041
41_124,11.81,11.76,-6.320262,53.411308
41_125,11.88,12.04,-6.320206,53.412206
41_126,11.96,12.01,-6.32015,53.413104
42_0,15.01,15.02,-6.325743,53.299934
42_1,14.96,14.95,-6.325687,53.300832
42_2,14.93,14.93,-6.325631,53.30173
42_3,14.82,14.73,-6.325575,53.302628
42_4,14.46,14.34,-6.325519,53.303525
42_5,14.8,14.29,-6.325463,53.304423
42_6,14.51,14.57,-6.325406,53.305321
42_7,14.66,14.47,-6.32535,53.306219
42_8,14.45,14.37,-6.325294,53.307117
42_9,14.19,14.08,-6.325238,53.308015
42_10,14.33,14.11,-6.325182,53.308913
42_11,19.52,14.11,-6.325126,53.309811
42_12,14.88,15.29,-6.325069,53.310709
42_13,15.05,14.96,-6.325013,53.311607
42_14,15,15.08,-6.324957,53.312505
42_15,14.89,14.85,-6.324901,53.313403
42_16,14.87,14.81,-6.324845,53.3143
42_17,14.93,14.91,-6.324789,53.315198
42_18,15.4,15.16,-6.324732,53.316096
42_19,20.61,21.66,-6.324676,53.316994
42_20,15.73,15.88,-6.32462,53.317892
42_21,15.29,15.43,-6.324564,53.31879
42_22,15.02,15.07,-6.324508,53.319688
42_23,15.07,15.07,-6.324451,53.320586
42_24,15.15,15.14,-6.324395,53.321484
42_25,15.24,15.18,-6.324339,53.322382
42_26,15.54,15.55,-6.324283,53.32328
42_27,16.19,16.23,-6.324227,53.324178
42_28,16.45,16.45,-6.32417,53.325075
42_29,15.96,15.32,-6.324114,53.325973
42_30,15.15,15.22,-6.324058,53.326871
42_31,15.22,15.3,-6.324002,53.327769
42_32,15.34,15.35,-6.323946,53.328667
42_33,16.04,15.78,-6.323889,53.329565
42_34,15.13,15.07,-6.323833,53.330463
42_35,15.13,15.12,-6.323777,53.331361
42_36,15.15,15.17,-6.323721,53.332259
42_37,15.22,15.36,-6.323664,53.333157
42_38,15.47,15.47,-6.323608,53.334055
42_39,15.34,15.29,-6.323552,53.334952
42_40,15.19,15.18,-6.323496,53.33585
42_41,15.54,16.18,-6.323439,53.336748
42_42,22.27,24.4,-6.323383,53.337646
42_43,15.74,24.4,-6.323327,53.338544
42_44,15.36,15.52,-6.323271,53.339442
42_45,15.03,15.02,-6.323214,53.34034
42_46,16.96,15.15,-6.323158,53.341238
42_47,15.56,15.4,-6.323102,53.342136
42_48,15.76,15.72,-6.323045,53.343034
42_49,15.55,15.66,-6.322989,53.343932
42_50,14.53,14.76,-6.322933,53.344829
42_51,14.42,14.3,-6.322877,53.345727
42_52,14.58,14.65,-6.32282,53.346625
42_53,13.99,14,-6.322764,53.347523
42_54,13.75,13.79,-6.322708,53.348421
42_55,13.53,13.58,-6.322651,53.349319
42_56,13.39,13.37,-6.322595,53.350217
42_57,13.45,13.47,-6.322539,53.351115
42_58,13.71,13.67,-6.322483,53.352013
42_59,13.84,13.84,-6.322426,53.352911
42_60,13.83,13.82,-6.32237,53.353809
42_61,13.98,13.99,-6.322314,53.354706
42_62,14.13,14.13,-6.322257,53.355604
42_63,14.19,14.18,-6.322201,53.356502
42_64,14.22,14.21,-6.322145,53.3574
42_65,14.27,14.36,-6.322088,53.358298
42_66,14.34,14.3,-6.322032,53.359196
42_67,14.15,14.12,-6.321976,53.360094
42_68,14.31,14.28,-6.321919,53.360992
42_69,14.53,14.64,-6.321863,53.36189
42_70,14.78,14.84,-6.321807,53.362788
42_71,15.02,15.04,-6.32175,53.363686
42_72,15.25,15.45,-6.321694,53.364583
42_73,16.95,17.94,-6.321638,53.365481
42_74,15.75,15.83,-6.321581,53.366379
42_75,15.94,16.02,-6.321525,53.367277
42_76,16.05,15.86,-6.321469,53.368175
42_77,16.49,24.46,-6.321412,53.369073
42_78,15.77,15.93,-6.321356,53.369971
42_79,15.44,15.63,-6.321299,53.370869
42_80,15.16,15.16,-6.321243,53.371767
42_81,15,15.03,-6.321187,53.372665
42_82,14.84,14.91,-6.32113,53.373562
42_83,14.72,14.78,-6.321074,53.37446
42_84,14.83,14.81,-6.321018,53.375358
42_85,15.05,15.03,-6.320961,53.376256
42_86,14.86,14.92,-6.320905,53.377154
42_87,14.64,14.72,-6.320848,53.378052
42_88,14.52,14.53,-6.320792,53.37895
42_89,14.42,14.44,-6.320736,53.379848
42_90,14.29,14.29,-6.320679,53.380746
42_91,14.16,14.2,-6.320623,53.381644
42_92,14.03,14.04,-6.320566,53.382541
42_93,13.89,13.89,-6.32051,53.383439
42_94,14.06,13.94,-6.320454,53.384337
42_95,14.16,14.41,-6.320397,53.385235
42_96,14.14,14.21,-6.320341,53.386133
42_97,15.76,14.14,-6.320284,53.387031
42_98,14.18,13.96,-6.320228,53.387929
42_99,14.08,13.92,-6.320171,53.388827
42_100,16.79,17.4,-6.320115,53.389725
42_101,14.17,14.13,-6.320059,53.390623
42_102,14.28,14.12,-6.320002,53.39152
42_103,14.39,14.26,-6.319946,53.392418
42_104,13.91,13.74,-6.319889,53.393316
42_105,13.66,13.72,-6.319833,53.394214
42_106,13.84,13.92,-6.319776,53.395112
42_107,14.01,14.09,-6.31972,53.39601
42_108,14.18,14.09,-6.319663,53.396908
42_109,14.35,14.26,-6.319607,53.397806
42_110,14.52,14.4,-6.31955,53.398704
42_111,14.76,14.56,-6.319494,53.399602
42_112,17.37,15.98,-6.319438,53.400499
42_113,18.76,18.84,-6.319381,53.401397
42_114,17.7,18.27,-6.319325,53.402295
42_115,15.04,15.8,-6.319268,53.403193
42_116,13.93,14.06,-6.319212,53.404091
42_117,13.49,13.48,-6.319155,53.404989
42_118,13.03,13.29,-6.319099,53.405887
42_119,12.62,12.73,-6.319042,53.406785
42_120,12.47,12.48,-6.318986,53.407683
42_121,12.36,12.27,-6.318929,53.408581
42_122,12.24,12.34,-6.318873,53.409478
42_123,12.18,12.23,-6.318816,53.410376
42_124,12.26,12.15,-6.31876,53.411274
42_125,12.17,12.04,-6.318703,53.412172
42_126,12.22,12.37,-6.318647,53.41307
43_0,15.11,15.29,-6.324244,53.2999
43_1,17.23,15.32,-6.324188,53.300798
43_2,15.22,15.1,-6.324132,53.301696
43_3,15.35,15.1,-6.324076,53.302594
43_4,14.62,15.36,-6.32402,53.303492
43_5,16.11,14.52,-6.323964,53.30439
43_6,14.85,14.73,-6.323907,53.305288
43_7,14.95,14.73,-6.323851,53.306186
43_8,15.01,15.19,-6.323795,53.307083
43_9,15.18,15.23,-6.323739,53.307981
43_10,15.11,18.06,-6.323683,53.308879
43_11,15.2,15.35,-6.323626,53.309777
43_12,15.09,15.08,-6.32357,53.310675
43_13,14.97,14.91,-6.323514,53.311573
43_14,14.8,14.84,-6.323458,53.312471
43_15,14.76,14.68,-6.323402,53.313369
43_16,14.74,14.71,-6.323345,53.314267
43_17,15.05,14.99,-6.323289,53.315165
43_18,15.44,15.32,-6.323233,53.316063
43_19,15.65,15.85,-6.323177,53.316961
43_20,16.39,16.39,-6.323121,53.317858
43_21,15.05,15.05,-6.323064,53.318756
43_22,15.07,15.04,-6.323008,53.319654
43_23,15.1,15.12,-6.322952,53.320552
43_24,15.17,15.17,-6.322896,53.32145
43_25,15.29,15.32,-6.322839,53.322348
43_26,15.58,15.58,-6.322783,53.323246
43_27,16.15,16.45,-6.322727,53.324144
43_28,17.1,16.64,-6.322671,53.325042
43_29,15.59,16.15,-6.322614,53.32594
43_30,16.37,15.17,-6.322558,53.326838
43_31,15.27,15.23,-6.322502,53.327735
43_32,15.28,15.3,-6.322446,53.328633
43_33,15.11,15.12,-6.322389,53.329531
43_34,15.02,14.96,-6.322333,53.330429
43_35,15.01,14.96,-6.322277,53.331327
43_36,15.05,15.02,-6.322221,53.332225
43_37,15.13,15.1,-6.322164,53.333123
43_38,15.18,15.12,-6.322108,53.334021
43_39,15.16,15.23,-6.322052,53.334919
43_40,14.86,14.96,-6.321995,53.335817
43_41,14.62,14.8,-6.321939,53.336715
43_42,15.35,15.13,-6.321883,53.337612
43_43,16.13,15.94,-6.321827,53.33851
43_44,15.99,16,-6.32177,53.339408
43_45,15.54,15.48,-6.321714,53.340306
43_46,15.49,15.77,-6.321658,53.341204
43_47,15.73,15.7,-6.321601,53.342102
43_48,16.28,16.1,-6.321545,53.343
43_49,15.4,15.75,-6.321489,53.343898
43_50,14.54,14.69,-6.321432,53.344796
43_51,14.31,14.31,-6.321376,53.345694
43_52,14.47,14.48,-6.32132,53.346592
43_53,13.98,14,-6.321264,53.347489
43_54,13.77,13.74,-6.321207,53.348387
43_55,13.56,13.53,-6.321151,53.349285
43_56,13.42,13.42,-6.321095,53.350183
43_57,13.48,13.51,-6.321038,53.351081
43_58,13.54,13.6,-6.320982,53.351979
43_59,13.81,13.8,-6.320926,53.352877
43_60,13.81,13.84,-6.320869,53.353775
43_61,13.95,14.01,-6.320813,53.354673
43_62,14.11,14.16,-6.320756,53.355571
43_63,14.23,14.23,-6.3207,53.356469
43_64,14.29,14.26,-6.320644,53.357366
43_65,14.46,14.4,-6.320587,53.358264
43_66,14.34,14.29,-6.320531,53.359162
43_67,14.2,14.29,-6.320475,53.36006
43_68,14.23,14.12,-6.320418,53.360958
43_69,14.49,14.34,-6.320362,53.361856
43_70,14.75,14.63,-6.320306,53.362754
43_71,15.04,14.93,-6.320249,53.363652
43_72,15.12,15.19,-6.320193,53.36455
43_73,15.32,15.16,-6.320136,53.365448
43_74,15.52,15.44,-6.32008,53.366345
43_75,15.55,15.54,-6.320024,53.367243
43_76,24.27,24.94,-6.319967,53.368141
43_77,16.38,16.5,-6.319911,53.369039
43_78,15.63,15.7,-6.319854,53.369937
43_79,15.34,15.45,-6.319798,53.370835
43_80,15.07,15.03,-6.319742,53.371733
43_81,14.91,14.91,-6.319685,53.372631
43_82,14.76,14.78,-6.319629,53.373529
43_83,14.75,14.73,-6.319572,53.374427
43_84,14.93,14.99,-6.319516,53.375325
43_85,15.07,15.07,-6.31946,53.376222
43_86,14.84,14.83,-6.319403,53.37712
43_87,14.62,14.63,-6.319347,53.378018
43_88,14.61,14.58,-6.31929,53.378916
43_89,14.43,14.42,-6.319234,53.379814
43_90,14.33,14.32,-6.319177,53.380712
43_91,14.21,14.2,-6.319121,53.38161
43_92,14.11,14.34,-6.319065,53.382508
43_93,14.35,14.39,-6.319008,53.383406
43_94,14.3,14.19,-6.318952,53.384304
43_95,14.27,14.13,-6.318895,53.385201
43_96,14.28,14.19,-6.318839,53.386099
43_97,14.13,14.22,-6.318782,53.386997
43_98,14.19,14.13,-6.318726,53.387895
43_99,13.92,13.97,-6.318669,53.388793
43_100,13.88,13.79,-6.318613,53.389691
43_101,14.32,14.05,-6.318557,53.390589
43_102,14.51,14.45,-6.3185,53.391487
43_103,14.3,14.27,-6.318444,53.392385
43_104,14.02,14.08,-6.318387,53.393283
43_105,13.66,13.83,-6.318331,53.39418
43_106,13.82,13.76,-6.318274,53.395078
43_107,13.98,13.9,-6.318218,53.395976
43_108,14.13,14.07,-6.318161,53.396874
43_109,14.25,14.23,-6.318105,53.397772
43_110,14.39,14.4,-6.318048,53.39867
43_111,14.68,14.55,-6.317992,53.399568
43_112,15.41,15.33,-6.317935,53.400466
43_113,17.81,17.92,-6.317879,53.401364
43_114,17.69,17.6,-6.317822,53.402261
43_115,15.92,16.11,-6.317766,53.403159
43_116,14.44,14.44,-6.317709,53.404057
43_117,13.97,13.86,-6.317653,53.404955
43_118,13.5,13.65,-6.317596,53.405853
43_119,13.08,13.12,-6.31754,53.406751
43_120,12.83,12.77,-6.317483,53.407649
43_121,12.66,12.56,-6.317427,53.408547
43_122,12.57,12.66,-6.31737,53.409445
43_123,12.53,12.58,-6.317313,53.410343
43_124,12.8,12.7,-6.317257,53.41124
43_125,12.76,12.46,-6.3172,53.412138
43_126,12.95,13.22,-6.317144,53.413036
44_0,15.08,15.04,-6.322746,53.299867
44_1,15.33,15.21,-6.322689,53.300764
44_2,15.47,15.17,-6.322633,53.301662
44_3,20.82,18.5,-6.322577,53.30256
44_4,15.57,18.97,-6.322521,53.303458
44_5,15.39,15.43,-6.322465,53.304356
44_6,18.69,15.54,-6.322408,53.305254
44_7,15.48,15.3,-6.322352,53.306152
44_8,15.47,18.87,-6.322296,53.30705
44_9,15.77,15.8,-6.32224,53.307948
44_10,14.8,14.88,-6.322183,53.308846
44_11,14.77,14.97,-6.322127,53.309744
44_12,14.89,15.84,-6.322071,53.310641
44_13,14.86,14.86,-6.322015,53.311539
44_14,14.87,14.85,-6.321959,53.312437
44_15,14.72,14.68,-6.321902,53.313335
44_16,14.83,14.94,-6.321846,53.314233
44_17,15.08,15.15,-6.32179,53.315131
44_18,15.42,15.48,-6.321734,53.316029
44_19,20.18,15.4,-6.321677,53.316927
44_20,15.91,15.11,-6.321621,53.317825
44_21,15.12,15.12,-6.321565,53.318723
44_22,15.14,15.12,-6.321509,53.319621
44_23,15.17,15.18,-6.321452,53.320519
44_24,15.19,15.24,-6.321396,53.321416
44_25,15.36,15.45,-6.32134,53.322314
44_26,15.58,15.45,-6.321283,53.323212
44_27,16.28,15.96,-6.321227,53.32411
44_28,23.38,16.53,-6.321171,53.325008
44_29,15.67,19.01,-6.321115,53.325906
44_30,15.21,16.02,-6.321058,53.326804
44_31,15.05,15.01,-6.321002,53.327702
44_32,16.51,16.64,-6.320946,53.3286
44_33,15.03,15.27,-6.320889,53.329498
44_34,14.88,14.9,-6.320833,53.330396
44_35,14.9,14.86,-6.320777,53.331293
44_36,14.97,14.95,-6.320721,53.332191
44_37,15,15.04,-6.320664,53.333089
44_38,15.04,14.9,-6.320608,53.333987
44_39,14.99,14.98,-6.320552,53.334885
44_40,14.63,14.67,-6.320495,53.335783
44_41,14.52,14.56,-6.320439,53.336681
44_42,15.24,15.18,-6.320383,53.337579
44_43,15.81,15.8,-6.320326,53.338477
44_44,31.1,31.1,-6.32027,53.339375
44_45,16.68,16.43,-6.320214,53.340273
44_46,16.09,16.3,-6.320157,53.34117
44_47,16.18,16.21,-6.320101,53.342068
44_48,16.68,16.66,-6.320045,53.342966
44_49,15.3,15.24,-6.319988,53.343864
44_50,15.02,14.86,-6.319932,53.344762
44_51,14.72,14.63,-6.319876,53.34566
44_52,14.48,14.46,-6.319819,53.346558
44_53,14.1,13.96,-6.319763,53.347456
44_54,13.78,13.7,-6.319707,53.348354
44_55,13.55,13.49,-6.31965,53.349252
44_56,13.45,13.46,-6.319594,53.350149
44_57,13.51,13.56,-6.319538,53.351047
44_58,13.58,13.61,-6.319481,53.351945
44_59,13.69,13.61,-6.319425,53.352843
44_60,13.79,13.76,-6.319368,53.353741
44_61,13.94,13.88,-6.319312,53.354639
44_62,13.95,13.86,-6.319256,53.355537
44_63,14.18,13.85,-6.319199,53.356435
44_64,14.46,14.34,-6.319143,53.357333
44_65,14.45,14.39,-6.319087,53.358231
44_66,14.33,14.33,-6.31903,53.359129
44_67,14.2,14.24,-6.318974,53.360026
44_68,14.21,14.16,-6.318917,53.360924
44_69,14.4,14.37,-6.318861,53.361822
44_70,14.66,14.6,-6.318805,53.36272
44_71,14.78,14.83,-6.318748,53.363618
44_72,15.2,14.9,-6.318692,53.364516
44_73,15.39,15.38,-6.318635,53.365414
44_74,15.34,15.32,-6.318579,53.366312
44_75,16.35,16.35,-6.318522,53.36721
44_76,16.63,16.71,-6.318466,53.368108
44_77,15.86,15.81,-6.31841,53.369005
44_78,15.48,15.46,-6.318353,53.369903
44_79,15.21,15.26,-6.318297,53.370801
44_80,14.96,14.92,-6.31824,53.371699
44_81,14.83,14.78,-6.318184,53.372597
44_82,14.72,14.72,-6.318127,53.373495
44_83,14.88,14.87,-6.318071,53.374393
44_84,15.05,16.9,-6.318015,53.375291
44_85,15.18,15.1,-6.317958,53.376189
44_86,14.91,14.82,-6.317902,53.377087
44_87,14.69,14.62,-6.317845,53.377984
44_88,14.61,14.51,-6.317789,53.378882
44_89,14.43,14.38,-6.317732,53.37978
44_90,14.42,14.32,-6.317676,53.380678
44_91,14.45,14.32,-6.317619,53.381576
44_92,14.83,14.96,-6.317563,53.382474
44_93,14.54,16.1,-6.317506,53.383372
44_94,14.34,14.5,-6.31745,53.38427
44_95,14.21,14.28,-6.317393,53.385168
44_96,14.12,14.18,-6.317337,53.386066
44_97,14.06,14.07,-6.31728,53.386963
44_98,14.14,14.17,-6.317224,53.387861
44_99,13.82,13.85,-6.317167,53.388759
44_100,13.89,13.84,-6.317111,53.389657
44_101,14.3,16.27,-6.317054,53.390555
44_102,14.35,14.38,-6.316998,53.391453
44_103,14.08,14.01,-6.316941,53.392351
44_104,13.83,13.82,-6.316885,53.393249
44_105,13.76,13.76,-6.316828,53.394147
44_106,13.78,13.74,-6.316772,53.395045
44_107,13.85,13.87,-6.316715,53.395942
44_108,13.99,13.98,-6.316659,53.39684
44_109,14.13,14.15,-6.316602,53.397738
44_110,14.26,14.31,-6.316546,53.398636
44_111,14.54,14.64,-6.316489,53.399534
44_112,15.34,15.42,-6.316433,53.400432
44_113,16.14,16.39,-6.316376,53.40133
44_114,17.95,17.74,-6.31632,53.402228
44_115,17.13,17.04,-6.316263,53.403126
44_116,15.6,15.24,-6.316207,53.404024
44_117,14.51,14.23,-6.31615,53.404921
44_118,14,14.01,-6.316094,53.405819
44_119,13.54,13.5,-6.316037,53.406717
44_120,13.29,13.14,-6.31598,53.407615
44_121,13.05,12.84,-6.315924,53.408513
44_122,12.93,13.12,-6.315867,53.409411
44_123,12.91,13.12,-6.315811,53.410309
44_124,13.28,13.13,-6.315754,53.411207
44_125,13.63,13.26,-6.315698,53.412105
44_126,13.93,14.36,-6.315641,53.413002
45_0,15.04,15.04,-6.321247,53.299833
45_1,15.2,15.18,-6.32119,53.300731
45_2,15.49,15.51,-6.321134,53.301629
45_3,15.9,15.95,-6.321078,53.302527
45_4,15.67,15.55,-6.321022,53.303424
45_5,15.51,15.47,-6.320966,53.304322
45_6,15.78,15.86,-6.320909,53.30522
45_7,16.13,17.97,-6.320853,53.306118
45_8,19.26,15.9,-6.320797,53.307016
45_9,15.35,15.08,-6.320741,53.307914
45_10,16.69,14.49,-6.320684,53.308812
45_11,16.44,15.61,-6.320628,53.30971
45_12,14.84,14.76,-6.320572,53.310608
45_13,14.98,15.04,-6.320516,53.311506
45_14,15.11,15.08,-6.320459,53.312404
45_15,15.12,14.93,-6.320403,53.313302
45_16,15.06,15.08,-6.320347,53.314199
45_17,15.21,15.31,-6.32029,53.315097
45_18,15.45,15.31,-6.320234,53.315995
45_19,15.85,15.61,-6.320178,53.316893
45_20,15.2,15.45,-6.320122,53.317791
45_21,15.14,15.14,-6.320065,53.318689
45_22,15.15,15.14,-6.320009,53.319587
45_23,15.17,15.17,-6.319953,53.320485
45_24,15.2,15.19,-6.319896,53.321383
45_25,15.4,15.34,-6.31984,53.322281
45_26,16.9,15.51,-6.319784,53.323179
45_27,16.02,15.79,-6.319728,53.324076
45_28,25.41,25.26,-6.319671,53.324974
45_29,15.77,15.9,-6.319615,53.325872
45_30,15.03,15.78,-6.319559,53.32677
45_31,16.86,15.99,-6.319502,53.327668
45_32,15.08,15.09,-6.319446,53.328566
45_33,15.01,15.07,-6.31939,53.329464
45_34,14.8,14.92,-6.319333,53.330362
45_35,14.74,14.7,-6.319277,53.33126
45_36,14.75,14.75,-6.319221,53.332158
45_37,14.77,14.82,-6.319164,53.333056
45_38,14.79,14.9,-6.319108,53.333953
45_39,14.81,14.75,-6.319052,53.334851
45_40,14.52,14.51,-6.318995,53.335749
45_41,14.41,14.43,-6.318939,53.336647
45_42,15.03,15.09,-6.318883,53.337545
45_43,15.53,15.57,-6.318826,53.338443
45_44,15.87,30.86,-6.31877,53.339341
45_45,16.33,16.49,-6.318713,53.340239
45_46,16.33,16.28,-6.318657,53.341137
45_47,16.56,16.62,-6.318601,53.342035
45_48,16.85,16.84,-6.318544,53.342933
45_49,15.41,15.08,-6.318488,53.34383
45_50,14.73,14.69,-6.318432,53.344728
45_51,14.52,14.54,-6.318375,53.345626
45_52,14.52,14.52,-6.318319,53.346524
45_53,14.32,14.49,-6.318262,53.347422
45_54,13.84,14.06,-6.318206,53.34832
45_55,13.59,13.69,-6.31815,53.349218
45_56,13.48,13.45,-6.318093,53.350116
45_57,13.54,13.5,-6.318037,53.351014
45_58,13.6,13.58,-6.317981,53.351912
45_59,13.67,13.65,-6.317924,53.352809
45_60,13.75,13.73,-6.317868,53.353707
45_61,13.64,13.57,-6.317811,53.354605
45_62,13.54,13.5,-6.317755,53.355503
45_63,13.76,13.65,-6.317698,53.356401
45_64,14.29,14.39,-6.317642,53.357299
45_65,14.16,14.02,-6.317586,53.358197
45_66,14.04,14.01,-6.317529,53.359095
45_67,14.04,14.05,-6.317473,53.359993
45_68,14.18,14.18,-6.317416,53.360891
45_69,14.38,14.43,-6.31736,53.361789
45_70,14.67,14.71,-6.317303,53.362686
45_71,16.32,16.31,-6.317247,53.363584
45_72,18.73,16.83,-6.317191,53.364482
45_73,15.33,15.26,-6.317134,53.36538
45_74,15.6,15.73,-6.317078,53.366278
45_75,16.12,16.25,-6.317021,53.367176
45_76,16.65,16.71,-6.316965,53.368074
45_77,15.98,15.65,-6.316908,53.368972
45_78,15.32,15.24,-6.316852,53.36987
45_79,15.14,15.08,-6.316795,53.370768
45_80,14.97,14.91,-6.316739,53.371665
45_81,14.81,14.75,-6.316682,53.372563
45_82,14.7,14.75,-6.316626,53.373461
45_83,14.79,14.75,-6.31657,53.374359
45_84,14.93,14.78,-6.316513,53.375257
45_85,15.24,17.79,-6.316457,53.376155
45_86,14.98,15.1,-6.3164,53.377053
45_87,14.83,14.81,-6.316344,53.377951
45_88,14.55,14.62,-6.316287,53.378849
45_89,14.75,14.75,-6.316231,53.379747
45_90,14.69,14.69,-6.316174,53.380644
45_91,15.1,14.7,-6.316118,53.381542
45_92,14.82,14.88,-6.316061,53.38244
45_93,14.57,14.63,-6.316005,53.383338
45_94,14.51,14.49,-6.315948,53.384236
45_95,14.3,14.28,-6.315892,53.385134
45_96,14.21,14.24,-6.315835,53.386032
45_97,14.82,14.89,-6.315779,53.38693
45_98,14.63,14.09,-6.315722,53.387828
45_99,14.55,14.12,-6.315665,53.388725
45_100,14.7,17.69,-6.315609,53.389623
45_101,14.14,14.14,-6.315552,53.390521
45_102,14.15,14.2,-6.315496,53.391419
45_103,13.97,14.05,-6.315439,53.392317
45_104,13.96,13.99,-6.315383,53.393215
45_105,13.93,13.9,-6.315326,53.394113
45_106,13.92,13.87,-6.31527,53.395011
45_107,13.96,14.01,-6.315213,53.395909
45_108,13.99,14.01,-6.315157,53.396807
45_109,14.02,14.06,-6.3151,53.397704
45_110,14.15,14.23,-6.315044,53.398602
45_111,14.46,14.7,-6.314987,53.3995
45_112,15.12,15.34,-6.31493,53.400398
45_113,15.66,16.35,-6.314874,53.401296
45_114,17.51,17.74,-6.314817,53.402194
45_115,17.22,17.24,-6.314761,53.403092
45_116,17.12,17.31,-6.314704,53.40399
45_117,15.82,16.31,-6.314648,53.404888
45_118,15.01,16.03,-6.314591,53.405785
45_119,14.19,14.91,-6.314534,53.406683
45_120,13.84,14.03,-6.314478,53.407581
45_121,14.15,13.85,-6.314421,53.408479
45_122,14.14,14.85,-6.314365,53.409377
45_123,14.22,14.56,-6.314308,53.410275
45_124,14.46,14.36,-6.314251,53.411173
45_125,14.1,14.31,-6.314195,53.412071
45_126,13.82,13.35,-6.314138,53.412969
46_0,15.02,15.03,-6.319748,53.299799
46_1,15.17,15.22,-6.319692,53.300697
46_2,15.3,15.33,-6.319635,53.301595
46_3,15.56,15.76,-6.319579,53.302493
46_4,15.71,15.42,-6.319523,53.303391
46_5,15.06,15.11,-6.319467,53.304289
46_6,15.34,15.55,-6.31941,53.305187
46_7,20.68,19.79,-6.319354,53.306085
46_8,15.85,17.37,-6.319298,53.306982
46_9,15.42,15.42,-6.319241,53.30788
46_10,15.19,15.42,-6.319185,53.308778
46_11,14.66,14.95,-6.319129,53.309676
46_12,14.57,15.39,-6.319073,53.310574
46_13,14.67,14.62,-6.319016,53.311472
46_14,14.86,14.79,-6.31896,53.31237
46_15,15.12,15.06,-6.318904,53.313268
46_16,15.09,15.18,-6.318847,53.314166
46_17,15.33,17.14,-6.318791,53.315064
46_18,15.62,15.37,-6.318735,53.315962
46_19,16.2,22.81,-6.318678,53.316859
46_20,15.3,15.5,-6.318622,53.317757
46_21,15.16,15.16,-6.318566,53.318655
46_22,15.17,15.17,-6.318509,53.319553
46_23,15.18,15.17,-6.318453,53.320451
46_24,16.41,16.28,-6.318397,53.321349
46_25,15.41,15.4,-6.31834,53.322247
46_26,15.57,15.59,-6.318284,53.323145
46_27,17.23,15.78,-6.318228,53.324043
46_28,23.77,17.31,-6.318171,53.324941
46_29,16.42,16.29,-6.318115,53.325839
46_30,15.32,15.16,-6.318059,53.326736
46_31,15.1,15.07,-6.318002,53.327634
46_32,15.06,15.05,-6.317946,53.328532
46_33,15.12,15.08,-6.31789,53.32943
46_34,14.79,14.76,-6.317833,53.330328
46_35,14.6,14.57,-6.317777,53.331226
46_36,14.59,14.58,-6.317721,53.332124
46_37,14.57,14.63,-6.317664,53.333022
46_38,14.58,14.7,-6.317608,53.33392
46_39,14.62,14.66,-6.317552,53.334818
46_40,14.47,14.39,-6.317495,53.335716
46_41,14.31,14.42,-6.317439,53.336613
46_42,14.71,14.42,-6.317382,53.337511
46_43,15.1,14.77,-6.317326,53.338409
46_44,15.46,15.23,-6.31727,53.339307
46_45,20.56,20.08,-6.317213,53.340205
46_46,16.1,15.99,-6.317157,53.341103
46_47,16.49,22.09,-6.3171,53.342001
46_48,17.14,17.08,-6.317044,53.342899
46_49,16.04,16.74,-6.316988,53.343797
46_50,14.46,14.78,-6.316931,53.344695
46_51,14.32,14.29,-6.316875,53.345592
46_52,14.29,14.27,-6.316818,53.34649
46_53,14.57,14.55,-6.316762,53.347388
46_54,13.99,14.14,-6.316706,53.348286
46_55,13.7,13.73,-6.316649,53.349184
46_56,13.59,13.57,-6.316593,53.350082
46_57,13.51,13.49,-6.316536,53.35098
46_58,13.53,13.51,-6.31648,53.351878
46_59,13.6,13.6,-6.316423,53.352776
46_60,13.64,13.66,-6.316367,53.353674
46_61,13.58,13.57,-6.316311,53.354572
46_62,13.46,13.45,-6.316254,53.355469
46_63,13.77,13.86,-6.316198,53.356367
46_64,13.88,14.04,-6.316141,53.357265
46_65,13.92,13.89,-6.316085,53.358163
46_66,13.94,13.93,-6.316028,53.359061
46_67,13.96,13.99,-6.315972,53.359959
46_68,14.13,14.19,-6.315915,53.360857
46_69,14.51,14.73,-6.315859,53.361755
46_70,14.9,14.96,-6.315802,53.362653
46_71,15.29,16.97,-6.315746,53.363551
46_72,15.55,15.51,-6.315689,53.364448
46_73,15.33,15.33,-6.315633,53.365346
46_74,15.46,15.33,-6.315577,53.366244
46_75,21.6,15.82,-6.31552,53.367142
46_76,16.1,16.62,-6.315464,53.36804
46_77,15.66,15.75,-6.315407,53.368938
46_78,15.21,15.36,-6.315351,53.369836
46_79,15.09,15.14,-6.315294,53.370734
46_80,14.97,15.06,-6.315238,53.371632
46_81,14.87,14.87,-6.315181,53.37253
46_82,14.7,14.75,-6.315125,53.373427
46_83,14.67,14.66,-6.315068,53.374325
46_84,14.77,14.75,-6.315012,53.375223
46_85,15.12,15.11,-6.314955,53.376121
46_86,14.93,14.95,-6.314899,53.377019
46_87,14.86,14.83,-6.314842,53.377917
46_88,15,15.37,-6.314785,53.378815
46_89,15.45,15.66,-6.314729,53.379713
46_90,15.31,15.34,-6.314672,53.380611
46_91,15.01,15.05,-6.314616,53.381509
46_92,14.86,14.85,-6.314559,53.382406
46_93,14.64,14.64,-6.314503,53.383304
46_94,14.69,14.67,-6.314446,53.384202
46_95,14.4,14.35,-6.31439,53.3851
46_96,14.38,14.45,-6.314333,53.385998
46_97,14.4,14.4,-6.314277,53.386896
46_98,14.34,14.26,-6.31422,53.387794
46_99,14.37,14.12,-6.314164,53.388692
46_100,16.89,14.72,-6.314107,53.38959
46_101,14.43,14.32,-6.31405,53.390487
46_102,14.16,14.11,-6.313994,53.391385
46_103,14.16,14.22,-6.313937,53.392283
46_104,14.15,14.14,-6.313881,53.393181
46_105,14.08,14.04,-6.313824,53.394079
46_106,14.06,14.04,-6.313768,53.394977
46_107,14.1,14.17,-6.313711,53.395875
46_108,14.13,14.16,-6.313654,53.396773
46_109,14.17,14.16,-6.313598,53.397671
46_110,14.2,14.15,-6.313541,53.398569
46_111,14.4,14.47,-6.313485,53.399466
46_112,14.83,14.76,-6.313428,53.400364
46_113,15.19,15.05,-6.313371,53.401262
46_114,16.69,16.19,-6.313315,53.40216
46_115,17.26,17.22,-6.313258,53.403058
46_116,17.32,17.3,-6.313202,53.403956
46_117,17.38,17.38,-6.313145,53.404854
46_118,16.22,16.03,-6.313088,53.405752
46_119,15.85,16.38,-6.313032,53.40665
46_120,15.61,15.68,-6.312975,53.407547
46_121,15.35,15.11,-6.312919,53.408445
46_122,14.9,14.44,-6.312862,53.409343
46_123,14.38,14.26,-6.312805,53.410241
46_124,13.71,13.71,-6.312749,53.411139
46_125,12.72,13.1,-6.312692,53.412037
46_126,12.82,12.55,-6.312635,53.412935
47_0,15.01,15.03,-6.318249,53.299765
47_1,15.15,15.07,-6.318193,53.300663
47_2,15.27,15.24,-6.318136,53.301561
47_3,15.4,15.34,-6.31808,53.302459
47_4,15.69,15.56,-6.318024,53.303357
47_5,15.23,15.36,-6.317968,53.304255
47_6,15.33,15.24,-6.317911,53.305153
47_7,15.71,19.88,-6.317855,53.306051
47_8,15.36,15.22,-6.317799,53.306949
47_9,16.83,15.22,-6.317742,53.307847
47_10,15.13,15.29,-6.317686,53.308745
47_11,14.75,14.82,-6.31763,53.309642
47_12,15.42,14.76,-6.317573,53.31054
47_13,14.84,14.86,-6.317517,53.311438
47_14,14.92,14.88,-6.317461,53.312336
47_15,15.07,15.07,-6.317404,53.313234
47_16,15.18,15.17,-6.317348,53.314132
47_17,15.34,15.34,-6.317292,53.31503
47_18,19.2,15.81,-6.317235,53.315928
47_19,16.32,16.4,-6.317179,53.316826
47_20,15.44,15.44,-6.317123,53.317724
47_21,15.33,15.31,-6.317066,53.318622
47_22,15.18,15.15,-6.31701,53.319519
47_23,15.14,15.17,-6.316954,53.320417
47_24,15.22,15.23,-6.316897,53.321315
47_25,15.3,15.34,-6.316841,53.322213
47_26,15.48,15.53,-6.316784,53.323111
47_27,15.71,15.81,-6.316728,53.324009
47_28,18.35,16.47,-6.316672,53.324907
47_29,16.64,16.37,-6.316615,53.325805
47_30,15.66,16.17,-6.316559,53.326703
47_31,15.86,15.08,-6.316503,53.327601
47_32,15.51,15.82,-6.316446,53.328499
47_33,15.7,14.98,-6.31639,53.329396
47_34,14.8,14.98,-6.316333,53.330294
47_35,14.51,14.58,-6.316277,53.331192
47_36,14.46,14.43,-6.316221,53.33209
47_37,14.44,14.45,-6.316164,53.332988
47_38,14.44,14.46,-6.316108,53.333886
47_39,14.71,14.66,-6.316051,53.334784
47_40,14.72,14.84,-6.315995,53.335682
47_41,14.4,14.48,-6.315939,53.33658
47_42,14.41,14.31,-6.315882,53.337478
47_43,14.5,14.53,-6.315826,53.338375
47_44,14.85,14.77,-6.315769,53.339273
47_45,17.53,17.35,-6.315713,53.340171
47_46,15.86,15.83,-6.315657,53.341069
47_47,17.92,18.59,-6.3156,53.341967
47_48,17.33,17.21,-6.315544,53.342865
47_49,15.8,16.25,-6.315487,53.343763
47_50,15.01,15.22,-6.315431,53.344661
47_51,14.16,14.24,-6.315374,53.345559
47_52,14.31,14.26,-6.315318,53.346457
47_53,14.65,14.62,-6.315261,53.347355
47_54,14.26,14.25,-6.315205,53.348252
47_55,13.81,13.81,-6.315149,53.34915
47_56,13.75,13.71,-6.315092,53.350048
47_57,13.69,13.61,-6.315036,53.350946
47_58,13.63,13.65,-6.314979,53.351844
47_59,13.56,13.55,-6.314923,53.352742
47_60,13.57,13.58,-6.314866,53.35364
47_61,13.5,13.54,-6.31481,53.354538
47_62,13.57,13.63,-6.314753,53.355436
47_63,13.67,13.74,-6.314697,53.356334
47_64,13.81,13.85,-6.31464,53.357231
47_65,13.84,13.82,-6.314584,53.358129
47_66,13.85,13.82,-6.314527,53.359027
47_67,13.93,13.86,-6.314471,53.359925
47_68,14.34,14.09,-6.314414,53.360823
47_69,14.69,14.36,-6.314358,53.361721
47_70,15.11,14.85,-6.314301,53.362619
47_71,15.69,20.51,-6.314245,53.363517
47_72,15.81,15.76,-6.314188,53.364415
47_73,15.73,15.93,-6.314132,53.365313
47_74,15.95,15.82,-6.314075,53.36621
47_75,16.85,25.78,-6.314019,53.367108
47_76,15.82,15.96,-6.313962,53.368006
47_77,15.52,15.54,-6.313906,53.368904
47_78,15.1,15.15,-6.313849,53.369802
47_79,15,15.03,-6.313793,53.3707
47_80,14.89,14.95,-6.313736,53.371598
47_81,14.78,14.76,-6.31368,53.372496
47_82,14.68,14.68,-6.313623,53.373394
47_83,14.6,14.6,-6.313567,53.374292
47_84,14.79,14.87,-6.31351,53.375189
47_85,15.1,15.15,-6.313454,53.376087
47_86,15.03,15.03,-6.313397,53.376985
47_87,15.27,15.09,-6.31334,53.377883
47_88,15.81,15.74,-6.313284,53.378781
47_89,15.39,15.3,-6.313227,53.379679
47_90,15.1,15.09,-6.313171,53.380577
47_91,14.92,14.95,-6.313114,53.381475
47_92,14.87,14.82,-6.313058,53.382373
47_93,14.7,16,-6.313001,53.38327
47_94,14.76,14.68,-6.312944,53.384168
47_95,16.34,14.47,-6.312888,53.385066
47_96,15.94,16.35,-6.312831,53.385964
47_97,16.39,15.98,-6.312775,53.386862
47_98,16.16,15.98,-6.312718,53.38776
47_99,16.87,14.53,-6.312662,53.388658
47_100,14.94,14.95,-6.312605,53.389556
47_101,14.63,14.78,-6.312548,53.390454
47_102,14.32,14.4,-6.312492,53.391352
47_103,14.34,14.27,-6.312435,53.392249
47_104,14.32,14.38,-6.312379,53.393147
47_105,14.42,14.45,-6.312322,53.394045
47_106,14.31,14.28,-6.312265,53.394943
47_107,14.28,14.4,-6.312209,53.395841
47_108,14.34,14.4,-6.312152,53.396739
47_109,14.41,14.41,-6.312096,53.397637
47_110,14.5,14.41,-6.312039,53.398535
47_111,14.76,14.84,-6.311982,53.399433
47_112,15.08,15.1,-6.311926,53.40033
47_113,15.66,15.49,-6.311869,53.401228
47_114,16.79,16.47,-6.311812,53.402126
47_115,17.63,18.12,-6.311756,53.403024
47_116,18.09,18.21,-6.311699,53.403922
47_117,18.32,18.19,-6.311642,53.40482
47_118,17.62,17.12,-6.311586,53.405718
47_119,16.98,16.83,-6.311529,53.406616
47_120,15.67,15.44,-6.311473,53.407514
47_121,14.4,14.4,-6.311416,53.408412
47_122,13.98,14.44,-6.311359,53.409309
47_123,13.96,13.67,-6.311303,53.410207
47_124,13.26,13.12,-6.311246,53.411105
47_125,12.87,12.7,-6.311189,53.412003
47_126,12.59,12.56,-6.311133,53.412901
48_0,15.12,15.09,-6.31675,53.299732
48_1,15.16,15.19,-6.316694,53.30063
48_2,15.26,15.25,-6.316638,53.301528
48_3,15.37,15.34,-6.316581,53.302425
48_4,15.51,15.47,-6.316525,53.303323
48_5,15.37,15.38,-6.316469,53.304221
48_6,19.23,19.23,-6.316412,53.305119
48_7,15.39,15.36,-6.316356,53.306017
48_8,15.18,15.22,-6.316299,53.306915
48_9,15.36,15.42,-6.316243,53.307813
48_10,16.93,16.93,-6.316187,53.308711
48_11,15.12,14.99,-6.31613,53.309609
48_12,15.09,14.97,-6.316074,53.310507
48_13,14.84,14.85,-6.316018,53.311405
48_14,14.95,14.95,-6.315961,53.312302
48_15,15.05,15.06,-6.315905,53.3132
48_16,15.15,15.18,-6.315849,53.314098
48_17,15.31,15.36,-6.315792,53.314996
48_18,19.73,22.26,-6.315736,53.315894
48_19,16.09,21.92,-6.31568,53.316792
48_20,21.48,19.61,-6.315623,53.31769
48_21,15.68,15.65,-6.315567,53.318588
48_22,17.68,15.41,-6.31551,53.319486
48_23,15.36,17.06,-6.315454,53.320384
48_24,16.96,16.36,-6.315398,53.321282
48_25,15.2,16.36,-6.315341,53.322179
48_26,15.42,15.28,-6.315285,53.323077
48_27,15.63,15.55,-6.315228,53.323975
48_28,17.94,15.63,-6.315172,53.324873
48_29,16.47,16.17,-6.315116,53.325771
48_30,16.46,24.78,-6.315059,53.326669
48_31,15.29,15.66,-6.315003,53.327567
48_32,15.03,16.23,-6.314946,53.328465
48_33,15.93,15.93,-6.31489,53.329363
48_34,14.75,14.81,-6.314834,53.330261
48_35,14.53,14.55,-6.314777,53.331158
48_36,14.43,14.43,-6.314721,53.332056
48_37,14.44,14.44,-6.314664,53.332954
48_38,14.49,14.46,-6.314608,53.333852
48_39,14.78,14.81,-6.314551,53.33475
48_40,14.96,15.01,-6.314495,53.335648
48_41,14.8,14.71,-6.314438,53.336546
48_42,14.69,14.64,-6.314382,53.337444
48_43,14.53,14.54,-6.314326,53.338342
48_44,14.84,14.84,-6.314269,53.33924
48_45,15.51,15.57,-6.314213,53.340138
48_46,15.91,15.83,-6.314156,53.341035
48_47,15.94,16.03,-6.3141,53.341933
48_48,16.8,16.95,-6.314043,53.342831
48_49,16.56,16.2,-6.313987,53.343729
48_50,15.69,15.3,-6.31393,53.344627
48_51,14.49,14.17,-6.313874,53.345525
48_52,14.2,14.18,-6.313817,53.346423
48_53,14.67,14.67,-6.313761,53.347321
48_54,14.39,14.11,-6.313704,53.348219
48_55,13.96,13.84,-6.313648,53.349117
48_56,13.8,13.78,-6.313591,53.350014
48_57,13.73,13.78,-6.313535,53.350912
48_58,13.66,13.67,-6.313478,53.35181
48_59,13.62,13.64,-6.313422,53.352708
48_60,13.69,13.65,-6.313365,53.353606
48_61,13.68,13.62,-6.313309,53.354504
48_62,13.62,13.73,-6.313252,53.355402
48_63,13.67,13.63,-6.313196,53.3563
48_64,13.73,13.72,-6.313139,53.357198
48_65,13.75,13.78,-6.313083,53.358096
48_66,13.8,13.79,-6.313026,53.358993
48_67,13.95,13.92,-6.31297,53.359891
48_68,14.12,14.06,-6.312913,53.360789
48_69,14.29,14.31,-6.312857,53.361687
48_70,14.97,17.43,-6.3128,53.362585
48_71,15.52,15.57,-6.312744,53.363483
48_72,15.68,15.68,-6.312687,53.364381
48_73,15.9,15.78,-6.312631,53.365279
48_74,22.13,21.8,-6.312574,53.366177
48_75,16.31,16.41,-6.312518,53.367075
48_76,15.41,15.57,-6.312461,53.367972
48_77,15.41,15.26,-6.312405,53.36887
48_78,15.01,14.99,-6.312348,53.369768
48_79,14.91,14.91,-6.312291,53.370666
48_80,14.81,14.83,-6.312235,53.371564
48_81,14.76,14.79,-6.312178,53.372462
48_82,14.75,14.76,-6.312122,53.37336
48_83,14.82,14.79,-6.312065,53.374258
48_84,14.93,14.87,-6.312009,53.375156
48_85,15.13,17.23,-6.311952,53.376053
48_86,15.36,15.37,-6.311895,53.376951
48_87,15.55,15.69,-6.311839,53.377849
48_88,15.8,15.33,-6.311782,53.378747
48_89,15.35,15.21,-6.311726,53.379645
48_90,15.05,15.21,-6.311669,53.380543
48_91,14.84,14.87,-6.311612,53.381441
48_92,14.81,14.92,-6.311556,53.382339
48_93,14.83,14.86,-6.311499,53.383237
48_94,14.82,14.88,-6.311443,53.384135
48_95,14.59,14.69,-6.311386,53.385032
48_96,14.62,14.56,-6.311329,53.38593
48_97,14.54,14.53,-6.311273,53.386828
48_98,14.58,14.56,-6.311216,53.387726
48_99,14.74,14.74,-6.31116,53.388624
48_100,14.95,14.84,-6.311103,53.389522
48_101,15.03,15.15,-6.311046,53.39042
48_102,14.62,15.66,-6.31099,53.391318
48_103,14.54,14.46,-6.310933,53.392216
48_104,14.45,14.46,-6.310876,53.393113
48_105,14.58,14.56,-6.31082,53.394011
48_106,14.61,14.56,-6.310763,53.394909
48_107,14.54,14.65,-6.310707,53.395807
48_108,14.6,14.68,-6.31065,53.396705
48_109,14.71,14.71,-6.310593,53.397603
48_110,14.78,14.7,-6.310537,53.398501
48_111,14.95,15.17,-6.31048,53.399399
48_112,15.24,15.34,-6.310423,53.400297
48_113,16.18,16.29,-6.310367,53.401195
48_114,17.31,17.27,-6.31031,53.402092
48_115,19.09,32.23,-6.310253,53.40299
48_116,38.66,19.44,-6.310197,53.403888
48_117,19.26,19.02,-6.31014,53.404786
48_118,18.69,17.99,-6.310083,53.405684
48_119,16.93,15.99,-6.310027,53.406582
48_120,15.14,14.75,-6.30997,53.40748
48_121,14.33,14.14,-6.309913,53.408378
48_122,13.88,14.14,-6.309857,53.409276
48_123,13.41,13.58,-6.3098,53.410173
48_124,13.05,13.14,-6.309743,53.411071
48_125,12.84,12.94,-6.309686,53.411969
48_126,12.64,12.74,-6.30963,53.412867
49_0,15.32,16.04,-6.315251,53.299698
49_1,15.92,15.3,-6.315195,53.300596
49_2,15.31,15.32,-6.315139,53.301494
49_3,15.48,15.42,-6.315082,53.302392
49_4,15.63,15.52,-6.315026,53.30329
49_5,15.9,16.21,-6.31497,53.304187
49_6,15.87,15.82,-6.314913,53.305085
49_7,15.35,15.32,-6.314857,53.305983
49_8,15.31,15.25,-6.3148,53.306881
49_9,15.51,15.57,-6.314744,53.307779
49_10,15.63,16.98,-6.314688,53.308677
49_11,15.31,15.35,-6.314631,53.309575
49_12,14.89,14.83,-6.314575,53.310473
49_13,14.84,14.87,-6.314518,53.311371
49_14,14.93,14.96,-6.314462,53.312269
49_15,15.02,15.06,-6.314406,53.313167
49_16,15.14,15.27,-6.314349,53.314064
49_17,15.27,15.27,-6.314293,53.314962
49_18,15.84,20.17,-6.314236,53.31586
49_19,15.47,15.82,-6.31418,53.316758
49_20,15.67,15.42,-6.314124,53.317656
49_21,15.56,15.52,-6.314067,53.318554
49_22,15.66,17.73,-6.314011,53.319452
49_23,15.47,15.6,-6.313954,53.32035
49_24,15.13,15.2,-6.313898,53.321248
49_25,15.13,15.08,-6.313842,53.322146
49_26,15.23,15.2,-6.313785,53.323044
49_27,15.39,15.44,-6.313729,53.323941
49_28,15.58,15.46,-6.313672,53.324839
49_29,16.02,15.92,-6.313616,53.325737
49_30,20.8,22.73,-6.313559,53.326635
49_31,15.75,15.66,-6.313503,53.327533
49_32,15.08,15.09,-6.313447,53.328431
49_33,14.94,14.94,-6.31339,53.329329
49_34,14.85,14.84,-6.313334,53.330227
49_35,14.5,14.54,-6.313277,53.331125
49_36,14.43,14.43,-6.313221,53.332023
49_37,14.46,14.46,-6.313164,53.33292
49_38,14.55,14.53,-6.313108,53.333818
49_39,14.83,14.9,-6.313051,53.334716
49_40,15.18,18.77,-6.312995,53.335614
49_41,15,14.88,-6.312938,53.336512
49_42,14.72,14.69,-6.312882,53.33741
49_43,14.58,14.67,-6.312825,53.338308
49_44,14.84,16.05,-6.312769,53.339206
49_45,15.41,15.59,-6.312712,53.340104
49_46,15.86,15.89,-6.312656,53.341002
49_47,15.91,18.68,-6.312599,53.3419
49_48,22.17,23.05,-6.312543,53.342797
49_49,17.17,23.05,-6.312486,53.343695
49_50,15.73,16.58,-6.31243,53.344593
49_51,14.45,14.88,-6.312373,53.345491
49_52,14.52,14.52,-6.312317,53.346389
49_53,14.62,14.52,-6.31226,53.347287
49_54,14.58,14.79,-6.312204,53.348185
49_55,14.12,14.34,-6.312147,53.349083
49_56,13.75,13.84,-6.312091,53.349981
49_57,13.69,13.72,-6.312034,53.350879
49_58,13.76,13.84,-6.311978,53.351776
49_59,13.83,13.85,-6.311921,53.352674
49_60,13.87,13.86,-6.311865,53.353572
49_61,13.93,13.81,-6.311808,53.35447
49_62,13.66,13.66,-6.311752,53.355368
49_63,13.59,13.58,-6.311695,53.356266
49_64,13.65,13.67,-6.311639,53.357164
49_65,13.69,13.7,-6.311582,53.358062
49_66,13.86,13.88,-6.311525,53.35896
49_67,14.02,14.02,-6.311469,53.359858
49_68,14.19,14.16,-6.311412,53.360755
49_69,15.64,14.31,-6.311356,53.361653
49_70,17.38,17.27,-6.311299,53.362551
49_71,15.39,15.34,-6.311243,53.363449
49_72,15.33,15.5,-6.311186,53.364347
49_73,15.6,22.07,-6.31113,53.365245
49_74,16.33,15.98,-6.311073,53.366143
49_75,15.34,15.21,-6.311016,53.367041
49_76,15.06,15.17,-6.31096,53.367939
49_77,15,14.95,-6.310903,53.368836
49_78,14.93,14.91,-6.310847,53.369734
49_79,14.9,14.87,-6.31079,53.370632
49_80,14.91,14.83,-6.310733,53.37153
49_81,14.91,14.99,-6.310677,53.372428
49_82,14.92,14.95,-6.31062,53.373326
49_83,15.02,14.97,-6.310564,53.374224
49_84,15.15,15.03,-6.310507,53.375122
49_85,15.24,15.31,-6.31045,53.37602
49_86,15.69,15.57,-6.310394,53.376918
49_87,16.12,15.86,-6.310337,53.377815
49_88,15.45,16.02,-6.310281,53.378713
49_89,15.21,15.12,-6.310224,53.379611
49_90,15.14,15.18,-6.310167,53.380509
49_91,15,15.05,-6.310111,53.381407
49_92,14.87,14.73,-6.310054,53.382305
49_93,14.86,14.78,-6.309997,53.383203
49_94,14.74,14.76,-6.309941,53.384101
49_95,14.59,14.61,-6.309884,53.384999
49_96,14.5,14.53,-6.309828,53.385896
49_97,14.45,14.45,-6.309771,53.386794
49_98,14.46,14.45,-6.309714,53.387692
49_99,14.66,14.65,-6.309658,53.38859
49_100,14.88,14.92,-6.309601,53.389488
49_101,15.04,14.98,-6.309544,53.390386
49_102,14.7,14.67,-6.309488,53.391284
49_103,14.62,14.58,-6.309431,53.392182
49_104,14.55,14.55,-6.309374,53.39308
49_105,14.53,14.55,-6.309318,53.393978
49_106,15.05,14.57,-6.309261,53.394875
49_107,14.62,14.65,-6.309204,53.395773
49_108,14.74,14.87,-6.309148,53.396671
49_109,15.02,16.16,-6.309091,53.397569
49_110,15.24,15.12,-6.309034,53.398467
49_111,15.73,19.73,-6.308978,53.399365
49_112,16.12,16.78,-6.308921,53.400263
49_113,17.18,16.95,-6.308864,53.401161
49_114,17.52,16.95,-6.308808,53.402059
49_115,19.03,18.06,-6.308751,53.402956
49_116,19.54,18.93,-6.308694,53.403854
49_117,19.83,19.88,-6.308637,53.404752
49_118,19.36,19.86,-6.308581,53.40565
49_119,16.97,17.49,-6.308524,53.406548
49_120,15.53,16,-6.308467,53.407446
49_121,14.64,14.85,-6.308411,53.408344
49_122,13.94,14.22,-6.308354,53.409242
49_123,13.45,13.55,-6.308297,53.41014
49_124,13.11,13.18,-6.30824,53.411037
49_125,12.93,12.95,-6.308184,53.411935
49_126,12.77,12.74,-6.308127,53.412833
50_0,15.66,15.51,-6.313752,53.299664
50_1,15.4,15.66,-6.313696,53.300562
50_2,15.56,15.62,-6.31364,53.30146
50_3,15.74,15.74,-6.313583,53.302358
50_4,16.1,16.05,-6.313527,53.303256
50_5,16.63,16.35,-6.313471,53.304154
50_6,15.72,15.48,-6.313414,53.305052
50_7,15.24,15.27,-6.313358,53.30595
50_8,15.43,15.27,-6.313301,53.306847
50_9,15.54,15.51,-6.313245,53.307745
50_10,15.62,15.58,-6.313188,53.308643
50_11,17.18,15.66,-6.313132,53.309541
50_12,14.87,14.9,-6.313076,53.310439
50_13,14.85,14.87,-6.313019,53.311337
50_14,14.91,14.87,-6.312963,53.312235
50_15,15.03,14.97,-6.312906,53.313133
50_16,15.33,15.27,-6.31285,53.314031
50_17,19.79,19.62,-6.312794,53.314929
50_18,15.68,15.79,-6.312737,53.315827
50_19,15.24,15.39,-6.312681,53.316724
50_20,15.32,15.18,-6.312624,53.317622
50_21,16.13,16.13,-6.312568,53.31852
50_22,17.57,16.76,-6.312511,53.319418
50_23,15.43,15.51,-6.312455,53.320316
50_24,15.04,15.02,-6.312398,53.321214
50_25,14.94,14.93,-6.312342,53.322112
50_26,15.04,15.07,-6.312285,53.32301
50_27,15.85,15.23,-6.312229,53.323908
50_28,15.35,15.38,-6.312173,53.324806
50_29,15.79,15.81,-6.312116,53.325703
50_30,16.02,16.12,-6.31206,53.326601
50_31,15.95,15.79,-6.312003,53.327499
50_32,15.24,15.14,-6.311947,53.328397
50_33,14.92,14.9,-6.31189,53.329295
50_34,16.1,14.89,-6.311834,53.330193
50_35,14.71,14.6,-6.311777,53.331091
50_36,14.47,14.5,-6.311721,53.331989
50_37,14.52,14.54,-6.311664,53.332887
50_38,15.62,14.63,-6.311608,53.333785
50_39,14.87,15.01,-6.311551,53.334682
50_40,15.24,19.68,-6.311495,53.33558
50_41,15.17,19.68,-6.311438,53.336478
50_42,14.78,15.05,-6.311382,53.337376
50_43,14.69,15.9,-6.311325,53.338274
50_44,14.92,14.85,-6.311269,53.339172
50_45,15.34,16.69,-6.311212,53.34007
50_46,15.72,18.78,-6.311156,53.340968
50_47,15.78,15.82,-6.311099,53.341866
50_48,16.5,16.18,-6.311043,53.342764
50_49,17.33,17.08,-6.310986,53.343662
50_50,15.88,16.25,-6.31093,53.344559
50_51,14.73,14.78,-6.310873,53.345457
50_52,14.73,14.74,-6.310816,53.346355
50_53,14.83,14.76,-6.31076,53.347253
50_54,14.8,15.05,-6.310703,53.348151
50_55,14.39,14.48,-6.310647,53.349049
50_56,13.93,13.98,-6.31059,53.349947
50_57,13.88,13.85,-6.310534,53.350845
50_58,13.99,14.09,-6.310477,53.351743
50_59,14.03,14.08,-6.310421,53.35264
50_60,14.07,14.07,-6.310364,53.353538
50_61,13.97,13.97,-6.310307,53.354436
50_62,13.68,13.67,-6.310251,53.355334
50_63,13.59,13.56,-6.310194,53.356232
50_64,13.59,13.61,-6.310138,53.35713
50_65,13.72,13.75,-6.310081,53.358028
50_66,13.81,13.82,-6.310025,53.358926
50_67,13.92,13.95,-6.309968,53.359824
50_68,14.08,14.19,-6.309911,53.360722
50_69,16.13,18.35,-6.309855,53.361619
50_70,14.68,14.73,-6.309798,53.362517
50_71,14.92,15.64,-6.309742,53.363415
50_72,15.2,15.3,-6.309685,53.364313
50_73,19.98,15.91,-6.309628,53.365211
50_74,16.12,16.4,-6.309572,53.366109
50_75,15.21,15.43,-6.309515,53.367007
50_76,15.05,15.12,-6.309459,53.367905
50_77,14.98,14.98,-6.309402,53.368803
50_78,15.02,15.01,-6.309345,53.369701
50_79,15.06,15.05,-6.309289,53.370598
50_80,15.06,15.02,-6.309232,53.371496
50_81,15.07,15.14,-6.309175,53.372394
50_82,15.12,15.15,-6.309119,53.373292
50_83,15.25,15.21,-6.309062,53.37419
50_84,15.38,15.28,-6.309006,53.375088
50_85,19.22,21.89,-6.308949,53.375986
50_86,16.05,16.03,-6.308892,53.376884
50_87,15.79,15.97,-6.308836,53.377782
50_88,15.04,15.34,-6.308779,53.378679
50_89,14.9,14.8,-6.308722,53.379577
50_90,14.79,14.74,-6.308666,53.380475
50_91,14.72,14.8,-6.308609,53.381373
50_92,14.6,14.73,-6.308552,53.382271
50_93,14.61,14.59,-6.308496,53.383169
50_94,15.9,15.9,-6.308439,53.384067
50_95,14.58,14.54,-6.308382,53.384965
50_96,14.57,14.58,-6.308326,53.385863
50_97,14.51,14.5,-6.308269,53.386761
50_98,14.44,14.48,-6.308212,53.387658
50_99,14.64,14.69,-6.308156,53.388556
50_100,14.96,18.47,-6.308099,53.389454
50_101,16.52,14.94,-6.308042,53.390352
50_102,14.8,14.72,-6.307986,53.39125
50_103,14.71,14.67,-6.307929,53.392148
50_104,14.66,14.68,-6.307872,53.393046
50_105,14.65,14.68,-6.307816,53.393944
50_106,14.69,14.67,-6.307759,53.394842
50_107,14.86,14.68,-6.307702,53.395739
50_108,15.23,15.38,-6.307645,53.396637
50_109,16.21,15.57,-6.307589,53.397535
50_110,24.07,15.9,-6.307532,53.398433
50_111,24.93,16.2,-6.307475,53.399331
50_112,17.21,17.01,-6.307419,53.400229
50_113,17.24,17.18,-6.307362,53.401127
50_114,17.38,17.43,-6.307305,53.402025
50_115,17.81,17.24,-6.307248,53.402923
50_116,18.51,18.19,-6.307192,53.40382
50_117,19.35,19.19,-6.307135,53.404718
50_118,18.64,18.75,-6.307078,53.405616
50_119,17.56,17.88,-6.307021,53.406514
50_120,16.02,16.27,-6.306965,53.407412
50_121,14.73,14.71,-6.306908,53.40831
50_122,13.97,13.98,-6.306851,53.409208
50_123,13.58,13.64,-6.306794,53.410106
50_124,13.4,13.41,-6.306738,53.411004
50_125,13.19,13.14,-6.306681,53.411901
50_126,12.99,12.89,-6.306624,53.412799
51_0,15.92,,-6.312254,53.29963
51_1,15.81,15.89,-6.312197,53.300528
51_2,15.85,16.53,-6.312141,53.301426
51_3,15.98,15.9,-6.312084,53.302324
51_4,16.31,16.08,-6.312028,53.303222
51_5,16.59,16.63,-6.311972,53.30412
51_6,15.62,15.88,-6.311915,53.305018
51_7,15.35,15.29,-6.311859,53.305916
51_8,15.42,15.41,-6.311802,53.306814
51_9,15.47,15.42,-6.311746,53.307712
51_10,15.51,15.49,-6.311689,53.308609
51_11,15.61,15.61,-6.311633,53.309507
51_12,14.96,14.96,-6.311576,53.310405
51_13,14.9,14.92,-6.31152,53.311303
51_14,14.99,14.96,-6.311464,53.312201
51_15,15.23,15.14,-6.311407,53.313099
51_16,15.56,15.27,-6.311351,53.313997
51_17,15.66,15.57,-6.311294,53.314895
51_18,15.48,15.48,-6.311238,53.315793
51_19,15.13,15.16,-6.311181,53.316691
51_20,15.78,15.05,-6.311125,53.317589
51_21,15.24,15.21,-6.311068,53.318486
51_22,17.6,17.6,-6.311012,53.319384
51_23,15.27,15.28,-6.310955,53.320282
51_24,15,14.9,-6.310899,53.32118
51_25,14.83,14.86,-6.310842,53.322078
51_26,14.95,15,-6.310786,53.322976
51_27,15.09,16.1,-6.310729,53.323874
51_28,15.33,16.8,-6.310673,53.324772
51_29,15.57,15.51,-6.310616,53.32567
51_30,15.43,15.67,-6.31056,53.326568
51_31,20.52,15.86,-6.310503,53.327465
51_32,15.57,15.94,-6.310447,53.328363
51_33,15.14,15.21,-6.31039,53.329261
51_34,14.9,15.04,-6.310334,53.330159
51_35,14.76,15.83,-6.310277,53.331057
51_36,14.63,14.68,-6.310221,53.331955
51_37,14.6,14.58,-6.310164,53.332853
51_38,14.71,15.84,-6.310108,53.333751
51_39,14.88,14.82,-6.310051,53.334649
51_40,15.18,15.03,-6.309995,53.335547
51_41,18.78,18.83,-6.309938,53.336444
51_42,14.96,15.13,-6.309882,53.337342
51_43,15.48,15.96,-6.309825,53.33824
51_44,15.09,15.1,-6.309768,53.339138
51_45,15.44,15.37,-6.309712,53.340036
51_46,16.06,15.81,-6.309655,53.340934
51_47,15.84,15.88,-6.309599,53.341832
51_48,16.65,16.74,-6.309542,53.34273
51_49,17.8,29.72,-6.309486,53.343628
51_50,16.63,16.56,-6.309429,53.344526
51_51,15.09,15.29,-6.309373,53.345423
51_52,14.89,14.91,-6.309316,53.346321
51_53,15.12,15.01,-6.309259,53.347219
51_54,15.31,15.05,-6.309203,53.348117
51_55,14.73,14.68,-6.309146,53.349015
51_56,14.27,14.16,-6.30909,53.349913
51_57,13.8,13.85,-6.309033,53.350811
51_58,14.02,14.07,-6.308976,53.351709
51_59,14.29,14.35,-6.30892,53.352607
51_60,14.29,14.16,-6.308863,53.353505
51_61,13.98,13.87,-6.308807,53.354402
51_62,13.75,13.68,-6.30875,53.3553
51_63,13.59,13.55,-6.308693,53.356198
51_64,13.65,13.72,-6.308637,53.357096
51_65,13.82,13.72,-6.30858,53.357994
51_66,13.88,13.97,-6.308524,53.358892
51_67,13.99,13.98,-6.308467,53.35979
51_68,14.33,14.2,-6.30841,53.360688
51_69,14.46,14.5,-6.308354,53.361586
51_70,14.36,15.28,-6.308297,53.362484
51_71,14.96,14.81,-6.308241,53.363381
51_72,15.55,15.38,-6.308184,53.364279
51_73,19.26,15.91,-6.308127,53.365177
51_74,15.82,15.72,-6.308071,53.366075
51_75,15.25,15.28,-6.308014,53.366973
51_76,15.07,15.11,-6.307957,53.367871
51_77,14.98,15.1,-6.307901,53.368769
51_78,15.13,15.14,-6.307844,53.369667
51_79,15.19,15.19,-6.307787,53.370565
51_80,15.25,15.16,-6.307731,53.371462
51_81,15.37,15.62,-6.307674,53.37236
51_82,15.42,15.53,-6.307617,53.373258
51_83,15.5,15.47,-6.307561,53.374156
51_84,15.84,18.69,-6.307504,53.375054
51_85,15.81,15.51,-6.307447,53.375952
51_86,15.71,15.66,-6.307391,53.37685
51_87,15.27,15.25,-6.307334,53.377748
51_88,14.78,14.86,-6.307277,53.378646
51_89,14.67,14.62,-6.307221,53.379543
51_90,14.63,14.62,-6.307164,53.380441
51_91,14.56,14.56,-6.307107,53.381339
51_92,14.51,14.53,-6.307051,53.382237
51_93,14.53,14.56,-6.306994,53.383135
51_94,14.6,14.66,-6.306937,53.384033
51_95,15.58,14.64,-6.306881,53.384931
51_96,14.65,14.67,-6.306824,53.385829
51_97,14.6,14.67,-6.306767,53.386727
51_98,14.57,14.6,-6.30671,53.387625
51_99,14.76,14.55,-6.306654,53.388522
51_100,15.11,14.98,-6.306597,53.38942
51_101,16.12,19.07,-6.30654,53.390318
51_102,14.9,15.99,-6.306484,53.391216
51_103,15.72,14.76,-6.306427,53.392114
51_104,15.85,15.19,-6.30637,53.393012
51_105,15.98,15.94,-6.306313,53.39391
51_106,16.14,16.07,-6.306257,53.394808
51_107,15.6,15.15,-6.3062,53.395706
51_108,18.14,16.85,-6.306143,53.396603
51_109,28.67,17.19,-6.306086,53.397501
51_110,17.45,17.47,-6.30603,53.398399
51_111,16.95,17.43,-6.305973,53.399297
51_112,16.58,16.39,-6.305916,53.400195
51_113,16.82,16.78,-6.305859,53.401093
51_114,16.81,16.89,-6.305803,53.401991
51_115,17,16.77,-6.305746,53.402889
51_116,17.77,17.64,-6.305689,53.403787
51_117,18.38,18.46,-6.305632,53.404684
51_118,19.1,18.91,-6.305576,53.405582
51_119,18.49,18.85,-6.305519,53.40648
51_120,17.25,17.16,-6.305462,53.407378
51_121,15.48,14.99,-6.305405,53.408276
51_122,14.1,14,-6.305348,53.409174
51_123,13.88,13.72,-6.305292,53.410072
51_124,13.38,13.17,-6.305235,53.41097
51_125,13.03,13.03,-6.305178,53.411867
51_126,13.12,12.98,-6.305121,53.412765
52_0,16,16.2,-6.310755,53.299597
52_1,16.1,20.64,-6.310698,53.300494
52_2,16.22,16.42,-6.310642,53.301392
52_3,16.41,16.32,-6.310585,53.30229
52_4,16.73,16.41,-6.310529,53.303188
52_5,16.45,16.46,-6.310473,53.304086
52_6,15.5,15.57,-6.310416,53.304984
52_7,15.3,15.29,-6.31036,53.305882
52_8,15.33,15.34,-6.310303,53.30678
52_9,15.37,15.35,-6.310247,53.307678
52_10,15.4,15.4,-6.31019,53.308576
52_11,15.31,15.26,-6.310134,53.309474
52_12,16.47,16.38,-6.310077,53.310371
52_13,14.92,14.9,-6.310021,53.311269
52_14,15.03,15.09,-6.309964,53.312167
52_15,15.32,15.35,-6.309908,53.313065
52_16,16.74,20.27,-6.309851,53.313963
52_17,15.4,15.19,-6.309795,53.314861
52_18,15.07,15.01,-6.309738,53.315759
52_19,14.8,14.85,-6.309682,53.316657
52_20,15.96,15.05,-6.309625,53.317555
52_21,15.07,15.14,-6.309569,53.318453
52_22,15.27,16.88,-6.309512,53.31935
52_23,15.38,15.12,-6.309456,53.320248
52_24,14.9,15.25,-6.309399,53.321146
52_25,14.85,14.85,-6.309343,53.322044
52_26,14.98,14.91,-6.309286,53.322942
52_27,15.11,15.03,-6.30923,53.32384
52_28,15.37,15.31,-6.309173,53.324738
52_29,17.26,17.53,-6.309117,53.325636
52_30,15.41,15.48,-6.30906,53.326534
52_31,15.81,15.8,-6.309004,53.327432
52_32,15.53,15.98,-6.308947,53.32833
52_33,15.13,15.19,-6.30889,53.329227
52_34,14.91,14.94,-6.308834,53.330125
52_35,14.78,14.81,-6.308777,53.331023
52_36,14.65,14.66,-6.308721,53.331921
52_37,14.57,14.56,-6.308664,53.332819
52_38,14.63,15.75,-6.308608,53.333717
52_39,14.79,14.82,-6.308551,53.334615
52_40,14.91,14.9,-6.308495,53.335513
52_41,18.04,18.04,-6.308438,53.336411
52_42,15.08,15.12,-6.308381,53.337309
52_43,15.16,15.52,-6.308325,53.338206
52_44,15.4,19.06,-6.308268,53.339104
52_45,16,15.93,-6.308212,53.340002
52_46,16.55,16.37,-6.308155,53.3409
52_47,16.36,17.9,-6.308098,53.341798
52_48,17.32,17.58,-6.308042,53.342696
52_49,18.2,18.21,-6.307985,53.343594
52_50,17.23,16.59,-6.307929,53.344492
52_51,16.22,16.1,-6.307872,53.34539
52_52,15.8,15.77,-6.307816,53.346287
52_53,15.99,16.02,-6.307759,53.347185
52_54,16.05,15.44,-6.307702,53.348083
52_55,15.02,14.87,-6.307646,53.348981
52_56,14.61,14.87,-6.307589,53.349879
52_57,14.06,14.34,-6.307532,53.350777
52_58,13.87,13.83,-6.307476,53.351675
52_59,14.32,14.06,-6.307419,53.352573
52_60,14.37,14.5,-6.307363,53.353471
52_61,14.06,14.18,-6.307306,53.354369
52_62,13.81,13.92,-6.307249,53.355266
52_63,13.64,13.7,-6.307193,53.356164
52_64,13.54,13.52,-6.307136,53.357062
52_65,13.87,13.77,-6.307079,53.35796
52_66,14.12,14.08,-6.307023,53.358858
52_67,14.2,14.24,-6.306966,53.359756
52_68,14.41,14.42,-6.306909,53.360654
52_69,14.28,14.38,-6.306853,53.361552
52_70,14.35,14.34,-6.306796,53.36245
52_71,14.97,14.85,-6.306739,53.363348
52_72,21.38,15.77,-6.306683,53.364245
52_73,16.26,16.25,-6.306626,53.365143
52_74,19.22,19.13,-6.306569,53.366041
52_75,15.41,15.41,-6.306513,53.366939
52_76,15.22,15.17,-6.306456,53.367837
52_77,15.35,15.1,-6.306399,53.368735
52_78,18.55,20.04,-6.306343,53.369633
52_79,21.13,19.16,-6.306286,53.370531
52_80,15.8,15.65,-6.306229,53.371429
52_81,15.95,16.06,-6.306173,53.372326
52_82,19.38,15.75,-6.306116,53.373224
52_83,15.81,15.84,-6.306059,53.374122
52_84,15.68,15.66,-6.306003,53.37502
52_85,15.16,15.3,-6.305946,53.375918
52_86,15.35,15.21,-6.305889,53.376816
52_87,15.08,15.01,-6.305833,53.377714
52_88,14.83,15.01,-6.305776,53.378612
52_89,14.58,14.72,-6.305719,53.37951
52_90,14.54,14.52,-6.305662,53.380407
52_91,14.5,14.53,-6.305606,53.381305
52_92,14.49,14.49,-6.305549,53.382203
52_93,14.56,14.56,-6.305492,53.383101
52_94,14.63,14.61,-6.305435,53.383999
52_95,14.71,14.67,-6.305379,53.384897
52_96,14.76,14.72,-6.305322,53.385795
52_97,14.76,14.83,-6.305265,53.386693
52_98,14.66,14.7,-6.305209,53.387591
52_99,14.7,14.63,-6.305152,53.388488
52_100,15.06,14.98,-6.305095,53.389386
52_101,15.39,15.41,-6.305038,53.390284
52_102,15.15,15.13,-6.304982,53.391182
52_103,15.31,15.15,-6.304925,53.39208
52_104,15.54,15.61,-6.304868,53.392978
52_105,15.92,16.1,-6.304811,53.393876
52_106,16.15,16.05,-6.304754,53.394774
52_107,16.42,16.13,-6.304698,53.395672
52_108,17.15,17.1,-6.304641,53.396569
52_109,17.2,20.34,-6.304584,53.397467
52_110,16.68,16.7,-6.304527,53.398365
52_111,15.95,16.32,-6.304471,53.399263
52_112,16,15.94,-6.304414,53.400161
52_113,16.39,16.37,-6.304357,53.401059
52_114,16.35,16.46,-6.3043,53.401957
52_115,16.47,16.77,-6.304243,53.402855
52_116,16.7,16.62,-6.304187,53.403753
52_117,16.85,17.01,-6.30413,53.40465
52_118,17.66,19.24,-6.304073,53.405548
52_119,19.54,19.49,-6.304016,53.406446
52_120,18.05,16.92,-6.303959,53.407344
52_121,15.71,16.92,-6.303903,53.408242
52_122,14.38,14.66,-6.303846,53.40914
52_123,14,14.26,-6.303789,53.410038
52_124,13.43,13.69,-6.303732,53.410936
52_125,13.2,13.19,-6.303675,53.411834
52_126,13.23,13.16,-6.303619,53.412731
53_0,22.36,21.54,-6.309256,53.299563
53_1,17.03,20.64,-6.309199,53.300461
53_2,16.67,16.79,-6.309143,53.301359
53_3,23.67,23.44,-6.309087,53.302256
53_4,17.02,17.01,-6.30903,53.303154
53_5,16.45,16.49,-6.308974,53.304052
53_6,15.68,16.2,-6.308917,53.30495
53_7,15.35,15.25,-6.308861,53.305848
53_8,15.22,15.3,-6.308804,53.306746
53_9,15.2,15.12,-6.308748,53.307644
53_10,15.18,15.17,-6.308691,53.308542
53_11,15.28,15.38,-6.308635,53.30944
53_12,15.09,15.09,-6.308578,53.310338
53_13,14.88,14.92,-6.308521,53.311236
53_14,15.09,15.22,-6.308465,53.312133
53_15,15.37,15.22,-6.308408,53.313031
53_16,15.75,20.19,-6.308352,53.313929
53_17,15.27,15.59,-6.308295,53.314827
53_18,15.33,15.13,-6.308239,53.315725
53_19,14.66,14.7,-6.308182,53.316623
53_20,14.77,14.76,-6.308126,53.317521
53_21,14.95,14.87,-6.308069,53.318419
53_22,15.03,14.99,-6.308013,53.319317
53_23,18.4,18.67,-6.307956,53.320215
53_24,15.05,15.37,-6.3079,53.321112
53_25,14.94,14.95,-6.307843,53.32201
53_26,15.02,15,-6.307787,53.322908
53_27,15.17,15.12,-6.30773,53.323806
53_28,18.53,15.58,-6.307673,53.324704
53_29,15.73,15.67,-6.307617,53.325602
53_30,15.32,15.32,-6.30756,53.3265
53_31,15.96,16.44,-6.307504,53.327398
53_32,16.1,16.12,-6.307447,53.328296
53_33,15.14,15.17,-6.307391,53.329194
53_34,14.91,14.91,-6.307334,53.330091
53_35,14.79,14.79,-6.307277,53.330989
53_36,14.75,14.8,-6.307221,53.331887
53_37,14.61,14.59,-6.307164,53.332785
53_38,14.61,14.6,-6.307108,53.333683
53_39,14.6,14.7,-6.307051,53.334581
53_40,14.73,14.94,-6.306994,53.335479
53_41,15.5,15.58,-6.306938,53.336377
53_42,15.68,15.41,-6.306881,53.337275
53_43,15.39,15.47,-6.306825,53.338173
53_44,15.78,22.69,-6.306768,53.33907
53_45,16.59,16.55,-6.306711,53.339968
53_46,16.91,16.87,-6.306655,53.340866
53_47,20.13,16.59,-6.306598,53.341764
53_48,17.21,16.59,-6.306542,53.342662
53_49,17.73,17.47,-6.306485,53.34356
53_50,17.2,17.91,-6.306428,53.344458
53_51,16.02,16.25,-6.306372,53.345356
53_52,15.53,15.64,-6.306315,53.346254
53_53,15.1,15.27,-6.306258,53.347152
53_54,15.71,15.58,-6.306202,53.348049
53_55,15.34,15.75,-6.306145,53.348947
53_56,14.67,14.81,-6.306088,53.349845
53_57,14.33,14.4,-6.306032,53.350743
53_58,14.01,14.01,-6.305975,53.351641
53_59,14.13,13.97,-6.305919,53.352539
53_60,14.23,14.21,-6.305862,53.353437
53_61,14.2,14.22,-6.305805,53.354335
53_62,13.9,13.94,-6.305749,53.355233
53_63,13.71,13.73,-6.305692,53.35613
53_64,13.64,13.64,-6.305635,53.357028
53_65,13.71,13.74,-6.305579,53.357926
53_66,15.96,16.18,-6.305522,53.358824
53_67,14.69,14.71,-6.305465,53.359722
53_68,14.45,14.41,-6.305408,53.36062
53_69,14.36,14.31,-6.305352,53.361518
53_70,14.43,14.64,-6.305295,53.362416
53_71,15.39,15.74,-6.305238,53.363314
53_72,16.18,16.3,-6.305182,53.364212
53_73,16.12,16.12,-6.305125,53.365109
53_74,15.73,15.78,-6.305068,53.366007
53_75,15.65,15.59,-6.305012,53.366905
53_76,15.41,15.4,-6.304955,53.367803
53_77,17.77,19.04,-6.304898,53.368701
53_78,15.97,15.7,-6.304841,53.369599
53_79,15.65,15.31,-6.304785,53.370497
53_80,15.1,15.31,-6.304728,53.371395
53_81,15.47,15.44,-6.304671,53.372293
53_82,15.48,15.45,-6.304615,53.37319
53_83,15.4,15.39,-6.304558,53.374088
53_84,15.33,15.42,-6.304501,53.374986
53_85,15.31,15.39,-6.304444,53.375884
53_86,15.21,15.34,-6.304388,53.376782
53_87,15.02,15.07,-6.304331,53.37768
53_88,14.94,14.93,-6.304274,53.378578
53_89,14.61,14.74,-6.304217,53.379476
53_90,14.48,14.5,-6.304161,53.380374
53_91,14.48,14.48,-6.304104,53.381271
53_92,14.53,14.5,-6.304047,53.382169
53_93,14.59,14.61,-6.30399,53.383067
53_94,14.66,14.66,-6.303934,53.383965
53_95,14.73,14.72,-6.303877,53.384863
53_96,14.88,14.84,-6.30382,53.385761
53_97,14.9,14.92,-6.303763,53.386659
53_98,14.67,14.67,-6.303707,53.387557
53_99,14.71,14.72,-6.30365,53.388455
53_100,14.98,14.98,-6.303593,53.389352
53_101,15.44,15.54,-6.303536,53.39025
53_102,15.54,15.57,-6.303479,53.391148
53_103,16.03,15.94,-6.303423,53.392046
53_104,15.6,15.54,-6.303366,53.392944
53_105,15.81,15.69,-6.303309,53.393842
53_106,15.9,15.93,-6.303252,53.39474
53_107,15.8,16.11,-6.303196,53.395638
53_108,18.73,16.05,-6.303139,53.396536
53_109,16.2,16.1,-6.303082,53.397433
53_110,16.08,16.06,-6.303025,53.398331
53_111,16.13,16.03,-6.302968,53.399229
53_112,23.07,15.91,-6.302911,53.400127
53_113,16.47,16.44,-6.302855,53.401025
53_114,19.48,16.47,-6.302798,53.401923
53_115,21.8,20,-6.302741,53.402821
53_116,16.64,16.8,-6.302684,53.403719
53_117,16.47,16.33,-6.302627,53.404617
53_118,17.1,16.87,-6.30257,53.405514
53_119,19.19,18.16,-6.302514,53.406412
53_120,18.42,19.54,-6.302457,53.40731
53_121,15.78,16,-6.3024,53.408208
53_122,14.84,14.98,-6.302343,53.409106
53_123,14.16,14.26,-6.302286,53.410004
53_124,13.59,13.73,-6.302229,53.410902
53_125,13.51,13.49,-6.302173,53.4118
53_126,13.38,13.36,-6.302116,53.412697
54_0,16.99,16.99,-6.307757,53.299529
54_1,16.25,16.6,-6.307701,53.300427
54_2,16.33,16.4,-6.307644,53.301325
54_3,20.82,17.19,-6.307588,53.302223
54_4,16.92,20.15,-6.307531,53.303121
54_5,21.05,16.49,-6.307475,53.304018
54_6,19.13,18.54,-6.307418,53.304916
54_7,15.8,18.54,-6.307361,53.305814
54_8,15.61,15.65,-6.307305,53.306712
54_9,15.4,15.51,-6.307248,53.30761
54_10,15.1,15.22,-6.307192,53.308508
54_11,15.21,15.15,-6.307135,53.309406
54_12,15.09,15.1,-6.307079,53.310304
54_13,15,15.12,-6.307022,53.311202
54_14,15.05,16.95,-6.306966,53.3121
54_15,20.46,15.36,-6.306909,53.312997
54_16,15.87,15.97,-6.306853,53.313895
54_17,15.44,15.49,-6.306796,53.314793
54_18,14.97,15.04,-6.306739,53.315691
54_19,15.28,15.29,-6.306683,53.316589
54_20,14.61,15.04,-6.306626,53.317487
54_21,14.78,14.71,-6.30657,53.318385
54_22,14.96,14.91,-6.306513,53.319283
54_23,15.37,15.38,-6.306457,53.320181
54_24,15.56,15.37,-6.3064,53.321079
54_25,16.81,15.28,-6.306343,53.321976
54_26,15.3,15.3,-6.306287,53.322874
54_27,15.21,15.28,-6.30623,53.323772
54_28,15.43,18.33,-6.306174,53.32467
54_29,18.02,15.41,-6.306117,53.325568
54_30,17.15,17.52,-6.30606,53.326466
54_31,15.84,15.5,-6.306004,53.327364
54_32,24.03,24.53,-6.305947,53.328262
54_33,15.52,15.24,-6.305891,53.32916
54_34,15.13,15.03,-6.305834,53.330058
54_35,15.03,14.91,-6.305777,53.330955
54_36,14.98,14.95,-6.305721,53.331853
54_37,14.77,15.16,-6.305664,53.332751
54_38,14.61,14.6,-6.305608,53.333649
54_39,14.56,14.6,-6.305551,53.334547
54_40,14.88,14.74,-6.305494,53.335445
54_41,15.69,17.51,-6.305438,53.336343
54_42,15.4,15.77,-6.305381,53.337241
54_43,15.22,15.28,-6.305324,53.338139
54_44,25.05,15.62,-6.305268,53.339037
54_45,16.44,16.38,-6.305211,53.339934
54_46,25.65,16.58,-6.305155,53.340832
54_47,19.72,20.74,-6.305098,53.34173
54_48,16.34,16.2,-6.305041,53.342628
54_49,16.82,16.72,-6.304985,53.343526
54_50,16.91,17.06,-6.304928,53.344424
54_51,16.22,16.37,-6.304871,53.345322
54_52,15.27,15.46,-6.304815,53.34622
54_53,14.79,14.86,-6.304758,53.347118
54_54,15.95,15.47,-6.304701,53.348016
54_55,15.76,16,-6.304645,53.348913
54_56,14.94,14.97,-6.304588,53.349811
54_57,14.62,14.59,-6.304531,53.350709
54_58,14.42,14.26,-6.304475,53.351607
54_59,13.94,13.91,-6.304418,53.352505
54_60,13.92,13.9,-6.304361,53.353403
54_61,13.92,13.99,-6.304304,53.354301
54_62,13.94,13.94,-6.304248,53.355199
54_63,13.99,14.09,-6.304191,53.356097
54_64,14.01,14,-6.304134,53.356994
54_65,14.12,14.1,-6.304078,53.357892
54_66,16.28,15.15,-6.304021,53.35879
54_67,14.94,14.89,-6.303964,53.359688
54_68,14.74,14.62,-6.303908,53.360586
54_69,14.52,14.45,-6.303851,53.361484
54_70,14.72,15.07,-6.303794,53.362382
54_71,22.41,15.87,-6.303737,53.36328
54_72,15.76,15.87,-6.303681,53.364178
54_73,15.92,15.85,-6.303624,53.365075
54_74,15.63,15.62,-6.303567,53.365973
54_75,15.67,15.67,-6.30351,53.366871
54_76,15.63,15.54,-6.303454,53.367769
54_77,15.64,19.94,-6.303397,53.368667
54_78,15.26,15.29,-6.30334,53.369565
54_79,15.13,15.09,-6.303283,53.370463
54_80,15.41,14.91,-6.303227,53.371361
54_81,14.95,14.95,-6.30317,53.372259
54_82,15.1,15,-6.303113,53.373156
54_83,15.13,15.1,-6.303056,53.374054
54_84,15.27,15.21,-6.303,53.374952
54_85,15.6,15.74,-6.302943,53.37585
54_86,15.47,15.56,-6.302886,53.376748
54_87,15.24,15.27,-6.302829,53.377646
54_88,15.08,15.05,-6.302773,53.378544
54_89,14.81,14.89,-6.302716,53.379442
54_90,14.58,14.62,-6.302659,53.38034
54_91,14.56,14.55,-6.302602,53.381237
54_92,14.6,14.58,-6.302545,53.382135
54_93,14.66,14.69,-6.302489,53.383033
54_94,14.7,14.72,-6.302432,53.383931
54_95,14.76,14.76,-6.302375,53.384829
54_96,14.92,14.94,-6.302318,53.385727
54_97,15,15.06,-6.302261,53.386625
54_98,14.77,14.73,-6.302205,53.387523
54_99,14.71,14.76,-6.302148,53.388421
54_100,15.07,15.15,-6.302091,53.389318
54_101,15.81,20.67,-6.302034,53.390216
54_102,16.14,16.03,-6.301977,53.391114
54_103,15.9,15.95,-6.301921,53.392012
54_104,15.48,15.43,-6.301864,53.39291
54_105,15.43,15.44,-6.301807,53.393808
54_106,15.48,15.47,-6.30175,53.394706
54_107,15.61,15.53,-6.301693,53.395604
54_108,15.71,15.4,-6.301636,53.396502
54_109,15.65,15.5,-6.30158,53.397399
54_110,15.52,15.52,-6.301523,53.398297
54_111,15.58,15.5,-6.301466,53.399195
54_112,15.57,15.29,-6.301409,53.400093
54_113,15.93,15.77,-6.301352,53.400991
54_114,15.89,15.88,-6.301295,53.401889
54_115,16.58,20.56,-6.301239,53.402787
54_116,16.54,16.25,-6.301182,53.403685
54_117,16.34,16.28,-6.301125,53.404583
54_118,20.09,19.8,-6.301068,53.40548
54_119,19.43,18.97,-6.301011,53.406378
54_120,19.28,19.21,-6.300954,53.407276
54_121,16.64,16.64,-6.300897,53.408174
54_122,15.01,15.02,-6.30084,53.409072
54_123,14.3,14.25,-6.300784,53.40997
54_124,13.84,13.85,-6.300727,53.410868
54_125,13.62,13.59,-6.30067,53.411766
54_126,13.43,13.4,-6.300613,53.412663
55_0,16.49,,-6.306258,53.299495
55_1,15.82,16.27,-6.306202,53.300393
55_2,16.13,15.95,-6.306145,53.301291
55_3,16.7,19.71,-6.306089,53.302189
55_4,16.31,16.42,-6.306032,53.303087
55_5,16.3,16.53,-6.305976,53.303985
55_6,15.97,16.01,-6.305919,53.304882
55_7,16.13,15.42,-6.305862,53.30578
55_8,15.77,20.87,-6.305806,53.306678
55_9,19.22,15.55,-6.305749,53.307576
55_10,15.4,20.06,-6.305693,53.308474
55_11,15.46,15.45,-6.305636,53.309372
55_12,15.39,15.34,-6.30558,53.31027
55_13,15.28,15.49,-6.305523,53.311168
55_14,15.34,15.44,-6.305466,53.312066
55_15,20.95,20.95,-6.30541,53.312964
55_16,15.88,15.93,-6.305353,53.313861
55_17,15.41,15.34,-6.305297,53.314759
55_18,14.97,14.91,-6.30524,53.315657
55_19,14.52,14.5,-6.305183,53.316555
55_20,15.11,14.51,-6.305127,53.317453
55_21,14.58,14.64,-6.30507,53.318351
55_22,14.81,14.89,-6.305014,53.319249
55_23,16.64,16.69,-6.304957,53.320147
55_24,16.48,18.08,-6.3049,53.321045
55_25,15.19,15.08,-6.304844,53.321943
55_26,15.08,15.09,-6.304787,53.32284
55_27,15.11,15.14,-6.304731,53.323738
55_28,15.18,18.33,-6.304674,53.324636
55_29,15.2,15.06,-6.304617,53.325534
55_30,15,14.92,-6.304561,53.326432
55_31,16.97,14.92,-6.304504,53.32733
55_32,15.67,15.27,-6.304447,53.328228
55_33,15.79,22.96,-6.304391,53.329126
55_34,15.6,15.65,-6.304334,53.330024
55_35,15.45,15.41,-6.304278,53.330922
55_36,15.16,15.3,-6.304221,53.331819
55_37,14.94,15.04,-6.304164,53.332717
55_38,14.71,14.75,-6.304108,53.333615
55_39,15.49,14.61,-6.304051,53.334513
55_40,14.93,17.84,-6.303994,53.335411
55_41,15.39,15.35,-6.303938,53.336309
55_42,15.09,15.01,-6.303881,53.337207
55_43,15.26,15.1,-6.303824,53.338105
55_44,21.03,21.87,-6.303768,53.339003
55_45,16.33,16.32,-6.303711,53.339901
55_46,22.83,22.23,-6.303654,53.340798
55_47,21.56,20.74,-6.303598,53.341696
55_48,16.07,15.84,-6.303541,53.342594
55_49,16.14,16.14,-6.303484,53.343492
55_50,16.65,16.8,-6.303427,53.34439
55_51,16.41,16.45,-6.303371,53.345288
55_52,15.41,15.26,-6.303314,53.346186
55_53,15.11,15.07,-6.303257,53.347084
55_54,15.72,25.48,-6.303201,53.347982
55_55,16.25,15.98,-6.303144,53.348879
55_56,15.33,15.3,-6.303087,53.349777
55_57,15.17,14.98,-6.303031,53.350675
55_58,14.82,14.55,-6.302974,53.351573
55_59,14.26,14.24,-6.302917,53.352471
55_60,14.28,14.38,-6.30286,53.353369
55_61,15.26,14.23,-6.302804,53.354267
55_62,14.38,14.14,-6.302747,53.355165
55_63,14.41,14.53,-6.30269,53.356063
55_64,14.42,14.45,-6.302634,53.356961
55_65,14.53,14.46,-6.302577,53.357858
55_66,15.1,14.61,-6.30252,53.358756
55_67,15.14,15.2,-6.302463,53.359654
55_68,14.93,15.03,-6.302407,53.360552
55_69,14.7,14.78,-6.30235,53.36145
55_70,15.06,15.07,-6.302293,53.362348
55_71,15.55,15.15,-6.302236,53.363246
55_72,15.79,15.82,-6.30218,53.364144
55_73,15.61,15.65,-6.302123,53.365042
55_74,15.49,18.25,-6.302066,53.365939
55_75,18.19,15.79,-6.302009,53.366837
55_76,16.05,16.08,-6.301952,53.367735
55_77,15.41,15.59,-6.301896,53.368633
55_78,15.24,16.01,-6.301839,53.369531
55_79,15.08,15.1,-6.301782,53.370429
55_80,15.61,15.56,-6.301725,53.371327
55_81,15.08,14.96,-6.301669,53.372225
55_82,15.21,15.33,-6.301612,53.373123
55_83,15.31,15.34,-6.301555,53.37402
55_84,15.52,15.48,-6.301498,53.374918
55_85,15.82,15.74,-6.301441,53.375816
55_86,15.65,15.58,-6.301385,53.376714
55_87,15.41,15.36,-6.301328,53.377612
55_88,15.25,15.17,-6.301271,53.37851
55_89,15.06,15.06,-6.301214,53.379408
55_90,14.83,14.77,-6.301157,53.380306
55_91,14.63,14.63,-6.301101,53.381204
55_92,14.68,14.66,-6.301044,53.382101
55_93,14.72,14.74,-6.300987,53.382999
55_94,14.75,14.75,-6.30093,53.383897
55_95,14.76,14.75,-6.300873,53.384795
55_96,14.87,14.77,-6.300816,53.385693
55_97,19.16,18.6,-6.30076,53.386591
55_98,15.44,15.62,-6.300703,53.387489
55_99,15.37,15.37,-6.300646,53.388387
55_100,15.51,15.21,-6.300589,53.389285
55_101,17.92,19.64,-6.300532,53.390182
55_102,15.65,15.74,-6.300475,53.39108
55_103,15.41,15.38,-6.300419,53.391978
55_104,18.29,15.43,-6.300362,53.392876
55_105,15.38,15.36,-6.300305,53.393774
55_106,15.23,15.25,-6.300248,53.394672
55_107,16.65,15.36,-6.300191,53.39557
55_108,15.14,15.06,-6.300134,53.396468
55_109,15.13,14.99,-6.300077,53.397365
55_110,15.02,15.02,-6.300021,53.398263
55_111,15.25,19.25,-6.299964,53.399161
55_112,15.11,15.04,-6.299907,53.400059
55_113,15.27,15.25,-6.29985,53.400957
55_114,15.48,15.54,-6.299793,53.401855
55_115,15.93,16.3,-6.299736,53.402753
55_116,15.84,15.77,-6.299679,53.403651
55_117,15.98,16,-6.299622,53.404549
55_118,16.33,16.53,-6.299565,53.405446
55_119,18.27,19.19,-6.299509,53.406344
55_120,20,20.16,-6.299452,53.407242
55_121,17.82,16.6,-6.299395,53.40814
55_122,15.33,15.04,-6.299338,53.409038
55_123,14.42,14.25,-6.299281,53.409936
55_124,14.08,14,-6.299224,53.410834
55_125,13.83,13.72,-6.299167,53.411732
55_126,13.57,13.45,-6.29911,53.412629
56_0,16.5,16.63,-6.304759,53.299461
56_1,15.93,16.11,-6.304703,53.300359
56_2,18.7,19.71,-6.304646,53.301257
56_3,15.97,16.66,-6.30459,53.302155
56_4,15.85,15.91,-6.304533,53.303053
56_5,15.88,16.07,-6.304477,53.303951
56_6,17.27,15.73,-6.30442,53.304849
56_7,15.85,15.85,-6.304363,53.305746
56_8,15.23,15.26,-6.304307,53.306644
56_9,15.47,15.55,-6.30425,53.307542
56_10,15.62,15.62,-6.304194,53.30844
56_11,21.35,21.35,-6.304137,53.309338
56_12,15.82,15.66,-6.30408,53.310236
56_13,15.81,15.95,-6.304024,53.311134
56_14,15.82,15.8,-6.303967,53.312032
56_15,22.04,16.32,-6.303911,53.31293
56_16,15.92,15.81,-6.303854,53.313828
56_17,15.38,15.17,-6.303797,53.314725
56_18,15.05,14.84,-6.303741,53.315623
56_19,14.6,14.51,-6.303684,53.316521
56_20,14.58,14.51,-6.303627,53.317419
56_21,14.64,14.88,-6.303571,53.318317
56_22,15,15.03,-6.303514,53.319215
56_23,15.14,15.03,-6.303458,53.320113
56_24,15.86,15.86,-6.303401,53.321011
56_25,14.9,14.8,-6.303344,53.321909
56_26,15,14.96,-6.303288,53.322807
56_27,15.03,15.03,-6.303231,53.323704
56_28,15.08,15.08,-6.303174,53.324602
56_29,15.18,15.3,-6.303118,53.3255
56_30,14.86,15.42,-6.303061,53.326398
56_31,14.87,14.79,-6.303004,53.327296
56_32,15.39,17.26,-6.302948,53.328194
56_33,21.99,22.13,-6.302891,53.329092
56_34,16.04,16.11,-6.302834,53.32999
56_35,15.67,15.71,-6.302778,53.330888
56_36,15.29,15.34,-6.302721,53.331786
56_37,15.08,15.12,-6.302664,53.332683
56_38,14.86,14.87,-6.302608,53.333581
56_39,14.98,14.83,-6.302551,53.334479
56_40,15.51,15.65,-6.302494,53.335377
56_41,15.21,15.26,-6.302437,53.336275
56_42,15.37,15.38,-6.302381,53.337173
56_43,15.64,15.59,-6.302324,53.338071
56_44,22.56,16.14,-6.302267,53.338969
56_45,16.2,16.2,-6.302211,53.339867
56_46,21.89,28.49,-6.302154,53.340764
56_47,16.95,17.39,-6.302097,53.341662
56_48,15.63,15.56,-6.302041,53.34256
56_49,15.48,15.56,-6.301984,53.343458
56_50,16.32,16.67,-6.301927,53.344356
56_51,16.83,16.82,-6.30187,53.345254
56_52,15.89,15.69,-6.301814,53.346152
56_53,15.27,15.41,-6.301757,53.34705
56_54,15.8,16.25,-6.3017,53.347948
56_55,16.3,16.91,-6.301643,53.348846
56_56,15.66,15.9,-6.301587,53.349743
56_57,15.54,15.66,-6.30153,53.350641
56_58,15.12,15.31,-6.301473,53.351539
56_59,14.66,14.98,-6.301416,53.352437
56_60,14.43,15.4,-6.30136,53.353335
56_61,14.77,14.64,-6.301303,53.354233
56_62,14.72,14.69,-6.301246,53.355131
56_63,14.6,14.73,-6.301189,53.356029
56_64,14.63,14.61,-6.301133,53.356927
56_65,14.86,14.79,-6.301076,53.357824
56_66,14.98,14.96,-6.301019,53.358722
56_67,15.18,15.11,-6.300962,53.35962
56_68,15.11,15.15,-6.300906,53.360518
56_69,14.97,14.9,-6.300849,53.361416
56_70,21.55,15.07,-6.300792,53.362314
56_71,15.42,15.5,-6.300735,53.363212
56_72,15.38,15.38,-6.300678,53.36411
56_73,17.22,15.52,-6.300622,53.365008
56_74,15.77,15.72,-6.300565,53.365905
56_75,15.7,15.68,-6.300508,53.366803
56_76,15.8,15.74,-6.300451,53.367701
56_77,15.36,15.32,-6.300394,53.368599
56_78,15.26,15.35,-6.300338,53.369497
56_79,15.28,15.33,-6.300281,53.370395
56_80,16.86,15.29,-6.300224,53.371293
56_81,15.43,15.3,-6.300167,53.372191
56_82,15.54,16.42,-6.30011,53.373089
56_83,16.4,15.64,-6.300054,53.373986
56_84,15.75,15.79,-6.299997,53.374884
56_85,17.44,15.78,-6.29994,53.375782
56_86,15.74,15.56,-6.299883,53.37668
56_87,15.56,15.56,-6.299826,53.377578
56_88,15.48,15.51,-6.299769,53.378476
56_89,15.28,15.36,-6.299713,53.379374
56_90,15.04,15.14,-6.299656,53.380272
56_91,14.76,14.87,-6.299599,53.38117
56_92,14.7,14.69,-6.299542,53.382067
56_93,14.73,14.75,-6.299485,53.382965
56_94,14.75,14.77,-6.299428,53.383863
56_95,14.8,14.79,-6.299371,53.384761
56_96,15.04,14.85,-6.299315,53.385659
56_97,15.58,15.63,-6.299258,53.386557
56_98,15.85,15.87,-6.299201,53.387455
56_99,22.63,25.4,-6.299144,53.388353
56_100,17.84,16.33,-6.299087,53.389251
56_101,20.65,21.32,-6.29903,53.390148
56_102,15.55,17.91,-6.298973,53.391046
56_103,15.49,15.49,-6.298916,53.391944
56_104,15.35,15.43,-6.29886,53.392842
56_105,15.23,15.15,-6.298803,53.39374
56_106,15.14,15.11,-6.298746,53.394638
56_107,15.03,15.06,-6.298689,53.395536
56_108,14.99,15.06,-6.298632,53.396434
56_109,14.92,14.92,-6.298575,53.397331
56_110,15.93,14.95,-6.298518,53.398229
56_111,14.94,15.02,-6.298461,53.399127
56_112,14.9,14.87,-6.298404,53.400025
56_113,15.05,15.13,-6.298347,53.400923
56_114,15.33,15.45,-6.298291,53.401821
56_115,15.44,15.59,-6.298234,53.402719
56_116,15.57,15.5,-6.298177,53.403617
56_117,15.61,15.75,-6.29812,53.404515
56_118,17.79,16.47,-6.298063,53.405412
56_119,17.16,16.47,-6.298006,53.40631
56_120,19.31,18.09,-6.297949,53.407208
56_121,19.03,20.72,-6.297892,53.408106
56_122,15.64,17.07,-6.297835,53.409004
56_123,14.72,15.09,-6.297778,53.409902
56_124,14.18,14.3,-6.297721,53.4108
56_125,13.92,14.03,-6.297664,53.411698
56_126,13.68,13.75,-6.297607,53.412595
57_0,16.4,16.42,-6.303261,53.299427
57_1,16.04,15.87,-6.303204,53.300325
57_2,15.97,15.82,-6.303147,53.301223
57_3,16.31,16.32,-6.303091,53.302121
57_4,15.54,15.56,-6.303034,53.303019
57_5,15.59,15.64,-6.302978,53.303917
57_6,15.62,15.58,-6.302921,53.304815
57_7,15.43,15.39,-6.302864,53.305713
57_8,15,15.11,-6.302808,53.30661
57_9,15.27,15.39,-6.302751,53.307508
57_10,15.48,15.54,-6.302694,53.308406
57_11,15.69,15.86,-6.302638,53.309304
57_12,16.08,16.08,-6.302581,53.310202
57_13,15.75,15.95,-6.302525,53.3111
57_14,15.7,15.51,-6.302468,53.311998
57_15,16.4,21.63,-6.302411,53.312896
57_16,15.75,16.11,-6.302355,53.313794
57_17,15.25,15.26,-6.302298,53.314692
57_18,15.08,15.09,-6.302241,53.315589
57_19,14.89,14.96,-6.302185,53.316487
57_20,14.69,14.72,-6.302128,53.317385
57_21,14.61,14.62,-6.302071,53.318283
57_22,14.87,15.76,-6.302015,53.319181
57_23,15.07,15.01,-6.301958,53.320079
57_24,14.85,15.06,-6.301901,53.320977
57_25,14.86,14.92,-6.301845,53.321875
57_26,14.83,14.85,-6.301788,53.322773
57_27,14.86,14.89,-6.301731,53.323671
57_28,15.16,15.06,-6.301675,53.324568
57_29,15.28,15.32,-6.301618,53.325466
57_30,15.08,15.11,-6.301561,53.326364
57_31,15.11,15.09,-6.301505,53.327262
57_32,15.41,17.26,-6.301448,53.32816
57_33,22.21,20.78,-6.301391,53.329058
57_34,16.27,16.19,-6.301334,53.329956
57_35,15.74,15.7,-6.301278,53.330854
57_36,15.4,15.43,-6.301221,53.331752
57_37,15.24,15.28,-6.301164,53.332649
57_38,15.23,15.22,-6.301108,53.333547
57_39,15.65,15.44,-6.301051,53.334445
57_40,15.95,16.05,-6.300994,53.335343
57_41,15.76,15.74,-6.300937,53.336241
57_42,15.51,15.55,-6.300881,53.337139
57_43,15.64,15.68,-6.300824,53.338037
57_44,16.09,15.89,-6.300767,53.338935
57_45,16.01,16.02,-6.30071,53.339833
57_46,16.05,16.02,-6.300654,53.340731
57_47,16.19,25.01,-6.300597,53.341628
57_48,15.65,17.12,-6.30054,53.342526
57_49,15.75,15.72,-6.300483,53.343424
57_50,15.96,15.84,-6.300427,53.344322
57_51,16.99,16.59,-6.30037,53.34522
57_52,16.76,17.29,-6.300313,53.346118
57_53,16.28,16.51,-6.300256,53.347016
57_54,15.96,15.74,-6.3002,53.347914
57_55,16.67,16.8,-6.300143,53.348812
57_56,16.05,16.17,-6.300086,53.349709
57_57,15.7,15.81,-6.300029,53.350607
57_58,15.27,15.3,-6.299973,53.351505
57_59,15.71,15.32,-6.299916,53.352403
57_60,14.88,14.97,-6.299859,53.353301
57_61,14.93,14.93,-6.299802,53.354199
57_62,14.85,14.82,-6.299745,53.355097
57_63,14.81,14.86,-6.299689,53.355995
57_64,14.76,14.78,-6.299632,53.356893
57_65,14.93,14.93,-6.299575,53.35779
57_66,14.87,14.88,-6.299518,53.358688
57_67,15.04,15.03,-6.299461,53.359586
57_68,15.24,15.26,-6.299405,53.360484
57_69,15.39,15.28,-6.299348,53.361382
57_70,16.36,21.04,-6.299291,53.36228
57_71,15.45,17.33,-6.299234,53.363178
57_72,16.68,18.18,-6.299177,53.364076
57_73,15.78,15.78,-6.299121,53.364974
57_74,15.62,15.58,-6.299064,53.365871
57_75,15.66,15.65,-6.299007,53.366769
57_76,15.75,15.6,-6.29895,53.367667
57_77,15.39,15.35,-6.298893,53.368565
57_78,15.47,15.58,-6.298836,53.369463
57_79,15.54,15.58,-6.29878,53.370361
57_80,15.64,16.75,-6.298723,53.371259
57_81,15.61,15.6,-6.298666,53.372157
57_82,15.68,15.68,-6.298609,53.373055
57_83,15.69,15.67,-6.298552,53.373952
57_84,16.95,15.8,-6.298495,53.37485
57_85,15.89,15.96,-6.298438,53.375748
57_86,15.59,15.65,-6.298382,53.376646
57_87,15.38,15.47,-6.298325,53.377544
57_88,15.41,15.37,-6.298268,53.378442
57_89,15.3,15.37,-6.298211,53.37934
57_90,15.06,15.17,-6.298154,53.380238
57_91,16.23,16.68,-6.298097,53.381136
57_92,14.8,14.8,-6.29804,53.382033
57_93,14.82,14.87,-6.297983,53.382931
57_94,14.87,14.91,-6.297927,53.383829
57_95,14.93,14.93,-6.29787,53.384727
57_96,15.29,15.19,-6.297813,53.385625
57_97,15.76,15.88,-6.297756,53.386523
57_98,18.44,16.06,-6.297699,53.387421
57_99,16.04,16.04,-6.297642,53.388319
57_100,15.73,15.85,-6.297585,53.389217
57_101,21.64,15.91,-6.297528,53.390114
57_102,15.56,15.45,-6.297471,53.391012
57_103,15.33,15.31,-6.297414,53.39191
57_104,15.15,15.2,-6.297358,53.392808
57_105,14.99,14.93,-6.297301,53.393706
57_106,14.95,14.96,-6.297244,53.394604
57_107,14.98,15,-6.297187,53.395502
57_108,14.9,16.2,-6.29713,53.3964
57_109,14.76,14.71,-6.297073,53.397297
57_110,14.68,14.63,-6.297016,53.398195
57_111,14.62,14.63,-6.296959,53.399093
57_112,14.67,14.64,-6.296902,53.399991
57_113,14.86,14.72,-6.296845,53.400889
57_114,15.16,15.03,-6.296788,53.401787
57_115,15.22,15.31,-6.296731,53.402685
57_116,15.31,15.19,-6.296674,53.403583
57_117,15.35,15.29,-6.296617,53.40448
57_118,15.87,17.41,-6.29656,53.405378
57_119,16.72,16.39,-6.296503,53.406276
57_120,18.99,18.25,-6.296446,53.407174
57_121,20.11,20.9,-6.296389,53.408072
57_122,15.84,16.68,-6.296332,53.40897
57_123,14.92,15.1,-6.296275,53.409868
57_124,14.29,14.33,-6.296219,53.410766
57_125,14.03,14.06,-6.296162,53.411664
57_126,13.76,13.79,-6.296105,53.412561
58_0,17.3,17.06,-6.301762,53.299393
58_1,20.41,20.46,-6.301705,53.300291
58_2,15.95,15.58,-6.301649,53.301189
58_3,15.49,15.47,-6.301592,53.302087
58_4,15.45,15.46,-6.301535,53.302985
58_5,15.46,15.54,-6.301479,53.303883
58_6,15.49,15.42,-6.301422,53.304781
58_7,15.1,15.43,-6.301365,53.305679
58_8,14.89,14.81,-6.301309,53.306577
58_9,15.04,14.98,-6.301252,53.307474
58_10,15.23,15.07,-6.301195,53.308372
58_11,15.53,15.34,-6.301139,53.30927
58_12,15.77,15.77,-6.301082,53.310168
58_13,20.45,15.89,-6.301025,53.311066
58_14,16.1,19.81,-6.300969,53.311964
58_15,16.18,16.39,-6.300912,53.312862
58_16,15.46,15.57,-6.300855,53.31376
58_17,15.71,15.26,-6.300799,53.314658
58_18,14.98,15.04,-6.300742,53.315556
58_19,14.89,14.91,-6.300685,53.316453
58_20,14.81,14.77,-6.300629,53.317351
58_21,14.64,14.7,-6.300572,53.318249
58_22,14.83,14.84,-6.300515,53.319147
58_23,14.96,14.97,-6.300458,53.320045
58_24,14.96,14.92,-6.300402,53.320943
58_25,14.99,15.03,-6.300345,53.321841
58_26,14.92,14.9,-6.300288,53.322739
58_27,14.89,14.89,-6.300232,53.323637
58_28,15.15,15.19,-6.300175,53.324534
58_29,15.5,15.5,-6.300118,53.325432
58_30,15.33,15.34,-6.300061,53.32633
58_31,15.36,15.29,-6.300005,53.327228
58_32,15.49,15.48,-6.299948,53.328126
58_33,17.97,23.07,-6.299891,53.329024
58_34,17.11,16.8,-6.299835,53.329922
58_35,16.38,15.77,-6.299778,53.33082
58_36,15.67,15.43,-6.299721,53.331718
58_37,15.62,15.81,-6.299664,53.332616
58_38,15.82,15.81,-6.299608,53.333513
58_39,16.44,20.35,-6.299551,53.334411
58_40,16.41,22.46,-6.299494,53.335309
58_41,16.3,22.73,-6.299437,53.336207
58_42,20.72,22.72,-6.299381,53.337105
58_43,16.19,16.12,-6.299324,53.338003
58_44,16.04,16.19,-6.299267,53.338901
58_45,15.76,15.81,-6.29921,53.339799
58_46,15.93,15.77,-6.299153,53.340697
58_47,16.26,23.67,-6.299097,53.341594
58_48,15.79,18.33,-6.29904,53.342492
58_49,16.01,16.01,-6.298983,53.34339
58_50,16.3,16.14,-6.298926,53.344288
58_51,17.16,17,-6.29887,53.345186
58_52,17.56,17.79,-6.298813,53.346084
58_53,16.92,17.04,-6.298756,53.346982
58_54,16.39,16.28,-6.298699,53.34788
58_55,16.74,16.8,-6.298642,53.348778
58_56,16.26,16.25,-6.298586,53.349675
58_57,15.92,15.9,-6.298529,53.350573
58_58,15.66,15.56,-6.298472,53.351471
58_59,15.63,21.39,-6.298415,53.352369
58_60,15.14,15.18,-6.298358,53.353267
58_61,15.08,15.07,-6.298301,53.354165
58_62,15.03,14.96,-6.298245,53.355063
58_63,14.96,14.99,-6.298188,53.355961
58_64,14.97,17.62,-6.298131,53.356859
58_65,14.97,14.85,-6.298074,53.357756
58_66,14.83,14.83,-6.298017,53.358654
58_67,14.89,15.14,-6.297961,53.359552
58_68,15.34,15.58,-6.297904,53.36045
58_69,21.19,23.85,-6.297847,53.361348
58_70,16.39,23.85,-6.29779,53.362246
58_71,15.73,15.85,-6.297733,53.363144
58_72,15.48,15.51,-6.297676,53.364042
58_73,15.5,15.56,-6.297619,53.36494
58_74,15.49,15.52,-6.297563,53.365837
58_75,15.62,15.6,-6.297506,53.366735
58_76,15.7,15.74,-6.297449,53.367633
58_77,15.55,15.5,-6.297392,53.368531
58_78,15.64,15.56,-6.297335,53.369429
58_79,16.83,15.6,-6.297278,53.370327
58_80,15.68,15.68,-6.297221,53.371225
58_81,15.66,15.68,-6.297164,53.372123
58_82,15.62,15.59,-6.297108,53.373021
58_83,15.58,15.56,-6.297051,53.373918
58_84,16.67,16.67,-6.296994,53.374816
58_85,17.25,17.25,-6.296937,53.375714
58_86,15.7,15.73,-6.29688,53.376612
58_87,15.57,15.59,-6.296823,53.37751
58_88,15.45,15.44,-6.296766,53.378408
58_89,15.59,15.44,-6.296709,53.379306
58_90,15.44,15.39,-6.296652,53.380204
58_91,15.09,15.05,-6.296596,53.381102
58_92,14.94,14.93,-6.296539,53.381999
58_93,14.89,14.87,-6.296482,53.382897
58_94,14.99,15.07,-6.296425,53.383795
58_95,15.11,15.19,-6.296368,53.384693
58_96,19.3,15.58,-6.296311,53.385591
58_97,21.98,15.87,-6.296254,53.386489
58_98,15.96,15.76,-6.296197,53.387387
58_99,15.66,16.6,-6.29614,53.388285
58_100,15.67,15.7,-6.296083,53.389182
58_101,15.66,15.6,-6.296026,53.39008
58_102,15.31,15.19,-6.295969,53.390978
58_103,15.08,15.19,-6.295912,53.391876
58_104,16.12,16.34,-6.295855,53.392774
58_105,16.58,14.92,-6.295798,53.393672
58_106,14.81,16.13,-6.295742,53.39457
58_107,14.8,16.96,-6.295685,53.395468
58_108,14.72,14.7,-6.295628,53.396366
58_109,14.78,14.82,-6.295571,53.397263
58_110,14.78,14.8,-6.295514,53.398161
58_111,14.69,14.71,-6.295457,53.399059
58_112,14.66,14.64,-6.2954,53.399957
58_113,14.81,14.84,-6.295343,53.400855
58_114,16.37,16.53,-6.295286,53.401753
58_115,15.1,15.12,-6.295229,53.402651
58_116,15.74,15.12,-6.295172,53.403549
58_117,16.18,16.5,-6.295115,53.404446
58_118,15.75,15.7,-6.295058,53.405344
58_119,16.43,16.53,-6.295001,53.406242
58_120,18.84,19.23,-6.294944,53.40714
58_121,20.46,20.38,-6.294887,53.408038
58_122,16.57,16.36,-6.29483,53.408936
58_123,15.2,15.11,-6.294773,53.409834
58_124,14.38,14.36,-6.294716,53.410732
58_125,14.14,14.09,-6.294659,53.411629
58_126,13.9,13.85,-6.294602,53.412527
59_0,17.6,17.38,-6.300263,53.299359
59_1,17.47,17.58,-6.300206,53.300257
59_2,16.19,16.51,-6.30015,53.301155
59_3,15.5,15.68,-6.300093,53.302053
59_4,15.42,15.43,-6.300036,53.302951
59_5,15.36,15.38,-6.29998,53.303849
59_6,15.93,15.36,-6.299923,53.304747
59_7,15.15,15.23,-6.299866,53.305645
59_8,14.82,14.81,-6.29981,53.306543
59_9,15.66,15.69,-6.299753,53.307441
59_10,15.07,15.02,-6.299696,53.308338
59_11,15.19,15.15,-6.29964,53.309236
59_12,15.47,15.45,-6.299583,53.310134
59_13,15.93,16.02,-6.299526,53.311032
59_14,21.3,18.83,-6.299469,53.31193
59_15,16.33,16.32,-6.299413,53.312828
59_16,15.61,15.57,-6.299356,53.313726
59_17,15.25,15.9,-6.299299,53.314624
59_18,15.17,15.21,-6.299243,53.315522
59_19,15.09,15.07,-6.299186,53.316419
59_20,14.98,14.92,-6.299129,53.317317
59_21,14.78,14.81,-6.299072,53.318215
59_22,14.85,14.88,-6.299016,53.319113
59_23,14.97,15,-6.298959,53.320011
59_24,15.02,15.01,-6.298902,53.320909
59_25,15.6,15.36,-6.298845,53.321807
59_26,14.93,15.68,-6.298789,53.322705
59_27,14.95,14.97,-6.298732,53.323603
59_28,15.18,16.05,-6.298675,53.324501
59_29,18.91,15.91,-6.298618,53.325398
59_30,15.77,15.91,-6.298562,53.326296
59_31,15.67,15.72,-6.298505,53.327194
59_32,19.93,15.5,-6.298448,53.328092
59_33,20.17,16.23,-6.298391,53.32899
59_34,24.4,22.24,-6.298335,53.329888
59_35,17.13,21.57,-6.298278,53.330786
59_36,16.26,16.21,-6.298221,53.331684
59_37,20.52,20.46,-6.298164,53.332582
59_38,22.3,16.44,-6.298108,53.333479
59_39,17.02,16.93,-6.298051,53.334377
59_40,16.76,16.57,-6.297994,53.335275
59_41,16.75,20.92,-6.297937,53.336173
59_42,16.6,16.63,-6.29788,53.337071
59_43,18.95,19.16,-6.297824,53.337969
59_44,16.09,16.11,-6.297767,53.338867
59_45,17.97,18.45,-6.29771,53.339765
59_46,16.01,16,-6.297653,53.340663
59_47,26.69,22.45,-6.297596,53.34156
59_48,17.88,20.19,-6.29754,53.342458
59_49,16.16,16.29,-6.297483,53.343356
59_50,16.52,16.56,-6.297426,53.344254
59_51,17.23,17.24,-6.297369,53.345152
59_52,18.17,18.19,-6.297312,53.34605
59_53,17.5,17.38,-6.297255,53.346948
59_54,16.84,22.43,-6.297199,53.347846
59_55,17.33,17.01,-6.297142,53.348744
59_56,16.52,16.27,-6.297085,53.349641
59_57,16.03,16.7,-6.297028,53.350539
59_58,15.78,18.08,-6.296971,53.351437
59_59,15.75,21.39,-6.296914,53.352335
59_60,15.57,15.54,-6.296858,53.353233
59_61,15.35,15.25,-6.296801,53.354131
59_62,15.22,15.25,-6.296744,53.355029
59_63,15.17,15.49,-6.296687,53.355927
59_64,16.83,15.4,-6.29663,53.356825
59_65,15.16,15.28,-6.296573,53.357722
59_66,14.96,14.98,-6.296516,53.35862
59_67,15.16,15.05,-6.29646,53.359518
59_68,15.77,15.75,-6.296403,53.360416
59_69,16.29,20.73,-6.296346,53.361314
59_70,16.07,16.47,-6.296289,53.362212
59_71,15.59,15.61,-6.296232,53.36311
59_72,15.39,15.37,-6.296175,53.364008
59_73,15.4,15.38,-6.296118,53.364906
59_74,15.51,15.46,-6.296061,53.365803
59_75,16.49,15.61,-6.296005,53.366701
59_76,15.76,15.79,-6.295948,53.367599
59_77,15.35,15.43,-6.295891,53.368497
59_78,15.39,15.56,-6.295834,53.369395
59_79,16.99,16.44,-6.295777,53.370293
59_80,15.5,15.5,-6.29572,53.371191
59_81,15.55,15.58,-6.295663,53.372089
59_82,15.56,15.53,-6.295606,53.372987
59_83,15.51,15.49,-6.295549,53.373884
59_84,15.49,16.57,-6.295492,53.374782
59_85,15.73,15.71,-6.295435,53.37568
59_86,15.78,15.76,-6.295379,53.376578
59_87,15.7,15.66,-6.295322,53.377476
59_88,15.61,16.37,-6.295265,53.378374
59_89,15.65,15.62,-6.295208,53.379272
59_90,15.41,15.38,-6.295151,53.38017
59_91,15.23,15.16,-6.295094,53.381067
59_92,15.06,14.98,-6.295037,53.381965
59_93,15.22,15.1,-6.29498,53.382863
59_94,15.44,15.5,-6.294923,53.383761
59_95,20.96,20.62,-6.294866,53.384659
59_96,17.61,22.22,-6.294809,53.385557
59_97,17.63,19.95,-6.294752,53.386455
59_98,15.56,15.48,-6.294695,53.387353
59_99,16.76,15.54,-6.294638,53.388251
59_100,16.91,15.66,-6.294581,53.389148
59_101,15.79,15.76,-6.294524,53.390046
59_102,16.24,15.4,-6.294467,53.390944
59_103,14.94,15,-6.29441,53.391842
59_104,14.8,14.89,-6.294353,53.39274
59_105,14.76,14.71,-6.294296,53.393638
59_106,14.79,14.75,-6.294239,53.394536
59_107,15.74,15.77,-6.294182,53.395434
59_108,14.82,14.76,-6.294125,53.396331
59_109,14.9,14.92,-6.294068,53.397229
59_110,14.85,14.85,-6.294011,53.398127
59_111,14.79,14.78,-6.293954,53.399025
59_112,14.79,14.71,-6.293897,53.399923
59_113,14.81,14.76,-6.29384,53.400821
59_114,14.74,14.8,-6.293783,53.401719
59_115,15,15.05,-6.293726,53.402617
59_116,15.02,15.12,-6.293669,53.403515
59_117,15.11,15.16,-6.293612,53.404412
59_118,15.45,15.56,-6.293555,53.40531
59_119,16.02,16.2,-6.293498,53.406208
59_120,18.14,37.03,-6.293441,53.407106
59_121,20.78,19.73,-6.293384,53.408004
59_122,17.29,16.66,-6.293327,53.408902
59_123,15.69,15.11,-6.29327,53.4098
59_124,14.56,14.39,-6.293213,53.410698
59_125,14.23,14.12,-6.293156,53.411595
59_126,14.04,14.12,-6.293099,53.412493
60_0,17.39,17.37,-6.298764,53.299325
60_1,17.26,17.43,-6.298707,53.300223
60_2,20.15,16.51,-6.298651,53.301121
60_3,15.78,15.85,-6.298594,53.302019
60_4,15.84,15.87,-6.298537,53.302917
60_5,15.43,15.8,-6.298481,53.303815
60_6,15.35,15.39,-6.298424,53.304713
60_7,15.2,15.21,-6.298367,53.305611
60_8,14.95,14.92,-6.298311,53.306509
60_9,14.72,15.67,-6.298254,53.307407
60_10,14.94,14.93,-6.298197,53.308304
60_11,15.08,15.09,-6.29814,53.309202
60_12,15.2,15.28,-6.298084,53.3101
60_13,15.5,15.54,-6.298027,53.310998
60_14,18.75,15.96,-6.29797,53.311896
60_15,16.32,20.3,-6.297913,53.312794
60_16,19.42,15.9,-6.297857,53.313692
60_17,17.4,15.34,-6.2978,53.31459
60_18,15.41,15.39,-6.297743,53.315488
60_19,15.28,15.22,-6.297686,53.316385
60_20,15.09,15,-6.29763,53.317283
60_21,14.94,15,-6.297573,53.318181
60_22,14.91,15.01,-6.297516,53.319079
60_23,15.03,14.98,-6.297459,53.319977
60_24,15.06,15.04,-6.297403,53.320875
60_25,15.13,15.13,-6.297346,53.321773
60_26,15.05,15.12,-6.297289,53.322671
60_27,15.93,15.06,-6.297232,53.323569
60_28,16.02,15.15,-6.297175,53.324467
60_29,15.9,19.17,-6.297119,53.325364
60_30,21.07,20.09,-6.297062,53.326262
60_31,16.08,16.09,-6.297005,53.32716
60_32,15.9,16.01,-6.296948,53.328058
60_33,15.8,15.71,-6.296892,53.328956
60_34,16.52,16.34,-6.296835,53.329854
60_35,25.18,25.18,-6.296778,53.330752
60_36,16.8,16.82,-6.296721,53.33165
60_37,16.42,16.45,-6.296664,53.332548
60_38,16.37,16.38,-6.296608,53.333445
60_39,16.3,16.4,-6.296551,53.334343
60_40,16.36,16.57,-6.296494,53.335241
60_41,16.66,16.54,-6.296437,53.336139
60_42,16.38,16.38,-6.29638,53.337037
60_43,18.69,19.33,-6.296323,53.337935
60_44,16.17,16.13,-6.296267,53.338833
60_45,15.85,17.55,-6.29621,53.339731
60_46,15.98,16.07,-6.296153,53.340629
60_47,16.31,23.77,-6.296096,53.341526
60_48,18.42,18.51,-6.296039,53.342424
60_49,16.45,16.56,-6.295982,53.343322
60_50,16.72,18.14,-6.295926,53.34422
60_51,18.97,20.38,-6.295869,53.345118
60_52,38.26,18.38,-6.295812,53.346016
60_53,17.82,17.46,-6.295755,53.346914
60_54,17.03,17.46,-6.295698,53.347812
60_55,17.18,29.62,-6.295641,53.34871
60_56,22.03,17.16,-6.295584,53.349607
60_57,19.45,16.4,-6.295528,53.350505
60_58,15.84,16.04,-6.295471,53.351403
60_59,15.74,15.77,-6.295414,53.352301
60_60,15.8,15.77,-6.295357,53.353199
60_61,20.39,20.31,-6.2953,53.354097
60_62,15.8,15.87,-6.295243,53.354995
60_63,15.74,15.97,-6.295186,53.355893
60_64,15.79,15.93,-6.295129,53.356791
60_65,15.35,15.42,-6.295072,53.357688
60_66,15.23,16.38,-6.295016,53.358586
60_67,16.25,15.5,-6.294959,53.359484
60_68,21.55,19.74,-6.294902,53.360382
60_69,18.28,16.28,-6.294845,53.36128
60_70,15.99,16.02,-6.294788,53.362178
60_71,15.58,15.56,-6.294731,53.363076
60_72,15.3,15.29,-6.294674,53.363974
60_73,15.36,15.39,-6.294617,53.364872
60_74,15.42,15.48,-6.29456,53.365769
60_75,15.5,18.87,-6.294503,53.366667
60_76,15.39,15.3,-6.294446,53.367565
60_77,15.07,14.99,-6.29439,53.368463
60_78,15.04,15.21,-6.294333,53.369361
60_79,15.16,15.27,-6.294276,53.370259
60_80,15.39,15.41,-6.294219,53.371157
60_81,15.45,15.49,-6.294162,53.372055
60_82,15.5,15.47,-6.294105,53.372952
60_83,15.46,15.5,-6.294048,53.37385
60_84,15.56,15.63,-6.293991,53.374748
60_85,15.77,15.84,-6.293934,53.375646
60_86,15.85,15.91,-6.293877,53.376544
60_87,15.66,15.71,-6.29382,53.377442
60_88,15.53,15.56,-6.293763,53.37834
60_89,15.67,15.59,-6.293706,53.379238
60_90,15.57,15.69,-6.293649,53.380136
60_91,15.36,15.47,-6.293592,53.381033
60_92,15.27,15.28,-6.293535,53.381931
60_93,15.45,15.17,-6.293478,53.382829
60_94,15.97,16.07,-6.293421,53.383727
60_95,15.97,16.01,-6.293364,53.384625
60_96,15.4,15.54,-6.293307,53.385523
60_97,15.38,17.77,-6.29325,53.386421
60_98,15.28,15.22,-6.293193,53.387319
60_99,15.31,15.31,-6.293136,53.388216
60_100,16.53,16.42,-6.293079,53.389114
60_101,19.69,20.11,-6.293022,53.390012
60_102,15.47,15.47,-6.292965,53.39091
60_103,14.95,16.41,-6.292908,53.391808
60_104,15.56,14.78,-6.292851,53.392706
60_105,14.68,14.65,-6.292794,53.393604
60_106,14.61,14.6,-6.292737,53.394502
60_107,14.7,14.72,-6.29268,53.3954
60_108,14.94,17.04,-6.292623,53.396297
60_109,16.57,16.5,-6.292566,53.397195
60_110,14.92,14.91,-6.292509,53.398093
60_111,14.9,14.85,-6.292452,53.398991
60_112,17.2,17.35,-6.292395,53.399889
60_113,14.67,14.63,-6.292338,53.400787
60_114,14.65,14.73,-6.292281,53.401685
60_115,14.84,14.91,-6.292224,53.402583
60_116,14.89,14.95,-6.292167,53.40348
60_117,15.06,16.11,-6.29211,53.404378
60_118,16.41,16.11,-6.292053,53.405276
60_119,16.79,15.55,-6.291996,53.406174
60_120,18.02,17.81,-6.291939,53.407072
60_121,20.38,32.94,-6.291882,53.40797
60_122,19.59,20.43,-6.291824,53.408868
60_123,16.64,17.64,-6.291767,53.409766
60_124,14.85,15.55,-6.29171,53.410663
60_125,14.33,14.42,-6.291653,53.411561
60_126,14.17,14.21,-6.291596,53.412459
61_0,16.84,16.77,-6.297265,53.299291
61_1,16.53,16.65,-6.297209,53.300189
61_2,16.56,19.34,-6.297152,53.301087
61_3,16.13,16.17,-6.297095,53.301985
61_4,15.8,15.66,-6.297038,53.302883
61_5,15.56,15.5,-6.296982,53.303781
61_6,15.49,15.39,-6.296925,53.304679
61_7,15.3,15.22,-6.296868,53.305577
61_8,15.06,14.98,-6.296811,53.306475
61_9,14.78,14.69,-6.296755,53.307373
61_10,14.83,14.91,-6.296698,53.30827
61_11,15,15.1,-6.296641,53.309168
61_12,15.24,15.31,-6.296584,53.310066
61_13,15.47,15.31,-6.296528,53.310964
61_14,15.44,19.31,-6.296471,53.311862
61_15,15.63,15.33,-6.296414,53.31276
61_16,16,15.84,-6.296357,53.313658
61_17,24.07,24.79,-6.296301,53.314556
61_18,15.87,23.51,-6.296244,53.315454
61_19,15.52,15.73,-6.296187,53.316351
61_20,16.42,15.3,-6.29613,53.317249
61_21,16.51,15.07,-6.296073,53.318147
61_22,15.13,15.13,-6.296017,53.319045
61_23,15.09,16.59,-6.29596,53.319943
61_24,15.1,15.09,-6.295903,53.320841
61_25,15.12,15.13,-6.295846,53.321739
61_26,15.11,15.1,-6.295789,53.322637
61_27,15.36,15.32,-6.295733,53.323535
61_28,19.65,19.16,-6.295676,53.324433
61_29,16.06,15.8,-6.295619,53.32533
61_30,16.16,16.1,-6.295562,53.326228
61_31,15.97,15.99,-6.295505,53.327126
61_32,15.71,15.76,-6.295449,53.328024
61_33,15.6,15.74,-6.295392,53.328922
61_34,16.38,16.45,-6.295335,53.32982
61_35,16.75,16.98,-6.295278,53.330718
61_36,17.01,16.94,-6.295221,53.331616
61_37,18.19,17.04,-6.295164,53.332514
61_38,16.52,16.47,-6.295108,53.333411
61_39,16.28,16.22,-6.295051,53.334309
61_40,20.72,21.25,-6.294994,53.335207
61_41,19.37,19.28,-6.294937,53.336105
61_42,16.23,16.29,-6.29488,53.337003
61_43,19.48,19.14,-6.294823,53.337901
61_44,16.29,16.13,-6.294766,53.338799
61_45,15.86,15.87,-6.29471,53.339697
61_46,18.52,15.91,-6.294653,53.340595
61_47,16.3,16.03,-6.294596,53.341492
61_48,25.13,21.26,-6.294539,53.34239
61_49,18.61,18.98,-6.294482,53.343288
61_50,16.65,16.56,-6.294425,53.344186
61_51,17.26,16.78,-6.294368,53.345084
61_52,32.9,31.4,-6.294311,53.345982
61_53,18.13,18.15,-6.294255,53.34688
61_54,17.02,17.11,-6.294198,53.347778
61_55,17.42,17.62,-6.294141,53.348676
61_56,16.8,16.72,-6.294084,53.349573
61_57,16.24,16.26,-6.294027,53.350471
61_58,16.02,16.06,-6.29397,53.351369
61_59,15.74,15.75,-6.293913,53.352267
61_60,15.75,15.7,-6.293856,53.353165
61_61,15.78,16.31,-6.293799,53.354063
61_62,16.18,20.23,-6.293742,53.354961
61_63,19.12,15.97,-6.293685,53.355859
61_64,16.11,16.17,-6.293629,53.356757
61_65,15.83,15.79,-6.293572,53.357654
61_66,15.54,15.46,-6.293515,53.358552
61_67,19.24,16.17,-6.293458,53.35945
61_68,16.28,16.16,-6.293401,53.360348
61_69,19.42,19.42,-6.293344,53.361246
61_70,15.99,15.98,-6.293287,53.362144
61_71,15.64,15.51,-6.29323,53.363042
61_72,15.28,15.25,-6.293173,53.36394
61_73,15.38,15.37,-6.293116,53.364837
61_74,15.39,15.36,-6.293059,53.365735
61_75,15.42,15.58,-6.293002,53.366633
61_76,15.39,15.28,-6.292945,53.367531
61_77,15.16,15.28,-6.292888,53.368429
61_78,15.04,15.06,-6.292831,53.369327
61_79,15.05,15.09,-6.292774,53.370225
61_80,15.23,15.16,-6.292717,53.371123
61_81,15.29,15.27,-6.29266,53.372021
61_82,15.38,15.38,-6.292603,53.372918
61_83,15.53,15.56,-6.292546,53.373816
61_84,15.63,15.61,-6.292489,53.374714
61_85,15.82,15.74,-6.292432,53.375612
61_86,15.9,15.85,-6.292375,53.37651
61_87,15.6,15.66,-6.292318,53.377408
61_88,15.65,15.64,-6.292262,53.378306
61_89,15.72,15.68,-6.292205,53.379204
61_90,15.72,15.8,-6.292148,53.380101
61_91,15.57,15.61,-6.29209,53.380999
61_92,15.56,15.53,-6.292033,53.381897
61_93,15.87,15.7,-6.291976,53.382795
61_94,15.64,15.37,-6.291919,53.383693
61_95,15.35,15.28,-6.291862,53.384591
61_96,14.99,15.08,-6.291805,53.385489
61_97,15.42,15.12,-6.291748,53.386387
61_98,15.01,14.98,-6.291691,53.387285
61_99,15.1,15.12,-6.291634,53.388182
61_100,15.26,15.38,-6.291577,53.38908
61_101,18.67,20.11,-6.29152,53.389978
61_102,15.39,15.35,-6.291463,53.390876
61_103,15.12,15.01,-6.291406,53.391774
61_104,14.73,16.1,-6.291349,53.392672
61_105,14.64,14.61,-6.291292,53.39357
61_106,14.62,14.6,-6.291235,53.394468
61_107,17.31,14.81,-6.291178,53.395365
61_108,14.74,14.89,-6.291121,53.396263
61_109,14.87,14.86,-6.291064,53.397161
61_110,17.31,14.86,-6.291007,53.398059
61_111,15,14.95,-6.29095,53.398957
61_112,16.32,15.04,-6.290893,53.399855
61_113,14.69,14.62,-6.290836,53.400753
61_114,14.61,14.56,-6.290779,53.401651
61_115,14.61,14.61,-6.290721,53.402548
61_116,14.82,16.15,-6.290664,53.403446
61_117,15.08,14.97,-6.290607,53.404344
61_118,15.3,15.87,-6.29055,53.405242
61_119,15.78,15.7,-6.290493,53.40614
61_120,17.32,17.81,-6.290436,53.407038
61_121,20.15,19.71,-6.290379,53.407936
61_122,19.42,19.51,-6.290322,53.408834
61_123,17.6,18.11,-6.290265,53.409731
61_124,15.74,15.08,-6.290208,53.410629
61_125,14.46,14.5,-6.290151,53.411527
61_126,14.31,14.3,-6.290093,53.412425
62_0,16.37,16.25,-6.295767,53.299257
62_1,16.16,16.14,-6.29571,53.300155
62_2,15.77,16.09,-6.295653,53.301053
62_3,15.8,15.8,-6.295596,53.301951
62_4,15.9,15.8,-6.29554,53.302849
62_5,15.72,15.8,-6.295483,53.303747
62_6,15.59,15.63,-6.295426,53.304645
62_7,15.29,15.42,-6.295369,53.305543
62_8,15.09,15.18,-6.295312,53.306441
62_9,14.84,14.94,-6.295256,53.307339
62_10,14.77,14.69,-6.295199,53.308236
62_11,15.01,14.96,-6.295142,53.309134
62_12,15.23,15.15,-6.295085,53.310032
62_13,15.6,15.45,-6.295028,53.31093
62_14,15.81,15.93,-6.294972,53.311828
62_15,15.23,15.28,-6.294915,53.312726
62_16,15.37,15.32,-6.294858,53.313624
62_17,15.74,15.85,-6.294801,53.314522
62_18,15.98,15.71,-6.294744,53.31542
62_19,16.01,21.95,-6.294688,53.316317
62_20,15.64,15.65,-6.294631,53.317215
62_21,15.32,15.17,-6.294574,53.318113
62_22,15.12,15.12,-6.294517,53.319011
62_23,15.13,15.13,-6.29446,53.319909
62_24,15.17,15.15,-6.294403,53.320807
62_25,15.33,15.14,-6.294347,53.321705
62_26,18.59,15.75,-6.29429,53.322603
62_27,15.5,15.44,-6.294233,53.323501
62_28,15.25,15.42,-6.294176,53.324399
62_29,15.46,15.34,-6.294119,53.325296
62_30,18.6,19.1,-6.294062,53.326194
62_31,15.82,15.75,-6.294006,53.327092
62_32,15.52,15.52,-6.293949,53.32799
62_33,15.59,15.5,-6.293892,53.328888
62_34,15.86,15.93,-6.293835,53.329786
62_35,16.15,16.52,-6.293778,53.330684
62_36,17.08,17.15,-6.293721,53.331582
62_37,17.77,18.93,-6.293664,53.33248
62_38,16.85,17.47,-6.293608,53.333377
62_39,16.28,16.41,-6.293551,53.334275
62_40,19.79,16.24,-6.293494,53.335173
62_41,16.37,16.4,-6.293437,53.336071
62_42,16.26,16.25,-6.29338,53.336969
62_43,16.37,16.32,-6.293323,53.337867
62_44,16.17,20.13,-6.293266,53.338765
62_45,15.83,16.1,-6.293209,53.339663
62_46,15.92,15.85,-6.293152,53.340561
62_47,18.37,18.44,-6.293096,53.341458
62_48,17.18,21.26,-6.293039,53.342356
62_49,19.68,19.93,-6.292982,53.343254
62_50,16.7,16.71,-6.292925,53.344152
62_51,17.17,17.04,-6.292868,53.34505
62_52,30.11,28.74,-6.292811,53.345948
62_53,18.05,18.26,-6.292754,53.346846
62_54,17.22,17.22,-6.292697,53.347744
62_55,17.09,17.23,-6.29264,53.348641
62_56,16.53,16.56,-6.292583,53.349539
62_57,16.27,16.27,-6.292526,53.350437
62_58,16.02,15.97,-6.292469,53.351335
62_59,15.82,15.78,-6.292412,53.352233
62_60,15.73,17.13,-6.292356,53.353131
62_61,15.68,15.69,-6.292299,53.354029
62_62,16.33,16.54,-6.292242,53.354927
62_63,19.61,20.62,-6.292185,53.355825
62_64,16.39,16.27,-6.292128,53.356722
62_65,16.12,16.02,-6.292071,53.35762
62_66,15.82,15.75,-6.292014,53.358518
62_67,16.04,16.17,-6.291957,53.359416
62_68,15.99,15.92,-6.2919,53.360314
62_69,20.81,15.92,-6.291843,53.361212
62_70,15.53,15.76,-6.291786,53.36211
62_71,15.49,15.42,-6.291729,53.363008
62_72,15.35,15.42,-6.291672,53.363906
62_73,15.22,15.22,-6.291615,53.364803
62_74,15.42,15.35,-6.291558,53.365701
62_75,18.91,15.62,-6.291501,53.366599
62_76,15.4,15.42,-6.291444,53.367497
62_77,15.2,15.21,-6.291387,53.368395
62_78,16.62,15.13,-6.29133,53.369293
62_79,15,14.97,-6.291273,53.370191
62_80,15.05,15.03,-6.291216,53.371089
62_81,15.22,15.19,-6.291159,53.371986
62_82,15.38,15.34,-6.291102,53.372884
62_83,15.65,17.24,-6.291045,53.373782
62_84,15.79,15.81,-6.290988,53.37468
62_85,15.85,15.84,-6.290931,53.375578
62_86,15.88,15.85,-6.290874,53.376476
62_87,15.79,15.87,-6.290817,53.377374
62_88,15.66,15.63,-6.29076,53.378272
62_89,15.73,15.77,-6.290703,53.37917
62_90,15.82,15.82,-6.290646,53.380067
62_91,15.69,15.71,-6.290589,53.380965
62_92,23.11,21.21,-6.290532,53.381863
62_93,15.61,15.57,-6.290475,53.382761
62_94,15.17,15.05,-6.290418,53.383659
62_95,14.94,14.9,-6.290361,53.384557
62_96,14.84,14.86,-6.290304,53.385455
62_97,14.82,14.9,-6.290247,53.386353
62_98,14.8,14.74,-6.290189,53.38725
62_99,14.78,14.78,-6.290132,53.388148
62_100,14.94,15.17,-6.290075,53.389046
62_101,15.33,15.17,-6.290018,53.389944
62_102,15.36,15.52,-6.289961,53.390842
62_103,14.83,15.04,-6.289904,53.39174
62_104,14.67,14.73,-6.289847,53.392638
62_105,14.62,14.61,-6.28979,53.393536
62_106,14.64,14.64,-6.289733,53.394433
62_107,14.65,14.69,-6.289676,53.395331
62_108,14.48,14.59,-6.289619,53.396229
62_109,14.51,14.38,-6.289562,53.397127
62_110,14.58,14.5,-6.289505,53.398025
62_111,15.89,15.79,-6.289447,53.398923
62_112,14.49,14.71,-6.28939,53.399821
62_113,14.39,14.27,-6.289333,53.400719
62_114,14.29,14.26,-6.289276,53.401616
62_115,14.22,14.25,-6.289219,53.402514
62_116,14.53,14.57,-6.289162,53.403412
62_117,14.84,14.83,-6.289105,53.40431
62_118,16.56,16.56,-6.289048,53.405208
62_119,17.89,15.61,-6.288991,53.406106
62_120,17.24,17.11,-6.288933,53.407004
62_121,19.58,19.92,-6.288876,53.407902
62_122,18.87,18.42,-6.288819,53.408799
62_123,16.03,16.19,-6.288762,53.409697
62_124,15.1,15.08,-6.288705,53.410595
62_125,14.67,14.66,-6.288648,53.411493
62_126,14.49,14.45,-6.288591,53.412391
63_0,16.22,16.22,-6.294268,53.299223
63_1,15.71,15.82,-6.294211,53.300121
63_2,15.29,15.6,-6.294154,53.301019
63_3,15.08,15.11,-6.294097,53.301917
63_4,15.44,15.27,-6.294041,53.302815
63_5,15.66,15.63,-6.293984,53.303713
63_6,15.7,15.7,-6.293927,53.304611
63_7,15.3,15.31,-6.29387,53.305509
63_8,15.09,15.14,-6.293813,53.306407
63_9,14.79,14.84,-6.293757,53.307305
63_10,14.75,14.69,-6.2937,53.308202
63_11,15.95,16.04,-6.293643,53.3091
63_12,15.29,15.29,-6.293586,53.309998
63_13,19.8,15.6,-6.293529,53.310896
63_14,15.83,15.73,-6.293472,53.311794
63_15,15.36,15.37,-6.293416,53.312692
63_16,15.24,15.22,-6.293359,53.31359
63_17,15.14,15.29,-6.293302,53.314488
63_18,16.3,16.38,-6.293245,53.315386
63_19,15.64,15.65,-6.293188,53.316283
63_20,20.01,19.09,-6.293131,53.317181
63_21,15.51,15.39,-6.293074,53.318079
63_22,15.12,15.25,-6.293018,53.318977
63_23,15.24,15.31,-6.292961,53.319875
63_24,17.02,20.86,-6.292904,53.320773
63_25,15.9,15.84,-6.292847,53.321671
63_26,15.67,15.55,-6.29279,53.322569
63_27,15.46,15.37,-6.292733,53.323467
63_28,15.24,15.37,-6.292676,53.324364
63_29,15.06,15.13,-6.29262,53.325262
63_30,15.45,15.21,-6.292563,53.32616
63_31,15.66,18.41,-6.292506,53.327058
63_32,15.42,15.54,-6.292449,53.327956
63_33,15.35,15.34,-6.292392,53.328854
63_34,15.53,15.47,-6.292335,53.329752
63_35,17.01,16.16,-6.292278,53.33065
63_36,19.31,16.28,-6.292221,53.331548
63_37,17.61,17.15,-6.292164,53.332445
63_38,24.72,22.98,-6.292108,53.333343
63_39,16.88,21.93,-6.292051,53.334241
63_40,16.51,16.56,-6.291994,53.335139
63_41,16.33,16.32,-6.291937,53.336037
63_42,16.15,16.16,-6.29188,53.336935
63_43,16.34,16.3,-6.291823,53.337833
63_44,16.71,16.61,-6.291766,53.338731
63_45,16.31,16.39,-6.291709,53.339629
63_46,16.01,16.05,-6.291652,53.340526
63_47,16.28,16.28,-6.291595,53.341424
63_48,18,17,-6.291538,53.342322
63_49,19.48,29.12,-6.291481,53.34322
63_50,16.71,16.69,-6.291424,53.344118
63_51,16.78,17.04,-6.291367,53.345016
63_52,18.09,18.36,-6.291311,53.345914
63_53,32.12,18.68,-6.291254,53.346812
63_54,18.25,19.4,-6.291197,53.34771
63_55,17.14,16.84,-6.29114,53.348607
63_56,16.77,17,-6.291083,53.349505
63_57,16.68,16.47,-6.291026,53.350403
63_58,16.25,16.09,-6.290969,53.351301
63_59,15.93,15.84,-6.290912,53.352199
63_60,15.71,15.67,-6.290855,53.353097
63_61,16.61,15.67,-6.290798,53.353995
63_62,17.81,15.68,-6.290741,53.354893
63_63,16.58,18.88,-6.290684,53.35579
63_64,19.7,16.38,-6.290627,53.356688
63_65,16.16,16.41,-6.29057,53.357586
63_66,16.27,18.94,-6.290513,53.358484
63_67,15.79,15.99,-6.290456,53.359382
63_68,15.75,16.32,-6.290399,53.36028
63_69,19.24,15.83,-6.290342,53.361178
63_70,15.56,15.72,-6.290285,53.362076
63_71,15.34,15.26,-6.290228,53.362974
63_72,15.32,15.27,-6.290171,53.363871
63_73,15.19,15.19,-6.290114,53.364769
63_74,15.41,15.24,-6.290057,53.365667
63_75,15.71,15.65,-6.29,53.366565
63_76,15.4,15.41,-6.289943,53.367463
63_77,15.29,15.29,-6.289886,53.368361
63_78,15.07,15.09,-6.289829,53.369259
63_79,14.99,15,-6.289772,53.370157
63_80,15.03,15.04,-6.289715,53.371054
63_81,15.22,15.24,-6.289658,53.371952
63_82,15.41,15.39,-6.289601,53.37285
63_83,17.89,15.83,-6.289544,53.373748
63_84,15.86,15.87,-6.289487,53.374646
63_85,18.92,17.59,-6.28943,53.375544
63_86,16.02,15.91,-6.289372,53.376442
63_87,16.12,16.14,-6.289315,53.37734
63_88,16.04,15.94,-6.289258,53.378238
63_89,15.87,15.73,-6.289201,53.379135
63_90,16.01,24.04,-6.289144,53.380033
63_91,23.6,15.94,-6.289087,53.380931
63_92,15.79,15.75,-6.28903,53.381829
63_93,15.55,15.75,-6.288973,53.382727
63_94,15.14,15.19,-6.288916,53.383625
63_95,14.88,14.89,-6.288859,53.384523
63_96,14.84,15.37,-6.288802,53.385421
63_97,14.74,14.8,-6.288745,53.386318
63_98,14.63,14.65,-6.288688,53.387216
63_99,14.64,14.6,-6.288631,53.388114
63_100,14.66,14.67,-6.288573,53.389012
63_101,15.05,14.96,-6.288516,53.38991
63_102,15.28,15.34,-6.288459,53.390808
63_103,14.73,14.83,-6.288402,53.391706
63_104,14.69,14.72,-6.288345,53.392604
63_105,14.63,14.63,-6.288288,53.393501
63_106,14.66,14.54,-6.288231,53.394399
63_107,14.34,14.35,-6.288174,53.395297
63_108,14.25,14.32,-6.288117,53.396195
63_109,14.27,14.16,-6.288059,53.397093
63_110,14.32,14.27,-6.288002,53.397991
63_111,14.25,14.28,-6.287945,53.398889
63_112,14.18,14.28,-6.287888,53.399787
63_113,14.14,14.17,-6.287831,53.400684
63_114,14.19,14.21,-6.287774,53.401582
63_115,14.19,14.19,-6.287717,53.40248
63_116,14.4,14.48,-6.287659,53.403378
63_117,14.75,14.82,-6.287602,53.404276
63_118,15.01,15.07,-6.287545,53.405174
63_119,18.61,17.9,-6.287488,53.406072
63_120,16.34,16.96,-6.287431,53.40697
63_121,19.33,20.25,-6.287374,53.407867
63_122,19.63,18.05,-6.287317,53.408765
63_123,17.29,16.5,-6.287259,53.409663
63_124,15.27,14.9,-6.287202,53.410561
63_125,14.91,15.15,-6.287145,53.411459
63_126,14.7,14.83,-6.287088,53.412357
64_0,15.91,15.95,-6.292769,53.299189
64_1,15.61,15.64,-6.292712,53.300087
64_2,15.32,15.36,-6.292655,53.300985
64_3,15.14,15.18,-6.292598,53.301883
64_4,15.05,15.03,-6.292542,53.302781
64_5,15.38,15.41,-6.292485,53.303679
64_6,19.81,19.11,-6.292428,53.304577
64_7,15.68,15.8,-6.292371,53.305475
64_8,15.36,15.34,-6.292314,53.306373
64_9,14.96,14.85,-6.292257,53.30727
64_10,14.78,14.71,-6.292201,53.308168
64_11,14.96,15.03,-6.292144,53.309066
64_12,15.3,15.39,-6.292087,53.309964
64_13,15.87,15.92,-6.29203,53.310862
64_14,15.73,15.73,-6.291973,53.31176
64_15,15.46,15.39,-6.291916,53.312658
64_16,15.29,15.24,-6.291859,53.313556
64_17,15.12,15.07,-6.291803,53.314454
64_18,15.83,14.99,-6.291746,53.315352
64_19,15.28,15.34,-6.291689,53.316249
64_20,15.46,15.34,-6.291632,53.317147
64_21,15.63,15.64,-6.291575,53.318045
64_22,15.64,15.5,-6.291518,53.318943
64_23,15.88,15.81,-6.291461,53.319841
64_24,16.01,16.05,-6.291404,53.320739
64_25,15.76,15.91,-6.291347,53.321637
64_26,15.59,15.57,-6.291291,53.322535
64_27,15.38,15.41,-6.291234,53.323433
64_28,15.16,15.24,-6.291177,53.32433
64_29,14.94,15.04,-6.29112,53.325228
64_30,15.18,15.05,-6.291063,53.326126
64_31,15.45,19.85,-6.291006,53.327024
64_32,16.2,15.44,-6.290949,53.327922
64_33,15.34,15.34,-6.290892,53.32882
64_34,15.56,15.57,-6.290835,53.329718
64_35,15.92,15.86,-6.290778,53.330616
64_36,18.48,18.61,-6.290721,53.331513
64_37,16.96,16.87,-6.290664,53.332411
64_38,18,17.97,-6.290608,53.333309
64_39,36.15,36.15,-6.290551,53.334207
64_40,17.09,16.86,-6.290494,53.335105
64_41,16.37,16.36,-6.290437,53.336003
64_42,16.1,16.07,-6.29038,53.336901
64_43,16.39,16.45,-6.290323,53.337799
64_44,19.68,16.86,-6.290266,53.338697
64_45,16.54,16.58,-6.290209,53.339594
64_46,16.48,16.49,-6.290152,53.340492
64_47,16.52,16.52,-6.290095,53.34139
64_48,16.93,17.18,-6.290038,53.342288
64_49,27.26,17.32,-6.289981,53.343186
64_50,16.71,16.72,-6.289924,53.344084
64_51,16.75,17.04,-6.289867,53.344982
64_52,17.7,17.04,-6.28981,53.34588
64_53,19.44,18.54,-6.289753,53.346778
64_54,20.35,19.58,-6.289696,53.347675
64_55,17.88,18.18,-6.289639,53.348573
64_56,19.53,17.59,-6.289582,53.349471
64_57,19.21,17.38,-6.289525,53.350369
64_58,16.68,16.95,-6.289468,53.351267
64_59,16.17,16.77,-6.289411,53.352165
64_60,15.74,15.8,-6.289354,53.353063
64_61,15.6,15.54,-6.289297,53.353961
64_62,15.92,15.86,-6.28924,53.354859
64_63,16.17,16.25,-6.289183,53.355756
64_64,16.51,20.05,-6.289126,53.356654
64_65,22.35,23.72,-6.289069,53.357552
64_66,16.37,16.44,-6.289012,53.35845
64_67,15.76,15.84,-6.288955,53.359348
64_68,15.58,15.69,-6.288898,53.360246
64_69,19.64,19.64,-6.288841,53.361144
64_70,15.53,15.57,-6.288784,53.362042
64_71,15.2,15.26,-6.288727,53.362939
64_72,15.16,15.2,-6.28867,53.363837
64_73,17.19,17.19,-6.288613,53.364735
64_74,15.7,15.78,-6.288556,53.365633
64_75,15.58,15.47,-6.288499,53.366531
64_76,15.4,15.37,-6.288442,53.367429
64_77,15.22,15.18,-6.288385,53.368327
64_78,15.12,15.09,-6.288328,53.369225
64_79,15.04,15.03,-6.28827,53.370122
64_80,14.97,15.03,-6.288213,53.37102
64_81,15.15,15.23,-6.288156,53.371918
64_82,15.4,15.53,-6.288099,53.372816
64_83,15.86,15.98,-6.288042,53.373714
64_84,15.98,15.98,-6.287985,53.374612
64_85,16.11,16.02,-6.287928,53.37551
64_86,16.24,16.14,-6.287871,53.376408
64_87,16.37,16.56,-6.287814,53.377306
64_88,16.31,16.34,-6.287757,53.378203
64_89,16.61,16.48,-6.2877,53.379101
64_90,16.2,16.27,-6.287643,53.379999
64_91,15.81,15.85,-6.287586,53.380897
64_92,15.44,15.49,-6.287528,53.381795
64_93,15.16,15.34,-6.287471,53.382693
64_94,14.88,14.82,-6.287414,53.383591
64_95,14.88,14.86,-6.287357,53.384489
64_96,14.81,15.77,-6.2873,53.385386
64_97,14.73,14.75,-6.287243,53.386284
64_98,14.62,14.62,-6.287186,53.387182
64_99,14.52,14.52,-6.287129,53.38808
64_100,14.53,14.53,-6.287071,53.388978
64_101,15.7,14.78,-6.287014,53.389876
64_102,15.25,15.18,-6.286957,53.390774
64_103,14.7,14.69,-6.2869,53.391672
64_104,14.5,14.52,-6.286843,53.392569
64_105,15.73,14.56,-6.286786,53.393467
64_106,14.21,14.15,-6.286729,53.394365
64_107,14.12,14.12,-6.286672,53.395263
64_108,14.06,14.1,-6.286614,53.396161
64_109,14.02,14.16,-6.286557,53.397059
64_110,14.02,13.96,-6.2865,53.397957
64_111,13.98,13.98,-6.286443,53.398855
64_112,14.1,14.12,-6.286386,53.399752
64_113,14.18,14.21,-6.286329,53.40065
64_114,14.2,14.17,-6.286271,53.401548
64_115,14.16,14.19,-6.286214,53.402446
64_116,14.36,14.47,-6.286157,53.403344
64_117,14.63,14.49,-6.2861,53.404242
64_118,14.86,14.79,-6.286043,53.40514
64_119,17.52,14.96,-6.285985,53.406038
64_120,16.63,15.57,-6.285928,53.406935
64_121,18.78,18.02,-6.285871,53.407833
64_122,19.86,20.63,-6.285814,53.408731
64_123,17.98,18.89,-6.285757,53.409629
64_124,15.48,16.38,-6.2857,53.410527
64_125,15.23,15.41,-6.285642,53.411425
64_126,15.01,15.08,-6.285585,53.412323
65_0,15.93,15.89,-6.29127,53.299155
65_1,15.63,15.6,-6.291213,53.300053
65_2,15.43,15.37,-6.291156,53.300951
65_3,15.25,15.22,-6.2911,53.301849
65_4,15.02,14.98,-6.291043,53.302747
65_5,15.11,15.76,-6.290986,53.303645
65_6,15.45,15.74,-6.290929,53.304543
65_7,19.77,18.97,-6.290872,53.305441
65_8,15.82,15.67,-6.290815,53.306339
65_9,15.42,15.24,-6.290758,53.307236
65_10,15.38,15.09,-6.290701,53.308134
65_11,15.25,15.22,-6.290645,53.309032
65_12,16.13,15.22,-6.290588,53.30993
65_13,15.92,15.58,-6.290531,53.310828
65_14,15.64,15.82,-6.290474,53.311726
65_15,15.48,15.55,-6.290417,53.312624
65_16,15.29,15.36,-6.29036,53.313522
65_17,15.09,15.17,-6.290303,53.31442
65_18,14.91,14.94,-6.290246,53.315317
65_19,14.83,15.26,-6.290189,53.316215
65_20,15.03,14.93,-6.290132,53.317113
65_21,15.27,15.25,-6.290076,53.318011
65_22,15.47,18.39,-6.290019,53.318909
65_23,15.93,22.94,-6.289962,53.319807
65_24,15.89,15.93,-6.289905,53.320705
65_25,15.67,15.74,-6.289848,53.321603
65_26,15.45,15.39,-6.289791,53.322501
65_27,15.26,15.24,-6.289734,53.323398
65_28,15.07,15.08,-6.289677,53.324296
65_29,14.86,14.93,-6.28962,53.325194
65_30,14.95,14.94,-6.289563,53.326092
65_31,15.35,15.37,-6.289506,53.32699
65_32,15.57,15.51,-6.289449,53.327888
65_33,15.49,15.41,-6.289392,53.328786
65_34,15.59,15.7,-6.289335,53.329684
65_35,15.96,16.03,-6.289278,53.330582
65_36,18.67,16.69,-6.289221,53.331479
65_37,19.76,16.87,-6.289165,53.332377
65_38,17.12,16.75,-6.289108,53.333275
65_39,16.93,17,-6.289051,53.334173
65_40,17.06,21.49,-6.288994,53.335071
65_41,24.2,23.32,-6.288937,53.335969
65_42,16.37,16.6,-6.28888,53.336867
65_43,16.63,16.68,-6.288823,53.337765
65_44,17.12,16.68,-6.288766,53.338662
65_45,17.26,17.73,-6.288709,53.33956
65_46,17.01,17.29,-6.288652,53.340458
65_47,17.05,17.06,-6.288595,53.341356
65_48,19.55,17,-6.288538,53.342254
65_49,26.54,17.69,-6.288481,53.343152
65_50,17.73,18.17,-6.288424,53.34405
65_51,16.91,16.89,-6.288367,53.344948
65_52,17.72,17.2,-6.28831,53.345846
65_53,19.44,18.86,-6.288253,53.346743
65_54,19.38,19.6,-6.288196,53.347641
65_55,18.13,18.3,-6.288139,53.348539
65_56,18.76,17.59,-6.288082,53.349437
65_57,17.78,17.77,-6.288025,53.350335
65_58,16.98,17.08,-6.287968,53.351233
65_59,16.3,16.3,-6.28791,53.352131
65_60,15.85,16.16,-6.287853,53.353029
65_61,15.9,16.01,-6.287796,53.353927
65_62,16.29,16.29,-6.287739,53.354824
65_63,23.83,16.52,-6.287682,53.355722
65_64,17.13,17.02,-6.287625,53.35662
65_65,25.62,25.13,-6.287568,53.357518
65_66,16.58,18.24,-6.287511,53.358416
65_67,17.63,16.62,-6.287454,53.359314
65_68,15.82,16,-6.287397,53.360212
65_69,19.87,20.19,-6.28734,53.36111
65_70,15.66,15.46,-6.287283,53.362007
65_71,15.26,15.17,-6.287226,53.362905
65_72,15.33,15.4,-6.287169,53.363803
65_73,19.03,15.39,-6.287112,53.364701
65_74,15.39,15.42,-6.287055,53.365599
65_75,15.44,15.47,-6.286998,53.366497
65_76,15.38,15.42,-6.28694,53.367395
65_77,15.23,15.27,-6.286883,53.368293
65_78,15.16,15.19,-6.286826,53.36919
65_79,15.09,15.14,-6.286769,53.370088
65_80,15.02,15.06,-6.286712,53.370986
65_81,15.13,15.01,-6.286655,53.371884
65_82,15.51,15.29,-6.286598,53.372782
65_83,15.87,15.92,-6.286541,53.37368
65_84,16.16,16.12,-6.286484,53.374578
65_85,16.56,16.35,-6.286427,53.375476
65_86,16.78,16.54,-6.286369,53.376373
65_87,16.52,16.36,-6.286312,53.377271
65_88,17.87,17.8,-6.286255,53.378169
65_89,15.68,15.95,-6.286198,53.379067
65_90,15.31,15.75,-6.286141,53.379965
65_91,15.31,15.04,-6.286084,53.380863
65_92,15.03,15.03,-6.286027,53.381761
65_93,14.82,14.88,-6.28597,53.382659
65_94,14.79,14.82,-6.285912,53.383556
65_95,15.75,15.82,-6.285855,53.384454
65_96,14.76,14.75,-6.285798,53.385352
65_97,14.66,14.68,-6.285741,53.38625
65_98,14.56,14.52,-6.285684,53.387148
65_99,14.49,14.46,-6.285627,53.388046
65_100,14.4,14.4,-6.28557,53.388944
65_101,14.52,14.69,-6.285512,53.389842
65_102,18.36,14.86,-6.285455,53.390739
65_103,14.72,14.67,-6.285398,53.391637
65_104,15.8,15.86,-6.285341,53.392535
65_105,14.3,14.32,-6.285284,53.393433
65_106,14.09,14,-6.285227,53.394331
65_107,13.97,13.92,-6.285169,53.395229
65_108,13.85,13.92,-6.285112,53.396127
65_109,13.76,13.87,-6.285055,53.397025
65_110,13.77,13.72,-6.284998,53.397922
65_111,13.86,13.82,-6.284941,53.39882
65_112,14.01,13.94,-6.284883,53.399718
65_113,14.15,14.12,-6.284826,53.400616
65_114,14.16,14.15,-6.284769,53.401514
65_115,14.14,14.14,-6.284712,53.402412
65_116,14.3,14.21,-6.284655,53.40331
65_117,14.58,14.53,-6.284597,53.404208
65_118,14.84,14.8,-6.28454,53.405105
65_119,16.48,15.08,-6.284483,53.406003
65_120,16.58,16.05,-6.284426,53.406901
65_121,18.39,18.36,-6.284368,53.407799
65_122,20.46,20.67,-6.284311,53.408697
65_123,17.77,18.1,-6.284254,53.409595
65_124,15.84,15.74,-6.284197,53.410493
65_125,15.59,15.66,-6.28414,53.411391
65_126,15.31,15.33,-6.284082,53.412288
66_0,15.82,15.86,-6.289771,53.299121
66_1,15.73,15.64,-6.289714,53.300019
66_2,15.51,15.42,-6.289658,53.300917
66_3,15.31,15.36,-6.289601,53.301815
66_4,14.97,15.04,-6.289544,53.302713
66_5,15.08,15.03,-6.289487,53.303611
66_6,15.19,15.13,-6.28943,53.304509
66_7,15.48,15.14,-6.289373,53.305407
66_8,21.92,15.68,-6.289316,53.306304
66_9,15.78,19.15,-6.289259,53.307202
66_10,15.37,15.63,-6.289202,53.3081
66_11,15.27,15.32,-6.289145,53.308998
66_12,15.42,15.41,-6.289089,53.309896
66_13,15.85,15.85,-6.289032,53.310794
66_14,15.67,15.71,-6.288975,53.311692
66_15,15.5,15.52,-6.288918,53.31259
66_16,15.32,15.34,-6.288861,53.313488
66_17,15.12,15.15,-6.288804,53.314385
66_18,14.9,14.94,-6.288747,53.315283
66_19,14.81,14.83,-6.28869,53.316181
66_20,14.83,14.83,-6.288633,53.317079
66_21,15.07,15.1,-6.288576,53.317977
66_22,15.54,15.47,-6.288519,53.318875
66_23,19.48,20.06,-6.288462,53.319773
66_24,15.77,15.75,-6.288405,53.320671
66_25,15.54,15.57,-6.288348,53.321569
66_26,15.34,15.22,-6.288291,53.322466
66_27,15.13,15.07,-6.288234,53.323364
66_28,14.93,14.91,-6.288177,53.324262
66_29,14.88,14.85,-6.28812,53.32516
66_30,14.89,15.01,-6.288063,53.326058
66_31,15.21,15.39,-6.288006,53.326956
66_32,15.65,15.64,-6.287949,53.327854
66_33,15.63,15.59,-6.287893,53.328752
66_34,15.68,15.8,-6.287836,53.32965
66_35,15.98,15.8,-6.287779,53.330547
66_36,16.54,16.26,-6.287722,53.331445
66_37,20.55,16.67,-6.287665,53.332343
66_38,16.64,16.85,-6.287608,53.333241
66_39,16.7,16.61,-6.287551,53.334139
66_40,16.83,16.83,-6.287494,53.335037
66_41,16.77,16.72,-6.287437,53.335935
66_42,23.71,17.31,-6.28738,53.336833
66_43,20.69,17.3,-6.287323,53.33773
66_44,17.42,17.25,-6.287265,53.338628
66_45,21.3,20.75,-6.287208,53.339526
66_46,17.51,17.51,-6.287151,53.340424
66_47,17.48,17.52,-6.287094,53.341322
66_48,17.92,21.28,-6.287037,53.34222
66_49,18.02,18.22,-6.28698,53.343118
66_50,17.79,18.1,-6.286923,53.344016
66_51,17.42,17.31,-6.286866,53.344914
66_52,18.01,17.76,-6.286809,53.345811
66_53,19.27,19.55,-6.286752,53.346709
66_54,19.54,19.54,-6.286695,53.347607
66_55,18.47,18.4,-6.286638,53.348505
66_56,19.16,18.76,-6.286581,53.349403
66_57,17.69,17.76,-6.286524,53.350301
66_58,17.67,17.53,-6.286467,53.351199
66_59,17.2,16.85,-6.28641,53.352097
66_60,16.77,23.17,-6.286353,53.352994
66_61,16.81,17.01,-6.286296,53.353892
66_62,16.69,16.6,-6.286239,53.35479
66_63,16.45,16.66,-6.286182,53.355688
66_64,16.69,16.73,-6.286124,53.356586
66_65,16.89,20.16,-6.286067,53.357484
66_66,16.53,16.42,-6.28601,53.358382
66_67,16.18,16.04,-6.285953,53.35928
66_68,15.95,16.11,-6.285896,53.360178
66_69,19.85,16.11,-6.285839,53.361075
66_70,16.99,16.33,-6.285782,53.361973
66_71,15.62,15.62,-6.285725,53.362871
66_72,15.5,15.68,-6.285668,53.363769
66_73,15.73,19.06,-6.285611,53.364667
66_74,15.61,15.65,-6.285554,53.365565
66_75,15.47,15.43,-6.285496,53.366463
66_76,15.35,15.37,-6.285439,53.367361
66_77,15.29,15.31,-6.285382,53.368258
66_78,15.25,15.22,-6.285325,53.369156
66_79,15.19,15.29,-6.285268,53.370054
66_80,15.15,15.2,-6.285211,53.370952
66_81,15.36,15.31,-6.285154,53.37185
66_82,15.76,15.57,-6.285097,53.372748
66_83,16.28,16.56,-6.285039,53.373646
66_84,16.58,16.48,-6.284982,53.374544
66_85,16.34,16.45,-6.284925,53.375441
66_86,16.03,16.45,-6.284868,53.376339
66_87,15.82,15.54,-6.284811,53.377237
66_88,16.72,17.05,-6.284754,53.378135
66_89,15.36,15.35,-6.284697,53.379033
66_90,15.12,15.11,-6.284639,53.379931
66_91,14.97,14.93,-6.284582,53.380829
66_92,14.82,14.8,-6.284525,53.381727
66_93,14.76,14.76,-6.284468,53.382624
66_94,14.76,14.77,-6.284411,53.383522
66_95,14.73,14.69,-6.284354,53.38442
66_96,14.61,14.6,-6.284296,53.385318
66_97,14.54,14.59,-6.284239,53.386216
66_98,14.48,14.52,-6.284182,53.387114
66_99,14.41,14.36,-6.284125,53.388012
66_100,15.61,14.36,-6.284068,53.38891
66_101,14.5,15.2,-6.28401,53.389807
66_102,18.63,18.3,-6.283953,53.390705
66_103,14.59,14.64,-6.283896,53.391603
66_104,14.31,14.39,-6.283839,53.392501
66_105,14.17,14.25,-6.283782,53.393399
66_106,14.02,14.01,-6.283724,53.394297
66_107,13.85,13.86,-6.283667,53.395195
66_108,13.77,13.79,-6.28361,53.396093
66_109,13.73,13.71,-6.283553,53.39699
66_110,13.75,13.75,-6.283496,53.397888
66_111,13.85,13.83,-6.283438,53.398786
66_112,13.97,13.98,-6.283381,53.399684
66_113,13.97,14.01,-6.283324,53.400582
66_114,14.09,14.03,-6.283267,53.40148
66_115,15.59,15.59,-6.283209,53.402378
66_116,14.35,14.24,-6.283152,53.403276
66_117,14.6,14.53,-6.283095,53.404173
66_118,14.87,14.88,-6.283038,53.405071
66_119,15.2,15.25,-6.28298,53.405969
66_120,16.53,16.6,-6.282923,53.406867
66_121,18.39,18.69,-6.282866,53.407765
66_122,20.43,19.97,-6.282809,53.408663
66_123,17.73,17.31,-6.282751,53.409561
66_124,16.16,15.99,-6.282694,53.410458
66_125,15.88,15.92,-6.282637,53.411356
66_126,15.66,15.59,-6.28258,53.412254
67_0,15.97,16.05,-6.288273,53.299087
67_1,15.91,15.85,-6.288216,53.299985
67_2,15.7,15.72,-6.288159,53.300883
67_3,15.37,15.36,-6.288102,53.301781
67_4,14.97,15.14,-6.288045,53.302679
67_5,15.06,15.04,-6.287988,53.303577
67_6,15.12,15.15,-6.287931,53.304475
67_7,15.01,15.03,-6.287874,53.305372
67_8,15.36,15.21,-6.287817,53.30627
67_9,15.6,15.62,-6.28776,53.307168
67_10,15.31,15.23,-6.287703,53.308066
67_11,15.4,15.38,-6.287646,53.308964
67_12,15.6,15.73,-6.287589,53.309862
67_13,15.9,15.91,-6.287532,53.31076
67_14,15.73,15.7,-6.287475,53.311658
67_15,15.53,15.5,-6.287419,53.312556
67_16,15.32,15.29,-6.287362,53.313453
67_17,15.11,15.08,-6.287305,53.314351
67_18,14.94,14.9,-6.287248,53.315249
67_19,14.94,15.03,-6.287191,53.316147
67_20,15,15.02,-6.287134,53.317045
67_21,18.16,15.19,-6.287077,53.317943
67_22,15.6,15.47,-6.28702,53.318841
67_23,15.7,18.73,-6.286963,53.319739
67_24,15.69,15.57,-6.286906,53.320637
67_25,15.43,15.4,-6.286849,53.321534
67_26,15.2,15.05,-6.286792,53.322432
67_27,15.01,15.05,-6.286735,53.32333
67_28,14.96,14.97,-6.286678,53.324228
67_29,14.95,14.94,-6.286621,53.325126
67_30,14.98,15.03,-6.286564,53.326024
67_31,15.35,15.27,-6.286507,53.326922
67_32,15.73,15.58,-6.28645,53.32782
67_33,15.94,15.9,-6.286393,53.328718
67_34,15.87,15.91,-6.286336,53.329615
67_35,18.69,16.05,-6.286279,53.330513
67_36,16.57,16.54,-6.286222,53.331411
67_37,16.87,16.64,-6.286165,53.332309
67_38,16.75,16.73,-6.286108,53.333207
67_39,16.56,16.59,-6.286051,53.334105
67_40,16.62,16.61,-6.285993,53.335003
67_41,16.73,16.72,-6.285936,53.335901
67_42,18.36,18.82,-6.285879,53.336798
67_43,24.77,24.77,-6.285822,53.337696
67_44,17.76,17.72,-6.285765,53.338594
67_45,17.96,17.89,-6.285708,53.339492
67_46,17.67,17.69,-6.285651,53.34039
67_47,17.7,17.74,-6.285594,53.341288
67_48,18.17,18.15,-6.285537,53.342186
67_49,18.46,18.82,-6.28548,53.343084
67_50,18.39,18.25,-6.285423,53.343982
67_51,18.01,17.97,-6.285366,53.344879
67_52,18.71,18.69,-6.285309,53.345777
67_53,20.1,24.33,-6.285252,53.346675
67_54,20.1,21.19,-6.285195,53.347573
67_55,18.72,18.5,-6.285138,53.348471
67_56,18.3,19.71,-6.28508,53.349369
67_57,18.03,18.34,-6.285023,53.350267
67_58,18.21,18.14,-6.284966,53.351165
67_59,18.32,18.14,-6.284909,53.352062
67_60,26.03,17.75,-6.284852,53.35296
67_61,17.55,17.83,-6.284795,53.353858
67_62,16.6,17.05,-6.284738,53.354756
67_63,16.51,16.42,-6.284681,53.355654
67_64,16.69,16.67,-6.284624,53.356552
67_65,16.84,16.82,-6.284567,53.35745
67_66,21.96,20.42,-6.284509,53.358348
67_67,16.33,16.46,-6.284452,53.359245
67_68,16.1,16.24,-6.284395,53.360143
67_69,20.73,16.35,-6.284338,53.361041
67_70,16.93,16.87,-6.284281,53.361939
67_71,15.9,15.89,-6.284224,53.362837
67_72,15.78,15.85,-6.284167,53.363735
67_73,15.76,15.8,-6.28411,53.364633
67_74,15.5,15.57,-6.284052,53.365531
67_75,15.3,15.44,-6.283995,53.366429
67_76,15.36,15.35,-6.283938,53.367326
67_77,15.46,15.46,-6.283881,53.368224
67_78,15.41,15.38,-6.283824,53.369122
67_79,15.37,15.29,-6.283767,53.37002
67_80,15.33,15.43,-6.283709,53.370918
67_81,15.69,15.7,-6.283652,53.371816
67_82,16.24,16.11,-6.283595,53.372714
67_83,16.33,15.87,-6.283538,53.373612
67_84,15.77,15.54,-6.283481,53.374509
67_85,15.48,15.5,-6.283424,53.375407
67_86,15.47,15.52,-6.283366,53.376305
67_87,15.44,15.38,-6.283309,53.377203
67_88,17.29,15.44,-6.283252,53.378101
67_89,15.34,15.23,-6.283195,53.378999
67_90,15.1,15.06,-6.283138,53.379897
67_91,14.95,14.88,-6.283081,53.380795
67_92,14.81,14.88,-6.283023,53.381692
67_93,15.43,15.33,-6.282966,53.38259
67_94,14.67,14.76,-6.282909,53.383488
67_95,15.22,15.14,-6.282852,53.384386
67_96,14.45,14.5,-6.282795,53.385284
67_97,14.36,14.41,-6.282737,53.386182
67_98,14.35,14.39,-6.28268,53.38708
67_99,14.36,14.37,-6.282623,53.387977
67_100,15.66,14.37,-6.282566,53.388875
67_101,14.56,14.5,-6.282508,53.389773
67_102,18.58,18.57,-6.282451,53.390671
67_103,14.41,14.49,-6.282394,53.391569
67_104,14.25,14.25,-6.282337,53.392467
67_105,14.13,14.17,-6.28228,53.393365
67_106,13.9,13.86,-6.282222,53.394263
67_107,13.77,13.76,-6.282165,53.39516
67_108,13.8,13.8,-6.282108,53.396058
67_109,13.82,13.81,-6.282051,53.396956
67_110,13.81,13.82,-6.281993,53.397854
67_111,13.83,13.85,-6.281936,53.398752
67_112,13.86,13.88,-6.281879,53.39965
67_113,13.87,13.88,-6.281821,53.400548
67_114,13.89,13.87,-6.281764,53.401446
67_115,14.03,14.08,-6.281707,53.402343
67_116,14.43,14.59,-6.28165,53.403241
67_117,16.1,14.65,-6.281592,53.404139
67_118,14.85,14.95,-6.281535,53.405037
67_119,15.26,15.39,-6.281478,53.405935
67_120,15.67,16.34,-6.281421,53.406833
67_121,17.74,19.04,-6.281363,53.407731
67_122,20.33,19.54,-6.281306,53.408629
67_123,17.57,16.58,-6.281249,53.409526
67_124,16.49,16.58,-6.281191,53.410424
67_125,16.24,16.36,-6.281134,53.411322
67_126,15.96,16.17,-6.281077,53.41222
68_0,15.71,15.63,-6.286774,53.299053
68_1,15.75,15.69,-6.286717,53.299951
68_2,15.79,15.85,-6.28666,53.300849
68_3,15.61,15.64,-6.286603,53.301747
68_4,15.34,15.49,-6.286546,53.302645
68_5,15.08,15.08,-6.286489,53.303543
68_6,15.12,15.11,-6.286432,53.30444
68_7,15.12,15.2,-6.286375,53.305338
68_8,15.19,16.6,-6.286318,53.306236
68_9,15.62,15.72,-6.286261,53.307134
68_10,15.78,19.09,-6.286204,53.308032
68_11,15.86,23.73,-6.286147,53.30893
68_12,22.28,16.34,-6.28609,53.309828
68_13,16.03,15.88,-6.286033,53.310726
68_14,15.7,15.66,-6.285976,53.311624
68_15,15.51,15.44,-6.285919,53.312521
68_16,15.37,15.3,-6.285862,53.313419
68_17,15.17,15.08,-6.285805,53.314317
68_18,15.89,15.02,-6.285748,53.315215
68_19,15.16,15.2,-6.285691,53.316113
68_20,15.26,15.24,-6.285634,53.317011
68_21,15.51,18.14,-6.285577,53.317909
68_22,15.37,15.5,-6.28552,53.318807
68_23,15.3,15.16,-6.285463,53.319705
68_24,19,15.43,-6.285406,53.320602
68_25,15.49,15.6,-6.285349,53.3215
68_26,15.15,15.24,-6.285292,53.322398
68_27,15.09,15.18,-6.285235,53.323296
68_28,15.13,15.14,-6.285178,53.324194
68_29,15.16,15.09,-6.285121,53.325092
68_30,15.14,15.22,-6.285064,53.32599
68_31,15.37,15.39,-6.285007,53.326888
68_32,15.57,15.55,-6.28495,53.327785
68_33,15.85,15.9,-6.284893,53.328683
68_34,16.27,18.8,-6.284836,53.329581
68_35,18.63,18.98,-6.284779,53.330479
68_36,16.83,16.74,-6.284722,53.331377
68_37,16.7,16.8,-6.284665,53.332275
68_38,16.62,16.71,-6.284608,53.333173
68_39,16.67,16.69,-6.284551,53.334071
68_40,16.7,16.69,-6.284493,53.334969
68_41,16.88,16.74,-6.284436,53.335866
68_42,17.36,17.5,-6.284379,53.336764
68_43,25.67,25.42,-6.284322,53.337662
68_44,18.04,17.92,-6.284265,53.33856
68_45,17.81,17.89,-6.284208,53.339458
68_46,22.9,17.86,-6.284151,53.340356
68_47,17.94,20.4,-6.284094,53.341254
68_48,18.17,18.22,-6.284037,53.342152
68_49,19.05,28.61,-6.28398,53.343049
68_50,19.47,19.04,-6.283923,53.343947
68_51,18.89,19.04,-6.283865,53.344845
68_52,22.27,19.03,-6.283808,53.345743
68_53,28.78,29.89,-6.283751,53.346641
68_54,21.21,21.75,-6.283694,53.347539
68_55,19.39,19.73,-6.283637,53.348437
68_56,18.81,18.88,-6.28358,53.349335
68_57,18.58,20.87,-6.283523,53.350233
68_58,19.06,19.05,-6.283466,53.35113
68_59,27.21,27.64,-6.283409,53.352028
68_60,18.46,18.77,-6.283351,53.352926
68_61,17.35,17.44,-6.283294,53.353824
68_62,16.88,17.01,-6.283237,53.354722
68_63,16.59,16.58,-6.28318,53.35562
68_64,16.73,16.67,-6.283123,53.356518
68_65,16.83,16.8,-6.283066,53.357416
68_66,20.04,16.85,-6.283009,53.358313
68_67,16.71,16.56,-6.282951,53.359211
68_68,18.62,18.84,-6.282894,53.360109
68_69,22.46,22.18,-6.282837,53.361007
68_70,16.64,18.31,-6.28278,53.361905
68_71,17.96,16.01,-6.282723,53.362803
68_72,17.48,19.06,-6.282666,53.363701
68_73,15.88,15.78,-6.282608,53.364599
68_74,15.45,15.4,-6.282551,53.365496
68_75,15.13,15.15,-6.282494,53.366394
68_76,15.3,15.34,-6.282437,53.367292
68_77,15.48,15.51,-6.28238,53.36819
68_78,15.54,15.54,-6.282323,53.369088
68_79,15.55,15.44,-6.282265,53.369986
68_80,15.59,15.83,-6.282208,53.370884
68_81,16.01,16.22,-6.282151,53.371782
68_82,16.17,16.27,-6.282094,53.372679
68_83,15.76,16.27,-6.282037,53.373577
68_84,15.52,15.59,-6.281979,53.374475
68_85,15.37,15.39,-6.281922,53.375373
68_86,15.32,15.36,-6.281865,53.376271
68_87,15.28,15.23,-6.281808,53.377169
68_88,17.34,15.23,-6.281751,53.378067
68_89,15.28,15.26,-6.281693,53.378965
68_90,15.1,15.18,-6.281636,53.379862
68_91,14.91,15,-6.281579,53.38076
68_92,14.75,14.79,-6.281522,53.381658
68_93,14.64,14.65,-6.281464,53.382556
68_94,14.54,14.61,-6.281407,53.383454
68_95,15.17,15.18,-6.28135,53.384352
68_96,14.4,14.41,-6.281293,53.38525
68_97,14.39,14.38,-6.281235,53.386148
68_98,14.4,14.38,-6.281178,53.387045
68_99,14.41,14.48,-6.281121,53.387943
68_100,14.56,14.56,-6.281064,53.388841
68_101,14.66,14.64,-6.281006,53.389739
68_102,18.39,18.57,-6.280949,53.390637
68_103,14.46,14.4,-6.280892,53.391535
68_104,14.22,14.21,-6.280835,53.392433
68_105,14.01,14.03,-6.280777,53.393331
68_106,13.81,13.72,-6.28072,53.394228
68_107,13.7,13.7,-6.280663,53.395126
68_108,13.73,13.74,-6.280606,53.396024
68_109,13.75,13.78,-6.280548,53.396922
68_110,13.77,13.74,-6.280491,53.39782
68_111,13.78,13.81,-6.280434,53.398718
68_112,13.83,13.84,-6.280376,53.399616
68_113,13.84,13.86,-6.280319,53.400513
68_114,13.84,13.86,-6.280262,53.401411
68_115,13.84,13.86,-6.280205,53.402309
68_116,14.11,13.91,-6.280147,53.403207
68_117,14.83,14.52,-6.28009,53.404105
68_118,14.96,14.95,-6.280033,53.405003
68_119,15.24,15.11,-6.279975,53.405901
68_120,15.75,15.52,-6.279918,53.406799
68_121,17.6,16.37,-6.279861,53.407696
68_122,19.99,19.38,-6.279803,53.408594
68_123,18.42,19.16,-6.279746,53.409492
68_124,16.2,16.68,-6.279689,53.41039
68_125,16.12,15.88,-6.279631,53.411288
68_126,16,15.91,-6.279574,53.412186
69_0,16.68,15.96,-6.285275,53.299019
69_1,15.53,15.55,-6.285218,53.299917
69_2,15.64,15.66,-6.285161,53.300815
69_3,15.76,15.78,-6.285104,53.301713
69_4,15.61,15.48,-6.285047,53.302611
69_5,15.43,15.54,-6.28499,53.303508
69_6,15.58,15.23,-6.284933,53.304406
69_7,15.3,15.2,-6.284876,53.305304
69_8,15.47,15.67,-6.284819,53.306202
69_9,15.84,16,-6.284762,53.3071
69_10,16.11,16,-6.284705,53.307998
69_11,16.23,24.2,-6.284648,53.308896
69_12,17.31,17.08,-6.284591,53.309794
69_13,16.35,17.07,-6.284534,53.310692
69_14,15.86,16.02,-6.284477,53.311589
69_15,15.83,16.04,-6.28442,53.312487
69_16,15.5,15.77,-6.284363,53.313385
69_17,15.24,15.33,-6.284306,53.314283
69_18,15.22,15.16,-6.284249,53.315181
69_19,15.32,15.39,-6.284192,53.316079
69_20,15.38,15.4,-6.284135,53.316977
69_21,17.44,17.25,-6.284078,53.317875
69_22,14.99,15.16,-6.284021,53.318773
69_23,14.95,15.58,-6.283964,53.31967
69_24,15.28,15.21,-6.283907,53.320568
69_25,15.42,15.5,-6.28385,53.321466
69_26,15.42,15.23,-6.283793,53.322364
69_27,15.38,15.46,-6.283735,53.323262
69_28,15.42,15.42,-6.283678,53.32416
69_29,15.41,15.37,-6.283621,53.325058
69_30,15.32,15.46,-6.283564,53.325956
69_31,15.54,15.62,-6.283507,53.326853
69_32,15.77,15.78,-6.28345,53.327751
69_33,15.91,15.99,-6.283393,53.328649
69_34,16.45,16.57,-6.283336,53.329547
69_35,21.16,17.58,-6.283279,53.330445
69_36,24.72,24.46,-6.283222,53.331343
69_37,19.24,16.86,-6.283165,53.332241
69_38,16.74,16.82,-6.283108,53.333139
69_39,18.44,17.88,-6.283051,53.334037
69_40,17.18,17.76,-6.282993,53.334934
69_41,17.29,17.18,-6.282936,53.335832
69_42,17.38,17.51,-6.282879,53.33673
69_43,17.88,17.51,-6.282822,53.337628
69_44,18.24,25.3,-6.282765,53.338526
69_45,18.48,17.93,-6.282708,53.339424
69_46,18.04,18.16,-6.282651,53.340322
69_47,18.44,20.44,-6.282594,53.34122
69_48,18.75,18.55,-6.282536,53.342117
69_49,19.57,24.71,-6.282479,53.343015
69_50,20.31,20.76,-6.282422,53.343913
69_51,19.52,19.6,-6.282365,53.344811
69_52,20.12,19.46,-6.282308,53.345709
69_53,21.67,21.9,-6.282251,53.346607
69_54,28.84,21.89,-6.282194,53.347505
69_55,30.93,30.93,-6.282137,53.348403
69_56,23.29,19.58,-6.282079,53.3493
69_57,35.91,20.16,-6.282022,53.350198
69_58,20.09,20.02,-6.281965,53.351096
69_59,19.45,19.49,-6.281908,53.351994
69_60,18.67,18.73,-6.281851,53.352892
69_61,17.53,17.59,-6.281794,53.35379
69_62,17.31,17.28,-6.281736,53.354688
69_63,17.04,16.97,-6.281679,53.355586
69_64,16.79,16.76,-6.281622,53.356483
69_65,16.75,17.36,-6.281565,53.357381
69_66,16.8,16.87,-6.281508,53.358279
69_67,17.21,16.99,-6.281451,53.359177
69_68,16.84,16.78,-6.281393,53.360075
69_69,21.57,16.82,-6.281336,53.360973
69_70,16.64,16.56,-6.281279,53.361871
69_71,16.44,16.3,-6.281222,53.362769
69_72,17.79,17.77,-6.281165,53.363666
69_73,17.6,17.44,-6.281107,53.364564
69_74,15.51,15.39,-6.28105,53.365462
69_75,15.31,15.39,-6.280993,53.36636
69_76,15.35,15.49,-6.280936,53.367258
69_77,15.44,15.45,-6.280879,53.368156
69_78,15.57,15.52,-6.280821,53.369054
69_79,15.66,15.58,-6.280764,53.369952
69_80,16.31,16.46,-6.280707,53.370849
69_81,16.45,16.67,-6.28065,53.371747
69_82,15.84,15.99,-6.280592,53.372645
69_83,15.63,15.77,-6.280535,53.373543
69_84,15.44,15.42,-6.280478,53.374441
69_85,15.24,15.25,-6.280421,53.375339
69_86,15.2,15.24,-6.280363,53.376237
69_87,15.16,15.23,-6.280306,53.377135
69_88,16.3,16.32,-6.280249,53.378032
69_89,15.2,15.21,-6.280192,53.37893
69_90,16.58,16.41,-6.280134,53.379828
69_91,15.02,15.02,-6.280077,53.380726
69_92,14.85,14.87,-6.28002,53.381624
69_93,14.7,14.69,-6.279963,53.382522
69_94,15.1,14.57,-6.279905,53.38342
69_95,14.54,14.54,-6.279848,53.384318
69_96,14.46,14.46,-6.279791,53.385215
69_97,14.45,14.43,-6.279734,53.386113
69_98,15.68,14.42,-6.279676,53.387011
69_99,15.59,14.61,-6.279619,53.387909
69_100,15.96,16.13,-6.279562,53.388807
69_101,16.18,14.72,-6.279505,53.389705
69_102,14.95,14.89,-6.279447,53.390603
69_103,14.42,14.28,-6.27939,53.391501
69_104,14.13,14.06,-6.279333,53.392398
69_105,13.92,13.89,-6.279275,53.393296
69_106,13.71,13.72,-6.279218,53.394194
69_107,13.63,13.59,-6.279161,53.395092
69_108,13.66,13.64,-6.279103,53.39599
69_109,13.66,13.68,-6.279046,53.396888
69_110,13.66,13.61,-6.278989,53.397786
69_111,13.67,13.64,-6.278931,53.398683
69_112,13.78,13.74,-6.278874,53.399581
69_113,13.83,13.83,-6.278817,53.400479
69_114,13.85,13.89,-6.278759,53.401377
69_115,13.93,13.93,-6.278702,53.402275
69_116,14.31,14.47,-6.278645,53.403173
69_117,14.36,14.37,-6.278587,53.404071
69_118,15.04,15.04,-6.27853,53.404969
69_119,15.29,15.24,-6.278473,53.405866
69_120,15.83,15.71,-6.278415,53.406764
69_121,17.21,17.46,-6.278358,53.407662
69_122,19.86,19.75,-6.278301,53.40856
69_123,19.43,19.43,-6.278243,53.409458
69_124,17.23,17.14,-6.278186,53.410356
69_125,15.65,15.88,-6.278129,53.411254
69_126,15.52,15.43,-6.278071,53.412151
70_0,16.3,16.08,-6.283776,53.298985
70_1,16.01,16.01,-6.283719,53.299883
70_2,15.94,16.01,-6.283662,53.300781
70_3,15.6,19.37,-6.283605,53.301679
70_4,20.49,15.75,-6.283548,53.302576
70_5,20.41,15.49,-6.283491,53.303474
70_6,16.11,15.88,-6.283434,53.304372
70_7,19.34,15.95,-6.283377,53.30527
70_8,22.58,15.77,-6.28332,53.306168
70_9,16.16,16.19,-6.283263,53.307066
70_10,16.64,16.24,-6.283206,53.307964
70_11,16.43,24.2,-6.283149,53.308862
70_12,17.32,17.03,-6.283092,53.309759
70_13,25.11,16.91,-6.283035,53.310657
70_14,22.41,16.47,-6.282978,53.311555
70_15,16.14,18.45,-6.282921,53.312453
70_16,15.9,16.07,-6.282864,53.313351
70_17,15.4,15.41,-6.282807,53.314249
70_18,15.42,15.33,-6.28275,53.315147
70_19,15.51,16.78,-6.282692,53.316045
70_20,15.55,15.59,-6.282635,53.316943
70_21,15.61,15.59,-6.282578,53.31784
70_22,16.18,15.33,-6.282521,53.318738
70_23,15.08,15.16,-6.282464,53.319636
70_24,15.1,15.13,-6.282407,53.320534
70_25,15.97,16.72,-6.28235,53.321432
70_26,20.74,15.64,-6.282293,53.32233
70_27,15.67,15.75,-6.282236,53.323228
70_28,15.69,15.7,-6.282179,53.324126
70_29,15.63,15.55,-6.282122,53.325024
70_30,15.5,15.46,-6.282065,53.325921
70_31,15.72,15.8,-6.282007,53.326819
70_32,15.87,15.92,-6.28195,53.327717
70_33,16.02,16.13,-6.281893,53.328615
70_34,16.38,16.39,-6.281836,53.329513
70_35,22.13,20.4,-6.281779,53.330411
70_36,23.86,17.18,-6.281722,53.331309
70_37,16.88,17.13,-6.281665,53.332207
70_38,16.78,16.74,-6.281608,53.333104
70_39,16.94,16.87,-6.28155,53.334002
70_40,17.34,17.18,-6.281493,53.3349
70_41,17.42,17.35,-6.281436,53.335798
70_42,17.56,17.58,-6.281379,53.336696
70_43,17.92,17.74,-6.281322,53.337594
70_44,18.54,23.03,-6.281265,53.338492
70_45,18.36,19.03,-6.281208,53.33939
70_46,18.43,20.36,-6.281151,53.340287
70_47,18.82,18.86,-6.281093,53.341185
70_48,19.32,19.21,-6.281036,53.342083
70_49,20.29,24.71,-6.280979,53.342981
70_50,26.46,26.77,-6.280922,53.343879
70_51,20.44,20.44,-6.280865,53.344777
70_52,21.1,20.86,-6.280808,53.345675
70_53,26.58,31.08,-6.28075,53.346573
70_54,21.48,21.41,-6.280693,53.34747
70_55,20.93,25.4,-6.280636,53.348368
70_56,20.42,20.32,-6.280579,53.349266
70_57,20.17,20.08,-6.280522,53.350164
70_58,19.65,19.58,-6.280464,53.351062
70_59,19.22,19.15,-6.280407,53.35196
70_60,18.64,18.55,-6.28035,53.352858
70_61,17.88,17.71,-6.280293,53.353756
70_62,17.46,17.36,-6.280236,53.354654
70_63,17.12,17,-6.280178,53.355551
70_64,17.04,16.86,-6.280121,53.356449
70_65,17.57,16.94,-6.280064,53.357347
70_66,17.98,16.94,-6.280007,53.358245
70_67,21.39,18.01,-6.27995,53.359143
70_68,17.1,17.27,-6.279892,53.360041
70_69,21.76,17.02,-6.279835,53.360939
70_70,16.83,16.91,-6.279778,53.361837
70_71,16.65,16.7,-6.279721,53.362734
70_72,16.6,16.71,-6.279664,53.363632
70_73,15.96,16.15,-6.279606,53.36453
70_74,15.67,15.77,-6.279549,53.365428
70_75,15.62,15.54,-6.279492,53.366326
70_76,15.69,15.82,-6.279435,53.367224
70_77,15.74,15.78,-6.279377,53.368122
70_78,15.8,15.75,-6.27932,53.369019
70_79,16.46,16.11,-6.279263,53.369917
70_80,16.46,16.65,-6.279206,53.370815
70_81,15.99,16.01,-6.279148,53.371713
70_82,15.68,15.72,-6.279091,53.372611
70_83,15.49,15.57,-6.279034,53.373509
70_84,15.32,15.32,-6.278977,53.374407
70_85,15.17,15.17,-6.278919,53.375305
70_86,15.14,15.13,-6.278862,53.376202
70_87,15.1,15.1,-6.278805,53.3771
70_88,16.34,15.1,-6.278747,53.377998
70_89,15.02,15,-6.27869,53.378896
70_90,16.94,16.88,-6.278633,53.379794
70_91,15.04,14.98,-6.278576,53.380692
70_92,14.91,14.88,-6.278518,53.38159
70_93,15.79,15.5,-6.278461,53.382488
70_94,14.69,14.65,-6.278404,53.383385
70_95,14.6,14.62,-6.278346,53.384283
70_96,14.58,14.54,-6.278289,53.385181
70_97,14.55,15.29,-6.278232,53.386079
70_98,14.49,14.52,-6.278174,53.386977
70_99,14.98,14.45,-6.278117,53.387875
70_100,14.59,14.52,-6.27806,53.388773
70_101,14.75,14.67,-6.278003,53.389671
70_102,19.1,14.81,-6.277945,53.390568
70_103,14.37,14.38,-6.277888,53.391466
70_104,14.08,14.22,-6.277831,53.392364
70_105,13.88,13.96,-6.277773,53.393262
70_106,13.64,13.75,-6.277716,53.39416
70_107,13.56,13.56,-6.277659,53.395058
70_108,13.57,13.56,-6.277601,53.395956
70_109,13.57,13.57,-6.277544,53.396853
70_110,13.58,13.57,-6.277487,53.397751
70_111,13.6,13.6,-6.277429,53.398649
70_112,13.75,13.73,-6.277372,53.399547
70_113,15.14,13.8,-6.277314,53.400445
70_114,13.94,13.92,-6.277257,53.401343
70_115,13.85,13.85,-6.2772,53.402241
70_116,13.9,13.89,-6.277142,53.403139
70_117,14.69,14.19,-6.277085,53.404036
70_118,15.07,16.17,-6.277028,53.404934
70_119,15.4,17.46,-6.27697,53.405832
70_120,16.11,15.99,-6.276913,53.40673
70_121,17.64,16.85,-6.276856,53.407628
70_122,19.57,20.13,-6.276798,53.408526
70_123,19.1,18.5,-6.276741,53.409424
70_124,16.92,17.18,-6.276683,53.410321
70_125,15.59,15.41,-6.276626,53.411219
70_126,15.27,15.24,-6.276569,53.412117
71_0,15.5,15.4,-6.282277,53.298951
71_1,15.47,15.33,-6.28222,53.299849
71_2,15.34,15.36,-6.282163,53.300746
71_3,15.39,15.44,-6.282106,53.301644
71_4,15.55,15.34,-6.282049,53.302542
71_5,15.84,16.16,-6.281992,53.30344
71_6,16.01,15.93,-6.281935,53.304338
71_7,15.79,16.01,-6.281878,53.305236
71_8,15.64,15.29,-6.281821,53.306134
71_9,15.77,15.68,-6.281764,53.307032
71_10,15.75,15.87,-6.281707,53.30793
71_11,15.64,15.81,-6.28165,53.308827
71_12,16.41,16.09,-6.281593,53.309725
71_13,16.88,16.84,-6.281536,53.310623
71_14,16.68,16.72,-6.281479,53.311521
71_15,16.07,18.18,-6.281421,53.312419
71_16,16.1,15.85,-6.281364,53.313317
71_17,15.77,15.74,-6.281307,53.314215
71_18,15.78,21.8,-6.28125,53.315113
71_19,19.69,19.98,-6.281193,53.31601
71_20,15.88,15.96,-6.281136,53.316908
71_21,15.73,15.7,-6.281079,53.317806
71_22,15.97,18.59,-6.281022,53.318704
71_23,15.79,15.26,-6.280965,53.319602
71_24,15.21,15.3,-6.280908,53.3205
71_25,15.39,15.36,-6.28085,53.321398
71_26,15.69,15.36,-6.280793,53.322296
71_27,21.47,16.02,-6.280736,53.323194
71_28,15.96,16.03,-6.280679,53.324091
71_29,15.84,15.89,-6.280622,53.324989
71_30,15.76,15.72,-6.280565,53.325887
71_31,16.03,16.17,-6.280508,53.326785
71_32,16.24,16.27,-6.280451,53.327683
71_33,16.4,16.37,-6.280393,53.328581
71_34,16.69,16.39,-6.280336,53.329479
71_35,17.27,17.26,-6.280279,53.330377
71_36,22.42,22.32,-6.280222,53.331274
71_37,16.88,16.93,-6.280165,53.332172
71_38,16.76,16.87,-6.280108,53.33307
71_39,16.95,16.94,-6.28005,53.333968
71_40,17.41,17.36,-6.279993,53.334866
71_41,17.56,17.5,-6.279936,53.335764
71_42,19.08,17.85,-6.279879,53.336662
71_43,18.07,18.14,-6.279822,53.33756
71_44,23.45,23.45,-6.279765,53.338458
71_45,22.85,19.73,-6.279707,53.339355
71_46,18.88,18.84,-6.27965,53.340253
71_47,18.74,18.83,-6.279593,53.341151
71_48,19.3,19.38,-6.279536,53.342049
71_49,30.39,31.57,-6.279479,53.342947
71_50,27.6,25.07,-6.279422,53.343845
71_51,21.13,21.21,-6.279364,53.344743
71_52,21.73,32.95,-6.279307,53.345641
71_53,30.14,31.08,-6.27925,53.346538
71_54,21.54,21.19,-6.279193,53.347436
71_55,20.89,21.01,-6.279136,53.348334
71_56,20.93,32.18,-6.279078,53.349232
71_57,20.34,19.98,-6.279021,53.35013
71_58,19.68,19.98,-6.278964,53.351028
71_59,19.34,19.55,-6.278907,53.351926
71_60,18.88,19.09,-6.278849,53.352824
71_61,18.38,18.6,-6.278792,53.353721
71_62,18.72,18.88,-6.278735,53.354619
71_63,17.13,17.3,-6.278678,53.355517
71_64,17.41,17.12,-6.278621,53.356415
71_65,17.2,17.31,-6.278563,53.357313
71_66,17.12,17.18,-6.278506,53.358211
71_67,17.15,17.06,-6.278449,53.359109
71_68,22.11,17.27,-6.278392,53.360007
71_69,22.36,23.18,-6.278334,53.360904
71_70,17.16,17.22,-6.278277,53.361802
71_71,16.99,16.93,-6.27822,53.3627
71_72,16.76,16.71,-6.278162,53.363598
71_73,16.17,16.22,-6.278105,53.364496
71_74,15.82,15.82,-6.278048,53.365394
71_75,15.89,15.81,-6.277991,53.366292
71_76,15.98,16.17,-6.277933,53.36719
71_77,16.04,16.1,-6.277876,53.368087
71_78,16.22,16.23,-6.277819,53.368985
71_79,17.49,17.13,-6.277762,53.369883
71_80,16.47,16.26,-6.277704,53.370781
71_81,15.75,15.72,-6.277647,53.371679
71_82,15.67,15.65,-6.27759,53.372577
71_83,15.52,15.48,-6.277532,53.373475
71_84,15.38,15.33,-6.277475,53.374372
71_85,15.22,15.18,-6.277418,53.37527
71_86,15.17,15.16,-6.277361,53.376168
71_87,15.16,15.12,-6.277303,53.377066
71_88,15.12,15.11,-6.277246,53.377964
71_89,15.1,15.1,-6.277189,53.378862
71_90,16.63,15.1,-6.277131,53.37976
71_91,15.07,15.2,-6.277074,53.380658
71_92,14.98,15.05,-6.277017,53.381555
71_93,16.01,14.98,-6.276959,53.382453
71_94,14.84,14.88,-6.276902,53.383351
71_95,14.71,14.77,-6.276845,53.384249
71_96,14.63,14.67,-6.276787,53.385147
71_97,14.5,14.55,-6.27673,53.386045
71_98,14.46,14.47,-6.276673,53.386943
71_99,14.45,14.43,-6.276615,53.387841
71_100,14.51,14.5,-6.276558,53.388738
71_101,14.59,14.57,-6.276501,53.389636
71_102,14.85,18.44,-6.276443,53.390534
71_103,14.78,14.76,-6.276386,53.391432
71_104,14.08,14.08,-6.276329,53.39233
71_105,13.86,13.88,-6.276271,53.393228
71_106,13.7,13.7,-6.276214,53.394126
71_107,13.58,13.59,-6.276156,53.395023
71_108,13.56,13.56,-6.276099,53.395921
71_109,13.57,13.57,-6.276042,53.396819
71_110,13.55,13.57,-6.275984,53.397717
71_111,13.64,13.66,-6.275927,53.398615
71_112,15.18,13.81,-6.27587,53.399513
71_113,13.85,13.89,-6.275812,53.400411
71_114,13.87,13.85,-6.275755,53.401309
71_115,13.88,13.86,-6.275697,53.402206
71_116,13.89,13.9,-6.27564,53.403104
71_117,14.83,14.61,-6.275583,53.404002
71_118,15.05,15.05,-6.275525,53.4049
71_119,15.29,17.51,-6.275468,53.405798
71_120,15.82,16.46,-6.27541,53.406696
71_121,17.58,18.13,-6.275353,53.407594
71_122,19.24,18.24,-6.275296,53.408491
71_123,18.94,20.44,-6.275238,53.409389
71_124,16.81,17.32,-6.275181,53.410287
71_125,15.94,16.3,-6.275123,53.411185
71_126,15.32,15.7,-6.275066,53.412083
72_0,15.29,15.22,-6.280779,53.298917
72_1,15.22,15.19,-6.280722,53.299814
72_2,15.26,15.26,-6.280665,53.300712
72_3,15.24,15.27,-6.280607,53.30161
72_4,15.25,15.21,-6.28055,53.302508
72_5,15.29,15.26,-6.280493,53.303406
72_6,15.41,15.51,-6.280436,53.304304
72_7,15.18,15.33,-6.280379,53.305202
72_8,15.11,15.05,-6.280322,53.3061
72_9,15.34,15.38,-6.280265,53.306997
72_10,15.29,15.33,-6.280208,53.307895
72_11,15.19,15.39,-6.280151,53.308793
72_12,17.1,15.66,-6.280094,53.309691
72_13,22.57,23.15,-6.280036,53.310589
72_14,16.39,16.27,-6.279979,53.311487
72_15,15.87,18.18,-6.279922,53.312385
72_16,15.73,15.6,-6.279865,53.313283
72_17,15.52,15.6,-6.279808,53.314181
72_18,15.37,15.46,-6.279751,53.315078
72_19,15.53,15.26,-6.279694,53.315976
72_20,15.96,15.6,-6.279637,53.316874
72_21,20.97,15.99,-6.279579,53.317772
72_22,22.86,16.24,-6.279522,53.31867
72_23,16.03,22.47,-6.279465,53.319568
72_24,15.66,22.49,-6.279408,53.320466
72_25,21.15,21.15,-6.279351,53.321364
72_26,23.69,15.83,-6.279294,53.322261
72_27,21.41,16.49,-6.279237,53.323159
72_28,16.62,19.05,-6.279179,53.324057
72_29,19.53,18.87,-6.279122,53.324955
72_30,16.43,16.16,-6.279065,53.325853
72_31,16.55,16.81,-6.279008,53.326751
72_32,16.79,16.83,-6.278951,53.327649
72_33,16.75,16.69,-6.278894,53.328547
72_34,17.01,16.82,-6.278836,53.329444
72_35,17.05,17.13,-6.278779,53.330342
72_36,17.18,17.21,-6.278722,53.33124
72_37,17.17,17.12,-6.278665,53.332138
72_38,17.02,18.25,-6.278608,53.333036
72_39,17.11,17.22,-6.27855,53.333934
72_40,18.64,18.92,-6.278493,53.334832
72_41,17.73,17.75,-6.278436,53.33573
72_42,17.98,18.11,-6.278379,53.336628
72_43,18.45,18.71,-6.278322,53.337525
72_44,19.11,22.28,-6.278264,53.338423
72_45,19.46,19.26,-6.278207,53.339321
72_46,20.98,19.34,-6.27815,53.340219
72_47,19.07,19.41,-6.278093,53.341117
72_48,19.8,19.98,-6.278036,53.342015
72_49,20.77,20.99,-6.277978,53.342913
72_50,20.96,20.96,-6.277921,53.343811
72_51,21.58,26.23,-6.277864,53.344708
72_52,32.39,21.74,-6.277807,53.345606
72_53,23,27.06,-6.277749,53.346504
72_54,21.19,21.63,-6.277692,53.347402
72_55,21.2,20.8,-6.277635,53.3483
72_56,20.54,21.23,-6.277578,53.349198
72_57,20.52,26.63,-6.277521,53.350096
72_58,20.18,20.39,-6.277463,53.350994
72_59,19.68,19.79,-6.277406,53.351891
72_60,19.06,19.15,-6.277349,53.352789
72_61,18.46,18.65,-6.277292,53.353687
72_62,18.12,18.2,-6.277234,53.354585
72_63,17.57,17.58,-6.277177,53.355483
72_64,17.35,17.16,-6.27712,53.356381
72_65,17.46,17.67,-6.277062,53.357279
72_66,17.45,17.49,-6.277005,53.358177
72_67,17.46,17.38,-6.276948,53.359074
72_68,21.67,20.04,-6.276891,53.359972
72_69,24.32,17.79,-6.276833,53.36087
72_70,20.72,20.72,-6.276776,53.361768
72_71,22.94,17.27,-6.276719,53.362666
72_72,18.46,16.78,-6.276661,53.363564
72_73,16.4,16.36,-6.276604,53.364462
72_74,16.12,16.07,-6.276547,53.365359
72_75,16.34,16.24,-6.27649,53.366257
72_76,16.52,16.17,-6.276432,53.367155
72_77,16.65,16.76,-6.276375,53.368053
72_78,17.22,17.36,-6.276318,53.368951
72_79,17.41,17.18,-6.27626,53.369849
72_80,16.46,15.98,-6.276203,53.370747
72_81,15.65,15.6,-6.276146,53.371645
72_82,15.56,15.6,-6.276088,53.372542
72_83,15.47,15.54,-6.276031,53.37344
72_84,15.39,15.36,-6.275974,53.374338
72_85,15.28,15.31,-6.275916,53.375236
72_86,15.18,15.19,-6.275859,53.376134
72_87,15.2,15.17,-6.275802,53.377032
72_88,15.23,15.29,-6.275744,53.37793
72_89,15.15,15.07,-6.275687,53.378828
72_90,16.73,16.5,-6.27563,53.379725
72_91,15.06,16.29,-6.275572,53.380623
72_92,15.09,15.06,-6.275515,53.381521
72_93,15.04,15.04,-6.275458,53.382419
72_94,14.95,15,-6.2754,53.383317
72_95,14.76,14.77,-6.275343,53.384215
72_96,14.66,14.67,-6.275286,53.385113
72_97,14.57,14.58,-6.275228,53.38601
72_98,14.52,14.81,-6.275171,53.386908
72_99,14.42,14.38,-6.275113,53.387806
72_100,14.48,14.47,-6.275056,53.388704
72_101,14.53,14.54,-6.274999,53.389602
72_102,14.8,14.83,-6.274941,53.3905
72_103,14.27,14.26,-6.274884,53.391398
72_104,14.11,14.08,-6.274826,53.392296
72_105,13.93,13.89,-6.274769,53.393193
72_106,13.76,13.71,-6.274712,53.394091
72_107,13.64,13.66,-6.274654,53.394989
72_108,13.63,14.04,-6.274597,53.395887
72_109,13.59,13.57,-6.274539,53.396785
72_110,13.59,14.32,-6.274482,53.397683
72_111,13.67,13.71,-6.274425,53.398581
72_112,13.7,13.72,-6.274367,53.399478
72_113,13.75,13.78,-6.27431,53.400376
72_114,13.79,13.78,-6.274252,53.401274
72_115,13.84,13.81,-6.274195,53.402172
72_116,15.76,13.86,-6.274138,53.40307
72_117,14.21,16.14,-6.27408,53.403968
72_118,14.75,14.66,-6.274023,53.404866
72_119,15.23,15.08,-6.273965,53.405764
72_120,15.56,15.48,-6.273908,53.406661
72_121,16.72,16.1,-6.27385,53.407559
72_122,18.85,18.23,-6.273793,53.408457
72_123,19.54,20.2,-6.273735,53.409355
72_124,17.11,17.73,-6.273678,53.410253
72_125,16.4,16.46,-6.273621,53.411151
72_126,15.68,15.92,-6.273563,53.412049
73_0,15.17,15.22,-6.27928,53.298882
73_1,15.08,15.05,-6.279223,53.29978
73_2,15.07,15.08,-6.279166,53.300678
73_3,15.08,15.15,-6.279109,53.301576
73_4,15.12,15.07,-6.279051,53.302474
73_5,15.21,15.24,-6.278994,53.303372
73_6,15.15,15.13,-6.278937,53.30427
73_7,15.07,15.08,-6.27888,53.305168
73_8,14.98,14.92,-6.278823,53.306065
73_9,14.92,14.92,-6.278766,53.306963
73_10,15.1,16.35,-6.278709,53.307861
73_11,15.14,15.16,-6.278652,53.308759
73_12,15.13,15.04,-6.278594,53.309657
73_13,15.97,15.57,-6.278537,53.310555
73_14,16.21,22.05,-6.27848,53.311453
73_15,15.9,15.99,-6.278423,53.312351
73_16,15.69,15.79,-6.278366,53.313248
73_17,15.46,15.55,-6.278309,53.314146
73_18,15.24,15.3,-6.278252,53.315044
73_19,15.26,15.26,-6.278194,53.315942
73_20,15.5,15.39,-6.278137,53.31684
73_21,18.73,18.73,-6.27808,53.317738
73_22,16.36,16.45,-6.278023,53.318636
73_23,15.99,15.87,-6.277966,53.319534
73_24,15.59,15.59,-6.277909,53.320431
73_25,15.77,15.77,-6.277851,53.321329
73_26,15.97,16.1,-6.277794,53.322227
73_27,16.28,16.27,-6.277737,53.323125
73_28,16.56,16.42,-6.27768,53.324023
73_29,16.43,16.53,-6.277623,53.324921
73_30,16.98,24.05,-6.277565,53.325819
73_31,24.17,16.81,-6.277508,53.326717
73_32,27.59,30.18,-6.277451,53.327615
73_33,17.2,17.01,-6.277394,53.328512
73_34,17.95,17.4,-6.277337,53.32941
73_35,18.06,18.15,-6.277279,53.330308
73_36,17.78,17.82,-6.277222,53.331206
73_37,20.96,17.52,-6.277165,53.332104
73_38,17.65,18.25,-6.277108,53.333002
73_39,17.42,18.53,-6.27705,53.3339
73_40,17.53,17.62,-6.276993,53.334798
73_41,17.79,17.62,-6.276936,53.335695
73_42,18.13,18.28,-6.276879,53.336593
73_43,18.65,18.51,-6.276822,53.337491
73_44,19.4,20.31,-6.276764,53.338389
73_45,20.1,25.13,-6.276707,53.339287
73_46,20.04,20.68,-6.27665,53.340185
73_47,20.16,20.35,-6.276593,53.341083
73_48,20.02,19.98,-6.276535,53.341981
73_49,30.91,20.5,-6.276478,53.342878
73_50,21.56,30.82,-6.276421,53.343776
73_51,37.22,34.93,-6.276364,53.344674
73_52,30.01,30.5,-6.276306,53.345572
73_53,23.31,23.38,-6.276249,53.34647
73_54,22.32,22.74,-6.276192,53.347368
73_55,21.83,21.91,-6.276135,53.348266
73_56,24.2,21.11,-6.276077,53.349164
73_57,26.13,26.63,-6.27602,53.350061
73_58,21.38,21.66,-6.275963,53.350959
73_59,20.85,20.85,-6.275905,53.351857
73_60,19.57,19.62,-6.275848,53.352755
73_61,18.85,19.03,-6.275791,53.353653
73_62,18.66,18.73,-6.275734,53.354551
73_63,18.23,18.08,-6.275676,53.355449
73_64,17.83,17.64,-6.275619,53.356346
73_65,18.34,18.81,-6.275562,53.357244
73_66,18.34,18.37,-6.275504,53.358142
73_67,21.36,20.42,-6.275447,53.35904
73_68,18.36,18.01,-6.27539,53.359938
73_69,27.17,18.79,-6.275332,53.360836
73_70,18.08,17.67,-6.275275,53.361734
73_71,17.63,20.15,-6.275218,53.362632
73_72,17.16,16.9,-6.27516,53.363529
73_73,18.65,17.08,-6.275103,53.364427
73_74,16.58,16.77,-6.275046,53.365325
73_75,16.42,16.42,-6.274988,53.366223
73_76,16.78,16.55,-6.274931,53.367121
73_77,17.22,17.26,-6.274874,53.368019
73_78,17.92,23.5,-6.274816,53.368917
73_79,17.06,17.48,-6.274759,53.369815
73_80,16.36,16.31,-6.274702,53.370712
73_81,15.54,15.64,-6.274644,53.37161
73_82,15.44,15.47,-6.274587,53.372508
73_83,15.39,15.42,-6.27453,53.373406
73_84,15.33,15.37,-6.274472,53.374304
73_85,15.28,15.3,-6.274415,53.375202
73_86,15.3,15.28,-6.274358,53.3761
73_87,16.24,15.28,-6.2743,53.376998
73_88,15.29,15.31,-6.274243,53.377895
73_89,15.08,15.11,-6.274185,53.378793
73_90,15.17,16.76,-6.274128,53.379691
73_91,15,15.02,-6.274071,53.380589
73_92,14.99,14.96,-6.274013,53.381487
73_93,14.96,14.96,-6.273956,53.382385
73_94,14.97,14.95,-6.273899,53.383283
73_95,14.79,14.78,-6.273841,53.38418
73_96,14.76,14.81,-6.273784,53.385078
73_97,14.74,14.71,-6.273726,53.385976
73_98,14.65,14.58,-6.273669,53.386874
73_99,14.45,14.41,-6.273612,53.387772
73_100,14.35,14.36,-6.273554,53.38867
73_101,14.47,14.52,-6.273497,53.389568
73_102,14.8,14.68,-6.273439,53.390466
73_103,14.34,14.29,-6.273382,53.391363
73_104,14.2,14.15,-6.273324,53.392261
73_105,14.06,13.98,-6.273267,53.393159
73_106,13.93,13.98,-6.27321,53.394057
73_107,13.77,13.89,-6.273152,53.394955
73_108,13.71,13.77,-6.273095,53.395853
73_109,13.58,13.62,-6.273037,53.396751
73_110,13.5,13.55,-6.27298,53.397648
73_111,13.57,14.52,-6.272922,53.398546
73_112,13.64,13.62,-6.272865,53.399444
73_113,13.7,13.69,-6.272807,53.400342
73_114,13.75,13.75,-6.27275,53.40124
73_115,13.8,13.8,-6.272693,53.402138
73_116,14.06,14.05,-6.272635,53.403036
73_117,14.52,14.39,-6.272578,53.403933
73_118,14.88,14.79,-6.27252,53.404831
73_119,15.71,15.66,-6.272463,53.405729
73_120,15.59,15.54,-6.272405,53.406627
73_121,17.01,16.79,-6.272348,53.407525
73_122,18.34,18.37,-6.27229,53.408423
73_123,19.63,19.48,-6.272233,53.409321
73_124,17.45,17.44,-6.272175,53.410219
73_125,16.65,16.65,-6.272118,53.411116
73_126,16.13,16.06,-6.27206,53.412014
74_0,15.05,15.05,-6.277781,53.298848
74_1,14.93,14.88,-6.277724,53.299746
74_2,14.92,14.9,-6.277667,53.300644
74_3,14.92,14.93,-6.27761,53.301542
74_4,14.92,14.81,-6.277553,53.30244
74_5,15.1,14.95,-6.277495,53.303338
74_6,15.16,18.57,-6.277438,53.304235
74_7,15.06,15.09,-6.277381,53.305133
74_8,14.9,14.81,-6.277324,53.306031
74_9,14.79,14.77,-6.277267,53.306929
74_10,14.91,16.3,-6.27721,53.307827
74_11,14.94,14.97,-6.277152,53.308725
74_12,15.04,15.03,-6.277095,53.309623
74_13,15.72,15.55,-6.277038,53.310521
74_14,22.7,23.27,-6.276981,53.311418
74_15,17.59,18.51,-6.276924,53.312316
74_16,15.8,15.87,-6.276867,53.313214
74_17,15.65,15.66,-6.276809,53.314112
74_18,15.27,15.28,-6.276752,53.31501
74_19,18.38,15.21,-6.276695,53.315908
74_20,16.04,15.81,-6.276638,53.316806
74_21,15.45,15.44,-6.276581,53.317704
74_22,15.67,15.84,-6.276523,53.318601
74_23,17.58,15.87,-6.276466,53.319499
74_24,16.18,16.12,-6.276409,53.320397
74_25,15.44,15.47,-6.276352,53.321295
74_26,15.65,15.76,-6.276295,53.322193
74_27,16.24,15.93,-6.276237,53.323091
74_28,15.97,15.82,-6.27618,53.323989
74_29,15.82,15.91,-6.276123,53.324887
74_30,16.06,16.33,-6.276066,53.325784
74_31,16.33,16.4,-6.276008,53.326682
74_32,18.05,17.84,-6.275951,53.32758
74_33,18.22,17.84,-6.275894,53.328478
74_34,28.41,29.98,-6.275837,53.329376
74_35,19.16,19.79,-6.275779,53.330274
74_36,18.8,35.27,-6.275722,53.331172
74_37,19.03,19,-6.275665,53.33207
74_38,18.55,18.34,-6.275608,53.332968
74_39,18.17,29.11,-6.27555,53.333865
74_40,19.57,17.99,-6.275493,53.334763
74_41,18.2,17.95,-6.275436,53.335661
74_42,18.58,18.28,-6.275379,53.336559
74_43,18.93,19,-6.275321,53.337457
74_44,20.23,19.9,-6.275264,53.338355
74_45,21.06,26.22,-6.275207,53.339253
74_46,21.43,22.14,-6.27515,53.340151
74_47,21.29,21.71,-6.275092,53.341048
74_48,24.29,25.71,-6.275035,53.341946
74_49,24.55,21.2,-6.274978,53.342844
74_50,22.4,23.07,-6.274921,53.343742
74_51,22.82,22.86,-6.274863,53.34464
74_52,27.97,28.4,-6.274806,53.345538
74_53,23.88,30.52,-6.274749,53.346436
74_54,31.65,24.63,-6.274691,53.347333
74_55,29.8,29.89,-6.274634,53.348231
74_56,31.23,23.33,-6.274577,53.349129
74_57,29.55,29.64,-6.274519,53.350027
74_58,22.92,32.67,-6.274462,53.350925
74_59,21.62,21.27,-6.274405,53.351823
74_60,19.99,19.46,-6.274347,53.352721
74_61,19.38,19.03,-6.27429,53.353619
74_62,19.27,19.26,-6.274233,53.354516
74_63,19.06,18.81,-6.274175,53.355414
74_64,19.03,18.66,-6.274118,53.356312
74_65,19.41,20.08,-6.274061,53.35721
74_66,19.57,25.22,-6.274003,53.358108
74_67,19.67,19.73,-6.273946,53.359006
74_68,19.42,19.26,-6.273889,53.359904
74_69,35.62,20.4,-6.273831,53.360802
74_70,18.68,19.16,-6.273774,53.361699
74_71,20.53,17.98,-6.273717,53.362597
74_72,17.78,17.55,-6.273659,53.363495
74_73,17.52,18.12,-6.273602,53.364393
74_74,17.23,17.44,-6.273545,53.365291
74_75,17.55,17.34,-6.273487,53.366189
74_76,17.62,16.98,-6.27343,53.367087
74_77,25.44,24.03,-6.273373,53.367985
74_78,17.67,17.79,-6.273315,53.368882
74_79,16.8,16.97,-6.273258,53.36978
74_80,16.16,16.31,-6.2732,53.370678
74_81,15.72,15.75,-6.273143,53.371576
74_82,15.52,15.52,-6.273086,53.372474
74_83,15.46,15.45,-6.273028,53.373372
74_84,15.42,15.47,-6.272971,53.37427
74_85,15.41,15.43,-6.272913,53.375167
74_86,15.47,15.45,-6.272856,53.376065
74_87,15.53,15.5,-6.272799,53.376963
74_88,15.36,15.33,-6.272741,53.377861
74_89,15.17,15.12,-6.272684,53.378759
74_90,15.14,15.1,-6.272626,53.379657
74_91,14.92,14.97,-6.272569,53.380555
74_92,14.92,14.99,-6.272512,53.381453
74_93,15.02,15.05,-6.272454,53.38235
74_94,15.12,15.11,-6.272397,53.383248
74_95,15.11,14.9,-6.272339,53.384146
74_96,15.02,15.52,-6.272282,53.385044
74_97,15.01,15.52,-6.272224,53.385942
74_98,15.72,15.64,-6.272167,53.38684
74_99,15.47,14.66,-6.27211,53.387738
74_100,15.2,14.52,-6.272052,53.388635
74_101,14.49,14.41,-6.271995,53.389533
74_102,14.82,18.67,-6.271937,53.390431
74_103,14.39,14.52,-6.27188,53.391329
74_104,14.26,14.3,-6.271822,53.392227
74_105,14.13,14.17,-6.271765,53.393125
74_106,14,14.04,-6.271707,53.394023
74_107,14.63,14.62,-6.27165,53.39492
74_108,13.78,13.82,-6.271593,53.395818
74_109,13.54,13.59,-6.271535,53.396716
74_110,13.36,13.43,-6.271478,53.397614
74_111,13.53,13.5,-6.27142,53.398512
74_112,13.59,13.58,-6.271363,53.39941
74_113,13.65,13.66,-6.271305,53.400308
74_114,13.74,13.72,-6.271248,53.401206
74_115,13.92,13.95,-6.27119,53.402103
74_116,13.97,13.96,-6.271133,53.403001
74_117,14.1,14.21,-6.271075,53.403899
74_118,14.4,14.79,-6.271018,53.404797
74_119,15.25,15.34,-6.27096,53.405695
74_120,15.56,15.63,-6.270903,53.406593
74_121,16.78,16.98,-6.270845,53.407491
74_122,18.19,18.4,-6.270788,53.408388
74_123,19.11,19.03,-6.27073,53.409286
74_124,17.92,17.52,-6.270673,53.410184
74_125,16.61,16.51,-6.270615,53.411082
74_126,16.15,15.91,-6.270558,53.41198
75_0,14.94,15.06,-6.276282,53.298814
75_1,14.78,14.73,-6.276225,53.299712
75_2,14.78,14.76,-6.276168,53.30061
75_3,14.76,14.79,-6.276111,53.301508
75_4,14.76,14.81,-6.276054,53.302405
75_5,15.06,15.06,-6.275996,53.303303
75_6,19.45,19.45,-6.275939,53.304201
75_7,14.82,14.88,-6.275882,53.305099
75_8,14.74,14.67,-6.275825,53.305997
75_9,14.67,14.63,-6.275768,53.306895
75_10,14.79,14.79,-6.275711,53.307793
75_11,14.93,14.92,-6.275653,53.308691
75_12,15.02,15.04,-6.275596,53.309588
75_13,15.52,15.6,-6.275539,53.310486
75_14,16.4,16.41,-6.275482,53.311384
75_15,16.54,18.02,-6.275425,53.312282
75_16,17.82,16.09,-6.275367,53.31318
75_17,15.83,15.74,-6.27531,53.314078
75_18,15.4,15.33,-6.275253,53.314976
75_19,15.18,15.22,-6.275196,53.315874
75_20,15.01,14.9,-6.275138,53.316771
75_21,15.03,15.13,-6.275081,53.317669
75_22,15.29,15.46,-6.275024,53.318567
75_23,17.71,15.76,-6.274967,53.319465
75_24,15.74,18.18,-6.274909,53.320363
75_25,15.7,15.73,-6.274852,53.321261
75_26,17.32,15.77,-6.274795,53.322159
75_27,15.97,16.09,-6.274738,53.323057
75_28,15.97,16.04,-6.27468,53.323954
75_29,15.97,15.93,-6.274623,53.324852
75_30,16.19,16.07,-6.274566,53.32575
75_31,16.38,16.56,-6.274509,53.326648
75_32,16.78,16.8,-6.274451,53.327546
75_33,18.92,18.34,-6.274394,53.328444
75_34,24.3,18.79,-6.274337,53.329342
75_35,19.69,19.61,-6.27428,53.33024
75_36,19.78,19.64,-6.274222,53.331137
75_37,19.88,19.9,-6.274165,53.332035
75_38,19.63,20.01,-6.274108,53.332933
75_39,18.9,18.89,-6.274051,53.333831
75_40,25.68,26.01,-6.273993,53.334729
75_41,18.66,18.54,-6.273936,53.335627
75_42,19.06,18.79,-6.273879,53.336525
75_43,20.04,20.3,-6.273821,53.337423
75_44,21.29,21.41,-6.273764,53.33832
75_45,30.28,27.75,-6.273707,53.339218
75_46,22.93,23.55,-6.273649,53.340116
75_47,23.02,24.27,-6.273592,53.341014
75_48,25.2,25.2,-6.273535,53.341912
75_49,23.61,24.99,-6.273477,53.34281
75_50,23.59,23.47,-6.27342,53.343708
75_51,23.16,31.05,-6.273363,53.344606
75_52,27.57,30.61,-6.273306,53.345503
75_53,24.62,24.11,-6.273248,53.346401
75_54,27.97,25.54,-6.273191,53.347299
75_55,27.41,25.3,-6.273134,53.348197
75_56,25.45,29.02,-6.273076,53.349095
75_57,25.39,29.02,-6.273019,53.349993
75_58,26,25.36,-6.272961,53.350891
75_59,22.74,23.6,-6.272904,53.351789
75_60,21.46,21.9,-6.272847,53.352686
75_61,20.61,20.28,-6.272789,53.353584
75_62,20.87,20.88,-6.272732,53.354482
75_63,20.69,25.52,-6.272675,53.35538
75_64,20.51,20.32,-6.272617,53.356278
75_65,20.57,20.08,-6.27256,53.357176
75_66,20.9,20.89,-6.272503,53.358074
75_67,21.05,21.03,-6.272445,53.358972
75_68,21.17,33.95,-6.272388,53.359869
75_69,38.26,41.06,-6.272331,53.360767
75_70,19.55,19.85,-6.272273,53.361665
75_71,19.09,19,-6.272216,53.362563
75_72,27.9,18.58,-6.272158,53.363461
75_73,18.83,19.03,-6.272101,53.364359
75_74,19.5,19.8,-6.272044,53.365257
75_75,31.68,18.82,-6.271986,53.366154
75_76,18.85,24.19,-6.271929,53.367052
75_77,18.61,18.32,-6.271871,53.36795
75_78,17.43,17.43,-6.271814,53.368848
75_79,16.93,16.8,-6.271757,53.369746
75_80,16.45,16.27,-6.271699,53.370644
75_81,15.93,15.91,-6.271642,53.371542
75_82,15.66,15.58,-6.271584,53.37244
75_83,15.56,15.51,-6.271527,53.373337
75_84,15.54,15.47,-6.271469,53.374235
75_85,15.54,15.57,-6.271412,53.375133
75_86,18.36,17.39,-6.271355,53.376031
75_87,15.51,15.49,-6.271297,53.376929
75_88,15.39,15.42,-6.27124,53.377827
75_89,15.27,15.42,-6.271182,53.378725
75_90,15.14,16.6,-6.271125,53.379622
75_91,15.11,15.05,-6.271067,53.38052
75_92,15.12,15.29,-6.27101,53.381418
75_93,15.26,15.26,-6.270953,53.382316
75_94,15.37,15.31,-6.270895,53.383214
75_95,15.41,16.7,-6.270838,53.384112
75_96,15.28,15.39,-6.27078,53.38501
75_97,15.15,15.19,-6.270723,53.385908
75_98,14.97,15.08,-6.270665,53.386805
75_99,14.8,14.79,-6.270608,53.387703
75_100,14.63,14.73,-6.27055,53.388601
75_101,14.68,14.66,-6.270493,53.389499
75_102,14.97,15.02,-6.270435,53.390397
75_103,14.51,14.52,-6.270378,53.391295
75_104,14.33,14.36,-6.27032,53.392193
75_105,14.21,14.21,-6.270263,53.39309
75_106,14.08,14.06,-6.270205,53.393988
75_107,14.56,13.74,-6.270148,53.394886
75_108,13.87,13.87,-6.27009,53.395784
75_109,13.64,13.61,-6.270033,53.396682
75_110,13.41,13.35,-6.269975,53.39758
75_111,13.46,13.52,-6.269918,53.398478
75_112,13.58,13.61,-6.26986,53.399375
75_113,13.71,13.71,-6.269803,53.400273
75_114,13.95,13.87,-6.269745,53.401171
75_115,13.99,14.02,-6.269688,53.402069
75_116,13.97,13.97,-6.26963,53.402967
75_117,13.98,13.98,-6.269573,53.403865
75_118,14.21,14.39,-6.269515,53.404763
75_119,15.49,15.67,-6.269458,53.40566
75_120,15.69,15.91,-6.2694,53.406558
75_121,16.41,15.91,-6.269343,53.407456
75_122,18.02,17.04,-6.269285,53.408354
75_123,18.86,18.31,-6.269228,53.409252
75_124,18.4,18.8,-6.26917,53.41015
75_125,17.09,17.6,-6.269112,53.411048
75_126,16.11,16.35,-6.269055,53.411945
76_0,14.82,14.89,-6.274784,53.29878
76_1,14.65,14.59,-6.274726,53.299677
76_2,14.63,14.62,-6.274669,53.300575
76_3,14.63,14.64,-6.274612,53.301473
76_4,14.78,14.76,-6.274555,53.302371
76_5,15.12,15.2,-6.274498,53.303269
76_6,19.67,15.33,-6.27444,53.304167
76_7,15.04,14.9,-6.274383,53.305065
76_8,14.64,14.67,-6.274326,53.305963
76_9,14.61,14.65,-6.274269,53.306861
76_10,16.44,14.77,-6.274211,53.307758
76_11,14.9,14.93,-6.274154,53.308656
76_12,17.07,19.65,-6.274097,53.309554
76_13,15.67,22.01,-6.27404,53.310452
76_14,25.11,16.86,-6.273983,53.31135
76_15,25.23,16.76,-6.273925,53.312248
76_16,16.4,16.54,-6.273868,53.313146
76_17,15.91,16.08,-6.273811,53.314044
76_18,15.45,15.67,-6.273754,53.314941
76_19,15.05,15.24,-6.273696,53.315839
76_20,14.86,14.86,-6.273639,53.316737
76_21,15.71,14.94,-6.273582,53.317635
76_22,15.22,15.06,-6.273524,53.318533
76_23,15.61,15.41,-6.273467,53.319431
76_24,15.81,18.14,-6.27341,53.320329
76_25,15.79,15.81,-6.273353,53.321227
76_26,16.65,15.96,-6.273295,53.322124
76_27,16.15,16.09,-6.273238,53.323022
76_28,16.07,16.11,-6.273181,53.32392
76_29,16.13,16.11,-6.273124,53.324818
76_30,16.44,16.32,-6.273066,53.325716
76_31,16.8,16.97,-6.273009,53.326614
76_32,17.09,17.21,-6.272952,53.327512
76_33,17.66,17.66,-6.272894,53.32841
76_34,22.97,23.71,-6.272837,53.329307
76_35,19.61,19.6,-6.27278,53.330205
76_36,19.58,19.56,-6.272722,53.331103
76_37,19.52,24.93,-6.272665,53.332001
76_38,20.2,19.42,-6.272608,53.332899
76_39,18.91,18.94,-6.272551,53.333797
76_40,18.87,18.95,-6.272493,53.334695
76_41,22.08,19.18,-6.272436,53.335593
76_42,20.22,27.15,-6.272379,53.33649
76_43,27.78,22.18,-6.272321,53.337388
76_44,30.14,32.12,-6.272264,53.338286
76_45,24.28,33.72,-6.272207,53.339184
76_46,30.31,23.55,-6.272149,53.340082
76_47,36.91,40.74,-6.272092,53.34098
76_48,36.72,40.74,-6.272035,53.341878
76_49,42.5,38.24,-6.271977,53.342776
76_50,24.42,26.12,-6.27192,53.343673
76_51,24.73,25.26,-6.271862,53.344571
76_52,26.84,34.82,-6.271805,53.345469
76_53,26.11,28.95,-6.271748,53.346367
76_54,26.08,27.49,-6.27169,53.347265
76_55,29.49,26.25,-6.271633,53.348163
76_56,26.03,26.02,-6.271576,53.349061
76_57,26.92,25.9,-6.271518,53.349958
76_58,25.64,26.03,-6.271461,53.350856
76_59,23.79,24.35,-6.271404,53.351754
76_60,22.36,22.45,-6.271346,53.352652
76_61,21.56,21.44,-6.271289,53.35355
76_62,21.14,21.53,-6.271231,53.354448
76_63,23.4,23.65,-6.271174,53.355346
76_64,21,20.92,-6.271117,53.356244
76_65,21.01,20.85,-6.271059,53.357141
76_66,21.15,21.21,-6.271002,53.358039
76_67,21.15,21.15,-6.270944,53.358937
76_68,21.01,20.8,-6.270887,53.359835
76_69,31.43,21.54,-6.27083,53.360733
76_70,19.77,19.73,-6.270772,53.361631
76_71,18.88,18.78,-6.270715,53.362529
76_72,19.16,19.29,-6.270657,53.363427
76_73,19.22,19.4,-6.2706,53.364324
76_74,19.95,19.87,-6.270542,53.365222
76_75,19.64,19.62,-6.270485,53.36612
76_76,18.94,27.13,-6.270428,53.367018
76_77,23.4,22.79,-6.27037,53.367916
76_78,18.05,17.86,-6.270313,53.368814
76_79,17.38,16.94,-6.270255,53.369712
76_80,16.67,16.39,-6.270198,53.370609
76_81,16.2,16.51,-6.27014,53.371507
76_82,15.93,16.1,-6.270083,53.372405
76_83,15.76,15.76,-6.270026,53.373303
76_84,15.78,15.68,-6.269968,53.374201
76_85,15.76,15.86,-6.269911,53.375099
76_86,15.76,17.32,-6.269853,53.375997
76_87,15.63,15.68,-6.269796,53.376895
76_88,15.6,15.67,-6.269738,53.377792
76_89,15.58,15.62,-6.269681,53.37869
76_90,15.57,17.12,-6.269623,53.379588
76_91,15.46,15.37,-6.269566,53.380486
76_92,15.49,15.65,-6.269508,53.381384
76_93,15.47,15.51,-6.269451,53.382282
76_94,15.58,15.55,-6.269393,53.38318
76_95,15.57,15.58,-6.269336,53.384077
76_96,15.41,15.48,-6.269278,53.384975
76_97,15.32,15.33,-6.269221,53.385873
76_98,15.15,15.13,-6.269163,53.386771
76_99,15.07,14.92,-6.269106,53.387669
76_100,14.99,15.07,-6.269048,53.388567
76_101,15.22,15.31,-6.268991,53.389465
76_102,14.99,15.02,-6.268933,53.390362
76_103,14.63,14.58,-6.268876,53.39126
76_104,14.43,14.4,-6.268818,53.392158
76_105,14.24,14.21,-6.268761,53.393056
76_106,14.08,14.04,-6.268703,53.393954
76_107,13.86,13.95,-6.268646,53.394852
76_108,13.76,13.77,-6.268588,53.39575
76_109,13.73,13.71,-6.268531,53.396647
76_110,13.68,14.73,-6.268473,53.397545
76_111,13.64,13.66,-6.268416,53.398443
76_112,13.67,13.76,-6.268358,53.399341
76_113,13.86,13.76,-6.268301,53.400239
76_114,14.19,13.9,-6.268243,53.401137
76_115,14.28,14.62,-6.268185,53.402035
76_116,14.19,14.26,-6.268128,53.402933
76_117,14.26,14.23,-6.26807,53.40383
76_118,14.44,14.25,-6.268013,53.404728
76_119,15.31,14.91,-6.267955,53.405626
76_120,16.22,16.2,-6.267898,53.406524
76_121,16.64,16.39,-6.26784,53.407422
76_122,17.8,17.09,-6.267782,53.40832
76_123,18.21,18.08,-6.267725,53.409218
76_124,17.79,18.38,-6.267667,53.410115
76_125,16.75,17.09,-6.26761,53.411013
76_126,16.12,16.57,-6.267552,53.411911
77_0,14.74,14.73,-6.273285,53.298745
77_1,14.5,14.45,-6.273228,53.299643
77_2,14.53,14.58,-6.27317,53.300541
77_3,14.68,14.71,-6.273113,53.301439
77_4,14.83,14.84,-6.273056,53.302337
77_5,15.11,18.39,-6.272999,53.303235
77_6,15.62,15.41,-6.272941,53.304133
77_7,15.12,14.99,-6.272884,53.30503
77_8,14.63,14.99,-6.272827,53.305928
77_9,14.62,14.61,-6.27277,53.306826
77_10,14.82,14.74,-6.272712,53.307724
77_11,15.11,14.96,-6.272655,53.308622
77_12,21.82,15.33,-6.272598,53.30952
77_13,16,15.61,-6.272541,53.310418
77_14,15.82,15.77,-6.272483,53.311316
77_15,18.91,15.86,-6.272426,53.312213
77_16,15.99,15.72,-6.272369,53.313111
77_17,15.96,15.88,-6.272311,53.314009
77_18,19.37,19.37,-6.272254,53.314907
77_19,16.75,15.21,-6.272197,53.315805
77_20,15.18,15.53,-6.27214,53.316703
77_21,16.34,16.29,-6.272082,53.317601
77_22,15.43,15.39,-6.272025,53.318499
77_23,15.74,15.63,-6.271968,53.319396
77_24,18.04,18.2,-6.27191,53.320294
77_25,15.94,15.94,-6.271853,53.321192
77_26,16.07,16.06,-6.271796,53.32209
77_27,17.79,17.81,-6.271739,53.322988
77_28,16.28,16.32,-6.271681,53.323886
77_29,16.38,16.43,-6.271624,53.324784
77_30,16.69,16.71,-6.271567,53.325682
77_31,17.04,16.97,-6.271509,53.326579
77_32,17.41,17.51,-6.271452,53.327477
77_33,17.79,18.01,-6.271395,53.328375
77_34,18.78,24.35,-6.271337,53.329273
77_35,19.48,19.39,-6.27128,53.330171
77_36,19.42,19.38,-6.271223,53.331069
77_37,19.43,24.61,-6.271165,53.331967
77_38,19.66,19.44,-6.271108,53.332865
77_39,19.7,19.82,-6.271051,53.333762
77_40,20.01,19.82,-6.270993,53.33466
77_41,20.67,20.28,-6.270936,53.335558
77_42,21.2,26.94,-6.270878,53.336456
77_43,22.13,22.02,-6.270821,53.337354
77_44,29.83,22.93,-6.270764,53.338252
77_45,24.22,24.27,-6.270706,53.33915
77_46,24.11,24.33,-6.270649,53.340048
77_47,24.8,33.38,-6.270592,53.340945
77_48,28.29,29.54,-6.270534,53.341843
77_49,25.97,25.2,-6.270477,53.342741
77_50,31.04,26.12,-6.270419,53.343639
77_51,26.56,26.7,-6.270362,53.344537
77_52,28.35,36.45,-6.270305,53.345435
77_53,27.23,27.26,-6.270247,53.346333
77_54,26.84,29.26,-6.27019,53.347231
77_55,29.59,26.85,-6.270133,53.348128
77_56,26.53,26.47,-6.270075,53.349026
77_57,26.27,27.96,-6.270018,53.349924
77_58,34.99,26.61,-6.26996,53.350822
77_59,25.35,25.22,-6.269903,53.35172
77_60,23.41,23.09,-6.269846,53.352618
77_61,24.64,22.01,-6.269788,53.353516
77_62,22.19,22.25,-6.269731,53.354413
77_63,21.81,21.73,-6.269673,53.355311
77_64,21.38,21.3,-6.269616,53.356209
77_65,21.27,21.12,-6.269558,53.357107
77_66,21.39,21.6,-6.269501,53.358005
77_67,21.63,23.49,-6.269444,53.358903
77_68,21.87,26.29,-6.269386,53.359801
77_69,28.03,21.54,-6.269329,53.360699
77_70,20.82,20.48,-6.269271,53.361596
77_71,19.81,19.35,-6.269214,53.362494
77_72,18.97,19.35,-6.269156,53.363392
77_73,19.38,23.37,-6.269099,53.36429
77_74,18.72,18.92,-6.269041,53.365188
77_75,18.58,18.62,-6.268984,53.366086
77_76,18.31,20.26,-6.268926,53.366984
77_77,18.19,18.09,-6.268869,53.367881
77_78,18.38,18.3,-6.268812,53.368779
77_79,18.1,18.28,-6.268754,53.369677
77_80,19.31,17.45,-6.268697,53.370575
77_81,16.75,17.16,-6.268639,53.371473
77_82,18.09,16.41,-6.268582,53.372371
77_83,16.08,16.07,-6.268524,53.373269
77_84,17.49,15.92,-6.268467,53.374167
77_85,15.96,15.98,-6.268409,53.375064
77_86,15.83,15.84,-6.268352,53.375962
77_87,15.73,15.72,-6.268294,53.37686
77_88,15.76,15.67,-6.268237,53.377758
77_89,15.94,16.07,-6.268179,53.378656
77_90,15.92,15.92,-6.268122,53.379554
77_91,15.85,15.73,-6.268064,53.380452
77_92,15.96,16.08,-6.268007,53.381349
77_93,15.73,15.78,-6.267949,53.382247
77_94,17.09,15.81,-6.267892,53.383145
77_95,15.8,15.64,-6.267834,53.384043
77_96,15.67,15.77,-6.267777,53.384941
77_97,15.56,17.59,-6.267719,53.385839
77_98,15.58,15.49,-6.267662,53.386737
77_99,15.48,15.28,-6.267604,53.387634
77_100,15.34,15.52,-6.267546,53.388532
77_101,15.55,21.12,-6.267489,53.38943
77_102,15.06,14.81,-6.267431,53.390328
77_103,14.73,14.62,-6.267374,53.391226
77_104,14.56,14.7,-6.267316,53.392124
77_105,14.34,14.46,-6.267259,53.393022
77_106,14.22,14.24,-6.267201,53.39392
77_107,14.27,14.18,-6.267144,53.394817
77_108,14.11,14.33,-6.267086,53.395715
77_109,14.05,14.07,-6.267028,53.396613
77_110,14.56,14.12,-6.266971,53.397511
77_111,13.9,14.3,-6.266913,53.398409
77_112,13.96,14.09,-6.266856,53.399307
77_113,14.23,14.18,-6.266798,53.400205
77_114,14.65,14.36,-6.266741,53.401102
77_115,14.81,15.07,-6.266683,53.402
77_116,14.43,14.61,-6.266625,53.402898
77_117,15,14.95,-6.266568,53.403796
77_118,15.38,14.85,-6.26651,53.404694
77_119,15.92,16.72,-6.266453,53.405592
77_120,16.57,16.81,-6.266395,53.40649
77_121,17.22,17.13,-6.266337,53.407387
77_122,17.74,17.66,-6.26628,53.408285
77_123,18.21,18.27,-6.266222,53.409183
77_124,18.45,18.33,-6.266165,53.410081
77_125,17.01,16.81,-6.266107,53.410979
77_126,17.04,16.57,-6.266049,53.411877
78_0,14.68,,-6.271786,53.298711
78_1,14.55,14.76,-6.271729,53.299609
78_2,14.5,14.46,-6.271672,53.300507
78_3,14.65,14.58,-6.271614,53.301405
78_4,14.83,14.79,-6.271557,53.302303
78_5,15.17,15.14,-6.2715,53.3032
78_6,15.45,16.5,-6.271442,53.304098
78_7,14.87,15.08,-6.271385,53.304996
78_8,14.64,14.63,-6.271328,53.305894
78_9,14.63,14.74,-6.271271,53.306792
78_10,14.88,14.83,-6.271213,53.30769
78_11,15.27,15.1,-6.271156,53.308588
78_12,15.26,15.37,-6.271099,53.309486
78_13,15.06,15.11,-6.271041,53.310383
78_14,15.06,15.09,-6.270984,53.311281
78_15,15.18,15.21,-6.270927,53.312179
78_16,15.61,15.47,-6.27087,53.313077
78_17,15.66,15.58,-6.270812,53.313975
78_18,15.5,15.5,-6.270755,53.314873
78_19,15.49,20.45,-6.270698,53.315771
78_20,20.68,16.66,-6.27064,53.316669
78_21,19.21,19.21,-6.270583,53.317566
78_22,15.93,15.91,-6.270526,53.318464
78_23,16.02,15.9,-6.270468,53.319362
78_24,18.29,18.55,-6.270411,53.32026
78_25,16.1,16.02,-6.270354,53.321158
78_26,16.83,16.18,-6.270296,53.322056
78_27,16.39,16.38,-6.270239,53.322954
78_28,16.52,16.62,-6.270182,53.323852
78_29,16.74,16.81,-6.270124,53.324749
78_30,16.94,16.92,-6.270067,53.325647
78_31,17.21,17.21,-6.27001,53.326545
78_32,17.55,17.44,-6.269952,53.327443
78_33,18.09,17.81,-6.269895,53.328341
78_34,18.83,18.37,-6.269837,53.329239
78_35,19.47,24.8,-6.26978,53.330137
78_36,19.3,19.25,-6.269723,53.331035
78_37,19.61,19.49,-6.269665,53.331932
78_38,19.95,19.73,-6.269608,53.33283
78_39,21.18,20.77,-6.269551,53.333728
78_40,21.07,21.11,-6.269493,53.334626
78_41,21.72,21.53,-6.269436,53.335524
78_42,22.32,24.53,-6.269378,53.336422
78_43,22.76,23.11,-6.269321,53.33732
78_44,32.42,32.42,-6.269264,53.338217
78_45,27.35,26.32,-6.269206,53.339115
78_46,24.56,28.94,-6.269149,53.340013
78_47,25.38,34.16,-6.269091,53.340911
78_48,25.73,25.73,-6.269034,53.341809
78_49,25.98,25.9,-6.268977,53.342707
78_50,26.56,36.5,-6.268919,53.343605
78_51,27.16,27.4,-6.268862,53.344503
78_52,34.46,28.89,-6.268804,53.3454
78_53,28.16,27.77,-6.268747,53.346298
78_54,30.14,29.26,-6.268689,53.347196
78_55,36.45,27.41,-6.268632,53.348094
78_56,27.16,27,-6.268575,53.348992
78_57,31.89,31.91,-6.268517,53.34989
78_58,26.73,26.41,-6.26846,53.350788
78_59,26.02,25.81,-6.268402,53.351686
78_60,24.88,27.39,-6.268345,53.352583
78_61,24.3,23.19,-6.268287,53.353481
78_62,23.28,23.2,-6.26823,53.354379
78_63,24.51,25.54,-6.268173,53.355277
78_64,24.23,25.54,-6.268115,53.356175
78_65,25.07,21.78,-6.268058,53.357073
78_66,21.94,22.17,-6.268,53.357971
78_67,26,26.56,-6.267943,53.358868
78_68,21.85,21.93,-6.267885,53.359766
78_69,21.94,21.79,-6.267828,53.360664
78_70,20.92,21.12,-6.26777,53.361562
78_71,19.82,20.11,-6.267713,53.36246
78_72,21.5,19.24,-6.267655,53.363358
78_73,19.25,23.37,-6.267598,53.364256
78_74,18.55,18.62,-6.26754,53.365154
78_75,19.95,18.35,-6.267483,53.366051
78_76,18.03,18.14,-6.267425,53.366949
78_77,18.06,17.93,-6.267368,53.367847
78_78,18.08,18,-6.26731,53.368745
78_79,18.02,18.02,-6.267253,53.369643
78_80,17.9,18.01,-6.267195,53.370541
78_81,22.81,17.58,-6.267138,53.371439
78_82,16.8,16.86,-6.26708,53.372336
78_83,16.58,16.5,-6.267023,53.373234
78_84,16.32,16.19,-6.266965,53.374132
78_85,16.21,16.3,-6.266908,53.37503
78_86,15.98,15.96,-6.26685,53.375928
78_87,15.97,15.9,-6.266793,53.376826
78_88,16.02,15.99,-6.266735,53.377724
78_89,19.74,23.1,-6.266678,53.378621
78_90,19.58,16.6,-6.26662,53.379519
78_91,16.41,16.23,-6.266563,53.380417
78_92,16.39,16.08,-6.266505,53.381315
78_93,16.33,16.38,-6.266447,53.382213
78_94,16.28,16.25,-6.26639,53.383111
78_95,16.26,16.04,-6.266332,53.384009
78_96,16.12,20.95,-6.266275,53.384906
78_97,16.05,16.24,-6.266217,53.385804
78_98,16.06,16.09,-6.26616,53.386702
78_99,15.94,15.9,-6.266102,53.3876
78_100,15.85,16.35,-6.266045,53.388498
78_101,21.66,16.3,-6.265987,53.389396
78_102,15.59,15.88,-6.265929,53.390294
78_103,14.89,14.97,-6.265872,53.391192
78_104,14.67,14.95,-6.265814,53.392089
78_105,14.61,14.74,-6.265757,53.392987
78_106,14.6,14.51,-6.265699,53.393885
78_107,14.68,14.53,-6.265641,53.394783
78_108,14.56,14.73,-6.265584,53.395681
78_109,14.57,14.52,-6.265526,53.396579
78_110,14.95,14.78,-6.265469,53.397477
78_111,14.52,14.3,-6.265411,53.398374
78_112,14.43,14.58,-6.265353,53.399272
78_113,14.6,14.6,-6.265296,53.40017
78_114,15.27,15.11,-6.265238,53.401068
78_115,15.45,15.69,-6.265181,53.401966
78_116,15.5,15.71,-6.265123,53.402864
78_117,15.52,15.57,-6.265065,53.403762
78_118,16.42,16.12,-6.265008,53.404659
78_119,17.35,17.38,-6.26495,53.405557
78_120,18.11,18.19,-6.264893,53.406455
78_121,18,17.89,-6.264835,53.407353
78_122,17.83,17.85,-6.264777,53.408251
78_123,18.26,18.47,-6.26472,53.409149
78_124,18.53,18.19,-6.264662,53.410047
78_125,17,16.77,-6.264604,53.410944
78_126,17.29,17.28,-6.264547,53.411842
79_0,14.89,14.86,-6.270287,53.298677
79_1,14.88,15.07,-6.27023,53.299575
79_2,14.56,14.68,-6.270173,53.300472
79_3,14.48,14.44,-6.270115,53.30137
79_4,14.76,14.65,-6.270058,53.302268
79_5,15.27,14.99,-6.270001,53.303166
79_6,15.13,15.09,-6.269944,53.304064
79_7,14.79,14.79,-6.269886,53.304962
79_8,14.8,14.76,-6.269829,53.30586
79_9,21.66,21.06,-6.269772,53.306758
79_10,15.33,15.33,-6.269714,53.307655
79_11,15.21,15.24,-6.269657,53.308553
79_12,14.94,15.01,-6.2696,53.309451
79_13,14.98,14.91,-6.269542,53.310349
79_14,15.08,15.08,-6.269485,53.311247
79_15,15.12,15.15,-6.269428,53.312145
79_16,15.33,15.47,-6.26937,53.313043
79_17,15.35,15.22,-6.269313,53.313941
79_18,15.22,15.24,-6.269256,53.314838
79_19,16.6,15.35,-6.269198,53.315736
79_20,16.69,15.83,-6.269141,53.316634
79_21,16.15,16.16,-6.269083,53.317532
79_22,16.27,19.69,-6.269026,53.31843
79_23,20.06,19.69,-6.268969,53.319328
79_24,16.47,20.05,-6.268911,53.320226
79_25,16.44,18.58,-6.268854,53.321124
79_26,16.98,16.44,-6.268797,53.322021
79_27,16.43,16.35,-6.268739,53.322919
79_28,17.36,16.55,-6.268682,53.323817
79_29,17.04,16.88,-6.268625,53.324715
79_30,17.33,17.21,-6.268567,53.325613
79_31,17.53,17.3,-6.26851,53.326511
79_32,17.74,17.84,-6.268452,53.327409
79_33,18.33,18.22,-6.268395,53.328307
79_34,18.97,18.79,-6.268338,53.329204
79_35,25.7,24.8,-6.26828,53.330102
79_36,19.53,19.59,-6.268223,53.331
79_37,19.94,19.9,-6.268165,53.331898
79_38,20.71,24.34,-6.268108,53.332796
79_39,21.07,21.29,-6.268051,53.333694
79_40,21.92,22.01,-6.267993,53.334592
79_41,22.72,22.66,-6.267936,53.33549
79_42,25.42,25.42,-6.267878,53.336387
79_43,23.62,34.53,-6.267821,53.337285
79_44,24.48,29.36,-6.267763,53.338183
79_45,24.52,24.52,-6.267706,53.339081
79_46,30,24.86,-6.267649,53.339979
79_47,28.23,29.27,-6.267591,53.340877
79_48,25.84,25.91,-6.267534,53.341775
79_49,28.26,26.32,-6.267476,53.342672
79_50,26.87,26.82,-6.267419,53.34357
79_51,36.48,28.24,-6.267361,53.344468
79_52,40.5,29.28,-6.267304,53.345366
79_53,39.31,28.68,-6.267246,53.346264
79_54,28.15,28.08,-6.267189,53.347162
79_55,27.69,27.8,-6.267132,53.34806
79_56,27.53,27.78,-6.267074,53.348958
79_57,27.16,27.27,-6.267017,53.349855
79_58,26.71,32.75,-6.266959,53.350753
79_59,26.53,26.72,-6.266902,53.351651
79_60,25.86,29.22,-6.266844,53.352549
79_61,25.56,25.52,-6.266787,53.353447
79_62,24.69,25.5,-6.266729,53.354345
79_63,23.56,23.89,-6.266672,53.355243
79_64,23.1,24.57,-6.266614,53.35614
79_65,22.69,22.62,-6.266557,53.357038
79_66,22.32,22.46,-6.266499,53.357936
79_67,22.29,22.47,-6.266442,53.358834
79_68,21.99,21.96,-6.266384,53.359732
79_69,22.03,26.79,-6.266327,53.36063
79_70,20.79,20.85,-6.266269,53.361528
79_71,19.97,19.97,-6.266212,53.362426
79_72,21.03,21.03,-6.266154,53.363323
79_73,19.29,19.33,-6.266097,53.364221
79_74,18.62,20.74,-6.266039,53.365119
79_75,19.01,19.01,-6.265982,53.366017
79_76,18.02,19.64,-6.265924,53.366915
79_77,17.78,17.69,-6.265867,53.367813
79_78,17.78,17.77,-6.265809,53.368711
79_79,17.84,17.86,-6.265752,53.369608
79_80,17.62,17.63,-6.265694,53.370506
79_81,19.05,17.43,-6.265637,53.371404
79_82,17.42,17.32,-6.265579,53.372302
79_83,19.54,19.72,-6.265521,53.3732
79_84,21,16.47,-6.265464,53.374098
79_85,21.4,20.98,-6.265406,53.374996
79_86,16.57,16.6,-6.265349,53.375893
79_87,16.57,16.45,-6.265291,53.376791
79_88,22.87,16.45,-6.265234,53.377689
79_89,20.01,16.9,-6.265176,53.378587
79_90,17.37,17.53,-6.265119,53.379485
79_91,17.18,17.32,-6.265061,53.380383
79_92,16.98,22.48,-6.265003,53.381281
79_93,16.85,16.61,-6.264946,53.382178
79_94,16.76,16.66,-6.264888,53.383076
79_95,21.33,21.79,-6.264831,53.383974
79_96,16.51,16.4,-6.264773,53.384872
79_97,16.73,16.65,-6.264715,53.38577
79_98,22.48,22.95,-6.264658,53.386668
79_99,16.76,19.91,-6.2646,53.387566
79_100,16.78,16.74,-6.264543,53.388464
79_101,17.1,17.25,-6.264485,53.389361
79_102,20.74,20.74,-6.264427,53.390259
79_103,20.32,15.41,-6.26437,53.391157
79_104,19.17,15.55,-6.264312,53.392055
79_105,15.29,15.36,-6.264255,53.392953
79_106,23.59,23.59,-6.264197,53.393851
79_107,22.86,14.93,-6.264139,53.394749
79_108,23.58,15.09,-6.264082,53.395646
79_109,15.44,17.31,-6.264024,53.396544
79_110,15.75,15.55,-6.263966,53.397442
79_111,15.26,14.88,-6.263909,53.39834
79_112,15.02,15.11,-6.263851,53.399238
79_113,23.75,26.32,-6.263794,53.400136
79_114,15.1,28.55,-6.263736,53.401034
79_115,15.55,15.25,-6.263678,53.401931
79_116,15.49,15.34,-6.263621,53.402829
79_117,15.49,15.75,-6.263563,53.403727
79_118,15.53,16.37,-6.263505,53.404625
79_119,16.63,16.88,-6.263448,53.405523
79_120,17.41,16.88,-6.26339,53.406421
79_121,17.7,17.61,-6.263332,53.407319
79_122,17.73,17.7,-6.263275,53.408216
79_123,18.3,18.16,-6.263217,53.409114
79_124,18.68,18.83,-6.263159,53.410012
79_125,16.65,17.47,-6.263102,53.41091
79_126,16.06,16.25,-6.263044,53.411808
80_0,15.19,15.16,-6.268789,53.298642
80_1,14.97,15.07,-6.268731,53.29954
80_2,14.62,14.41,-6.268674,53.300438
80_3,14.4,14.41,-6.268617,53.301336
80_4,14.62,14.69,-6.268559,53.302234
80_5,15,15.01,-6.268502,53.303132
80_6,15,14.99,-6.268445,53.30403
80_7,14.78,14.7,-6.268387,53.304928
80_8,14.77,14.87,-6.26833,53.305825
80_9,15.51,15.21,-6.268273,53.306723
80_10,15.06,14.91,-6.268215,53.307621
80_11,14.84,14.83,-6.268158,53.308519
80_12,14.78,14.84,-6.2681,53.309417
80_13,14.73,14.66,-6.268043,53.310315
80_14,14.79,14.84,-6.267986,53.311213
80_15,14.9,14.84,-6.267928,53.312111
80_16,18.19,15.02,-6.267871,53.313008
80_17,15.04,15.63,-6.267814,53.313906
80_18,15.08,15.04,-6.267756,53.314804
80_19,15.07,15.08,-6.267699,53.315702
80_20,15.49,16.87,-6.267641,53.3166
80_21,17.63,15.66,-6.267584,53.317498
80_22,15.97,15.96,-6.267527,53.318396
80_23,16.33,16.24,-6.267469,53.319293
80_24,16.53,16.41,-6.267412,53.320191
80_25,21.15,17.02,-6.267355,53.321089
80_26,18.05,16.84,-6.267297,53.321987
80_27,16.69,16.61,-6.26724,53.322885
80_28,16.83,17.02,-6.267182,53.323783
80_29,17.16,17.21,-6.267125,53.324681
80_30,18.55,17.54,-6.267067,53.325579
80_31,18.11,17.86,-6.26701,53.326476
80_32,18.21,18.39,-6.266953,53.327374
80_33,18.74,18.8,-6.266895,53.328272
80_34,19.3,19.22,-6.266838,53.32917
80_35,19.97,25.67,-6.26678,53.330068
80_36,19.83,19.98,-6.266723,53.330966
80_37,20.31,21.42,-6.266665,53.331864
80_38,21.32,27.69,-6.266608,53.332762
80_39,21.48,21.29,-6.266551,53.333659
80_40,22.43,22.61,-6.266493,53.334557
80_41,23,23.22,-6.266436,53.335455
80_42,32.65,23.65,-6.266378,53.336353
80_43,31.77,31.45,-6.266321,53.337251
80_44,32.45,31.22,-6.266263,53.338149
80_45,24.8,24.82,-6.266206,53.339047
80_46,25.34,25.51,-6.266148,53.339944
80_47,28.66,25.69,-6.266091,53.340842
80_48,26.05,25.98,-6.266033,53.34174
80_49,25.88,25.95,-6.265976,53.342638
80_50,26.97,28.48,-6.265919,53.343536
80_51,28.39,36.26,-6.265861,53.344434
80_52,28.77,28.35,-6.265804,53.345332
80_53,37.01,29.58,-6.265746,53.34623
80_54,28.49,28.83,-6.265689,53.347127
80_55,27.87,27.89,-6.265631,53.348025
80_56,27.71,27.73,-6.265574,53.348923
80_57,27.5,27.56,-6.265516,53.349821
80_58,31.81,32.75,-6.265459,53.350719
80_59,28.21,26.94,-6.265401,53.351617
80_60,26.59,26.59,-6.265344,53.352515
80_61,31.13,26.43,-6.265286,53.353412
80_62,25.24,25.34,-6.265229,53.35431
80_63,24.2,24.31,-6.265171,53.355208
80_64,38.11,40.61,-6.265114,53.356106
80_65,23.65,23.31,-6.265056,53.357004
80_66,27.7,23.16,-6.264998,53.357902
80_67,22.7,22.66,-6.264941,53.3588
80_68,22.21,22.18,-6.264883,53.359698
80_69,22.08,22.02,-6.264826,53.360595
80_70,21.02,20.87,-6.264768,53.361493
80_71,20.3,20.17,-6.264711,53.362391
80_72,19.79,19.68,-6.264653,53.363289
80_73,19.25,19.11,-6.264596,53.364187
80_74,20.12,18.65,-6.264538,53.365085
80_75,19.01,18.19,-6.264481,53.365983
80_76,18.01,17.92,-6.264423,53.36688
80_77,17.72,17.69,-6.264365,53.367778
80_78,17.66,17.66,-6.264308,53.368676
80_79,17.67,17.66,-6.26425,53.369574
80_80,18.81,17.69,-6.264193,53.370472
80_81,17.31,17.36,-6.264135,53.37137
80_82,16.98,17.06,-6.264078,53.372268
80_83,16.64,16.77,-6.26402,53.373165
80_84,16.52,16.51,-6.263962,53.374063
80_85,16.65,16.36,-6.263905,53.374961
80_86,17.65,16.53,-6.263847,53.375859
80_87,16.95,17.65,-6.26379,53.376757
80_88,16.78,17.06,-6.263732,53.377655
80_89,20.01,19.67,-6.263675,53.378553
80_90,16.84,16.8,-6.263617,53.37945
80_91,16.64,16.7,-6.263559,53.380348
80_92,16.6,16.8,-6.263502,53.381246
80_93,16.24,16.17,-6.263444,53.382144
80_94,16.19,16.15,-6.263386,53.383042
80_95,16.31,16.41,-6.263329,53.38394
80_96,16.1,16.4,-6.263271,53.384838
80_97,16.39,16.22,-6.263214,53.385735
80_98,16.12,16.12,-6.263156,53.386633
80_99,16.02,16.27,-6.263098,53.387531
80_100,16.52,20.74,-6.263041,53.388429
80_101,16.49,16.71,-6.262983,53.389327
80_102,16.08,16.03,-6.262925,53.390225
80_103,15.64,15.79,-6.262868,53.391123
80_104,15.55,15.25,-6.26281,53.39202
80_105,15.27,15.17,-6.262753,53.392918
80_106,15.21,15.32,-6.262695,53.393816
80_107,14.89,15.18,-6.262637,53.394714
80_108,14.77,15.97,-6.26258,53.395612
80_109,16.27,15.98,-6.262522,53.39651
80_110,15.14,15.29,-6.262464,53.397408
80_111,14.87,15.29,-6.262407,53.398305
80_112,14.9,14.62,-6.262349,53.399203
80_113,14.77,14.77,-6.262291,53.400101
80_114,14.91,14.65,-6.262234,53.400999
80_115,14.91,15.14,-6.262176,53.401897
80_116,14.76,14.68,-6.262118,53.402795
80_117,14.93,14.66,-6.262061,53.403693
80_118,14.75,14.83,-6.262003,53.40459
80_119,15.98,15.38,-6.261945,53.405488
80_120,16.5,16.12,-6.261887,53.406386
80_121,17,16.86,-6.26183,53.407284
80_122,17.14,17.28,-6.261772,53.408182
80_123,18.56,18.43,-6.261714,53.40908
80_124,18.81,18.97,-6.261657,53.409978
80_125,17.16,17.1,-6.261599,53.410875
80_126,16.78,16.74,-6.261541,53.411773
81_0,14.9,15,-6.26729,53.298608
81_1,14.84,16.29,-6.267232,53.299506
81_2,16.05,16.01,-6.267175,53.300404
81_3,14.55,14.63,-6.267118,53.301302
81_4,14.85,14.92,-6.26706,53.3022
81_5,16.51,17.94,-6.267003,53.303097
81_6,15.02,17.94,-6.266946,53.303995
81_7,14.98,15.08,-6.266888,53.304893
81_8,15.19,14.83,-6.266831,53.305791
81_9,15.13,15.26,-6.266773,53.306689
81_10,16.82,14.91,-6.266716,53.307587
81_11,14.8,14.88,-6.266659,53.308485
81_12,14.77,14.75,-6.266601,53.309383
81_13,14.61,14.74,-6.266544,53.31028
81_14,14.52,14.49,-6.266487,53.311178
81_15,14.69,14.59,-6.266429,53.312076
81_16,17.35,14.98,-6.266372,53.312974
81_17,15.12,16.44,-6.266314,53.313872
81_18,16.16,16.31,-6.266257,53.31477
81_19,16.51,15.2,-6.2662,53.315668
81_20,15.29,15.24,-6.266142,53.316565
81_21,15.64,15.64,-6.266085,53.317463
81_22,15.78,15.78,-6.266027,53.318361
81_23,16.17,16.18,-6.26597,53.319259
81_24,16.33,18.83,-6.265912,53.320157
81_25,16.85,19.92,-6.265855,53.321055
81_26,20.09,20.09,-6.265798,53.321953
81_27,29.15,17.14,-6.26574,53.322851
81_28,17.47,17.87,-6.265683,53.323748
81_29,17.85,25.09,-6.265625,53.324646
81_30,18.3,18.24,-6.265568,53.325544
81_31,18.9,18.59,-6.26551,53.326442
81_32,18.88,23.42,-6.265453,53.32734
81_33,19.22,19.32,-6.265395,53.328238
81_34,19.61,19.67,-6.265338,53.329136
81_35,25.61,20.28,-6.26528,53.330034
81_36,20.4,27.59,-6.265223,53.330931
81_37,20.93,21.32,-6.265166,53.331829
81_38,21.94,21.99,-6.265108,53.332727
81_39,34.72,21.99,-6.265051,53.333625
81_40,32.06,22.75,-6.264993,53.334523
81_41,23.53,23.82,-6.264936,53.335421
81_42,24.56,32.08,-6.264878,53.336319
81_43,25,34.4,-6.264821,53.337216
81_44,26.12,31.39,-6.264763,53.338114
81_45,26.35,27.27,-6.264706,53.339012
81_46,25.39,25.18,-6.264648,53.33991
81_47,28.61,25.58,-6.264591,53.340808
81_48,25.99,25.9,-6.264533,53.341706
81_49,34.47,33.33,-6.264476,53.342604
81_50,36,26.89,-6.264418,53.343502
81_51,28.7,39.8,-6.264361,53.344399
81_52,28.7,28.74,-6.264303,53.345297
81_53,35.8,29.8,-6.264246,53.346195
81_54,28.53,28.88,-6.264188,53.347093
81_55,27.88,29.28,-6.264131,53.347991
81_56,27.63,27.63,-6.264073,53.348889
81_57,27.44,27.43,-6.264016,53.349787
81_58,27.29,27.24,-6.263958,53.350684
81_59,27.19,27.22,-6.2639,53.351582
81_60,31.32,31.32,-6.263843,53.35248
81_61,26.63,26.54,-6.263785,53.353378
81_62,29.45,25.34,-6.263728,53.354276
81_63,24.25,24.11,-6.26367,53.355174
81_64,23.78,24.79,-6.263613,53.356072
81_65,23.82,39.74,-6.263555,53.35697
81_66,42.97,33.82,-6.263498,53.357867
81_67,22.97,23.01,-6.26344,53.358765
81_68,22.98,25.25,-6.263383,53.359663
81_69,22.15,21.83,-6.263325,53.360561
81_70,21.19,20.99,-6.263267,53.361459
81_71,20.67,20.99,-6.26321,53.362357
81_72,20.17,23.81,-6.263152,53.363255
81_73,19.24,19.74,-6.263095,53.364152
81_74,18.87,19,-6.263037,53.36505
81_75,18.35,19.32,-6.262979,53.365948
81_76,18.05,18.17,-6.262922,53.366846
81_77,17.78,17.87,-6.262864,53.367744
81_78,17.51,17.62,-6.262807,53.368642
81_79,17.47,19.03,-6.262749,53.36954
81_80,17.59,17.68,-6.262692,53.370437
81_81,17.18,17.36,-6.262634,53.371335
81_82,16.83,16.85,-6.262576,53.372233
81_83,16.5,16.56,-6.262519,53.373131
81_84,16.29,16.28,-6.262461,53.374029
81_85,16.38,16.37,-6.262403,53.374927
81_86,16.46,16.46,-6.262346,53.375825
81_87,16.41,16.41,-6.262288,53.376722
81_88,16.52,16.53,-6.262231,53.37762
81_89,16.71,16.63,-6.262173,53.378518
81_90,16.46,16.42,-6.262115,53.379416
81_91,16.23,16.28,-6.262058,53.380314
81_92,16.15,16.33,-6.262,53.381212
81_93,16.03,15.96,-6.261942,53.38211
81_94,15.97,15.96,-6.261885,53.383007
81_95,15.95,15.99,-6.261827,53.383905
81_96,15.99,16.05,-6.261769,53.384803
81_97,15.88,15.8,-6.261712,53.385701
81_98,15.71,15.75,-6.261654,53.386599
81_99,15.88,15.99,-6.261597,53.387497
81_100,20.39,20.74,-6.261539,53.388395
81_101,16.19,15.75,-6.261481,53.389292
81_102,15.57,15.48,-6.261424,53.39019
81_103,15.23,15.48,-6.261366,53.391088
81_104,16.06,14.88,-6.261308,53.391986
81_105,14.92,14.93,-6.261251,53.392884
81_106,14.63,14.75,-6.261193,53.393782
81_107,14.62,14.66,-6.261135,53.39468
81_108,14.48,14.36,-6.261077,53.395577
81_109,14.39,14.27,-6.26102,53.396475
81_110,14.38,14.42,-6.260962,53.397373
81_111,14.27,14.41,-6.260904,53.398271
81_112,14.4,14.14,-6.260847,53.399169
81_113,14.32,14.27,-6.260789,53.400067
81_114,14.56,14.51,-6.260731,53.400965
81_115,14.49,14.67,-6.260674,53.401862
81_116,14.38,14.28,-6.260616,53.40276
81_117,15.6,15.72,-6.260558,53.403658
81_118,14.31,14.41,-6.2605,53.404556
81_119,15,15.38,-6.260443,53.405454
81_120,15.59,15.36,-6.260385,53.406352
81_121,16.1,16.1,-6.260327,53.40725
81_122,16.44,16.71,-6.26027,53.408147
81_123,18.42,18.84,-6.260212,53.409045
81_124,18.9,18.45,-6.260154,53.409943
81_125,17.08,17.05,-6.260096,53.410841
81_126,16.68,16.68,-6.260039,53.411739
82_0,14.82,14.79,-6.265791,53.298574
82_1,14.85,14.86,-6.265734,53.299472
82_2,14.64,14.83,-6.265676,53.300369
82_3,14.62,14.55,-6.265619,53.301267
82_4,14.9,16.35,-6.265562,53.302165
82_5,15.01,15.02,-6.265504,53.303063
82_6,18.74,14.98,-6.265447,53.303961
82_7,15.26,15.23,-6.265389,53.304859
82_8,15.49,15.39,-6.265332,53.305757
82_9,15.14,15.13,-6.265274,53.306655
82_10,14.79,14.83,-6.265217,53.307552
82_11,14.8,14.8,-6.26516,53.30845
82_12,14.7,14.72,-6.265102,53.309348
82_13,14.75,14.7,-6.265045,53.310246
82_14,14.61,14.6,-6.264987,53.311144
82_15,14.64,14.62,-6.26493,53.312042
82_16,19,17.41,-6.264872,53.31294
82_17,15.23,19.1,-6.264815,53.313837
82_18,15.15,19.09,-6.264758,53.314735
82_19,17.94,18.2,-6.2647,53.315633
82_20,15.55,17.77,-6.264643,53.316531
82_21,15.72,15.81,-6.264585,53.317429
82_22,18.04,19.36,-6.264528,53.318327
82_23,20.9,20.31,-6.26447,53.319225
82_24,16.42,18.83,-6.264413,53.320123
82_25,16.72,16.77,-6.264355,53.32102
82_26,16.89,17,-6.264298,53.321918
82_27,19.64,17.51,-6.264241,53.322816
82_28,17.47,17.39,-6.264183,53.323714
82_29,17.84,17.99,-6.264126,53.324612
82_30,18.3,17.99,-6.264068,53.32551
82_31,19.11,18.8,-6.264011,53.326408
82_32,20.98,20.1,-6.263953,53.327306
82_33,19.56,19.28,-6.263896,53.328203
82_34,19.94,19.6,-6.263838,53.329101
82_35,22.8,29.57,-6.263781,53.329999
82_36,21.11,21,-6.263723,53.330897
82_37,21.19,21.04,-6.263666,53.331795
82_38,29.02,21.41,-6.263608,53.332693
82_39,29.53,22.46,-6.263551,53.333591
82_40,23.55,24.38,-6.263493,53.334488
82_41,25.27,24.3,-6.263436,53.335386
82_42,25.86,23.92,-6.263378,53.336284
82_43,24.63,24.72,-6.263321,53.337182
82_44,25.16,25.19,-6.263263,53.33808
82_45,24.72,24.74,-6.263206,53.338978
82_46,25.07,30.93,-6.263148,53.339876
82_47,27.76,28.27,-6.26309,53.340774
82_48,26.76,26.75,-6.263033,53.341671
82_49,27.74,27.74,-6.262975,53.342569
82_50,26.46,26.89,-6.262918,53.343467
82_51,37.96,28.19,-6.26286,53.344365
82_52,28.42,28.34,-6.262803,53.345263
82_53,34.2,29.67,-6.262745,53.346161
82_54,29.27,29.4,-6.262688,53.347059
82_55,30.57,28.09,-6.26263,53.347956
82_56,27.82,27.73,-6.262573,53.348854
82_57,27.56,27.49,-6.262515,53.349752
82_58,27.48,33.46,-6.262457,53.35065
82_59,27.67,27.76,-6.2624,53.351548
82_60,36.46,26.92,-6.262342,53.352446
82_61,35.53,36.47,-6.262285,53.353344
82_62,25.52,36.47,-6.262227,53.354241
82_63,25.83,24.64,-6.26217,53.355139
82_64,23.34,23.61,-6.262112,53.356037
82_65,23.4,23.25,-6.262054,53.356935
82_66,23.52,23.14,-6.261997,53.357833
82_67,34.05,23.57,-6.261939,53.358731
82_68,24.31,40.61,-6.261882,53.359629
82_69,23.08,23.58,-6.261824,53.360527
82_70,21.68,22.45,-6.261766,53.361424
82_71,22.44,24.65,-6.261709,53.362322
82_72,19.69,19.93,-6.261651,53.36322
82_73,20.71,19.04,-6.261594,53.364118
82_74,18.89,18.95,-6.261536,53.365016
82_75,18.48,18.52,-6.261478,53.365914
82_76,18.12,18.15,-6.261421,53.366812
82_77,19.23,17.86,-6.261363,53.367709
82_78,18.44,18.75,-6.261306,53.368607
82_79,17.29,17.27,-6.261248,53.369505
82_80,17.45,17.49,-6.26119,53.370403
82_81,17.04,17.15,-6.261133,53.371301
82_82,16.73,16.64,-6.261075,53.372199
82_83,16.48,16.47,-6.261017,53.373097
82_84,16.38,16.35,-6.26096,53.373994
82_85,16.36,17.67,-6.260902,53.374892
82_86,16.49,16.47,-6.260844,53.37579
82_87,16.42,16.45,-6.260787,53.376688
82_88,16.51,19.04,-6.260729,53.377586
82_89,16.61,16.51,-6.260671,53.378484
82_90,16.38,16.3,-6.260614,53.379382
82_91,16.16,16.09,-6.260556,53.380279
82_92,15.95,15.96,-6.260498,53.381177
82_93,15.91,15.87,-6.260441,53.382075
82_94,15.89,15.88,-6.260383,53.382973
82_95,15.88,15.88,-6.260325,53.383871
82_96,15.88,15.9,-6.260268,53.384769
82_97,15.8,15.83,-6.26021,53.385667
82_98,15.76,15.74,-6.260152,53.386564
82_99,15.89,15.82,-6.260095,53.387462
82_100,20.55,19.58,-6.260037,53.38836
82_101,15.68,15.65,-6.259979,53.389258
82_102,15.21,15.25,-6.259922,53.390156
82_103,14.97,15.11,-6.259864,53.391054
82_104,14.7,14.64,-6.259806,53.391952
82_105,14.67,14.65,-6.259748,53.392849
82_106,14.46,14.53,-6.259691,53.393747
82_107,14.28,14.39,-6.259633,53.394645
82_108,14.18,14.04,-6.259575,53.395543
82_109,14.04,13.96,-6.259518,53.396441
82_110,13.92,13.95,-6.25946,53.397339
82_111,13.95,14.06,-6.259402,53.398237
82_112,13.96,13.93,-6.259344,53.399134
82_113,14.26,14.29,-6.259287,53.400032
82_114,14.5,14.48,-6.259229,53.40093
82_115,14.22,14.3,-6.259171,53.401828
82_116,14.35,14.4,-6.259113,53.402726
82_117,14.28,14.24,-6.259056,53.403624
82_118,14.11,14.09,-6.258998,53.404521
82_119,14.28,14.62,-6.25894,53.405419
82_120,14.73,14.77,-6.258882,53.406317
82_121,15.24,15.44,-6.258825,53.407215
82_122,16.53,17.02,-6.258767,53.408113
82_123,18.66,18.84,-6.258709,53.409011
82_124,19.8,18.11,-6.258651,53.409909
82_125,16.76,16.64,-6.258594,53.410806
82_126,16.33,16.33,-6.258536,53.411704
83_0,14.7,14.7,-6.264292,53.298539
83_1,14.75,14.77,-6.264235,53.299437
83_2,14.8,14.8,-6.264177,53.300335
83_3,17.04,17.04,-6.26412,53.301233
83_4,14.71,14.73,-6.264063,53.302131
83_5,14.76,14.86,-6.264005,53.303029
83_6,14.94,14.92,-6.263948,53.303927
83_7,15.38,15.38,-6.26389,53.304824
83_8,15.36,15.4,-6.263833,53.305722
83_9,15.08,15.13,-6.263775,53.30662
83_10,14.71,14.59,-6.263718,53.307518
83_11,16.41,14.72,-6.263661,53.308416
83_12,14.68,14.68,-6.263603,53.309314
83_13,14.75,14.8,-6.263546,53.310212
83_14,14.68,14.63,-6.263488,53.311109
83_15,14.72,14.74,-6.263431,53.312007
83_16,15.28,19.28,-6.263373,53.312905
83_17,15.23,15.06,-6.263316,53.313803
83_18,15.09,15.08,-6.263258,53.314701
83_19,16.52,15.27,-6.263201,53.315599
83_20,15.19,15.38,-6.263143,53.316497
83_21,15.27,15.26,-6.263086,53.317395
83_22,15.55,15.26,-6.263028,53.318292
83_23,15.96,15.78,-6.262971,53.31919
83_24,16.22,16.21,-6.262913,53.320088
83_25,16.5,16.41,-6.262856,53.320986
83_26,16.68,16.62,-6.262798,53.321884
83_27,19.5,16.76,-6.262741,53.322782
83_28,16.91,16.93,-6.262683,53.32368
83_29,17.03,16.96,-6.262626,53.324578
83_30,17.5,17.27,-6.262568,53.325475
83_31,18.05,18.04,-6.262511,53.326373
83_32,20.02,19.57,-6.262453,53.327271
83_33,19.09,22,-6.262396,53.328169
83_34,19.84,19.65,-6.262338,53.329067
83_35,22.04,29.64,-6.262281,53.329965
83_36,20.92,20.92,-6.262223,53.330863
83_37,29.43,28.23,-6.262166,53.33176
83_38,28.83,26.09,-6.262108,53.332658
83_39,21.2,26.74,-6.262051,53.333556
83_40,21.32,21.21,-6.261993,53.334454
83_41,22.05,22.1,-6.261936,53.335352
83_42,23.02,23.15,-6.261878,53.33625
83_43,33.85,24.53,-6.261821,53.337148
83_44,24.94,24.65,-6.261763,53.338045
83_45,26.07,26.69,-6.261705,53.338943
83_46,24.96,25.04,-6.261648,53.339841
83_47,25.23,28.27,-6.26159,53.340739
83_48,30.81,30.81,-6.261533,53.341637
83_49,25.49,25.49,-6.261475,53.342535
83_50,25.4,31.69,-6.261418,53.343433
83_51,35.03,27.31,-6.26136,53.344331
83_52,27.56,29.67,-6.261302,53.345228
83_53,28.87,33.45,-6.261245,53.346126
83_54,34.42,33.45,-6.261187,53.347024
83_55,28.77,29.71,-6.26113,53.347922
83_56,28.35,28.86,-6.261072,53.34882
83_57,27.92,28.09,-6.261014,53.349718
83_58,37.62,27.69,-6.260957,53.350616
83_59,38.64,27.16,-6.260899,53.351513
83_60,25.96,30.77,-6.260842,53.352411
83_61,24.94,25.53,-6.260784,53.353309
83_62,24.48,25.27,-6.260726,53.354207
83_63,23.69,23.65,-6.260669,53.355105
83_64,25.19,23.41,-6.260611,53.356003
83_65,22.91,23.08,-6.260554,53.356901
83_66,22.97,23.14,-6.260496,53.357798
83_67,23.64,23.13,-6.260438,53.358696
83_68,27.68,28.26,-6.260381,53.359594
83_69,29.41,45.93,-6.260323,53.360492
83_70,22.8,22.79,-6.260266,53.36139
83_71,21.26,21.33,-6.260208,53.362288
83_72,20.78,21.16,-6.26015,53.363186
83_73,19.91,19.02,-6.260093,53.364083
83_74,19.92,19.02,-6.260035,53.364981
83_75,18.63,18.62,-6.259977,53.365879
83_76,18.25,18.19,-6.25992,53.366777
83_77,18.09,19.32,-6.259862,53.367675
83_78,19.43,17.69,-6.259804,53.368573
83_79,17.63,17.58,-6.259747,53.369471
83_80,17.45,17.36,-6.259689,53.370368
83_81,16.99,16.94,-6.259631,53.371266
83_82,16.66,16.66,-6.259574,53.372164
83_83,16.59,16.56,-6.259516,53.373062
83_84,16.49,16.42,-6.259458,53.37396
83_85,17.79,17.67,-6.259401,53.374858
83_86,16.56,16.59,-6.259343,53.375756
83_87,16.46,16.52,-6.259285,53.376653
83_88,19.46,16.48,-6.259228,53.377551
83_89,16.57,16.56,-6.25917,53.378449
83_90,16.29,16.34,-6.259112,53.379347
83_91,16.05,16.12,-6.259055,53.380245
83_92,15.91,15.98,-6.258997,53.381143
83_93,15.83,15.82,-6.258939,53.382041
83_94,15.78,15.78,-6.258881,53.382938
83_95,15.76,15.77,-6.258824,53.383836
83_96,15.74,15.78,-6.258766,53.384734
83_97,15.78,15.74,-6.258708,53.385632
83_98,15.84,15.81,-6.258651,53.38653
83_99,18.34,15.91,-6.258593,53.387428
83_100,15.85,20.15,-6.258535,53.388326
83_101,15.12,15.02,-6.258477,53.389223
83_102,14.89,14.87,-6.25842,53.390121
83_103,14.72,14.72,-6.258362,53.391019
83_104,14.66,14.64,-6.258304,53.391917
83_105,14.64,14.68,-6.258246,53.392815
83_106,14.54,14.51,-6.258189,53.393713
83_107,14.31,14.28,-6.258131,53.394611
83_108,14.09,14.06,-6.258073,53.395508
83_109,13.87,13.82,-6.258015,53.396406
83_110,14.65,13.76,-6.257958,53.397304
83_111,14.37,14.49,-6.2579,53.398202
83_112,13.93,14.12,-6.257842,53.3991
83_113,17.51,18.53,-6.257784,53.399998
83_114,16.57,16.53,-6.257727,53.400896
83_115,14.48,14.48,-6.257669,53.401793
83_116,14.54,17.48,-6.257611,53.402691
83_117,14.45,14.19,-6.257553,53.403589
83_118,14.12,14.19,-6.257495,53.404487
83_119,13.9,14.03,-6.257438,53.405385
83_120,14.08,13.76,-6.25738,53.406283
83_121,14.65,14.26,-6.257322,53.407181
83_122,16.48,15.57,-6.257264,53.408078
83_123,18.44,17.57,-6.257207,53.408976
83_124,19.9,19.91,-6.257149,53.409874
83_125,16.63,17.82,-6.257091,53.410772
83_126,16.06,16.23,-6.257033,53.41167
84_0,14.63,14.63,-6.262794,53.298505
84_1,14.7,14.72,-6.262736,53.299403
84_2,16.87,14.92,-6.262679,53.300301
84_3,14.64,14.52,-6.262621,53.301198
84_4,14.53,14.53,-6.262564,53.302096
84_5,14.53,14.58,-6.262506,53.302994
84_6,14.8,14.85,-6.262449,53.303892
84_7,17.7,15.28,-6.262391,53.30479
84_8,15.05,15.09,-6.262334,53.305688
84_9,14.63,14.83,-6.262276,53.306586
84_10,14.34,14.28,-6.262219,53.307484
84_11,14.4,14.58,-6.262161,53.308381
84_12,14.79,14.84,-6.262104,53.309279
84_13,18.71,15.11,-6.262046,53.310177
84_14,15.27,15.39,-6.261989,53.311075
84_15,14.98,15.11,-6.261932,53.311973
84_16,15.08,15.14,-6.261874,53.312871
84_17,14.82,14.69,-6.261817,53.313769
84_18,14.79,14.74,-6.261759,53.314667
84_19,14.8,14.8,-6.261701,53.315564
84_20,14.84,14.91,-6.261644,53.316462
84_21,14.94,14.77,-6.261586,53.31736
84_22,15.19,15,-6.261529,53.318258
84_23,15.61,15.52,-6.261471,53.319156
84_24,16.03,15.94,-6.261414,53.320054
84_25,18.4,17.97,-6.261356,53.320952
84_26,16.72,16.71,-6.261299,53.321849
84_27,16.93,16.92,-6.261241,53.322747
84_28,16.97,17.05,-6.261184,53.323645
84_29,16.96,18.09,-6.261126,53.324543
84_30,16.88,16.88,-6.261069,53.325441
84_31,19.64,17.37,-6.261011,53.326339
84_32,19.24,19.57,-6.260954,53.327237
84_33,18.65,18.7,-6.260896,53.328135
84_34,19.75,19.81,-6.260839,53.329032
84_35,31.74,26.51,-6.260781,53.32993
84_36,28.15,21.43,-6.260723,53.330828
84_37,21.37,21.28,-6.260666,53.331726
84_38,25.02,25.48,-6.260608,53.332624
84_39,20.61,20.83,-6.260551,53.333522
84_40,20.77,20.98,-6.260493,53.33442
84_41,21.69,21.99,-6.260436,53.335317
84_42,22.58,23.18,-6.260378,53.336215
84_43,30.15,31.37,-6.26032,53.337113
84_44,25.13,25.14,-6.260263,53.338011
84_45,24.93,24.93,-6.260205,53.338909
84_46,26.52,24.93,-6.260148,53.339807
84_47,25.47,25.19,-6.26009,53.340705
84_48,25.33,25.52,-6.260032,53.341602
84_49,24.64,24.82,-6.259975,53.3425
84_50,37.86,24.6,-6.259917,53.343398
84_51,31.35,25.5,-6.25986,53.344296
84_52,26.72,38.26,-6.259802,53.345194
84_53,28.44,30.43,-6.259744,53.346092
84_54,29.33,36.02,-6.259687,53.34699
84_55,44.49,40.7,-6.259629,53.347888
84_56,39.19,29.39,-6.259572,53.348785
84_57,28.7,28.87,-6.259514,53.349683
84_58,27.56,28.12,-6.259456,53.350581
84_59,25.74,26.74,-6.259399,53.351479
84_60,29.04,26.58,-6.259341,53.352377
84_61,24.21,29.59,-6.259283,53.353275
84_62,23.5,23.76,-6.259226,53.354173
84_63,25.9,23.33,-6.259168,53.35507
84_64,23.33,23.31,-6.259111,53.355968
84_65,29.03,30.19,-6.259053,53.356866
84_66,23.07,23.1,-6.258995,53.357764
84_67,22.23,25.55,-6.258938,53.358662
84_68,26.08,22.4,-6.25888,53.35956
84_69,22.72,23.27,-6.258822,53.360458
84_70,22.28,22.79,-6.258765,53.361355
84_71,21.13,25.29,-6.258707,53.362253
84_72,20.16,20.09,-6.258649,53.363151
84_73,19.48,19.13,-6.258592,53.364049
84_74,19.49,19.41,-6.258534,53.364947
84_75,18.89,18.78,-6.258476,53.365845
84_76,18.59,18.42,-6.258419,53.366743
84_77,18.22,18.04,-6.258361,53.36764
84_78,17.8,18.16,-6.258303,53.368538
84_79,17.61,17.69,-6.258245,53.369436
84_80,17.42,17.51,-6.258188,53.370334
84_81,17.09,17.31,-6.25813,53.371232
84_82,16.71,16.86,-6.258072,53.37213
84_83,16.65,16.62,-6.258015,53.373028
84_84,16.66,16.65,-6.257957,53.373925
84_85,18.16,16.56,-6.257899,53.374823
84_86,16.71,16.75,-6.257842,53.375721
84_87,16.77,16.76,-6.257784,53.376619
84_88,19.22,18.9,-6.257726,53.377517
84_89,16.42,16.56,-6.257668,53.378415
84_90,16.16,16.17,-6.257611,53.379313
84_91,16.03,16.04,-6.257553,53.38021
84_92,15.88,15.91,-6.257495,53.381108
84_93,15.79,15.76,-6.257437,53.382006
84_94,15.73,15.72,-6.25738,53.382904
84_95,15.67,15.67,-6.257322,53.383802
84_96,15.64,15.67,-6.257264,53.3847
84_97,15.66,15.64,-6.257206,53.385598
84_98,15.63,15.61,-6.257149,53.386495
84_99,20.72,20.14,-6.257091,53.387393
84_100,15.29,15.49,-6.257033,53.388291
84_101,16.07,14.92,-6.256975,53.389189
84_102,14.85,14.82,-6.256918,53.390087
84_103,14.83,14.75,-6.25686,53.390985
84_104,14.78,14.69,-6.256802,53.391883
84_105,14.79,14.79,-6.256744,53.39278
84_106,14.62,14.54,-6.256687,53.393678
84_107,14.39,14.3,-6.256629,53.394576
84_108,14.15,14.06,-6.256571,53.395474
84_109,13.9,13.8,-6.256513,53.396372
84_110,13.72,13.8,-6.256455,53.39727
84_111,13.84,13.77,-6.256398,53.398167
84_112,14.11,14.14,-6.25634,53.399065
84_113,17.84,14.51,-6.256282,53.399963
84_114,14.49,14.65,-6.256224,53.400861
84_115,14.31,14.33,-6.256166,53.401759
84_116,14.42,14.5,-6.256109,53.402657
84_117,14.6,16.74,-6.256051,53.403555
84_118,14.12,14.18,-6.255993,53.404452
84_119,13.89,13.98,-6.255935,53.40535
84_120,13.68,13.7,-6.255877,53.406248
84_121,14.44,14.08,-6.25582,53.407146
84_122,16.33,15.94,-6.255762,53.408044
84_123,18.08,17.8,-6.255704,53.408942
84_124,20.35,20.22,-6.255646,53.40984
84_125,16.99,17.3,-6.255588,53.410737
84_126,15.96,16.02,-6.25553,53.411635
85_0,14.56,14.57,-6.261295,53.29847
85_1,16.53,14.68,-6.261237,53.299368
85_2,14.83,14.56,-6.26118,53.300266
85_3,14.49,14.49,-6.261122,53.301164
85_4,14.5,14.51,-6.261065,53.302062
85_5,14.52,14.51,-6.261007,53.30296
85_6,14.64,14.53,-6.26095,53.303858
85_7,14.85,16.39,-6.260892,53.304756
85_8,14.62,14.73,-6.260835,53.305653
85_9,14.42,14.56,-6.260777,53.306551
85_10,14.06,14.24,-6.26072,53.307449
85_11,14.47,14.31,-6.260662,53.308347
85_12,21.1,14.7,-6.260605,53.309245
85_13,15.08,15.11,-6.260547,53.310143
85_14,14.81,14.74,-6.26049,53.311041
85_15,14.58,14.65,-6.260432,53.311938
85_16,14.53,14.61,-6.260375,53.312836
85_17,14.62,14.56,-6.260317,53.313734
85_18,14.58,14.54,-6.26026,53.314632
85_19,14.6,14.59,-6.260202,53.31553
85_20,14.52,14.58,-6.260145,53.316428
85_21,14.54,14.43,-6.260087,53.317326
85_22,14.91,14.9,-6.26003,53.318224
85_23,15.5,15.51,-6.259972,53.319121
85_24,16.88,15.97,-6.259914,53.320019
85_25,18.09,18.25,-6.259857,53.320917
85_26,17.43,17.74,-6.259799,53.321815
85_27,17.89,17.5,-6.259742,53.322713
85_28,18.31,19.43,-6.259684,53.323611
85_29,16.75,16.71,-6.259627,53.324509
85_30,16.68,16.75,-6.259569,53.325406
85_31,17.05,17.23,-6.259511,53.326304
85_32,17.86,17.91,-6.259454,53.327202
85_33,19.1,19.12,-6.259396,53.3281
85_34,19.71,25.13,-6.259339,53.328998
85_35,25.99,25.53,-6.259281,53.329896
85_36,27.9,21.24,-6.259224,53.330794
85_37,21.26,21.24,-6.259166,53.331692
85_38,20.9,21.08,-6.259108,53.332589
85_39,20.5,20.68,-6.259051,53.333487
85_40,20.34,22.53,-6.258993,53.334385
85_41,21.07,20.57,-6.258936,53.335283
85_42,22.45,21.86,-6.258878,53.336181
85_43,24.44,30.7,-6.25882,53.337079
85_44,24.83,24.62,-6.258763,53.337977
85_45,25.02,24.97,-6.258705,53.338874
85_46,30.71,30.79,-6.258647,53.339772
85_47,27.74,25.62,-6.25859,53.34067
85_48,25.06,25.09,-6.258532,53.341568
85_49,24.49,24.55,-6.258475,53.342466
85_50,24.44,31.44,-6.258417,53.343364
85_51,24.98,31.84,-6.258359,53.344262
85_52,26.44,26.26,-6.258302,53.345159
85_53,28.25,28.25,-6.258244,53.346057
85_54,37.83,36.04,-6.258186,53.346955
85_55,39.1,31.12,-6.258129,53.347853
85_56,31.72,31.05,-6.258071,53.348751
85_57,31.31,31.31,-6.258013,53.349649
85_58,26.65,28.07,-6.257956,53.350547
85_59,24.9,24.4,-6.257898,53.351444
85_60,23.84,23.67,-6.25784,53.352342
85_61,25.6,24.31,-6.257783,53.35324
85_62,23.62,23.54,-6.257725,53.354138
85_63,31.71,23.15,-6.257667,53.355036
85_64,24.73,23.04,-6.25761,53.355934
85_65,22.45,22.46,-6.257552,53.356832
85_66,21.87,22.21,-6.257494,53.357729
85_67,21.32,25.28,-6.257437,53.358627
85_68,21.09,20.93,-6.257379,53.359525
85_69,20.6,20.93,-6.257321,53.360423
85_70,19.91,20.93,-6.257264,53.361321
85_71,22.29,19.53,-6.257206,53.362219
85_72,20.09,19.85,-6.257148,53.363117
85_73,30.51,27.99,-6.257091,53.364014
85_74,20.53,20.4,-6.257033,53.364912
85_75,19.48,20.01,-6.256975,53.36581
85_76,18.93,19.07,-6.256917,53.366708
85_77,19.18,18.6,-6.25686,53.367606
85_78,18.55,18.76,-6.256802,53.368504
85_79,17.89,18.1,-6.256744,53.369402
85_80,17.4,17.48,-6.256687,53.370299
85_81,17.14,17.25,-6.256629,53.371197
85_82,16.96,17.26,-6.256571,53.372095
85_83,17,17.11,-6.256513,53.372993
85_84,16.85,16.83,-6.256456,53.373891
85_85,16.9,16.82,-6.256398,53.374789
85_86,16.84,16.88,-6.25634,53.375687
85_87,16.9,16.92,-6.256282,53.376584
85_88,16.91,16.94,-6.256225,53.377482
85_89,16.32,16.37,-6.256167,53.37838
85_90,16.13,16.1,-6.256109,53.379278
85_91,15.98,15.97,-6.256051,53.380176
85_92,15.85,15.84,-6.255994,53.381074
85_93,15.73,15.76,-6.255936,53.381972
85_94,15.67,15.65,-6.255878,53.382869
85_95,15.62,15.61,-6.25582,53.383767
85_96,15.56,15.57,-6.255762,53.384665
85_97,15.57,15.67,-6.255705,53.385563
85_98,15.68,20.19,-6.255647,53.386461
85_99,15.73,15.6,-6.255589,53.387359
85_100,15.22,15.02,-6.255531,53.388257
85_101,14.96,15,-6.255474,53.389154
85_102,15.05,15,-6.255416,53.390052
85_103,15.12,15.09,-6.255358,53.39095
85_104,15.02,14.99,-6.2553,53.391848
85_105,14.9,14.98,-6.255242,53.392746
85_106,14.67,14.76,-6.255185,53.393644
85_107,14.46,14.53,-6.255127,53.394542
85_108,14.24,14.28,-6.255069,53.395439
85_109,14,14.17,-6.255011,53.396337
85_110,13.82,13.86,-6.254953,53.397235
85_111,14.06,13.96,-6.254895,53.398133
85_112,14.34,14.14,-6.254838,53.399031
85_113,14.82,14.82,-6.25478,53.399929
85_114,14.49,14.49,-6.254722,53.400826
85_115,14.58,14.5,-6.254664,53.401724
85_116,14.54,14.52,-6.254606,53.402622
85_117,14.43,14.44,-6.254548,53.40352
85_118,14.15,14.15,-6.254491,53.404418
85_119,13.93,13.92,-6.254433,53.405316
85_120,13.74,13.81,-6.254375,53.406214
85_121,14.13,14.3,-6.254317,53.407111
85_122,15.98,16.18,-6.254259,53.408009
85_123,18.01,18.09,-6.254201,53.408907
85_124,19.98,20.31,-6.254143,53.409805
85_125,18.17,17.65,-6.254086,53.410703
85_126,15.73,15.74,-6.254028,53.411601
86_0,16.85,16.64,-6.259796,53.298436
86_1,14.65,16.65,-6.259739,53.299334
86_2,14.51,14.52,-6.259681,53.300232
86_3,14.47,14.44,-6.259624,53.30113
86_4,14.49,14.48,-6.259566,53.302027
86_5,14.5,14.51,-6.259509,53.302925
86_6,14.52,14.48,-6.259451,53.303823
86_7,14.63,14.64,-6.259393,53.304721
86_8,14.51,14.55,-6.259336,53.305619
86_9,14.41,14.47,-6.259278,53.306517
86_10,14.26,14.29,-6.259221,53.307415
86_11,14.51,14.46,-6.259163,53.308313
86_12,15.05,15.12,-6.259106,53.30921
86_13,14.79,14.93,-6.259048,53.310108
86_14,14.53,14.44,-6.258991,53.311006
86_15,14.32,14.32,-6.258933,53.311904
86_16,14.3,14.36,-6.258876,53.312802
86_17,14.47,14.56,-6.258818,53.3137
86_18,14.44,15.23,-6.25876,53.314598
86_19,14.49,14.5,-6.258703,53.315495
86_20,15.45,14.44,-6.258645,53.316393
86_21,15.44,14.54,-6.258588,53.317291
86_22,14.8,14.93,-6.25853,53.318189
86_23,15.29,15.46,-6.258473,53.319087
86_24,15.73,15.93,-6.258415,53.319985
86_25,18.24,16.18,-6.258357,53.320883
86_26,16.28,16.29,-6.2583,53.321781
86_27,16.36,16.46,-6.258242,53.322678
86_28,16.59,20.27,-6.258185,53.323576
86_29,16.76,19.18,-6.258127,53.324474
86_30,18.48,18.51,-6.258069,53.325372
86_31,17.35,16.94,-6.258012,53.32627
86_32,21.49,19.09,-6.257954,53.327168
86_33,19.24,18.8,-6.257897,53.328066
86_34,19.91,19.67,-6.257839,53.328963
86_35,20.37,21.47,-6.257781,53.329861
86_36,21.04,21.23,-6.257724,53.330759
86_37,21.04,21.11,-6.257666,53.331657
86_38,23.53,21.01,-6.257608,53.332555
86_39,20.75,20.82,-6.257551,53.333453
86_40,20.65,20.96,-6.257493,53.334351
86_41,21.38,21.48,-6.257436,53.335248
86_42,39.79,39.79,-6.257378,53.336146
86_43,24.68,24.55,-6.25732,53.337044
86_44,24.89,25.08,-6.257263,53.337942
86_45,27.37,27.26,-6.257205,53.33884
86_46,25.33,25.36,-6.257147,53.339738
86_47,25.25,25.46,-6.25709,53.340636
86_48,31.84,27.28,-6.257032,53.341534
86_49,24.61,24.65,-6.256974,53.342431
86_50,24.23,23.98,-6.256917,53.343329
86_51,24.45,24.97,-6.256859,53.344227
86_52,25.69,26.14,-6.256801,53.345125
86_53,28.08,28.4,-6.256744,53.346023
86_54,28.58,29.2,-6.256686,53.346921
86_55,29.51,31.12,-6.256628,53.347819
86_56,28.34,30.5,-6.256571,53.348716
86_57,27.27,27.05,-6.256513,53.349614
86_58,30.47,25.88,-6.256455,53.350512
86_59,25.1,24.65,-6.256398,53.35141
86_60,23.83,23.45,-6.25634,53.352308
86_61,28.67,23.45,-6.256282,53.353206
86_62,23.6,40.71,-6.256224,53.354104
86_63,22.96,25.84,-6.256167,53.355001
86_64,22.28,22.23,-6.256109,53.355899
86_65,21.51,23,-6.256051,53.356797
86_66,20.88,21.42,-6.255994,53.357695
86_67,25.98,20.69,-6.255936,53.358593
86_68,20.46,20.43,-6.255878,53.359491
86_69,20.1,20.34,-6.25582,53.360389
86_70,19.48,19.85,-6.255763,53.361286
86_71,19.24,19.15,-6.255705,53.362184
86_72,22.64,22.17,-6.255647,53.363082
86_73,19.35,19.52,-6.255589,53.36398
86_74,19.79,20.4,-6.255532,53.364878
86_75,20.42,19.64,-6.255474,53.365776
86_76,20.18,20.25,-6.255416,53.366674
86_77,36.38,29.55,-6.255359,53.367571
86_78,30.21,24.13,-6.255301,53.368469
86_79,18.53,18.67,-6.255243,53.369367
86_80,17.98,17.94,-6.255185,53.370265
86_81,17.95,17.46,-6.255127,53.371163
86_82,17.85,18.22,-6.25507,53.372061
86_83,17.6,17.55,-6.255012,53.372959
86_84,17.17,18.81,-6.254954,53.373856
86_85,16.97,17.7,-6.254896,53.374754
86_86,17.57,17.01,-6.254839,53.375652
86_87,17.11,17.21,-6.254781,53.37655
86_88,16.97,16.78,-6.254723,53.377448
86_89,16.4,16.23,-6.254665,53.378346
86_90,16.13,16.03,-6.254608,53.379243
86_91,15.96,15.9,-6.25455,53.380141
86_92,15.81,15.77,-6.254492,53.381039
86_93,15.68,15.77,-6.254434,53.381937
86_94,15.63,15.63,-6.254376,53.382835
86_95,15.57,15.59,-6.254319,53.383733
86_96,15.54,15.55,-6.254261,53.384631
86_97,15.78,15.74,-6.254203,53.385528
86_98,16.08,20.77,-6.254145,53.386426
86_99,15.7,15.84,-6.254087,53.387324
86_100,15.32,15.44,-6.254029,53.388222
86_101,15.15,16,-6.253972,53.38912
86_102,15.16,15.18,-6.253914,53.390018
86_103,15.2,15.17,-6.253856,53.390916
86_104,15.15,15.2,-6.253798,53.391813
86_105,14.93,14.97,-6.25374,53.392711
86_106,14.75,14.76,-6.253682,53.393609
86_107,14.71,14.7,-6.253625,53.394507
86_108,14.56,14.48,-6.253567,53.395405
86_109,14.36,14.43,-6.253509,53.396303
86_110,14.04,14.06,-6.253451,53.397201
86_111,14.21,14.17,-6.253393,53.398098
86_112,14.49,14.43,-6.253335,53.398996
86_113,14.71,14.76,-6.253277,53.399894
86_114,14.69,14.68,-6.25322,53.400792
86_115,14.6,14.6,-6.253162,53.40169
86_116,14.52,14.47,-6.253104,53.402588
86_117,14.43,14.4,-6.253046,53.403485
86_118,17.11,16.91,-6.252988,53.404383
86_119,14.14,14,-6.25293,53.405281
86_120,13.96,14.37,-6.252872,53.406179
86_121,14.66,14.93,-6.252814,53.407077
86_122,15.37,16.18,-6.252757,53.407975
86_123,17.5,18.33,-6.252699,53.408873
86_124,19.87,19.99,-6.252641,53.40977
86_125,18.87,17.99,-6.252583,53.410668
86_126,16.64,17.99,-6.252525,53.411566
87_0,14.7,14.72,-6.258297,53.298402
87_1,14.64,14.65,-6.25824,53.299299
87_2,14.52,14.54,-6.258182,53.300197
87_3,14.44,14.44,-6.258125,53.301095
87_4,14.41,14.41,-6.258067,53.301993
87_5,14.39,14.41,-6.25801,53.302891
87_6,16.06,16.11,-6.257952,53.303789
87_7,14.52,14.51,-6.257895,53.304687
87_8,14.42,14.42,-6.257837,53.305584
87_9,14.31,14.35,-6.257779,53.306482
87_10,14.22,14.26,-6.257722,53.30738
87_11,14.53,17.29,-6.257664,53.308278
87_12,14.88,14.84,-6.257607,53.309176
87_13,14.57,14.65,-6.257549,53.310074
87_14,14.36,14.32,-6.257491,53.310972
87_15,14.27,14.26,-6.257434,53.31187
87_16,14.2,14.22,-6.257376,53.312767
87_17,14.88,15.14,-6.257319,53.313665
87_18,14.38,14.41,-6.257261,53.314563
87_19,14.48,14.52,-6.257204,53.315461
87_20,14.67,14.66,-6.257146,53.316359
87_21,14.6,14.66,-6.257088,53.317257
87_22,14.68,14.62,-6.257031,53.318155
87_23,14.97,14.82,-6.256973,53.319052
87_24,15.4,15.26,-6.256915,53.31995
87_25,15.8,15.57,-6.256858,53.320848
87_26,16.02,15.87,-6.2568,53.321746
87_27,16.37,16.01,-6.256743,53.322644
87_28,16.32,16.2,-6.256685,53.323542
87_29,19.85,17.52,-6.256627,53.32444
87_30,17.39,17.41,-6.25657,53.325337
87_31,17.94,17.68,-6.256512,53.326235
87_32,18.59,20.61,-6.256454,53.327133
87_33,18.82,18.84,-6.256397,53.328031
87_34,20.5,20.5,-6.256339,53.328929
87_35,20.41,20.95,-6.256281,53.329827
87_36,20.76,20.75,-6.256224,53.330725
87_37,21.29,21.37,-6.256166,53.331623
87_38,23.39,23.39,-6.256109,53.33252
87_39,20.97,20.93,-6.256051,53.333418
87_40,22.84,20.96,-6.255993,53.334316
87_41,34.81,23.33,-6.255936,53.335214
87_42,24.09,24.17,-6.255878,53.336112
87_43,24.56,36.73,-6.25582,53.33701
87_44,30.94,25.18,-6.255762,53.337908
87_45,34.26,25.47,-6.255705,53.338805
87_46,25.29,31.05,-6.255647,53.339703
87_47,25.12,25.15,-6.255589,53.340601
87_48,27.22,25.6,-6.255532,53.341499
87_49,33.45,25.48,-6.255474,53.342397
87_50,25.07,24.95,-6.255416,53.343295
87_51,24.91,24.72,-6.255359,53.344193
87_52,30.95,46.44,-6.255301,53.34509
87_53,41.69,46.44,-6.255243,53.345988
87_54,44.83,44.16,-6.255186,53.346886
87_55,29.27,33.71,-6.255128,53.347784
87_56,35.37,28.87,-6.25507,53.348682
87_57,28.28,28.42,-6.255012,53.34958
87_58,26.58,27.03,-6.254955,53.350478
87_59,38.72,26.04,-6.254897,53.351375
87_60,24.81,25.03,-6.254839,53.352273
87_61,26.07,23.56,-6.254781,53.353171
87_62,22.22,22.72,-6.254724,53.354069
87_63,25.56,21.74,-6.254666,53.354967
87_64,21.38,21.47,-6.254608,53.355865
87_65,21.73,20.87,-6.254551,53.356763
87_66,20.43,20.59,-6.254493,53.35766
87_67,23.72,20.53,-6.254435,53.358558
87_68,19.8,19.74,-6.254377,53.359456
87_69,19.84,19.86,-6.25432,53.360354
87_70,19.36,19.4,-6.254262,53.361252
87_71,19.06,18.97,-6.254204,53.36215
87_72,20.95,18.85,-6.254146,53.363048
87_73,18.37,18.41,-6.254088,53.363945
87_74,18.22,18.66,-6.254031,53.364843
87_75,18.8,18.75,-6.253973,53.365741
87_76,19.51,19.48,-6.253915,53.366639
87_77,19.05,19.52,-6.253857,53.367537
87_78,22.53,24.13,-6.2538,53.368435
87_79,19.17,18.93,-6.253742,53.369333
87_80,18.82,34.92,-6.253684,53.37023
87_81,29.1,18.69,-6.253626,53.371128
87_82,18.72,30.54,-6.253568,53.372026
87_83,18.12,17.99,-6.253511,53.372924
87_84,19.24,17.5,-6.253453,53.373822
87_85,17.5,17.5,-6.253395,53.37472
87_86,17.36,17.8,-6.253337,53.375618
87_87,19.83,17.44,-6.253279,53.376515
87_88,16.97,17.27,-6.253222,53.377413
87_89,16.66,16.74,-6.253164,53.378311
87_90,16.34,16.54,-6.253106,53.379209
87_91,16.07,16.19,-6.253048,53.380107
87_92,15.78,15.84,-6.25299,53.381005
87_93,15.64,15.71,-6.252932,53.381902
87_94,15.57,15.57,-6.252875,53.3828
87_95,15.55,15.55,-6.252817,53.383698
87_96,15.66,15.56,-6.252759,53.384596
87_97,19.75,15.74,-6.252701,53.385494
87_98,16.11,16.04,-6.252643,53.386392
87_99,15.74,15.77,-6.252585,53.38729
87_100,15.33,15.4,-6.252528,53.388187
87_101,16.28,16.36,-6.25247,53.389085
87_102,15.25,15.26,-6.252412,53.389983
87_103,15.24,15.24,-6.252354,53.390881
87_104,15.21,15.19,-6.252296,53.391779
87_105,14.95,14.89,-6.252238,53.392677
87_106,14.83,14.84,-6.25218,53.393575
87_107,14.8,14.78,-6.252123,53.394472
87_108,14.76,14.73,-6.252065,53.39537
87_109,14.64,14.66,-6.252007,53.396268
87_110,14.31,15.04,-6.251949,53.397166
87_111,14.89,14.72,-6.251891,53.398064
87_112,14.64,14.62,-6.251833,53.398962
87_113,14.71,14.66,-6.251775,53.399859
87_114,14.64,14.61,-6.251717,53.400757
87_115,14.54,14.54,-6.251659,53.401655
87_116,14.46,14.47,-6.251602,53.402553
87_117,14.37,14.37,-6.251544,53.403451
87_118,14.33,14.3,-6.251486,53.404349
87_119,16.54,14.36,-6.251428,53.405247
87_120,14.26,14.31,-6.25137,53.406144
87_121,15,14.9,-6.251312,53.407042
87_122,15.65,15.46,-6.251254,53.40794
87_123,17.42,16.35,-6.251196,53.408838
87_124,19.54,19.07,-6.251138,53.409736
87_125,19.15,19.69,-6.25108,53.410634
87_126,17.08,17.7,-6.251022,53.411531
88_0,14.68,14.67,-6.256799,53.298367
88_1,14.61,14.62,-6.256741,53.299265
88_2,14.55,14.54,-6.256684,53.300163
88_3,14.39,14.31,-6.256626,53.301061
88_4,14.29,14.29,-6.256568,53.301959
88_5,15.93,14.31,-6.256511,53.302856
88_6,14.43,14.38,-6.256453,53.303754
88_7,14.4,14.37,-6.256396,53.304652
88_8,14.31,14.3,-6.256338,53.30555
88_9,14.27,14.24,-6.25628,53.306448
88_10,14.49,14.74,-6.256223,53.307346
88_11,18.11,20.31,-6.256165,53.308244
88_12,14.87,20.31,-6.256108,53.309141
88_13,14.39,14.59,-6.25605,53.310039
88_14,14.29,14.34,-6.255992,53.310937
88_15,14.21,14.22,-6.255935,53.311835
88_16,14.12,14.16,-6.255877,53.312733
88_17,14.68,14.1,-6.255819,53.313631
88_18,14.25,14.17,-6.255762,53.314529
88_19,14.36,14.3,-6.255704,53.315426
88_20,15.12,15.2,-6.255647,53.316324
88_21,14.69,14.66,-6.255589,53.317222
88_22,14.68,14.71,-6.255531,53.31812
88_23,14.93,14.88,-6.255474,53.319018
88_24,15.23,15.14,-6.255416,53.319916
88_25,15.63,15.6,-6.255358,53.320814
88_26,15.95,15.94,-6.255301,53.321712
88_27,16.14,16.12,-6.255243,53.322609
88_28,16.18,16.2,-6.255185,53.323507
88_29,17.22,17.41,-6.255128,53.324405
88_30,21.59,21.14,-6.25507,53.325303
88_31,18.34,18.34,-6.255012,53.326201
88_32,18.6,18.6,-6.254955,53.327099
88_33,18.88,18.93,-6.254897,53.327997
88_34,20.77,20.72,-6.254839,53.328894
88_35,19.64,20.4,-6.254782,53.329792
88_36,20.34,20.57,-6.254724,53.33069
88_37,25.42,25.05,-6.254666,53.331588
88_38,21.77,21.75,-6.254609,53.332486
88_39,21.75,21.57,-6.254551,53.333384
88_40,22.81,35.29,-6.254493,53.334282
88_41,23.13,23.09,-6.254435,53.335179
88_42,23.11,23.38,-6.254378,53.336077
88_43,23.75,24.07,-6.25432,53.336975
88_44,24.76,24.27,-6.254262,53.337873
88_45,25.37,25.16,-6.254205,53.338771
88_46,25.01,25.15,-6.254147,53.339669
88_47,25,25,-6.254089,53.340567
88_48,25.44,25.11,-6.254032,53.341464
88_49,26.26,31.15,-6.253974,53.342362
88_50,25.4,25.87,-6.253916,53.34326
88_51,25.61,25.21,-6.253858,53.344158
88_52,38.88,39.85,-6.253801,53.345056
88_53,31.16,30.79,-6.253743,53.345954
88_54,28.54,28.54,-6.253685,53.346852
88_55,28.25,34.09,-6.253627,53.347749
88_56,28.84,28.89,-6.25357,53.348647
88_57,41.78,44.01,-6.253512,53.349545
88_58,26.91,27.16,-6.253454,53.350443
88_59,29.72,25.91,-6.253396,53.351341
88_60,24.38,24.18,-6.253339,53.352239
88_61,22.89,22.89,-6.253281,53.353137
88_62,21.75,21.8,-6.253223,53.354034
88_63,21.6,21.38,-6.253165,53.354932
88_64,23.72,21.18,-6.253108,53.35583
88_65,20.66,20.6,-6.25305,53.356728
88_66,20.46,20.43,-6.252992,53.357626
88_67,20.34,19.93,-6.252934,53.358524
88_68,19.56,19.49,-6.252876,53.359422
88_69,19.56,19.64,-6.252819,53.360319
88_70,22.73,20.26,-6.252761,53.361217
88_71,19.63,19.58,-6.252703,53.362115
88_72,18.53,18.47,-6.252645,53.363013
88_73,18.35,18.28,-6.252587,53.363911
88_74,18.15,18.1,-6.25253,53.364809
88_75,18,18,-6.252472,53.365707
88_76,18.69,18.62,-6.252414,53.366604
88_77,18.39,18.62,-6.252356,53.367502
88_78,21.22,18.35,-6.252298,53.3684
88_79,18.04,17.9,-6.252241,53.369298
88_80,19.24,17.93,-6.252183,53.370196
88_81,18.58,18.2,-6.252125,53.371094
88_82,19.26,19.63,-6.252067,53.371992
88_83,19.34,19,-6.252009,53.372889
88_84,26.17,26.74,-6.251951,53.373787
88_85,18.42,18.35,-6.251894,53.374685
88_86,18.07,18.53,-6.251836,53.375583
88_87,17.89,18.15,-6.251778,53.376481
88_88,17.25,17.37,-6.25172,53.377379
88_89,16.91,16.9,-6.251662,53.378276
88_90,16.6,16.7,-6.251604,53.379174
88_91,16.29,16.35,-6.251547,53.380072
88_92,15.97,15.99,-6.251489,53.38097
88_93,15.7,15.64,-6.251431,53.381868
88_94,15.67,15.69,-6.251373,53.382766
88_95,15.81,15.83,-6.251315,53.383664
88_96,15.94,15.9,-6.251257,53.384561
88_97,16.23,19.72,-6.251199,53.385459
88_98,15.84,15.72,-6.251141,53.386357
88_99,15.54,15.46,-6.251084,53.387255
88_100,15.33,15.29,-6.251026,53.388153
88_101,15.37,16.36,-6.250968,53.389051
88_102,15.35,15.41,-6.25091,53.389949
88_103,15.4,15.95,-6.250852,53.390846
88_104,15.26,15.17,-6.250794,53.391744
88_105,14.95,14.97,-6.250736,53.392642
88_106,14.92,14.92,-6.250678,53.39354
88_107,14.88,14.86,-6.25062,53.394438
88_108,14.86,14.81,-6.250563,53.395336
88_109,14.87,14.92,-6.250505,53.396233
88_110,14.7,14.92,-6.250447,53.397131
88_111,14.7,14.63,-6.250389,53.398029
88_112,15.02,14.69,-6.250331,53.398927
88_113,14.6,14.7,-6.250273,53.399825
88_114,14.52,14.52,-6.250215,53.400723
88_115,14.46,14.48,-6.250157,53.401621
88_116,14.38,14.44,-6.250099,53.402518
88_117,14.28,14.27,-6.250041,53.403416
88_118,14.28,14.25,-6.249983,53.404314
88_119,14.41,14.4,-6.249925,53.405212
88_120,14.72,14.31,-6.249867,53.40611
88_121,15.24,15.21,-6.249809,53.407008
88_122,15.73,15.68,-6.249751,53.407905
88_123,16.69,16.4,-6.249694,53.408803
88_124,19.41,19.27,-6.249636,53.409701
88_125,18.73,18.49,-6.249578,53.410599
88_126,16.47,16.47,-6.24952,53.411497
89_0,14.66,14.63,-6.2553,53.298333
89_1,14.63,14.58,-6.255242,53.29923
89_2,14.63,14.53,-6.255185,53.300128
89_3,14.61,14.63,-6.255127,53.301026
89_4,14.52,14.63,-6.255069,53.301924
89_5,14.37,14.38,-6.255012,53.302822
89_6,14.35,14.4,-6.254954,53.30372
89_7,14.3,14.3,-6.254897,53.304618
89_8,14.38,14.34,-6.254839,53.305515
89_9,14.54,14.43,-6.254781,53.306413
89_10,15.93,18.24,-6.254724,53.307311
89_11,14.99,14.92,-6.254666,53.308209
89_12,14.83,15.03,-6.254608,53.309107
89_13,14.45,14.45,-6.254551,53.310005
89_14,14.35,14.39,-6.254493,53.310903
89_15,14.24,14.27,-6.254435,53.311801
89_16,14.11,14.13,-6.254378,53.312698
89_17,14.84,14.01,-6.25432,53.313596
89_18,14.76,14.84,-6.254263,53.314494
89_19,14.96,15.09,-6.254205,53.315392
89_20,15.31,15.23,-6.254147,53.31629
89_21,14.74,14.72,-6.25409,53.317188
89_22,14.76,14.74,-6.254032,53.318086
89_23,14.9,14.92,-6.253974,53.318983
89_24,15.92,15.21,-6.253916,53.319881
89_25,16.21,15.6,-6.253859,53.320779
89_26,15.91,15.99,-6.253801,53.321677
89_27,16.19,16.23,-6.253743,53.322575
89_28,16.49,17.21,-6.253686,53.323473
89_29,18.85,23.13,-6.253628,53.324371
89_30,18.66,18.58,-6.25357,53.325268
89_31,18.31,18.36,-6.253513,53.326166
89_32,18.58,18.64,-6.253455,53.327064
89_33,18.85,18.96,-6.253397,53.327962
89_34,19.1,20.43,-6.25334,53.32886
89_35,19.55,20.64,-6.253282,53.329758
89_36,22.33,20.64,-6.253224,53.330656
89_37,21.29,20.97,-6.253166,53.331553
89_38,24.69,26.16,-6.253109,53.332451
89_39,22.46,27.85,-6.253051,53.333349
89_40,22.84,22.61,-6.252993,53.334247
89_41,25.94,25.61,-6.252935,53.335145
89_42,26.8,26.39,-6.252878,53.336043
89_43,23.8,23.67,-6.25282,53.336941
89_44,37.27,24.27,-6.252762,53.337838
89_45,33.75,25.01,-6.252705,53.338736
89_46,24.72,30.21,-6.252647,53.339634
89_47,24.85,24.81,-6.252589,53.340532
89_48,25.14,34.34,-6.252531,53.34143
89_49,26.01,26.09,-6.252474,53.342328
89_50,25.99,25.94,-6.252416,53.343226
89_51,25.98,25.8,-6.252358,53.344123
89_52,29.48,26.35,-6.2523,53.345021
89_53,30.91,29.5,-6.252242,53.345919
89_54,28.21,26.33,-6.252185,53.346817
89_55,27.52,27.49,-6.252127,53.347715
89_56,28.93,33.65,-6.252069,53.348613
89_57,39.55,27.61,-6.252011,53.349511
89_58,26.41,26.43,-6.251954,53.350408
89_59,25.38,25.32,-6.251896,53.351306
89_60,24.23,23.87,-6.251838,53.352204
89_61,22.95,22.62,-6.25178,53.353102
89_62,22.97,21.47,-6.251722,53.354
89_63,21.13,21.38,-6.251665,53.354898
89_64,21.16,24.24,-6.251607,53.355796
89_65,20.9,20.8,-6.251549,53.356693
89_66,25.75,25.82,-6.251491,53.357591
89_67,19.82,19.64,-6.251433,53.358489
89_68,19.55,19.64,-6.251376,53.359387
89_69,19.3,19.41,-6.251318,53.360285
89_70,19.11,19.38,-6.25126,53.361183
89_71,18.78,18.8,-6.251202,53.362081
89_72,18.45,18.46,-6.251144,53.362978
89_73,18.34,18.38,-6.251086,53.363876
89_74,18.15,18.24,-6.251029,53.364774
89_75,17.99,18.02,-6.250971,53.365672
89_76,17.87,17.9,-6.250913,53.36657
89_77,19.5,17.96,-6.250855,53.367468
89_78,18,18.04,-6.250797,53.368366
89_79,17.66,17.62,-6.250739,53.369263
89_80,17.64,17.6,-6.250682,53.370161
89_81,17.75,17.79,-6.250624,53.371059
89_82,17.94,18.39,-6.250566,53.371957
89_83,18.52,18.35,-6.250508,53.372855
89_84,18.79,18.79,-6.25045,53.373753
89_85,18.61,18.95,-6.250392,53.37465
89_86,23.77,21.92,-6.250334,53.375548
89_87,22.86,29.86,-6.250276,53.376446
89_88,17.94,17.82,-6.250219,53.377344
89_89,17.22,17.06,-6.250161,53.378242
89_90,16.83,16.89,-6.250103,53.37914
89_91,16.56,16.53,-6.250045,53.380038
89_92,16.27,16.18,-6.249987,53.380935
89_93,15.94,15.81,-6.249929,53.381833
89_94,16.42,16.48,-6.249871,53.382731
89_95,15.87,16,-6.249813,53.383629
89_96,18.85,17.71,-6.249755,53.384527
89_97,17.74,15.85,-6.249698,53.385425
89_98,17.28,16.95,-6.24964,53.386323
89_99,15.53,15.47,-6.249582,53.38722
89_100,15.41,15.47,-6.249524,53.388118
89_101,15.57,15.38,-6.249466,53.389016
89_102,16.48,17.58,-6.249408,53.389914
89_103,15.68,16.86,-6.24935,53.390812
89_104,15.5,15.67,-6.249292,53.39171
89_105,15.09,15.36,-6.249234,53.392607
89_106,15.01,15.11,-6.249176,53.393505
89_107,14.99,15.01,-6.249118,53.394403
89_108,14.97,14.96,-6.24906,53.395301
89_109,14.98,15.04,-6.249002,53.396199
89_110,15.01,15.04,-6.248945,53.397097
89_111,17.2,14.94,-6.248887,53.397995
89_112,15.07,16.94,-6.248829,53.398892
89_113,14.55,14.61,-6.248771,53.39979
89_114,14.43,14.44,-6.248713,53.400688
89_115,14.36,14.37,-6.248655,53.401586
89_116,14.3,14.31,-6.248597,53.402484
89_117,14.23,14.24,-6.248539,53.403382
89_118,14.32,14.33,-6.248481,53.404279
89_119,14.52,14.49,-6.248423,53.405177
89_120,14.55,14.67,-6.248365,53.406075
89_121,15.23,15.27,-6.248307,53.406973
89_122,15.84,15.91,-6.248249,53.407871
89_123,16.33,16.44,-6.248191,53.408769
89_124,18.93,19.53,-6.248133,53.409667
89_125,18.53,17.26,-6.248075,53.410564
89_126,16.01,15.87,-6.248017,53.411462
90_0,14.87,15.04,-6.253801,53.298298
90_1,14.98,14.97,-6.253744,53.299196
90_2,14.98,14.81,-6.253686,53.300094
90_3,14.91,14.95,-6.253628,53.300992
90_4,14.59,14.71,-6.253571,53.301889
90_5,14.39,14.39,-6.253513,53.302787
90_6,14.33,14.31,-6.253455,53.303685
90_7,14.4,14.47,-6.253398,53.304583
90_8,16,16,-6.25334,53.305481
90_9,14.9,17.46,-6.253282,53.306379
90_10,14.71,14.49,-6.253225,53.307277
90_11,15.04,14.97,-6.253167,53.308175
90_12,14.63,14.67,-6.253109,53.309072
90_13,14.51,14.5,-6.253052,53.30997
90_14,14.42,14.44,-6.252994,53.310868
90_15,14.33,14.33,-6.252936,53.311766
90_16,14.15,14.13,-6.252879,53.312664
90_17,14.21,14.08,-6.252821,53.313562
90_18,14.23,14.3,-6.252763,53.31446
90_19,14.41,14.45,-6.252706,53.315357
90_20,14.64,14.69,-6.252648,53.316255
90_21,14.88,14.72,-6.25259,53.317153
90_22,14.69,15.41,-6.252532,53.318051
90_23,15.86,15.76,-6.252475,53.318949
90_24,15.18,16.09,-6.252417,53.319847
90_25,15.54,18,-6.252359,53.320745
90_26,15.97,16.09,-6.252302,53.321642
90_27,16.25,16.33,-6.252244,53.32254
90_28,16.5,16.33,-6.252186,53.323438
90_29,17.74,19.08,-6.252128,53.324336
90_30,18.17,19.67,-6.252071,53.325234
90_31,18.39,21.57,-6.252013,53.326132
90_32,18.57,18.46,-6.251955,53.32703
90_33,18.89,19.36,-6.251897,53.327927
90_34,19.3,19.29,-6.25184,53.328825
90_35,19.79,19.64,-6.251782,53.329723
90_36,25.74,20.35,-6.251724,53.330621
90_37,23.94,21.37,-6.251667,53.331519
90_38,24.9,24.9,-6.251609,53.332417
90_39,22.18,22.26,-6.251551,53.333315
90_40,26.73,26.89,-6.251493,53.334212
90_41,23.09,24.03,-6.251435,53.33511
90_42,23.31,23.23,-6.251378,53.336008
90_43,23.76,23.75,-6.25132,53.336906
90_44,24.04,33.44,-6.251262,53.337804
90_45,24.44,24.25,-6.251204,53.338702
90_46,26.67,26.67,-6.251147,53.3396
90_47,28.11,28.13,-6.251089,53.340497
90_48,31.69,34.34,-6.251031,53.341395
90_49,26.24,26.26,-6.250973,53.342293
90_50,26.39,26.39,-6.250915,53.343191
90_51,26.87,26.65,-6.250858,53.344089
90_52,26.59,25.79,-6.2508,53.344987
90_53,25.66,25.49,-6.250742,53.345885
90_54,25.72,26.06,-6.250684,53.346782
90_55,27.21,27.96,-6.250626,53.34768
90_56,27.57,26.58,-6.250569,53.348578
90_57,26.68,26.49,-6.250511,53.349476
90_58,27.15,33.91,-6.250453,53.350374
90_59,28.49,25.26,-6.250395,53.351272
90_60,24.82,41.7,-6.250337,53.35217
90_61,23.27,27.1,-6.25028,53.353067
90_62,21.86,24.48,-6.250222,53.353965
90_63,23.43,21.36,-6.250164,53.354863
90_64,20.98,21.12,-6.250106,53.355761
90_65,21.09,21.14,-6.250048,53.356659
90_66,21.01,28.01,-6.24999,53.357557
90_67,19.92,20.29,-6.249933,53.358455
90_68,19.31,19.21,-6.249875,53.359352
90_69,19.12,19.13,-6.249817,53.36025
90_70,18.98,19.06,-6.249759,53.361148
90_71,18.69,18.69,-6.249701,53.362046
90_72,18.19,18.19,-6.249643,53.362944
90_73,18.15,18.18,-6.249585,53.363842
90_74,18.12,18.17,-6.249528,53.36474
90_75,17.98,17.94,-6.24947,53.365637
90_76,17.98,21.23,-6.249412,53.366535
90_77,18.12,18.12,-6.249354,53.367433
90_78,17.94,17.99,-6.249296,53.368331
90_79,18.51,17.66,-6.249238,53.369229
90_80,17.54,17.52,-6.24918,53.370127
90_81,17.61,17.65,-6.249122,53.371024
90_82,17.72,17.78,-6.249065,53.371922
90_83,17.98,18.01,-6.249007,53.37282
90_84,18.26,18.19,-6.248949,53.373718
90_85,17.96,17.95,-6.248891,53.374616
90_86,21.31,21.92,-6.248833,53.375514
90_87,19.2,19.09,-6.248775,53.376412
90_88,18.8,18.75,-6.248717,53.377309
90_89,18.04,17.57,-6.248659,53.378207
90_90,17.63,17.59,-6.248601,53.379105
90_91,16.96,16.87,-6.248543,53.380003
90_92,16.67,16.87,-6.248485,53.380901
90_93,16.14,16.43,-6.248428,53.381799
90_94,16.06,16.21,-6.24837,53.382697
90_95,16.27,16.28,-6.248312,53.383594
90_96,16.57,16.77,-6.248254,53.384492
90_97,16.04,16.24,-6.248196,53.38539
90_98,16.05,16.21,-6.248138,53.386288
90_99,15.49,15.74,-6.24808,53.387186
90_100,15.55,15.49,-6.248022,53.388084
90_101,15.78,15.63,-6.247964,53.388981
90_102,15.96,17.78,-6.247906,53.389879
90_103,15.9,15.95,-6.247848,53.390777
90_104,15.86,15.89,-6.24779,53.391675
90_105,15.41,15.36,-6.247732,53.392573
90_106,15.26,15.34,-6.247674,53.393471
90_107,15.18,15.19,-6.247616,53.394369
90_108,15.1,15.05,-6.247558,53.395266
90_109,15.21,15.46,-6.2475,53.396164
90_110,15.3,15.42,-6.247442,53.397062
90_111,15.37,15.37,-6.247384,53.39796
90_112,15.01,14.93,-6.247326,53.398858
90_113,14.69,14.72,-6.247268,53.399756
90_114,14.46,14.46,-6.24721,53.400653
90_115,14.4,14.38,-6.247152,53.401551
90_116,14.33,14.31,-6.247094,53.402449
90_117,14.27,14.26,-6.247036,53.403347
90_118,15.67,17.29,-6.246978,53.404245
90_119,14.23,14.37,-6.24692,53.405143
90_120,14.3,14.56,-6.246862,53.40604
90_121,14.92,15.05,-6.246804,53.406938
90_122,15.59,15.81,-6.246746,53.407836
90_123,16.08,16.56,-6.246688,53.408734
90_124,18.62,16.56,-6.24663,53.409632
90_125,19.2,19.88,-6.246572,53.41053
90_126,16.42,16.99,-6.246514,53.411428
91_0,14.91,14.92,-6.252303,53.298263
91_1,18.44,15.18,-6.252245,53.299161
91_2,15.11,15.1,-6.252187,53.300059
91_3,14.99,15.01,-6.252129,53.300957
91_4,14.73,14.73,-6.252072,53.301855
91_5,14.41,14.39,-6.252014,53.302753
91_6,15.77,14.41,-6.251956,53.303651
91_7,14.6,14.51,-6.251899,53.304549
91_8,14.58,14.58,-6.251841,53.305446
91_9,14.59,14.65,-6.251783,53.306344
91_10,14.57,14.49,-6.251726,53.307242
91_11,14.7,14.76,-6.251668,53.30814
91_12,14.85,14.73,-6.25161,53.309038
91_13,14.59,14.52,-6.251553,53.309936
91_14,14.45,14.41,-6.251495,53.310834
91_15,14.36,14.33,-6.251437,53.311731
91_16,14.29,14.26,-6.251379,53.312629
91_17,14.22,14.2,-6.251322,53.313527
91_18,14.31,14.42,-6.251264,53.314425
91_19,14.48,14.42,-6.251206,53.315323
91_20,14.57,14.55,-6.251149,53.316221
91_21,14.87,14.73,-6.251091,53.317119
91_22,14.87,14.74,-6.251033,53.318016
91_23,14.91,14.86,-6.250975,53.318914
91_24,15.15,15.06,-6.250918,53.319812
91_25,15.47,15.36,-6.25086,53.32071
91_26,15.86,15.82,-6.250802,53.321608
91_27,19.1,16.2,-6.250744,53.322506
91_28,16.81,16.59,-6.250687,53.323404
91_29,17.41,25.42,-6.250629,53.324301
91_30,17.75,17.59,-6.250571,53.325199
91_31,20.23,20.09,-6.250513,53.326097
91_32,18.73,19.26,-6.250456,53.326995
91_33,19.17,19.3,-6.250398,53.327893
91_34,19.68,19.73,-6.25034,53.328791
91_35,27.31,27.31,-6.250282,53.329689
91_36,20.87,26.89,-6.250224,53.330586
91_37,21.13,20.89,-6.250167,53.331484
91_38,27.94,28.06,-6.250109,53.332382
91_39,23.3,26.55,-6.250051,53.33328
91_40,22.21,22.38,-6.249993,53.334178
91_41,22.69,22.57,-6.249935,53.335076
91_42,25.19,25.3,-6.249878,53.335974
91_43,23.38,29.34,-6.24982,53.336871
91_44,23.77,23.95,-6.249762,53.337769
91_45,23.91,26.25,-6.249704,53.338667
91_46,24.07,24.06,-6.249646,53.339565
91_47,26.35,26.43,-6.249589,53.340463
91_48,24.81,35.85,-6.249531,53.341361
91_49,25.44,25.42,-6.249473,53.342259
91_50,26.05,35,-6.249415,53.343156
91_51,38.6,35,-6.249357,53.344054
91_52,28.57,26.92,-6.2493,53.344952
91_53,25.31,31.65,-6.249242,53.34585
91_54,25.46,25.27,-6.249184,53.346748
91_55,25.89,25.81,-6.249126,53.347646
91_56,26.26,26.08,-6.249068,53.348544
91_57,25.09,25.22,-6.24901,53.349441
91_58,25.11,25.17,-6.248952,53.350339
91_59,25.2,25.46,-6.248895,53.351237
91_60,24.45,24.01,-6.248837,53.352135
91_61,29.53,32.92,-6.248779,53.353033
91_62,22.44,22.69,-6.248721,53.353931
91_63,21.22,22.18,-6.248663,53.354829
91_64,21.2,33.7,-6.248605,53.355726
91_65,21.03,20.92,-6.248547,53.356624
91_66,28.7,29.2,-6.24849,53.357522
91_67,20.05,20.18,-6.248432,53.35842
91_68,19.17,19.15,-6.248374,53.359318
91_69,18.8,18.8,-6.248316,53.360216
91_70,18.77,18.82,-6.248258,53.361113
91_71,20.07,18.69,-6.2482,53.362011
91_72,18.04,17.91,-6.248142,53.362909
91_73,17.78,17.79,-6.248084,53.363807
91_74,17.7,17.86,-6.248027,53.364705
91_75,17.66,20.83,-6.247969,53.365603
91_76,18.06,17.92,-6.247911,53.366501
91_77,17.82,17.84,-6.247853,53.367398
91_78,17.71,17.79,-6.247795,53.368296
91_79,17.49,17.31,-6.247737,53.369194
91_80,17.39,17.37,-6.247679,53.370092
91_81,17.33,17.37,-6.247621,53.37099
91_82,17.53,17.61,-6.247563,53.371888
91_83,17.54,17.65,-6.247505,53.372786
91_84,17.68,17.65,-6.247447,53.373683
91_85,17.53,17.59,-6.247389,53.374581
91_86,17.89,20.71,-6.247332,53.375479
91_87,17.85,17.72,-6.247274,53.376377
91_88,18.04,17.77,-6.247216,53.377275
91_89,19.01,18.72,-6.247158,53.378173
91_90,18.67,18.57,-6.2471,53.37907
91_91,17.9,18.7,-6.247042,53.379968
91_92,17.28,17.6,-6.246984,53.380866
91_93,18.01,16.66,-6.246926,53.381764
91_94,17.28,17.39,-6.246868,53.382662
91_95,17.32,17.48,-6.24681,53.38356
91_96,16.57,16.72,-6.246752,53.384458
91_97,16.33,16.24,-6.246694,53.385355
91_98,16.42,16.55,-6.246636,53.386253
91_99,15.86,15.99,-6.246578,53.387151
91_100,15.87,15.83,-6.24652,53.388049
91_101,16.01,15.89,-6.246462,53.388947
91_102,19.48,16.4,-6.246404,53.389845
91_103,21.17,20.72,-6.246346,53.390742
91_104,22.44,16.12,-6.246288,53.39164
91_105,21.27,15.61,-6.24623,53.392538
91_106,17.27,17.58,-6.246172,53.393436
91_107,15.46,15.49,-6.246114,53.394334
91_108,15.5,15.42,-6.246056,53.395232
91_109,15.63,15.46,-6.245998,53.39613
91_110,15.79,18.16,-6.24594,53.397027
91_111,16.13,15.8,-6.245882,53.397925
91_112,15.25,15.03,-6.245824,53.398823
91_113,14.87,14.83,-6.245766,53.399721
91_114,14.65,14.56,-6.245708,53.400619
91_115,14.42,14.39,-6.24565,53.401517
91_116,14.37,14.39,-6.245592,53.402414
91_117,14.35,14.45,-6.245534,53.403312
91_118,16.47,15.96,-6.245476,53.40421
91_119,14.32,14.44,-6.245418,53.405108
91_120,14.03,14.15,-6.24536,53.406006
91_121,14.16,14.08,-6.245302,53.406904
91_122,14.48,14.24,-6.245244,53.407801
91_123,15.06,14.93,-6.245186,53.408699
91_124,18.57,17.33,-6.245128,53.409597
91_125,19.48,20.23,-6.24507,53.410495
91_126,16.87,17.03,-6.245012,53.411393
92_0,16.64,18.69,-6.250804,53.298229
92_1,15.13,15.12,-6.250746,53.299127
92_2,14.93,15.03,-6.250688,53.300025
92_3,14.91,14.82,-6.250631,53.300923
92_4,14.88,14.88,-6.250573,53.30182
92_5,14.62,14.48,-6.250515,53.302718
92_6,14.74,14.46,-6.250458,53.303616
92_7,14.88,14.31,-6.2504,53.304514
92_8,14.33,14.37,-6.250342,53.305412
92_9,14.44,14.49,-6.250284,53.30631
92_10,14.42,14.27,-6.250227,53.307208
92_11,14.46,14.48,-6.250169,53.308105
92_12,20.63,14.64,-6.250111,53.309003
92_13,14.83,14.94,-6.250053,53.309901
92_14,14.64,14.64,-6.249996,53.310799
92_15,14.45,14.65,-6.249938,53.311697
92_16,14.29,14.32,-6.24988,53.312595
92_17,14.23,14.25,-6.249822,53.313493
92_18,14.38,14.34,-6.249765,53.31439
92_19,14.43,14.39,-6.249707,53.315288
92_20,14.51,14.44,-6.249649,53.316186
92_21,14.61,14.68,-6.249591,53.317084
92_22,14.79,14.82,-6.249534,53.317982
92_23,14.94,14.93,-6.249476,53.31888
92_24,15.13,15.11,-6.249418,53.319778
92_25,15.55,15.42,-6.24936,53.320675
92_26,16.04,16.08,-6.249303,53.321573
92_27,16.48,16.51,-6.249245,53.322471
92_28,16.88,16.93,-6.249187,53.323369
92_29,16.91,17.25,-6.249129,53.324267
92_30,17.32,17.38,-6.249071,53.325165
92_31,18.17,18.25,-6.249014,53.326063
92_32,21.72,20.94,-6.248956,53.32696
92_33,19.31,19.3,-6.248898,53.327858
92_34,19.96,20.16,-6.24884,53.328756
92_35,24.61,23.78,-6.248782,53.329654
92_36,20.18,20.39,-6.248725,53.330552
92_37,20.43,20.46,-6.248667,53.33145
92_38,20.77,21.07,-6.248609,53.332348
92_39,21.47,21.6,-6.248551,53.333245
92_40,21.71,21.96,-6.248493,53.334143
92_41,22.01,22.12,-6.248435,53.335041
92_42,22.63,24.45,-6.248378,53.335939
92_43,23.32,24.45,-6.24832,53.336837
92_44,26.7,27.03,-6.248262,53.337735
92_45,25.94,26.36,-6.248204,53.338633
92_46,23.53,23.59,-6.248146,53.33953
92_47,27.33,25.48,-6.248088,53.340428
92_48,23.79,24.02,-6.248031,53.341326
92_49,24.2,23.63,-6.247973,53.342224
92_50,24.85,24.48,-6.247915,53.343122
92_51,25.77,25.9,-6.247857,53.34402
92_52,25.9,26.92,-6.247799,53.344918
92_53,24.98,24.91,-6.247741,53.345815
92_54,26.72,25.06,-6.247683,53.346713
92_55,25.67,25.59,-6.247626,53.347611
92_56,25.72,25.42,-6.247568,53.348509
92_57,26.36,26.43,-6.24751,53.349407
92_58,24.16,24.17,-6.247452,53.350305
92_59,23.94,24.21,-6.247394,53.351202
92_60,23.67,23.12,-6.247336,53.3521
92_61,23.24,22.89,-6.247278,53.352998
92_62,22.52,31.53,-6.24722,53.353896
92_63,29.84,22.56,-6.247163,53.354794
92_64,21.24,21.31,-6.247105,53.355692
92_65,20.7,20.59,-6.247047,53.35659
92_66,20.39,20.4,-6.246989,53.357487
92_67,27.46,20.07,-6.246931,53.358385
92_68,19.38,19.22,-6.246873,53.359283
92_69,18.59,18.32,-6.246815,53.360181
92_70,18.28,18.49,-6.246757,53.361079
92_71,18.39,18.44,-6.246699,53.361977
92_72,17.8,17.67,-6.246641,53.362875
92_73,17.61,17.54,-6.246583,53.363772
92_74,17.44,17.39,-6.246525,53.36467
92_75,21.29,17.59,-6.246468,53.365568
92_76,17.72,17.49,-6.24641,53.366466
92_77,17.55,17.58,-6.246352,53.367364
92_78,17.3,17.5,-6.246294,53.368262
92_79,17.1,16.92,-6.246236,53.369159
92_80,16.98,16.8,-6.246178,53.370057
92_81,17.14,17.07,-6.24612,53.370955
92_82,17.27,19.89,-6.246062,53.371853
92_83,17.31,17.4,-6.246004,53.372751
92_84,17.26,17.3,-6.245946,53.373649
92_85,20.14,17.46,-6.245888,53.374547
92_86,17.73,17.81,-6.24583,53.375444
92_87,17.6,17.57,-6.245772,53.376342
92_88,17.5,17.5,-6.245714,53.37724
92_89,17.68,17.77,-6.245656,53.378138
92_90,18.18,18.58,-6.245598,53.379036
92_91,18.6,18.19,-6.24554,53.379934
92_92,24.73,24.73,-6.245482,53.380831
92_93,18.68,18.34,-6.245424,53.381729
92_94,23.18,18.2,-6.245366,53.382627
92_95,17.9,18.04,-6.245308,53.383525
92_96,17.17,17.07,-6.24525,53.384423
92_97,16.72,16.6,-6.245192,53.385321
92_98,16.75,16.78,-6.245134,53.386219
92_99,16.33,16.35,-6.245076,53.387116
92_100,20.77,20.77,-6.245018,53.388014
92_101,16.41,16.34,-6.24496,53.388912
92_102,16.29,16.33,-6.244902,53.38981
92_103,16.63,16.48,-6.244844,53.390708
92_104,16.24,16.32,-6.244786,53.391606
92_105,15.94,15.93,-6.244728,53.392503
92_106,15.95,15.97,-6.24467,53.393401
92_107,15.85,15.97,-6.244612,53.394299
92_108,15.93,15.88,-6.244554,53.395197
92_109,16,15.94,-6.244496,53.396095
92_110,16.32,16.05,-6.244438,53.396993
92_111,18.35,16.45,-6.24438,53.397891
92_112,15.66,17.9,-6.244322,53.398788
92_113,17.46,15.85,-6.244264,53.399686
92_114,15.1,18.6,-6.244206,53.400584
92_115,14.79,14.95,-6.244148,53.401482
92_116,14.61,14.57,-6.24409,53.40238
92_117,14.56,14.68,-6.244032,53.403278
92_118,14.63,14.65,-6.243974,53.404175
92_119,14.33,14.39,-6.243915,53.405073
92_120,14.06,14.1,-6.243857,53.405971
92_121,14.07,14.04,-6.243799,53.406869
92_122,14.21,14.19,-6.243741,53.407767
92_123,14.96,14.57,-6.243683,53.408665
92_124,18.19,17.93,-6.243625,53.409562
92_125,19.89,19.6,-6.243567,53.41046
92_126,17.28,17.31,-6.243509,53.411358
93_0,14.93,14.82,-6.249305,53.298194
93_1,14.74,14.77,-6.249247,53.299092
93_2,14.72,14.77,-6.24919,53.29999
93_3,14.67,14.68,-6.249132,53.300888
93_4,15.32,14.68,-6.249074,53.301786
93_5,14.53,14.69,-6.249016,53.302684
93_6,14.26,14.33,-6.248959,53.303582
93_7,14.9,14.89,-6.248901,53.304479
93_8,15.18,15.18,-6.248843,53.305377
93_9,14.96,14.38,-6.248785,53.306275
93_10,14.5,14.45,-6.248728,53.307173
93_11,14.62,14.46,-6.24867,53.308071
93_12,14.77,14.69,-6.248612,53.308969
93_13,15.12,15.05,-6.248554,53.309867
93_14,15.13,14.94,-6.248497,53.310764
93_15,14.95,15.14,-6.248439,53.311662
93_16,14.74,14.84,-6.248381,53.31256
93_17,14.27,14.25,-6.248323,53.313458
93_18,14.29,14.34,-6.248265,53.314356
93_19,14.3,14.3,-6.248208,53.315254
93_20,14.36,14.36,-6.24815,53.316152
93_21,14.64,14.59,-6.248092,53.317049
93_22,14.88,14.91,-6.248034,53.317947
93_23,14.97,14.99,-6.247976,53.318845
93_24,15.14,15.16,-6.247919,53.319743
93_25,15.61,15.62,-6.247861,53.320641
93_26,16.11,21.88,-6.247803,53.321539
93_27,16.71,16.93,-6.247745,53.322437
93_28,16.71,16.64,-6.247687,53.323334
93_29,16.35,16.51,-6.24763,53.324232
93_30,17.09,17.34,-6.247572,53.32513
93_31,17.87,18.21,-6.247514,53.326028
93_32,18.7,18.96,-6.247456,53.326926
93_33,19.43,19.53,-6.247398,53.327824
93_34,25.17,21.16,-6.24734,53.328722
93_35,20.67,21.16,-6.247283,53.329619
93_36,20.79,20.82,-6.247225,53.330517
93_37,20.25,20.15,-6.247167,53.331415
93_38,20.5,20.42,-6.247109,53.332313
93_39,23.41,24.12,-6.247051,53.333211
93_40,24.71,23.57,-6.246993,53.334109
93_41,21.12,27.47,-6.246935,53.335007
93_42,21.9,21.41,-6.246878,53.335904
93_43,22.39,22.26,-6.24682,53.336802
93_44,24.31,23.77,-6.246762,53.3377
93_45,23.38,23.33,-6.246704,53.338598
93_46,25.38,26.3,-6.246646,53.339496
93_47,23.43,23.47,-6.246588,53.340394
93_48,24.64,23.43,-6.24653,53.341291
93_49,23.35,23.13,-6.246472,53.342189
93_50,28.74,26.45,-6.246415,53.343087
93_51,24.5,28.81,-6.246357,53.343985
93_52,24.22,28.55,-6.246299,53.344883
93_53,29.07,24.08,-6.246241,53.345781
93_54,25.69,25.69,-6.246183,53.346679
93_55,25.46,25.52,-6.246125,53.347576
93_56,37.59,25.42,-6.246067,53.348474
93_57,27.21,28.01,-6.246009,53.349372
93_58,28.41,23.76,-6.245951,53.35027
93_59,23.15,23.4,-6.245894,53.351168
93_60,22.36,21.54,-6.245836,53.352066
93_61,21.61,21.38,-6.245778,53.352964
93_62,26.36,29.62,-6.24572,53.353861
93_63,22.22,38.65,-6.245662,53.354759
93_64,28.05,20.86,-6.245604,53.355657
93_65,20.61,20.38,-6.245546,53.356555
93_66,20.03,19.93,-6.245488,53.357453
93_67,19.47,19.93,-6.24543,53.358351
93_68,19.42,19.32,-6.245372,53.359248
93_69,18.78,26.67,-6.245314,53.360146
93_70,17.98,18.24,-6.245256,53.361044
93_71,18.11,18.36,-6.245198,53.361942
93_72,17.69,17.85,-6.24514,53.36284
93_73,17.68,17.73,-6.245082,53.363738
93_74,17.73,21.42,-6.245024,53.364636
93_75,17.55,17.59,-6.244966,53.365533
93_76,17.44,17.41,-6.244909,53.366431
93_77,17.27,17.31,-6.244851,53.367329
93_78,17.07,17.11,-6.244793,53.368227
93_79,16.87,16.9,-6.244735,53.369125
93_80,16.67,16.69,-6.244677,53.370023
93_81,16.63,16.59,-6.244619,53.370921
93_82,17.18,17.04,-6.244561,53.371818
93_83,17.49,17.54,-6.244503,53.372716
93_84,17.51,17.58,-6.244445,53.373614
93_85,18.27,18.25,-6.244387,53.374512
93_86,17.82,17.74,-6.244329,53.37541
93_87,17.53,17.53,-6.244271,53.376308
93_88,17.41,17.38,-6.244213,53.377205
93_89,17.38,17.41,-6.244155,53.378103
93_90,17.61,17.7,-6.244097,53.379001
93_91,17.75,17.83,-6.244039,53.379899
93_92,18.6,18.75,-6.243981,53.380797
93_93,18.42,18.61,-6.243923,53.381695
93_94,18.67,18.2,-6.243865,53.382593
93_95,31.23,30.84,-6.243807,53.38349
93_96,24.55,29.02,-6.243749,53.384388
93_97,28.99,17.11,-6.24369,53.385286
93_98,17.16,17.42,-6.243632,53.386184
93_99,17.67,17.42,-6.243574,53.387082
93_100,16.81,16.87,-6.243516,53.38798
93_101,16.63,16.61,-6.243458,53.388877
93_102,16.54,21.11,-6.2434,53.389775
93_103,16.67,16.72,-6.243342,53.390673
93_104,16.45,16.69,-6.243284,53.391571
93_105,16.12,16.08,-6.243226,53.392469
93_106,16.24,16.39,-6.243168,53.393367
93_107,16.07,16.16,-6.24311,53.394264
93_108,16.05,16.08,-6.243052,53.395162
93_109,15.93,15.92,-6.242994,53.39606
93_110,15.98,16.51,-6.242936,53.396958
93_111,16.45,16.48,-6.242878,53.397856
93_112,16.18,16.12,-6.24282,53.398754
93_113,15.89,15.85,-6.242762,53.399652
93_114,15.62,15.63,-6.242703,53.400549
93_115,18.73,18.73,-6.242645,53.401447
93_116,15.11,14.95,-6.242587,53.402345
93_117,14.78,14.98,-6.242529,53.403243
93_118,14.81,14.8,-6.242471,53.404141
93_119,14.42,14.38,-6.242413,53.405039
93_120,14.07,14.06,-6.242355,53.405936
93_121,14,13.99,-6.242297,53.406834
93_122,14.19,14.3,-6.242239,53.407732
93_123,14.86,15.41,-6.242181,53.40863
93_124,18.17,18.58,-6.242122,53.409528
93_125,20.36,19.54,-6.242064,53.410426
93_126,17.12,16.9,-6.242006,53.411323
94_0,15.04,15.23,-6.247806,53.29816
94_1,14.8,14.82,-6.247749,53.299058
94_2,14.77,14.72,-6.247691,53.299955
94_3,14.72,14.95,-6.247633,53.300853
94_4,15.26,15.34,-6.247575,53.301751
94_5,14.61,14.66,-6.247518,53.302649
94_6,14.39,14.39,-6.24746,53.303547
94_7,14.55,14.72,-6.247402,53.304445
94_8,14.63,14.68,-6.247344,53.305343
94_9,14.58,14.56,-6.247286,53.30624
94_10,14.58,14.53,-6.247229,53.307138
94_11,14.37,14.43,-6.247171,53.308036
94_12,14.56,14.59,-6.247113,53.308934
94_13,15.01,15.07,-6.247055,53.309832
94_14,15.36,15.31,-6.246997,53.31073
94_15,15.31,15.23,-6.24694,53.311628
94_16,15.34,15.31,-6.246882,53.312525
94_17,18.99,14.77,-6.246824,53.313423
94_18,14.7,14.49,-6.246766,53.314321
94_19,14.58,14.62,-6.246708,53.315219
94_20,14.54,14.54,-6.24665,53.316117
94_21,14.76,14.77,-6.246593,53.317015
94_22,14.92,14.97,-6.246535,53.317913
94_23,15.01,15.05,-6.246477,53.31881
94_24,15.22,15.36,-6.246419,53.319708
94_25,15.75,15.82,-6.246361,53.320606
94_26,19.89,20.7,-6.246303,53.321504
94_27,18.87,16.55,-6.246246,53.322402
94_28,16.58,16.7,-6.246188,53.3233
94_29,16.35,16.45,-6.24613,53.324198
94_30,16.67,16.47,-6.246072,53.325095
94_31,17.62,17.2,-6.246014,53.325993
94_32,18.51,18.16,-6.245956,53.326891
94_33,19.47,18.93,-6.245898,53.327789
94_34,21.37,20.71,-6.245841,53.328687
94_35,20.35,20.56,-6.245783,53.329585
94_36,20.02,19.96,-6.245725,53.330483
94_37,22.04,21.43,-6.245667,53.33138
94_38,20.43,20.4,-6.245609,53.332278
94_39,21.74,21.74,-6.245551,53.333176
94_40,20.53,26.89,-6.245493,53.334074
94_41,20.43,20.87,-6.245435,53.334972
94_42,21.59,21.5,-6.245378,53.33587
94_43,21.66,21.66,-6.24532,53.336768
94_44,22.49,24.47,-6.245262,53.337665
94_45,23.38,23.33,-6.245204,53.338563
94_46,23.81,23.85,-6.245146,53.339461
94_47,23.21,24.06,-6.245088,53.340359
94_48,23.11,23.15,-6.24503,53.341257
94_49,28.32,22.53,-6.244972,53.342155
94_50,22.85,34.82,-6.244914,53.343053
94_51,23.13,23.28,-6.244856,53.34395
94_52,23.94,25.43,-6.244798,53.344848
94_53,23.21,23.15,-6.244741,53.345746
94_54,23.87,24.2,-6.244683,53.346644
94_55,25.09,32.07,-6.244625,53.347542
94_56,24.88,25.16,-6.244567,53.34844
94_57,25.03,23.08,-6.244509,53.349337
94_58,22.73,22.67,-6.244451,53.350235
94_59,22.41,22.67,-6.244393,53.351133
94_60,21.37,22.25,-6.244335,53.352031
94_61,28.83,27.64,-6.244277,53.352929
94_62,20.66,20.75,-6.244219,53.353827
94_63,20.5,20.74,-6.244161,53.354725
94_64,20.53,19.84,-6.244103,53.355622
94_65,20.56,21.32,-6.244045,53.35652
94_66,20.21,20.51,-6.243987,53.357418
94_67,19.48,19.68,-6.243929,53.358316
94_68,19.02,19.05,-6.243871,53.359214
94_69,18.76,18.77,-6.243813,53.360112
94_70,18.19,18.32,-6.243755,53.36101
94_71,18.6,18.27,-6.243697,53.361907
94_72,17.96,24.32,-6.243639,53.362805
94_73,17.9,17.84,-6.243581,53.363703
94_74,17.5,17.57,-6.243523,53.364601
94_75,17.38,17.46,-6.243465,53.365499
94_76,17.44,17.47,-6.243407,53.366397
94_77,17.38,17.39,-6.243349,53.367294
94_78,17.11,17.09,-6.243291,53.368192
94_79,16.9,16.9,-6.243233,53.36909
94_80,16.68,16.64,-6.243175,53.369988
94_81,16.43,16.38,-6.243117,53.370886
94_82,16.66,16.99,-6.243059,53.371784
94_83,18.92,17.84,-6.243001,53.372682
94_84,22.4,23,-6.242943,53.373579
94_85,22.91,24.42,-6.242885,53.374477
94_86,18.04,17.89,-6.242827,53.375375
94_87,17.77,20.22,-6.242769,53.376273
94_88,17.35,17.21,-6.242711,53.377171
94_89,17.15,17.29,-6.242653,53.378069
94_90,17.41,17.57,-6.242595,53.378966
94_91,17.43,17.33,-6.242537,53.379864
94_92,17.93,17.46,-6.242479,53.380762
94_93,22.27,17.95,-6.242421,53.38166
94_94,18.38,21.79,-6.242363,53.382558
94_95,18.78,17.6,-6.242305,53.383456
94_96,18.32,17.88,-6.242247,53.384353
94_97,18.49,18.78,-6.242189,53.385251
94_98,18.04,18.25,-6.242131,53.386149
94_99,17.49,17.46,-6.242073,53.387047
94_100,22.29,17.51,-6.242015,53.387945
94_101,23.81,23.81,-6.241956,53.388843
94_102,21.95,16.89,-6.241898,53.389741
94_103,20.04,22.37,-6.24184,53.390638
94_104,23.2,23.2,-6.241782,53.391536
94_105,17.13,16.97,-6.241724,53.392434
94_106,16.46,16.78,-6.241666,53.393332
94_107,16.32,16.33,-6.241608,53.39423
94_108,16.28,16.18,-6.24155,53.395128
94_109,16.55,16.25,-6.241492,53.396025
94_110,17.94,18.65,-6.241434,53.396923
94_111,17.2,17.34,-6.241376,53.397821
94_112,16.7,16.47,-6.241317,53.398719
94_113,15.9,15.88,-6.241259,53.399617
94_114,15.64,15.6,-6.241201,53.400515
94_115,15.3,15.27,-6.241143,53.401412
94_116,18.51,17.6,-6.241085,53.40231
94_117,15.22,14.98,-6.241027,53.403208
94_118,15.07,14.97,-6.240969,53.404106
94_119,14.61,14.47,-6.240911,53.405004
94_120,14.2,14.01,-6.240852,53.405902
94_121,13.93,14.17,-6.240794,53.4068
94_122,14.33,14.51,-6.240736,53.407697
94_123,14.68,14.51,-6.240678,53.408595
94_124,18,16.24,-6.24062,53.409493
94_125,20.3,18.91,-6.240562,53.410391
94_126,17.9,19.18,-6.240504,53.411289
95_0,18.82,15.35,-6.246308,53.298125
95_1,19.53,19.53,-6.24625,53.299023
95_2,18.24,18.83,-6.246192,53.299921
95_3,18.56,14.95,-6.246134,53.300819
95_4,15.33,15.45,-6.246076,53.301717
95_5,15.19,15.17,-6.246019,53.302614
95_6,15.45,15.26,-6.245961,53.303512
95_7,18.92,15.16,-6.245903,53.30441
95_8,16.61,17.12,-6.245845,53.305308
95_9,16.78,16.74,-6.245787,53.306206
95_10,14.87,14.7,-6.24573,53.307104
95_11,14.66,14.71,-6.245672,53.308002
95_12,14.81,14.85,-6.245614,53.308899
95_13,17.67,15.19,-6.245556,53.309797
95_14,14.89,15.07,-6.245498,53.310695
95_15,15.09,15.15,-6.24544,53.311593
95_16,15.08,14.98,-6.245383,53.312491
95_17,14.87,14.88,-6.245325,53.313389
95_18,14.83,14.88,-6.245267,53.314287
95_19,14.91,14.74,-6.245209,53.315184
95_20,19.25,14.92,-6.245151,53.316082
95_21,18.72,14.85,-6.245093,53.31698
95_22,15.13,14.89,-6.245035,53.317878
95_23,15.37,15.43,-6.244978,53.318776
95_24,15.55,15.51,-6.24492,53.319674
95_25,21.61,15.84,-6.244862,53.320572
95_26,16.39,16.19,-6.244804,53.321469
95_27,16.42,16.33,-6.244746,53.322367
95_28,16.49,18.9,-6.244688,53.323265
95_29,16.33,16.28,-6.24463,53.324163
95_30,16.53,16.51,-6.244572,53.325061
95_31,17.17,17.03,-6.244515,53.325959
95_32,18.12,18.04,-6.244457,53.326857
95_33,24.43,26.3,-6.244399,53.327754
95_34,20.21,19.61,-6.244341,53.328652
95_35,19.86,19.81,-6.244283,53.32955
95_36,22.63,22.63,-6.244225,53.330448
95_37,22.07,22.58,-6.244167,53.331346
95_38,23.21,23.41,-6.244109,53.332244
95_39,20.18,20.19,-6.244051,53.333142
95_40,20.23,20.28,-6.243993,53.334039
95_41,23.61,20.87,-6.243935,53.334937
95_42,20.2,21.2,-6.243878,53.335835
95_43,21.24,23.35,-6.24382,53.336733
95_44,22.13,22.42,-6.243762,53.337631
95_45,33.72,23.18,-6.243704,53.338529
95_46,23.66,30.51,-6.243646,53.339426
95_47,23.2,30.2,-6.243588,53.340324
95_48,22.7,34.13,-6.24353,53.341222
95_49,22.17,22.01,-6.243472,53.34212
95_50,28.33,22.01,-6.243414,53.343018
95_51,21.71,22.12,-6.243356,53.343916
95_52,22.02,21.81,-6.243298,53.344814
95_53,22.32,22.26,-6.24324,53.345711
95_54,23.22,24.6,-6.243182,53.346609
95_55,24.91,24.18,-6.243124,53.347507
95_56,24.57,24.96,-6.243066,53.348405
95_57,23.96,23.83,-6.243008,53.349303
95_58,21.78,21.97,-6.24295,53.350201
95_59,21.05,21.23,-6.242892,53.351099
95_60,24.42,21.03,-6.242834,53.351996
95_61,20.07,19.75,-6.242776,53.352894
95_62,19.5,19.48,-6.242718,53.353792
95_63,19.39,19.61,-6.24266,53.35469
95_64,19.08,18.69,-6.242602,53.355588
95_65,19.96,19.74,-6.242544,53.356486
95_66,20.3,20.3,-6.242486,53.357383
95_67,19.6,19.86,-6.242428,53.358281
95_68,18.96,19.21,-6.24237,53.359179
95_69,18.36,18.27,-6.242312,53.360077
95_70,18.24,18.28,-6.242254,53.360975
95_71,27.9,26.03,-6.242196,53.361873
95_72,18.67,18.55,-6.242138,53.362771
95_73,17.81,17.64,-6.24208,53.363668
95_74,17.33,17.33,-6.242022,53.364566
95_75,17.32,17.33,-6.241964,53.365464
95_76,17.44,17.55,-6.241906,53.366362
95_77,17.61,17.51,-6.241848,53.36726
95_78,17.29,17.15,-6.24179,53.368158
95_79,16.99,16.87,-6.241732,53.369055
95_80,16.72,16.77,-6.241674,53.369953
95_81,16.7,16.65,-6.241616,53.370851
95_82,16.67,16.65,-6.241558,53.371749
95_83,17.72,19.86,-6.2415,53.372647
95_84,22.81,22.99,-6.241442,53.373545
95_85,17.86,18.04,-6.241384,53.374443
95_86,17.55,17.85,-6.241326,53.37534
95_87,17.63,18.37,-6.241268,53.376238
95_88,17.55,17.34,-6.24121,53.377136
95_89,20.87,20.95,-6.241152,53.378034
95_90,19.55,17.18,-6.241094,53.378932
95_91,17.16,21.88,-6.241036,53.37983
95_92,17.31,17.34,-6.240977,53.380727
95_93,24.69,22.69,-6.240919,53.381625
95_94,17.47,18.06,-6.240861,53.382523
95_95,17.03,17.42,-6.240803,53.383421
95_96,17.25,17.08,-6.240745,53.384319
95_97,17.18,17.45,-6.240687,53.385217
95_98,17.28,17.58,-6.240629,53.386114
95_99,16.6,16.56,-6.240571,53.387012
95_100,16.95,16.93,-6.240513,53.38791
95_101,16.54,16.75,-6.240455,53.388808
95_102,16.31,16.25,-6.240396,53.389706
95_103,16.9,16.91,-6.240338,53.390604
95_104,17.45,17.49,-6.24028,53.391501
95_105,17.36,17.61,-6.240222,53.392399
95_106,17.19,16.74,-6.240164,53.393297
95_107,16.71,16.78,-6.240106,53.394195
95_108,16.76,16.86,-6.240048,53.395093
95_109,17.96,18.05,-6.23999,53.395991
95_110,20.01,20.61,-6.239931,53.396889
95_111,19.63,19.54,-6.239873,53.397786
95_112,18.39,17.02,-6.239815,53.398684
95_113,16.24,15.8,-6.239757,53.399582
95_114,15.6,15.39,-6.239699,53.40048
95_115,15.12,15.39,-6.239641,53.401378
95_116,15.12,15.09,-6.239583,53.402276
95_117,15.12,14.89,-6.239524,53.403173
95_118,15.23,15.21,-6.239466,53.404071
95_119,18.62,18.35,-6.239408,53.404969
95_120,14.46,17.54,-6.23935,53.405867
95_121,14.49,14.79,-6.239292,53.406765
95_122,14.59,14.68,-6.239234,53.407663
95_123,14.89,14.76,-6.239175,53.40856
95_124,16.48,16.52,-6.239117,53.409458
95_125,19.34,18.87,-6.239059,53.410356
95_126,17.67,17.91,-6.239001,53.411254
96_0,15.14,15.01,-6.244809,53.298091
96_1,14.99,14.98,-6.244751,53.298988
96_2,15.05,15.21,-6.244693,53.299886
96_3,15.17,15.34,-6.244635,53.300784
96_4,15.66,15.61,-6.244578,53.301682
96_5,15.4,15.39,-6.24452,53.30258
96_6,15.35,15.36,-6.244462,53.303478
96_7,15.29,15.16,-6.244404,53.304376
96_8,16.41,15.05,-6.244346,53.305273
96_9,14.89,14.83,-6.244288,53.306171
96_10,14.73,14.83,-6.244231,53.307069
96_11,14.68,14.68,-6.244173,53.307967
96_12,14.76,14.67,-6.244115,53.308865
96_13,17.13,14.83,-6.244057,53.309763
96_14,14.83,14.95,-6.243999,53.310661
96_15,15.02,14.91,-6.243941,53.311558
96_16,14.83,14.84,-6.243883,53.312456
96_17,14.71,14.76,-6.243825,53.313354
96_18,14.57,14.67,-6.243768,53.314252
96_19,14.6,14.64,-6.24371,53.31515
96_20,14.67,14.67,-6.243652,53.316048
96_21,15.17,15.05,-6.243594,53.316945
96_22,15.5,15.35,-6.243536,53.317843
96_23,15.93,16.19,-6.243478,53.318741
96_24,21.92,21.92,-6.24342,53.319639
96_25,16.28,16.41,-6.243362,53.320537
96_26,16.07,16.19,-6.243304,53.321435
96_27,16.21,16.17,-6.243247,53.322333
96_28,16.42,16.42,-6.243189,53.32323
96_29,16.51,16.49,-6.243131,53.324128
96_30,16.6,16.76,-6.243073,53.325026
96_31,17.26,24.42,-6.243015,53.325924
96_32,25.67,18.75,-6.242957,53.326822
96_33,20.61,20.78,-6.242899,53.32772
96_34,19.32,19.18,-6.242841,53.328618
96_35,19.33,19.29,-6.242783,53.329515
96_36,19.43,19.67,-6.242725,53.330413
96_37,19.84,20.15,-6.242667,53.331311
96_38,20.14,22.49,-6.242609,53.332209
96_39,22.78,21.53,-6.242551,53.333107
96_40,19.81,19.75,-6.242493,53.334005
96_41,21.2,23.78,-6.242435,53.334903
96_42,23.64,19.55,-6.242378,53.3358
96_43,23.04,22.17,-6.24232,53.336698
96_44,21.76,21.43,-6.242262,53.337596
96_45,22.64,22.22,-6.242204,53.338494
96_46,22.34,22.07,-6.242146,53.339392
96_47,22.17,28.08,-6.242088,53.34029
96_48,21.92,22.23,-6.24203,53.341187
96_49,21.73,26.72,-6.241972,53.342085
96_50,25.42,30.22,-6.241914,53.342983
96_51,21.91,21.99,-6.241856,53.343881
96_52,22.12,22.02,-6.241798,53.344779
96_53,22.23,22.3,-6.24174,53.345677
96_54,22.93,22.82,-6.241682,53.346575
96_55,24.42,24.41,-6.241624,53.347472
96_56,24,24.66,-6.241566,53.34837
96_57,24.35,22.84,-6.241508,53.349268
96_58,21.89,21.83,-6.24145,53.350166
96_59,21.23,26.09,-6.241392,53.351064
96_60,20.35,20.62,-6.241334,53.351962
96_61,19.4,19.16,-6.241276,53.352859
96_62,18.74,18.69,-6.241218,53.353757
96_63,19.2,18.68,-6.24116,53.354655
96_64,18.36,18.69,-6.241102,53.355553
96_65,19.08,18.98,-6.241044,53.356451
96_66,19.55,19.69,-6.240986,53.357349
96_67,19.87,29.16,-6.240928,53.358247
96_68,28.57,26.28,-6.24087,53.359144
96_69,18.62,19.9,-6.240812,53.360042
96_70,18.07,20.49,-6.240754,53.36094
96_71,18.23,18.83,-6.240695,53.361838
96_72,28.36,21.76,-6.240637,53.362736
96_73,17.88,17.58,-6.240579,53.363634
96_74,17.49,17.58,-6.240521,53.364531
96_75,17.41,17.28,-6.240463,53.365429
96_76,17.47,21.34,-6.240405,53.366327
96_77,17.71,21.61,-6.240347,53.367225
96_78,17.53,17.65,-6.240289,53.368123
96_79,17.23,17.29,-6.240231,53.369021
96_80,16.97,17.13,-6.240173,53.369919
96_81,16.84,16.85,-6.240115,53.370816
96_82,16.82,16.83,-6.240057,53.371714
96_83,17.8,19.86,-6.239999,53.372612
96_84,17.72,17.6,-6.239941,53.37351
96_85,17.29,17.31,-6.239883,53.374408
96_86,17.12,17.21,-6.239824,53.375306
96_87,17.04,16.89,-6.239766,53.376203
96_88,18.59,16.9,-6.239708,53.377101
96_89,16.98,16.95,-6.23965,53.377999
96_90,17.13,17.28,-6.239592,53.378897
96_91,17.54,17.35,-6.239534,53.379795
96_92,22.51,22.51,-6.239476,53.380693
96_93,18.43,18.35,-6.239418,53.381591
96_94,17.36,17.36,-6.23936,53.382488
96_95,18,16.93,-6.239301,53.383386
96_96,17.01,16.89,-6.239243,53.384284
96_97,16.51,16.56,-6.239185,53.385182
96_98,16.62,16.83,-6.239127,53.38608
96_99,16.57,16.61,-6.239069,53.386978
96_100,18.58,16.74,-6.239011,53.387875
96_101,16.14,15.95,-6.238953,53.388773
96_102,15.98,16.25,-6.238895,53.389671
96_103,16.5,16.55,-6.238836,53.390569
96_104,16.78,16.78,-6.238778,53.391467
96_105,16.66,16.86,-6.23872,53.392365
96_106,16.4,16.06,-6.238662,53.393262
96_107,16.5,16.22,-6.238604,53.39416
96_108,16.75,16.58,-6.238546,53.395058
96_109,18.89,17.87,-6.238487,53.395956
96_110,20.69,20.24,-6.238429,53.396854
96_111,21.58,22.27,-6.238371,53.397752
96_112,19.9,20.98,-6.238313,53.398649
96_113,17.64,18.43,-6.238255,53.399547
96_114,16.17,16.62,-6.238197,53.400445
96_115,15.97,16.25,-6.238138,53.401343
96_116,15.99,16.05,-6.23808,53.402241
96_117,14.97,15.14,-6.238022,53.403139
96_118,15.13,15.1,-6.237964,53.404036
96_119,14.55,14.62,-6.237906,53.404934
96_120,14.87,14.97,-6.237847,53.405832
96_121,15.01,14.79,-6.237789,53.40673
96_122,15.43,15.66,-6.237731,53.407628
96_123,15.96,15.96,-6.237673,53.408526
96_124,17.66,17,-6.237615,53.409423
96_125,19.8,20.25,-6.237556,53.410321
96_126,18.02,18.17,-6.237498,53.411219
97_0,14.93,14.85,-6.24331,53.298056
97_1,14.78,14.85,-6.243252,53.298954
97_2,14.83,14.75,-6.243195,53.299852
97_3,15.03,14.94,-6.243137,53.300749
97_4,15.84,15.11,-6.243079,53.301647
97_5,15.33,15.29,-6.243021,53.302545
97_6,15.31,15.34,-6.242963,53.303443
97_7,15.17,15.3,-6.242905,53.304341
97_8,17.44,15.04,-6.242847,53.305239
97_9,14.88,14.95,-6.242789,53.306137
97_10,14.74,14.73,-6.242732,53.307034
97_11,14.67,14.77,-6.242674,53.307932
97_12,14.66,14.64,-6.242616,53.30883
97_13,17.83,17.65,-6.242558,53.309728
97_14,14.98,15.01,-6.2425,53.310626
97_15,14.81,14.92,-6.242442,53.311524
97_16,14.8,14.85,-6.242384,53.312422
97_17,14.81,14.79,-6.242326,53.313319
97_18,14.88,14.76,-6.242268,53.314217
97_19,14.72,14.78,-6.24221,53.315115
97_20,14.85,14.87,-6.242152,53.316013
97_21,15.04,15.1,-6.242095,53.316911
97_22,15.7,15.67,-6.242037,53.317809
97_23,19.51,16.28,-6.241979,53.318707
97_24,16.06,15.99,-6.241921,53.319604
97_25,17.79,15.88,-6.241863,53.320502
97_26,15.87,15.98,-6.241805,53.3214
97_27,15.97,16,-6.241747,53.322298
97_28,16.32,16.46,-6.241689,53.323196
97_29,19.6,19.51,-6.241631,53.324094
97_30,17.4,26.96,-6.241573,53.324991
97_31,17.69,18.13,-6.241515,53.325889
97_32,18.39,18.47,-6.241457,53.326787
97_33,19.35,18.47,-6.241399,53.327685
97_34,19.42,18.56,-6.241341,53.328583
97_35,19.57,18.88,-6.241283,53.329481
97_36,19.3,19.65,-6.241225,53.330379
97_37,20.16,19.17,-6.241167,53.331276
97_38,19.62,19.38,-6.241109,53.332174
97_39,19.89,22.71,-6.241051,53.333072
97_40,20.48,20.48,-6.240993,53.33397
97_41,19.64,19.64,-6.240936,53.334868
97_42,19.8,21.09,-6.240878,53.335766
97_43,21.83,20.31,-6.24082,53.336664
97_44,28.58,23.42,-6.240762,53.337561
97_45,21.97,22.41,-6.240704,53.338459
97_46,27.16,27.17,-6.240646,53.339357
97_47,21.66,21.66,-6.240588,53.340255
97_48,21.44,21.72,-6.24053,53.341153
97_49,21.77,26.72,-6.240472,53.342051
97_50,22.68,22.48,-6.240414,53.342948
97_51,22.26,22.26,-6.240356,53.343846
97_52,22.37,32.52,-6.240297,53.344744
97_53,22.16,21.98,-6.240239,53.345642
97_54,22.72,22.6,-6.240181,53.34654
97_55,23.33,23.62,-6.240123,53.347438
97_56,23.23,23.68,-6.240065,53.348336
97_57,22.13,21.35,-6.240007,53.349233
97_58,21.44,25.35,-6.239949,53.350131
97_59,20.8,20.71,-6.239891,53.351029
97_60,20.09,20.06,-6.239833,53.351927
97_61,19.14,18.8,-6.239775,53.352825
97_62,18.48,18.37,-6.239717,53.353723
97_63,18.18,18.18,-6.239659,53.35462
97_64,18.76,18.26,-6.239601,53.355518
97_65,18.07,18.09,-6.239543,53.356416
97_66,18.54,18.09,-6.239485,53.357314
97_67,18.84,18.82,-6.239427,53.358212
97_68,19.11,19.23,-6.239369,53.35911
97_69,27.37,19.25,-6.239311,53.360008
97_70,18.83,19.22,-6.239253,53.360905
97_71,18.89,18.63,-6.239195,53.361803
97_72,26.13,19.37,-6.239136,53.362701
97_73,18.66,18.77,-6.239078,53.363599
97_74,18.09,18.22,-6.23902,53.364497
97_75,17.72,17.83,-6.238962,53.365395
97_76,17.48,17.44,-6.238904,53.366292
97_77,17.56,17.48,-6.238846,53.36719
97_78,17.69,17.73,-6.238788,53.368088
97_79,17.51,20.53,-6.23873,53.368986
97_80,20.18,17.26,-6.238672,53.369884
97_81,19.61,19.67,-6.238614,53.370782
97_82,16.97,16.93,-6.238556,53.371679
97_83,19.69,20.15,-6.238497,53.372577
97_84,17.03,16.98,-6.238439,53.373475
97_85,16.93,16.9,-6.238381,53.374373
97_86,16.84,16.89,-6.238323,53.375271
97_87,16.75,16.89,-6.238265,53.376169
97_88,16.7,16.66,-6.238207,53.377067
97_89,16.71,16.73,-6.238149,53.377964
97_90,16.78,16.85,-6.238091,53.378862
97_91,16.97,17.04,-6.238032,53.37976
97_92,21.13,17.72,-6.237974,53.380658
97_93,18.03,18.08,-6.237916,53.381556
97_94,19.99,17.35,-6.237858,53.382454
97_95,17.09,20.89,-6.2378,53.383351
97_96,16.81,16.7,-6.237742,53.384249
97_97,17.27,17.04,-6.237683,53.385147
97_98,16.5,17.04,-6.237625,53.386045
97_99,16.48,16.47,-6.237567,53.386943
97_100,18.35,16.49,-6.237509,53.387841
97_101,16.22,16.51,-6.237451,53.388738
97_102,15.58,15.82,-6.237393,53.389636
97_103,15.93,15.61,-6.237334,53.390534
97_104,16.13,16.01,-6.237276,53.391432
97_105,15.9,16.05,-6.237218,53.39233
97_106,15.84,16.06,-6.23716,53.393228
97_107,16.05,15.87,-6.237102,53.394125
97_108,16.28,16.21,-6.237044,53.395023
97_109,17.77,17.32,-6.236985,53.395921
97_110,20.3,18.95,-6.236927,53.396819
97_111,22.99,22.04,-6.236869,53.397717
97_112,20.51,20.79,-6.236811,53.398615
97_113,18.53,18.55,-6.236753,53.399513
97_114,17.57,18.04,-6.236694,53.40041
97_115,16.95,17.04,-6.236636,53.401308
97_116,16.6,16.51,-6.236578,53.402206
97_117,15.59,15.36,-6.23652,53.403104
97_118,15.01,14.9,-6.236461,53.404002
97_119,14.57,14.55,-6.236403,53.4049
97_120,14.47,14.58,-6.236345,53.405797
97_121,15.04,15.17,-6.236287,53.406695
97_122,15.62,15.84,-6.236229,53.407593
97_123,16.85,17.28,-6.23617,53.408491
97_124,18.04,18.24,-6.236112,53.409389
97_125,19.9,20.25,-6.236054,53.410287
97_126,19.71,19.07,-6.235996,53.411184
98_0,14.97,15.03,-6.241812,53.298021
98_1,14.92,14.95,-6.241754,53.298919
98_2,14.87,14.88,-6.241696,53.299817
98_3,14.97,14.92,-6.241638,53.300715
98_4,15.98,15.1,-6.24158,53.301613
98_5,15.22,15.68,-6.241522,53.30251
98_6,15.29,15.9,-6.241464,53.303408
98_7,15.14,15.16,-6.241406,53.304306
98_8,16.53,16.96,-6.241348,53.305204
98_9,15.14,15.14,-6.24129,53.306102
98_10,15.02,14.97,-6.241233,53.307
98_11,14.89,14.77,-6.241175,53.307898
98_12,14.96,15.06,-6.241117,53.308795
98_13,17.69,15.1,-6.241059,53.309693
98_14,15.03,14.99,-6.241001,53.310591
98_15,15.02,15.13,-6.240943,53.311489
98_16,15.07,15.11,-6.240885,53.312387
98_17,15.17,15.15,-6.240827,53.313285
98_18,15.1,14.99,-6.240769,53.314183
98_19,14.88,14.95,-6.240711,53.31508
98_20,15,15.13,-6.240653,53.315978
98_21,15.3,15.36,-6.240595,53.316876
98_22,15.98,19.29,-6.240537,53.317774
98_23,16.28,16.16,-6.240479,53.318672
98_24,16.02,15.87,-6.240421,53.31957
98_25,15.68,15.87,-6.240363,53.320468
98_26,15.83,17.62,-6.240305,53.321365
98_27,16.12,16.07,-6.240247,53.322263
98_28,16.82,16.58,-6.240189,53.323161
98_29,17.75,17.19,-6.240131,53.324059
98_30,18.84,30.92,-6.240074,53.324957
98_31,17.97,19.04,-6.240016,53.325855
98_32,18.98,18.99,-6.239958,53.326752
98_33,18.22,18.15,-6.2399,53.32765
98_34,19.46,18.36,-6.239842,53.328548
98_35,18.65,18.6,-6.239784,53.329446
98_36,18.68,18.65,-6.239726,53.330344
98_37,19.08,19.05,-6.239668,53.331242
98_38,19.38,19.34,-6.23961,53.33214
98_39,19.73,19.71,-6.239552,53.333037
98_40,19.7,19.68,-6.239494,53.333935
98_41,19.79,19.64,-6.239436,53.334833
98_42,21.13,21.27,-6.239378,53.335731
98_43,27.79,28.96,-6.239319,53.336629
98_44,21.46,21.56,-6.239261,53.337527
98_45,25.27,26.15,-6.239203,53.338425
98_46,21.25,21.02,-6.239145,53.339322
98_47,20.91,20.8,-6.239087,53.34022
98_48,20.43,20.5,-6.239029,53.341118
98_49,22.96,21.37,-6.238971,53.342016
98_50,21.94,21.51,-6.238913,53.342914
98_51,21.1,20.98,-6.238855,53.343812
98_52,20.99,21.38,-6.238797,53.344709
98_53,21.52,21.36,-6.238739,53.345607
98_54,21.13,21.24,-6.238681,53.346505
98_55,21.82,22.15,-6.238623,53.347403
98_56,21.67,21.8,-6.238565,53.348301
98_57,21.05,23.68,-6.238507,53.349199
98_58,20.5,20.48,-6.238449,53.350097
98_59,20.25,23.88,-6.238391,53.350994
98_60,19.65,20.06,-6.238333,53.351892
98_61,18.99,19.01,-6.238275,53.35279
98_62,18.33,18.46,-6.238216,53.353688
98_63,19.15,18.13,-6.238158,53.354586
98_64,17.82,18.62,-6.2381,53.355484
98_65,18.96,18.68,-6.238042,53.356381
98_66,18.08,19.16,-6.237984,53.357279
98_67,18.21,18.09,-6.237926,53.358177
98_68,18.84,18.7,-6.237868,53.359075
98_69,19.31,19.18,-6.23781,53.359973
98_70,19.9,19.84,-6.237752,53.360871
98_71,27.64,26.54,-6.237694,53.361768
98_72,23.32,28.33,-6.237636,53.362666
98_73,20.19,18.7,-6.237577,53.363564
98_74,18.02,18.02,-6.237519,53.364462
98_75,17.59,17.62,-6.237461,53.36536
98_76,17.34,17.25,-6.237403,53.366258
98_77,17.38,17.39,-6.237345,53.367156
98_78,17.52,17.52,-6.237287,53.368053
98_79,17.33,17.38,-6.237229,53.368951
98_80,17.14,17.06,-6.237171,53.369849
98_81,18.17,18.02,-6.237112,53.370747
98_82,17.01,16.98,-6.237054,53.371645
98_83,17.06,17.03,-6.236996,53.372543
98_84,16.92,16.81,-6.236938,53.37344
98_85,16.75,16.7,-6.23688,53.374338
98_86,16.6,16.61,-6.236822,53.375236
98_87,16.49,16.61,-6.236763,53.376134
98_88,16.5,16.56,-6.236705,53.377032
98_89,16.56,16.56,-6.236647,53.37793
98_90,16.83,16.59,-6.236589,53.378827
98_91,17.19,17.22,-6.236531,53.379725
98_92,17.87,19.93,-6.236473,53.380623
98_93,17.65,17.74,-6.236414,53.381521
98_94,17.38,17.52,-6.236356,53.382419
98_95,17.11,17.15,-6.236298,53.383317
98_96,16.89,16.94,-6.23624,53.384214
98_97,16.68,20.58,-6.236182,53.385112
98_98,16.49,16.5,-6.236124,53.38601
98_99,16.46,16.47,-6.236065,53.386908
98_100,18.92,19,-6.236007,53.387806
98_101,17.09,15.92,-6.235949,53.388704
98_102,16.46,15.54,-6.235891,53.389602
98_103,15.4,16.25,-6.235833,53.390499
98_104,15.4,15.36,-6.235774,53.391397
98_105,15.39,15.4,-6.235716,53.392295
98_106,15.35,15.52,-6.235658,53.393193
98_107,15.57,15.43,-6.2356,53.394091
98_108,15.85,15.8,-6.235541,53.394989
98_109,16.36,16.54,-6.235483,53.395886
98_110,18.24,18.06,-6.235425,53.396784
98_111,19.48,19.3,-6.235367,53.397682
98_112,19.25,19.39,-6.235309,53.39858
98_113,18.77,19.01,-6.23525,53.399478
98_114,18.45,18.38,-6.235192,53.400376
98_115,17.85,17.68,-6.235134,53.401273
98_116,17.23,16.93,-6.235076,53.402171
98_117,16.1,15.6,-6.235017,53.403069
98_118,15.12,15.1,-6.234959,53.403967
98_119,14.97,14.97,-6.234901,53.404865
98_120,15.08,14.59,-6.234843,53.405763
98_121,14.87,15.13,-6.234784,53.40666
98_122,15.39,15.07,-6.234726,53.407558
98_123,16.66,15.94,-6.234668,53.408456
98_124,18.11,17.37,-6.234609,53.409354
98_125,19.41,18.81,-6.234551,53.410252
98_126,20.12,19.93,-6.234493,53.41115
99_0,15.1,15.15,-6.240313,53.297986
99_1,15.05,15.08,-6.240255,53.298884
99_2,15.01,15,-6.240197,53.299782
99_3,14.99,14.97,-6.240139,53.30068
99_4,15.11,15.14,-6.240081,53.301578
99_5,15.22,15.23,-6.240023,53.302476
99_6,15.99,15.99,-6.239965,53.303374
99_7,15.17,15.17,-6.239907,53.304271
99_8,16.93,15.31,-6.239849,53.305169
99_9,15.21,15.26,-6.239791,53.306067
99_10,17.02,16.95,-6.239734,53.306965
99_11,16.64,15.24,-6.239676,53.307863
99_12,15.41,15.42,-6.239618,53.308761
99_13,15.3,17.48,-6.23956,53.309659
99_14,17.61,17.4,-6.239502,53.310556
99_15,17.73,15.13,-6.239444,53.311454
99_16,15.5,15.58,-6.239386,53.312352
99_17,15.62,15.58,-6.239328,53.31325
99_18,15.5,15.47,-6.23927,53.314148
99_19,15.14,18.85,-6.239212,53.315046
99_20,15.27,15.29,-6.239154,53.315944
99_21,19.27,15.44,-6.239096,53.316841
99_22,15.9,15.93,-6.239038,53.317739
99_23,18.96,18.58,-6.23898,53.318637
99_24,15.89,15.96,-6.238922,53.319535
99_25,15.65,15.72,-6.238864,53.320433
99_26,16,15.75,-6.238806,53.321331
99_27,18.51,16.56,-6.238748,53.322228
99_28,29,29.29,-6.23869,53.323126
99_29,18.03,18.01,-6.238632,53.324024
99_30,17.77,18.32,-6.238574,53.324922
99_31,19.35,17.75,-6.238516,53.32582
99_32,17.81,17.8,-6.238458,53.326718
99_33,18,18.02,-6.2384,53.327616
99_34,18.3,18.36,-6.238342,53.328513
99_35,18.6,18.63,-6.238284,53.329411
99_36,18.83,18.81,-6.238226,53.330309
99_37,18.94,18.93,-6.238168,53.331207
99_38,22.33,19.48,-6.23811,53.332105
99_39,19.68,19.71,-6.238052,53.333003
99_40,19.86,19.91,-6.237994,53.333901
99_41,20.15,20.08,-6.237936,53.334798
99_42,28.09,20.48,-6.237877,53.335696
99_43,20.44,20.43,-6.237819,53.336594
99_44,20.59,20.62,-6.237761,53.337492
99_45,26.1,26.23,-6.237703,53.33839
99_46,20.57,20.21,-6.237645,53.339288
99_47,20.33,20.26,-6.237587,53.340185
99_48,20.36,20.52,-6.237529,53.341083
99_49,20.66,20.52,-6.237471,53.341981
99_50,21.14,21.16,-6.237413,53.342879
99_51,20.66,20.79,-6.237355,53.343777
99_52,20.4,20.51,-6.237297,53.344675
99_53,20.69,20.66,-6.237239,53.345573
99_54,21.02,20.74,-6.237181,53.34647
99_55,21.21,20.97,-6.237123,53.347368
99_56,21.09,21.44,-6.237064,53.348266
99_57,20.41,20.22,-6.237006,53.349164
99_58,20.11,20.03,-6.236948,53.350062
99_59,19.76,19.8,-6.23689,53.35096
99_60,19.17,19.37,-6.236832,53.351857
99_61,18.74,18.94,-6.236774,53.352755
99_62,18.87,18.89,-6.236716,53.353653
99_63,17.99,17.95,-6.236658,53.354551
99_64,18.17,18.09,-6.2366,53.355449
99_65,18.14,18.27,-6.236542,53.356347
99_66,18.77,18.79,-6.236483,53.357244
99_67,20.18,20.18,-6.236425,53.358142
99_68,20.82,18.7,-6.236367,53.35904
99_69,18.79,18.69,-6.236309,53.359938
99_70,19.33,19.29,-6.236251,53.360836
99_71,19.74,20.16,-6.236193,53.361734
99_72,27.36,28.33,-6.236135,53.362632
99_73,20.27,18.85,-6.236076,53.363529
99_74,19.39,18.1,-6.236018,53.364427
99_75,17.68,17.55,-6.23596,53.365325
99_76,17.23,17.07,-6.235902,53.366223
99_77,17.23,17.31,-6.235844,53.367121
99_78,17.38,17.31,-6.235786,53.368019
99_79,17.96,18.39,-6.235727,53.368916
99_80,17.09,17.07,-6.235669,53.369814
99_81,18.33,17.07,-6.235611,53.370712
99_82,17.13,18.9,-6.235553,53.37161
99_83,17.07,17.1,-6.235495,53.372508
99_84,17.01,17.04,-6.235437,53.373406
99_85,16.88,16.97,-6.235378,53.374303
99_86,16.73,16.78,-6.23532,53.375201
99_87,16.61,16.6,-6.235262,53.376099
99_88,16.65,16.71,-6.235204,53.376997
99_89,16.72,16.73,-6.235146,53.377895
99_90,16.92,16.74,-6.235087,53.378793
99_91,20.87,17.22,-6.235029,53.379691
99_92,17.63,17.57,-6.234971,53.380588
99_93,17.45,17.47,-6.234913,53.381486
99_94,17.31,17.38,-6.234855,53.382384
99_95,17.07,17,-6.234796,53.383282
99_96,16.86,16.86,-6.234738,53.38418
99_97,19.17,19.17,-6.23468,53.385078
99_98,16.62,16.53,-6.234622,53.385975
99_99,19.27,16.52,-6.234564,53.386873
99_100,16.41,16.22,-6.234505,53.387771
99_101,15.77,15.75,-6.234447,53.388669
99_102,15.6,15.57,-6.234389,53.389567
99_103,15.43,15.43,-6.234331,53.390465
99_104,15.32,15.31,-6.234272,53.391362
99_105,16.05,15.35,-6.234214,53.39226
99_106,15.33,15.32,-6.234156,53.393158
99_107,15.2,15.15,-6.234098,53.394056
99_108,15.3,15.47,-6.234039,53.394954
99_109,16.16,16.53,-6.233981,53.395852
99_110,17.21,18.06,-6.233923,53.396749
99_111,18.21,17.71,-6.233865,53.397647
99_112,17.47,17.34,-6.233806,53.398545
99_113,16.91,17.34,-6.233748,53.399443
99_114,16.86,16.57,-6.23369,53.400341
99_115,17.6,17.23,-6.233631,53.401239
99_116,17.95,17.97,-6.233573,53.402136
99_117,17.41,17.49,-6.233515,53.403034
99_118,16.67,17.43,-6.233457,53.403932
99_119,15.59,16.01,-6.233398,53.40483
99_120,15.88,16.09,-6.23334,53.405728
99_121,15.14,15.18,-6.233282,53.406626
99_122,15.21,15.01,-6.233223,53.407523
99_123,16.31,16.03,-6.233165,53.408421
99_124,17.47,17.36,-6.233107,53.409319
99_125,19.05,18.4,-6.233049,53.410217
99_126,19.88,20.96,-6.23299,53.411115
100_0,15.16,15.15,-6.238814,53.297952
100_1,15.13,15.13,-6.238756,53.29885
100_2,15.11,15.11,-6.238698,53.299747
100_3,15.09,15.05,-6.23864,53.300645
100_4,15.13,15.21,-6.238582,53.301543
100_5,15.23,15.3,-6.238524,53.302441
100_6,16.05,15.18,-6.238466,53.303339
100_7,15.09,15.04,-6.238408,53.304237
100_8,17.01,15.51,-6.23835,53.305135
100_9,15.64,15.65,-6.238292,53.306032
100_10,15.81,17.07,-6.238235,53.30693
100_11,15.95,15.78,-6.238177,53.307828
100_12,15.91,21.02,-6.238119,53.308726
100_13,19.59,17.76,-6.238061,53.309624
100_14,19.71,18.79,-6.238003,53.310522
100_15,16.11,18.79,-6.237945,53.31142
100_16,16.14,15.83,-6.237887,53.312317
100_17,19.77,15.96,-6.237829,53.313215
100_18,16.11,16.17,-6.237771,53.314113
100_19,15.58,15.72,-6.237713,53.315011
100_20,15.75,15.68,-6.237655,53.315909
100_21,15.87,15.88,-6.237597,53.316807
100_22,15.78,15.81,-6.237538,53.317705
100_23,18.59,18.52,-6.23748,53.318602
100_24,15.97,15.97,-6.237422,53.3195
100_25,16.04,15.99,-6.237364,53.320398
100_26,16.39,16.26,-6.237306,53.321296
100_27,28.58,17.76,-6.237248,53.322194
100_28,17.73,17.43,-6.23719,53.323092
100_29,17.3,17.38,-6.237132,53.323989
100_30,17.46,17.59,-6.237074,53.324887
100_31,17.59,17.58,-6.237016,53.325785
100_32,17.81,17.86,-6.236958,53.326683
100_33,18.01,18.04,-6.2369,53.327581
100_34,18.19,18.25,-6.236842,53.328479
100_35,19.6,18.71,-6.236784,53.329377
100_36,21.01,18.76,-6.236726,53.330274
100_37,18.82,18.98,-6.236668,53.331172
100_38,21.31,19.48,-6.23661,53.33207
100_39,19.71,25.85,-6.236552,53.332968
100_40,26.58,25.85,-6.236494,53.333866
100_41,20.68,26.55,-6.236436,53.334764
100_42,21.69,19.97,-6.236377,53.335661
100_43,20.59,19.66,-6.236319,53.336559
100_44,19.79,19.7,-6.236261,53.337457
100_45,20.13,25.36,-6.236203,53.338355
100_46,20.02,19.71,-6.236145,53.339253
100_47,19.92,19.81,-6.236087,53.340151
100_48,21.39,21.17,-6.236029,53.341049
100_49,22.7,20.24,-6.235971,53.341946
100_50,20.6,20.29,-6.235913,53.342844
100_51,20.18,20.1,-6.235855,53.343742
100_52,20.71,20.79,-6.235797,53.34464
100_53,22.27,20.27,-6.235738,53.345538
100_54,20.41,20.21,-6.23568,53.346436
100_55,20.97,20.76,-6.235622,53.347333
100_56,20.53,20.77,-6.235564,53.348231
100_57,21.23,20.22,-6.235506,53.349129
100_58,22.25,22.12,-6.235448,53.350027
100_59,19.81,19.81,-6.23539,53.350925
100_60,19.44,19.33,-6.235331,53.351823
100_61,19.21,19.34,-6.235273,53.352721
100_62,18.97,18.95,-6.235215,53.353618
100_63,18.44,18.3,-6.235157,53.354516
100_64,18.29,18.28,-6.235099,53.355414
100_65,19.16,18.55,-6.235041,53.356312
100_66,18.54,18.73,-6.234983,53.35721
100_67,20.68,20.93,-6.234924,53.358108
100_68,19.06,19,-6.234866,53.359005
100_69,18.87,18.53,-6.234808,53.359903
100_70,18.37,18.3,-6.23475,53.360801
100_71,18.39,18.87,-6.234692,53.361699
100_72,19.39,20.12,-6.234634,53.362597
100_73,27.16,19.65,-6.234575,53.363495
100_74,18.82,19.52,-6.234517,53.364392
100_75,17.65,18.09,-6.234459,53.36529
100_76,17.29,17.44,-6.234401,53.366188
100_77,17.87,17.15,-6.234343,53.367086
100_78,17.28,17.24,-6.234285,53.367984
100_79,17.39,17.38,-6.234226,53.368882
100_80,17.26,17.64,-6.234168,53.369779
100_81,19.39,20.11,-6.23411,53.370677
100_82,17.13,17.18,-6.234052,53.371575
100_83,17.07,17.1,-6.233993,53.372473
100_84,17.02,17,-6.233935,53.373371
100_85,16.96,16.96,-6.233877,53.374269
100_86,16.91,16.91,-6.233819,53.375167
100_87,16.8,16.77,-6.233761,53.376064
100_88,16.81,16.83,-6.233702,53.376962
100_89,16.85,16.87,-6.233644,53.37786
100_90,16.95,16.93,-6.233586,53.378758
100_91,17.33,20.89,-6.233528,53.379656
100_92,17.28,17.16,-6.233469,53.380554
100_93,17.23,17.19,-6.233411,53.381451
100_94,17.05,17.09,-6.233353,53.382349
100_95,16.9,17,-6.233295,53.383247
100_96,16.69,16.57,-6.233237,53.384145
100_97,16.72,21.9,-6.233178,53.385043
100_98,16.82,16.78,-6.23312,53.385941
100_99,16.41,16.18,-6.233062,53.386838
100_100,16.02,15.98,-6.233003,53.387736
100_101,15.85,15.79,-6.232945,53.388634
100_102,15.69,15.61,-6.232887,53.389532
100_103,15.52,15.48,-6.232829,53.39043
100_104,15.38,15.34,-6.23277,53.391328
100_105,15.37,15.34,-6.232712,53.392225
100_106,15.49,15.43,-6.232654,53.393123
100_107,15.58,15.53,-6.232596,53.394021
100_108,15.7,15.66,-6.232537,53.394919
100_109,15.57,15.28,-6.232479,53.395817
100_110,16.38,16.34,-6.232421,53.396715
100_111,16.94,17.14,-6.232362,53.397612
100_112,16.69,16.72,-6.232304,53.39851
100_113,16.51,16.64,-6.232246,53.399408
100_114,16.64,16.57,-6.232187,53.400306
100_115,17.38,17.23,-6.232129,53.401204
100_116,16.99,17.07,-6.232071,53.402102
100_117,17.42,17.65,-6.232013,53.402999
100_118,17.68,17.45,-6.231954,53.403897
100_119,17.25,17.41,-6.231896,53.404795
100_120,16.65,16.68,-6.231838,53.405693
100_121,16,15.77,-6.231779,53.406591
100_122,15.21,15.35,-6.231721,53.407489
100_123,15.86,15.8,-6.231663,53.408386
100_124,16.64,16.8,-6.231604,53.409284
100_125,19.35,19.16,-6.231546,53.410182
100_126,21.14,20.63,-6.231488,53.41108
101_0,15.15,,-6.237315,53.297917
101_1,15.13,15.15,-6.237258,53.298815
101_2,15.24,15.21,-6.2372,53.299713
101_3,15.31,15.27,-6.237142,53.300611
101_4,15.23,15.29,-6.237084,53.301508
101_5,15.36,15.35,-6.237026,53.302406
101_6,15.65,15.56,-6.236968,53.303304
101_7,15.72,15.59,-6.23691,53.304202
101_8,16.91,20.91,-6.236852,53.3051
101_9,21.02,23.46,-6.236794,53.305998
101_10,23.85,23.24,-6.236736,53.306896
101_11,20.55,16.37,-6.236677,53.307793
101_12,16.52,16.12,-6.236619,53.308691
101_13,15.85,15.84,-6.236561,53.309589
101_14,15.71,15.77,-6.236503,53.310487
101_15,15.52,15.68,-6.236445,53.311385
101_16,15.23,15.25,-6.236387,53.312283
101_17,15.57,15.61,-6.236329,53.313181
101_18,15.87,15.92,-6.236271,53.314078
101_19,17.85,15.72,-6.236213,53.314976
101_20,15.71,15.74,-6.236155,53.315874
101_21,15.84,15.84,-6.236097,53.316772
101_22,15.88,15.8,-6.236039,53.31767
101_23,18.81,19.01,-6.235981,53.318568
101_24,16.13,16.25,-6.235923,53.319465
101_25,16.4,16.44,-6.235865,53.320363
101_26,16.73,16.71,-6.235807,53.321261
101_27,17.87,17.09,-6.235749,53.322159
101_28,16.92,16.95,-6.235691,53.323057
101_29,17.01,17.11,-6.235633,53.323955
101_30,17.16,17.33,-6.235575,53.324853
101_31,17.34,17.39,-6.235517,53.32575
101_32,17.6,17.39,-6.235458,53.326648
101_33,17.96,17.79,-6.2354,53.327546
101_34,18.14,18.08,-6.235342,53.328444
101_35,18.35,18.27,-6.235284,53.329342
101_36,21.21,20.49,-6.235226,53.33024
101_37,18.89,18.87,-6.235168,53.331137
101_38,21.42,19.09,-6.23511,53.332035
101_39,20.12,21.36,-6.235052,53.332933
101_40,20.29,20.26,-6.234994,53.333831
101_41,19.8,19.9,-6.234936,53.334729
101_42,19.67,19.41,-6.234877,53.335627
101_43,19.34,19.27,-6.234819,53.336525
101_44,23.58,22.25,-6.234761,53.337422
101_45,19.51,19.74,-6.234703,53.33832
101_46,19.31,19.16,-6.234645,53.339218
101_47,20.26,21.07,-6.234587,53.340116
101_48,19.55,19.58,-6.234529,53.341014
101_49,19.87,19.93,-6.234471,53.341912
101_50,19.66,19.46,-6.234412,53.342809
101_51,19.64,19.61,-6.234354,53.343707
101_52,19.69,19.74,-6.234296,53.344605
101_53,21.06,21.61,-6.234238,53.345503
101_54,20.12,20.45,-6.23418,53.346401
101_55,20.78,20.79,-6.234122,53.347299
101_56,20.31,20.32,-6.234064,53.348196
101_57,20.27,20.46,-6.234005,53.349094
101_58,20.24,20.11,-6.233947,53.349992
101_59,21.9,22.57,-6.233889,53.35089
101_60,19.52,19.44,-6.233831,53.351788
101_61,20.34,19.05,-6.233773,53.352686
101_62,18.88,18.68,-6.233715,53.353584
101_63,18.62,18.57,-6.233656,53.354481
101_64,18.44,18.57,-6.233598,53.355379
101_65,18.79,18.89,-6.23354,53.356277
101_66,19.23,19.1,-6.233482,53.357175
101_67,20.2,20.15,-6.233424,53.358073
101_68,19.46,19.69,-6.233365,53.358971
101_69,18.98,19.32,-6.233307,53.359868
101_70,18.17,18.47,-6.233249,53.360766
101_71,17.96,18.01,-6.233191,53.361664
101_72,18.27,18.14,-6.233133,53.362562
101_73,19.74,18.93,-6.233074,53.36346
101_74,20,19.11,-6.233016,53.364358
101_75,17.79,17.91,-6.232958,53.365255
101_76,18.24,18.31,-6.2329,53.366153
101_77,17.19,17.38,-6.232842,53.367051
101_78,17.43,17.43,-6.232783,53.367949
101_79,17.66,17.6,-6.232725,53.368847
101_80,17.76,19.86,-6.232667,53.369745
101_81,17.86,17.72,-6.232609,53.370642
101_82,17.07,17.07,-6.23255,53.37154
101_83,17.01,17.03,-6.232492,53.372438
101_84,16.96,16.94,-6.232434,53.373336
101_85,16.91,16.91,-6.232376,53.374234
101_86,16.88,16.87,-6.232317,53.375132
101_87,16.85,16.84,-6.232259,53.37603
101_88,16.76,16.74,-6.232201,53.376927
101_89,16.8,16.87,-6.232143,53.377825
101_90,20.17,20.6,-6.232084,53.378723
101_91,17.3,17.35,-6.232026,53.379621
101_92,16.97,16.85,-6.231968,53.380519
101_93,16.88,16.84,-6.23191,53.381417
101_94,16.82,16.81,-6.231851,53.382314
101_95,16.61,16.69,-6.231793,53.383212
101_96,16.47,16.53,-6.231735,53.38411
101_97,16.51,16.55,-6.231677,53.385008
101_98,16.81,16.73,-6.231618,53.385906
101_99,16.54,16.87,-6.23156,53.386804
101_100,16.11,16.2,-6.231502,53.387701
101_101,15.94,16.01,-6.231443,53.388599
101_102,15.76,15.83,-6.231385,53.389497
101_103,15.62,15.68,-6.231327,53.390395
101_104,15.49,15.54,-6.231268,53.391293
101_105,15.35,15.39,-6.23121,53.392191
101_106,15.44,15.43,-6.231152,53.393088
101_107,15.51,15.47,-6.231094,53.393986
101_108,15.17,15.26,-6.231035,53.394884
101_109,15.22,15.15,-6.230977,53.395782
101_110,15.99,15.71,-6.230919,53.39668
101_111,17.11,16.83,-6.23086,53.397578
101_112,16.32,16.33,-6.230802,53.398475
101_113,16.19,16.26,-6.230744,53.399373
101_114,16.5,16.5,-6.230685,53.400271
101_115,16.67,16.33,-6.230627,53.401169
101_116,15.97,15.93,-6.230569,53.402067
101_117,15.23,15.9,-6.23051,53.402965
101_118,16.45,17.45,-6.230452,53.403862
101_119,17.5,17.5,-6.230393,53.40476
101_120,17.32,17.28,-6.230335,53.405658
101_121,17.08,16.24,-6.230277,53.406556
101_122,16.16,16.56,-6.230218,53.407454
101_123,16.15,16.41,-6.23016,53.408352
101_124,16.63,16.62,-6.230102,53.409249
101_125,19.12,19.44,-6.230043,53.410147
101_126,20.38,19.96,-6.229985,53.411045
102_0,15.35,15.16,-6.235817,53.297882
102_1,15.51,15.64,-6.235759,53.29878
102_2,15.65,15.71,-6.235701,53.299678
102_3,15.37,15.39,-6.235643,53.300576
102_4,15.35,15.29,-6.235585,53.301474
102_5,15.59,15.63,-6.235527,53.302372
102_6,15.9,15.9,-6.235469,53.303269
102_7,16.28,16.03,-6.235411,53.304167
102_8,16.11,15.75,-6.235353,53.305065
102_9,16.06,15.91,-6.235295,53.305963
102_10,16.17,16.25,-6.235237,53.306861
102_11,16.2,18.27,-6.235178,53.307759
102_12,15.93,15.81,-6.23512,53.308657
102_13,15.64,15.6,-6.235062,53.309554
102_14,15.44,15.45,-6.235004,53.310452
102_15,15.26,15.34,-6.234946,53.31135
102_16,15.28,15.37,-6.234888,53.312248
102_17,15.5,15.52,-6.23483,53.313146
102_18,15.58,15.68,-6.234772,53.314044
102_19,15.62,15.73,-6.234714,53.314941
102_20,15.57,15.46,-6.234656,53.315839
102_21,15.8,18.12,-6.234598,53.316737
102_22,18.16,16.12,-6.23454,53.317635
102_23,16.31,19.01,-6.234482,53.318533
102_24,16.59,18.71,-6.234424,53.319431
102_25,17.71,18.78,-6.234365,53.320329
102_26,18.05,25.22,-6.234307,53.321226
102_27,17.03,16.77,-6.234249,53.322124
102_28,16.68,16.56,-6.234191,53.323022
102_29,16.82,16.77,-6.234133,53.32392
102_30,16.89,16.89,-6.234075,53.324818
102_31,17.03,16.87,-6.234017,53.325716
102_32,17.36,17.2,-6.233959,53.326613
102_33,17.68,17.62,-6.233901,53.327511
102_34,18.95,18.01,-6.233843,53.328409
102_35,18.57,19.45,-6.233784,53.329307
102_36,19.33,21.27,-6.233726,53.330205
102_37,26.06,26.06,-6.233668,53.331103
102_38,19.2,19.64,-6.23361,53.332001
102_39,18.87,18.74,-6.233552,53.332898
102_40,18.9,18.87,-6.233494,53.333796
102_41,19.02,19.19,-6.233436,53.334694
102_42,19.12,19.41,-6.233377,53.335592
102_43,22.84,18.95,-6.233319,53.33649
102_44,18.95,18.95,-6.233261,53.337388
102_45,20.66,19.07,-6.233203,53.338285
102_46,18.93,19.99,-6.233145,53.339183
102_47,19.02,18.97,-6.233087,53.340081
102_48,19.27,19.33,-6.233029,53.340979
102_49,26.93,19.47,-6.23297,53.341877
102_50,19.06,18.94,-6.232912,53.342775
102_51,19.27,19.24,-6.232854,53.343672
102_52,19.25,19.32,-6.232796,53.34457
102_53,19.33,19.45,-6.232738,53.345468
102_54,19.86,20.5,-6.23268,53.346366
102_55,20.55,20.48,-6.232621,53.347264
102_56,20.2,20.48,-6.232563,53.348162
102_57,19.75,19.96,-6.232505,53.34906
102_58,25.85,21.48,-6.232447,53.349957
102_59,19.54,19.56,-6.232389,53.350855
102_60,19.18,19.36,-6.23233,53.351753
102_61,21.83,19.22,-6.232272,53.352651
102_62,18.73,18.75,-6.232214,53.353549
102_63,19.97,18.41,-6.232156,53.354447
102_64,18.48,18.43,-6.232098,53.355344
102_65,19.26,22.52,-6.232039,53.356242
102_66,21.7,22,-6.231981,53.35714
102_67,22.21,22.67,-6.231923,53.358038
102_68,20.94,20.73,-6.231865,53.358936
102_69,19.71,20.45,-6.231806,53.359834
102_70,18.55,18.67,-6.231748,53.360731
102_71,17.8,17.76,-6.23169,53.361629
102_72,18.17,18.17,-6.231632,53.362527
102_73,18.75,19,-6.231573,53.363425
102_74,31.67,31.94,-6.231515,53.364323
102_75,18.54,18.31,-6.231457,53.365221
102_76,18.28,18.11,-6.231399,53.366118
102_77,17.79,17.78,-6.23134,53.367016
102_78,17.48,17.55,-6.231282,53.367914
102_79,17.79,17.8,-6.231224,53.368812
102_80,19.34,19.86,-6.231166,53.36971
102_81,17.46,17.21,-6.231107,53.370608
102_82,16.99,17.01,-6.231049,53.371505
102_83,16.99,16.98,-6.230991,53.372403
102_84,16.96,16.96,-6.230933,53.373301
102_85,16.93,16.92,-6.230874,53.374199
102_86,16.9,16.89,-6.230816,53.375097
102_87,16.83,16.81,-6.230758,53.375995
102_88,16.77,16.85,-6.2307,53.376893
102_89,16.85,16.82,-6.230641,53.37779
102_90,20.59,16.97,-6.230583,53.378688
102_91,17.02,17.22,-6.230525,53.379586
102_92,16.69,16.69,-6.230466,53.380484
102_93,16.67,16.66,-6.230408,53.381382
102_94,16.7,16.7,-6.23035,53.38228
102_95,16.67,16.67,-6.230291,53.383177
102_96,16.84,16.99,-6.230233,53.384075
102_97,16.9,16.92,-6.230175,53.384973
102_98,20.31,19.3,-6.230116,53.385871
102_99,16.67,16.87,-6.230058,53.386769
102_100,16.19,16.23,-6.23,53.387667
102_101,16.03,16.05,-6.229941,53.388564
102_102,15.86,15.86,-6.229883,53.389462
102_103,15.7,15.74,-6.229825,53.39036
102_104,15.58,15.59,-6.229766,53.391258
102_105,15.45,15.44,-6.229708,53.392156
102_106,15.4,15.4,-6.22965,53.393054
102_107,15.28,15.25,-6.229591,53.393951
102_108,15.06,15.08,-6.229533,53.394849
102_109,15.1,15.17,-6.229475,53.395747
102_110,15.74,15.95,-6.229416,53.396645
102_111,16.33,16.48,-6.229358,53.397543
102_112,16.12,15.95,-6.2293,53.39844
102_113,15.82,15.88,-6.229241,53.399338
102_114,16.28,16.5,-6.229183,53.400236
102_115,15.65,15.19,-6.229125,53.401134
102_116,15.09,15.08,-6.229066,53.402032
102_117,14.8,15.01,-6.229008,53.40293
102_118,15.72,16.37,-6.228949,53.403827
102_119,16.43,16.45,-6.228891,53.404725
102_120,16.68,16.45,-6.228833,53.405623
102_121,17.05,16.91,-6.228774,53.406521
102_122,16.6,16.54,-6.228716,53.407419
102_123,16.86,16.72,-6.228657,53.408317
102_124,17.36,17.22,-6.228599,53.409214
102_125,19.37,18.26,-6.228541,53.410112
102_126,20.22,20.15,-6.228482,53.41101
103_0,15.63,15.53,-6.234318,53.297848
103_1,15.99,19.08,-6.23426,53.298745
103_2,15.68,15.64,-6.234202,53.299643
103_3,15.52,15.48,-6.234144,53.300541
103_4,15.7,15.42,-6.234086,53.301439
103_5,15.92,16.13,-6.234028,53.302337
103_6,16.43,16.51,-6.23397,53.303235
103_7,16.63,16.68,-6.233912,53.304132
103_8,15.73,15.65,-6.233854,53.30503
103_9,15.53,15.46,-6.233796,53.305928
103_10,15.4,15.49,-6.233738,53.306826
103_11,15.62,15.79,-6.233679,53.307724
103_12,15.68,15.54,-6.233621,53.308622
103_13,15.48,15.36,-6.233563,53.30952
103_14,15.23,15.19,-6.233505,53.310417
103_15,15.04,15.19,-6.233447,53.311315
103_16,15.13,15.01,-6.233389,53.312213
103_17,15.21,15.11,-6.233331,53.313111
103_18,15.31,15.26,-6.233273,53.314009
103_19,15.37,15.42,-6.233215,53.314907
103_20,15.33,15.25,-6.233157,53.315805
103_21,15.65,15.45,-6.233098,53.316702
103_22,16.12,15.95,-6.23304,53.3176
103_23,16.81,18.44,-6.232982,53.318498
103_24,21.45,18.15,-6.232924,53.319396
103_25,18.62,18.69,-6.232866,53.320294
103_26,16.93,17.3,-6.232808,53.321192
103_27,16.31,16.48,-6.23275,53.322089
103_28,16.45,16.39,-6.232692,53.322987
103_29,16.62,16.6,-6.232634,53.323885
103_30,16.65,16.7,-6.232575,53.324783
103_31,16.75,16.85,-6.232517,53.325681
103_32,17.14,17.19,-6.232459,53.326579
103_33,17.71,17.67,-6.232401,53.327476
103_34,18.17,18.1,-6.232343,53.328374
103_35,19.28,19.96,-6.232285,53.329272
103_36,20.37,29.07,-6.232226,53.33017
103_37,19.37,19.34,-6.232168,53.331068
103_38,18.53,18.74,-6.23211,53.331966
103_39,18.51,21.78,-6.232052,53.332864
103_40,22.4,20.32,-6.231994,53.333761
103_41,22.18,18.71,-6.231936,53.334659
103_42,18.63,23.08,-6.231877,53.335557
103_43,18.4,18.21,-6.231819,53.336455
103_44,19.12,18.36,-6.231761,53.337353
103_45,18.38,18.57,-6.231703,53.338251
103_46,18.47,19.99,-6.231645,53.339148
103_47,18.62,18.58,-6.231587,53.340046
103_48,20.97,18.58,-6.231528,53.340944
103_49,19.21,25.2,-6.23147,53.341842
103_50,18.49,18.35,-6.231412,53.34274
103_51,18.51,18.16,-6.231354,53.343638
103_52,18.77,18.63,-6.231296,53.344535
103_53,18.88,18.98,-6.231237,53.345433
103_54,19.8,19.46,-6.231179,53.346331
103_55,20.79,20.59,-6.231121,53.347229
103_56,19.72,19.83,-6.231063,53.348127
103_57,19.42,19.63,-6.231004,53.349025
103_58,22.98,21.44,-6.230946,53.349923
103_59,18.79,18.72,-6.230888,53.35082
103_60,18.72,18.79,-6.23083,53.351718
103_61,18.57,18.86,-6.230772,53.352616
103_62,18.31,18.11,-6.230713,53.353514
103_63,18.29,18.27,-6.230655,53.354412
103_64,18.54,18.52,-6.230597,53.35531
103_65,19.93,22.52,-6.230539,53.356207
103_66,24.4,26.3,-6.23048,53.357105
103_67,31.55,31.36,-6.230422,53.358003
103_68,21.89,21.98,-6.230364,53.358901
103_69,20.4,20.11,-6.230306,53.359799
103_70,19.27,19.15,-6.230247,53.360697
103_71,17.78,17.9,-6.230189,53.361594
103_72,18.57,18.63,-6.230131,53.362492
103_73,19.28,19.6,-6.230073,53.36339
103_74,25.34,25.17,-6.230014,53.364288
103_75,19.5,20.76,-6.229956,53.365186
103_76,20.45,18.29,-6.229898,53.366084
103_77,18.02,18.1,-6.229839,53.366981
103_78,17.75,18.79,-6.229781,53.367879
103_79,17.73,19.45,-6.229723,53.368777
103_80,17.68,19.45,-6.229665,53.369675
103_81,17.27,17.41,-6.229606,53.370573
103_82,16.87,17.04,-6.229548,53.371471
103_83,16.84,16.82,-6.22949,53.372368
103_84,16.97,16.99,-6.229431,53.373266
103_85,16.95,16.94,-6.229373,53.374164
103_86,16.91,16.93,-6.229315,53.375062
103_87,16.89,16.87,-6.229256,53.37596
103_88,16.9,17.02,-6.229198,53.376858
103_89,16.91,16.96,-6.22914,53.377755
103_90,17.25,17.28,-6.229081,53.378653
103_91,16.92,16.97,-6.229023,53.379551
103_92,16.64,16.7,-6.228965,53.380449
103_93,17.44,17.23,-6.228906,53.381347
103_94,16.98,18.01,-6.228848,53.382245
103_95,17.18,16.94,-6.22879,53.383142
103_96,17.16,17.18,-6.228731,53.38404
103_97,17.04,17.02,-6.228673,53.384938
103_98,19.36,20.59,-6.228615,53.385836
103_99,16.71,16.76,-6.228556,53.386734
103_100,16.29,16.29,-6.228498,53.387632
103_101,16.1,16.08,-6.22844,53.388529
103_102,15.95,15.9,-6.228381,53.389427
103_103,15.8,15.74,-6.228323,53.390325
103_104,15.65,15.63,-6.228265,53.391223
103_105,15.54,15.5,-6.228206,53.392121
103_106,15.56,15.41,-6.228148,53.393019
103_107,15.55,15.65,-6.228089,53.393916
103_108,15.42,15.07,-6.228031,53.394814
103_109,15.04,15.05,-6.227973,53.395712
103_110,15.09,15.56,-6.227914,53.39661
103_111,15.94,16.42,-6.227856,53.397508
103_112,16.11,16.42,-6.227797,53.398406
103_113,15.5,15.64,-6.227739,53.399303
103_114,15.33,15.77,-6.227681,53.400201
103_115,15.12,15.12,-6.227622,53.401099
103_116,14.66,14.78,-6.227564,53.401997
103_117,14.45,14.55,-6.227505,53.402895
103_118,14.91,14.79,-6.227447,53.403793
103_119,15.12,14.55,-6.227389,53.40469
103_120,15.16,15.02,-6.22733,53.405588
103_121,15.39,15.48,-6.227272,53.406486
103_122,15.96,16.54,-6.227213,53.407384
103_123,17.18,17.12,-6.227155,53.408282
103_124,18.3,17.93,-6.227097,53.40918
103_125,19.61,19.3,-6.227038,53.410077
103_126,20.08,19.99,-6.22698,53.410975
104_0,15.78,16.1,-6.232819,53.297813
104_1,15.8,15.97,-6.232761,53.298711
104_2,16.08,16.06,-6.232703,53.299608
104_3,16.02,16.02,-6.232645,53.300506
104_4,16.06,20.32,-6.232587,53.301404
104_5,16.2,17.05,-6.232529,53.302302
104_6,16.34,16.39,-6.232471,53.3032
104_7,16.15,16.39,-6.232413,53.304098
104_8,15.7,15.85,-6.232355,53.304996
104_9,15.46,15.52,-6.232297,53.305893
104_10,15.22,15.3,-6.232239,53.306791
104_11,15.31,15.27,-6.23218,53.307689
104_12,15.45,15.4,-6.232122,53.308587
104_13,15.45,15.42,-6.232064,53.309485
104_14,15.3,15.35,-6.232006,53.310383
104_15,15.23,15.18,-6.231948,53.31128
104_16,15.12,15.34,-6.23189,53.312178
104_17,14.94,15.06,-6.231832,53.313076
104_18,15.01,15,-6.231774,53.313974
104_19,15.09,15.16,-6.231715,53.314872
104_20,15.11,15.01,-6.231657,53.31577
104_21,15.52,15.47,-6.231599,53.316668
104_22,16.12,16.04,-6.231541,53.317565
104_23,27.86,16.91,-6.231483,53.318463
104_24,20.91,18.75,-6.231425,53.319361
104_25,21.78,21.86,-6.231367,53.320259
104_26,24.8,16.82,-6.231308,53.321157
104_27,16.65,16.48,-6.23125,53.322055
104_28,16.46,16.5,-6.231192,53.322952
104_29,16.41,16.43,-6.231134,53.32385
104_30,16.48,16.52,-6.231076,53.324748
104_31,17.07,17.08,-6.231018,53.325646
104_32,17.31,17.46,-6.230959,53.326544
104_33,17.79,24.59,-6.230901,53.327442
104_34,21.74,18.8,-6.230843,53.32834
104_35,19.58,19.53,-6.230785,53.329237
104_36,19.43,18.99,-6.230727,53.330135
104_37,18.63,18.62,-6.230668,53.331033
104_38,18.09,18.3,-6.23061,53.331931
104_39,17.69,17.52,-6.230552,53.332829
104_40,17.47,17.27,-6.230494,53.333727
104_41,17.28,17.48,-6.230436,53.334624
104_42,17.42,17.55,-6.230377,53.335522
104_43,17.85,17.22,-6.230319,53.33642
104_44,18.45,17.67,-6.230261,53.337318
104_45,17.84,17.84,-6.230203,53.338216
104_46,18.02,18.1,-6.230145,53.339114
104_47,18.08,17.77,-6.230086,53.340011
104_48,18.09,17.99,-6.230028,53.340909
104_49,18.53,28.67,-6.22997,53.341807
104_50,17.66,17.25,-6.229912,53.342705
104_51,17.61,17.25,-6.229853,53.343603
104_52,17.82,17.76,-6.229795,53.344501
104_53,18.36,18.27,-6.229737,53.345398
104_54,19.53,19.38,-6.229679,53.346296
104_55,20.45,20.23,-6.229621,53.347194
104_56,19.57,19.57,-6.229562,53.348092
104_57,19.28,19.26,-6.229504,53.34899
104_58,18.9,18.98,-6.229446,53.349888
104_59,18.39,18.24,-6.229387,53.350786
104_60,17.97,18.05,-6.229329,53.351683
104_61,17.79,18.1,-6.229271,53.352581
104_62,17.94,17.93,-6.229213,53.353479
104_63,18.17,18.3,-6.229154,53.354377
104_64,18.9,19.02,-6.229096,53.355275
104_65,19.67,20.21,-6.229038,53.356173
104_66,26.71,23.57,-6.22898,53.35707
104_67,22.83,22.59,-6.228921,53.357968
104_68,21.23,20.9,-6.228863,53.358866
104_69,19.89,19.43,-6.228805,53.359764
104_70,19.14,18.86,-6.228746,53.360662
104_71,18.17,18.86,-6.228688,53.36156
104_72,18.46,18.03,-6.22863,53.362457
104_73,19.08,18.22,-6.228572,53.363355
104_74,19.68,19.36,-6.228513,53.364253
104_75,20.38,19.73,-6.228455,53.365151
104_76,19.17,19.65,-6.228397,53.366049
104_77,26.5,19.02,-6.228338,53.366947
104_78,19.18,19.66,-6.22828,53.367844
104_79,19.28,19.1,-6.228222,53.368742
104_80,17.67,17.85,-6.228163,53.36964
104_81,17.26,17.31,-6.228105,53.370538
104_82,16.83,16.9,-6.228047,53.371436
104_83,16.6,16.6,-6.227988,53.372334
104_84,16.68,16.76,-6.22793,53.373231
104_85,16.79,16.7,-6.227872,53.374129
104_86,17.1,17.14,-6.227813,53.375027
104_87,17.14,17.08,-6.227755,53.375925
104_88,17.18,17.02,-6.227697,53.376823
104_89,17.37,20.6,-6.227638,53.377721
104_90,17.53,17.54,-6.22758,53.378618
104_91,17.07,17.02,-6.227522,53.379516
104_92,16.93,16.91,-6.227463,53.380414
104_93,17.02,17.02,-6.227405,53.381312
104_94,17.11,17.14,-6.227346,53.38221
104_95,17.2,17.22,-6.227288,53.383108
104_96,17.8,18.13,-6.22723,53.384005
104_97,16.68,16.77,-6.227171,53.384903
104_98,17.03,16.99,-6.227113,53.385801
104_99,16.47,16.5,-6.227055,53.386699
104_100,16.37,16.29,-6.226996,53.387597
104_101,16.19,16.12,-6.226938,53.388495
104_102,16.01,15.94,-6.226879,53.389392
104_103,15.87,15.79,-6.226821,53.39029
104_104,15.74,15.83,-6.226763,53.391188
104_105,15.85,15.76,-6.226704,53.392086
104_106,15.87,15.94,-6.226646,53.392984
104_107,16.31,15.72,-6.226587,53.393882
104_108,15.95,16.48,-6.226529,53.394779
104_109,15.13,15.51,-6.226471,53.395677
104_110,15.1,15.03,-6.226412,53.396575
104_111,15.81,15.73,-6.226354,53.397473
104_112,16.14,16.42,-6.226295,53.398371
104_113,15.2,15.4,-6.226237,53.399269
104_114,15.14,15.16,-6.226178,53.400166
104_115,14.7,16.01,-6.22612,53.401064
104_116,14.29,14.26,-6.226062,53.401962
104_117,14.17,14.21,-6.226003,53.40286
104_118,14.11,14.19,-6.225945,53.403758
104_119,14.1,14.03,-6.225886,53.404655
104_120,14.12,14.09,-6.225828,53.405553
104_121,14.11,14.15,-6.225769,53.406451
104_122,14.8,15.26,-6.225711,53.407349
104_123,16.03,15.96,-6.225652,53.408247
104_124,18.02,18.24,-6.225594,53.409145
104_125,19.57,19.8,-6.225535,53.410042
104_126,19.82,19.99,-6.225477,53.41094
105_0,15.18,,-6.231321,53.297778
105_1,15.58,15.35,-6.231263,53.298676
105_2,15.93,15.89,-6.231205,53.299574
105_3,15.87,15.89,-6.231146,53.300472
105_4,15.86,15.9,-6.231088,53.301369
105_5,15.88,15.8,-6.23103,53.302267
105_6,15.99,16,-6.230972,53.303165
105_7,15.84,15.95,-6.230914,53.304063
105_8,15.62,15.73,-6.230856,53.304961
105_9,15.36,15.4,-6.230798,53.305859
105_10,15.1,15.14,-6.23074,53.306756
105_11,15.13,15.13,-6.230681,53.307654
105_12,15.94,15.4,-6.230623,53.308552
105_13,15.53,15.54,-6.230565,53.30945
105_14,15.54,15.55,-6.230507,53.310348
105_15,15.55,15.46,-6.230449,53.311246
105_16,15.5,15.66,-6.230391,53.312143
105_17,15.33,15.39,-6.230332,53.313041
105_18,15.18,15.12,-6.230274,53.313939
105_19,14.97,14.9,-6.230216,53.314837
105_20,14.91,15.17,-6.230158,53.315735
105_21,15.45,15.59,-6.2301,53.316633
105_22,16.23,16.34,-6.230042,53.317531
105_23,17.17,28.59,-6.229983,53.318428
105_24,17.55,17.44,-6.229925,53.319326
105_25,16.78,16.76,-6.229867,53.320224
105_26,16.82,17.01,-6.229809,53.321122
105_27,16.97,16.78,-6.229751,53.32202
105_28,16.88,16.59,-6.229693,53.322918
105_29,16.65,16.37,-6.229634,53.323815
105_30,16.5,16.75,-6.229576,53.324713
105_31,16.58,16.75,-6.229518,53.325611
105_32,16.9,16.51,-6.22946,53.326509
105_33,17.24,16.98,-6.229402,53.327407
105_34,26.09,18.05,-6.229343,53.328305
105_35,19.42,18.45,-6.229285,53.329203
105_36,18.11,17.98,-6.229227,53.3301
105_37,17.62,17.63,-6.229169,53.330998
105_38,17.36,17.59,-6.22911,53.331896
105_39,16.96,16.77,-6.229052,53.332794
105_40,16.55,16.41,-6.228994,53.333692
105_41,16.43,16.45,-6.228936,53.33459
105_42,16.62,16.76,-6.228877,53.335487
105_43,16.84,16.45,-6.228819,53.336385
105_44,17.07,16.95,-6.228761,53.337283
105_45,17.18,17.24,-6.228703,53.338181
105_46,17.17,17.5,-6.228645,53.339079
105_47,17.21,17.02,-6.228586,53.339977
105_48,17.38,17.31,-6.228528,53.340874
105_49,25.57,17.74,-6.22847,53.341772
105_50,16.87,17.25,-6.228411,53.34267
105_51,17.98,17.37,-6.228353,53.343568
105_52,18.37,17.91,-6.228295,53.344466
105_53,17.78,18.09,-6.228237,53.345364
105_54,18.98,19.23,-6.228178,53.346261
105_55,20.01,20.13,-6.22812,53.347159
105_56,19.75,19.64,-6.228062,53.348057
105_57,19.37,19.26,-6.228004,53.348955
105_58,19.23,19.48,-6.227945,53.349853
105_59,18.79,18.5,-6.227887,53.350751
105_60,17.74,17.34,-6.227829,53.351648
105_61,17.54,17.64,-6.22777,53.352546
105_62,17.79,20.02,-6.227712,53.353444
105_63,20.17,20.02,-6.227654,53.354342
105_64,19.26,19.19,-6.227595,53.35524
105_65,20.09,19.1,-6.227537,53.356138
105_66,21.05,20.72,-6.227479,53.357036
105_67,20.83,20.46,-6.227421,53.357933
105_68,20.65,28.47,-6.227362,53.358831
105_69,19.95,20.37,-6.227304,53.359729
105_70,18.95,19.06,-6.227246,53.360627
105_71,18.3,18.46,-6.227187,53.361525
105_72,17.68,17.83,-6.227129,53.362423
105_73,18.31,17.82,-6.227071,53.36332
105_74,19.5,23.43,-6.227012,53.364218
105_75,19.66,22.27,-6.226954,53.365116
105_76,18.86,19.62,-6.226896,53.366014
105_77,18.52,17.95,-6.226837,53.366912
105_78,19.11,18.84,-6.226779,53.36781
105_79,18.85,18.74,-6.22672,53.368707
105_80,17.99,17.89,-6.226662,53.369605
105_81,17.28,17.41,-6.226604,53.370503
105_82,16.84,16.78,-6.226545,53.371401
105_83,16.64,16.62,-6.226487,53.372299
105_84,16.52,16.52,-6.226429,53.373197
105_85,16.58,16.84,-6.22637,53.374094
105_86,18.34,17.12,-6.226312,53.374992
105_87,17.45,17.37,-6.226254,53.37589
105_88,17.57,17.38,-6.226195,53.376788
105_89,21.36,17.78,-6.226137,53.377686
105_90,17.41,17.28,-6.226078,53.378584
105_91,17.04,16.97,-6.22602,53.379481
105_92,16.95,16.94,-6.225962,53.380379
105_93,16.93,16.96,-6.225903,53.381277
105_94,17.02,17.07,-6.225845,53.382175
105_95,17.1,17.07,-6.225786,53.383073
105_96,17.05,17.05,-6.225728,53.383971
105_97,16.74,16.91,-6.22567,53.384868
105_98,16.87,16.83,-6.225611,53.385766
105_99,16.37,16.61,-6.225553,53.386664
105_100,16.26,16.28,-6.225494,53.387562
105_101,16.25,16.21,-6.225436,53.38846
105_102,16.19,16.28,-6.225378,53.389357
105_103,15.76,15.9,-6.225319,53.390255
105_104,15.82,15.88,-6.225261,53.391153
105_105,16.43,16.32,-6.225202,53.392051
105_106,16.22,20.09,-6.225144,53.392949
105_107,16.18,16.01,-6.225085,53.393847
105_108,16.38,16.47,-6.225027,53.394744
105_109,18.19,18.19,-6.224968,53.395642
105_110,15.33,15.18,-6.22491,53.39654
105_111,15.9,16.02,-6.224852,53.397438
105_112,16.36,16.32,-6.224793,53.398336
105_113,15.46,15.45,-6.224735,53.399234
105_114,16.03,16.24,-6.224676,53.400131
105_115,14.77,14.44,-6.224618,53.401029
105_116,14.1,14.04,-6.224559,53.401927
105_117,14.77,14.77,-6.224501,53.402825
105_118,15.02,14.01,-6.224442,53.403723
105_119,13.89,13.82,-6.224384,53.404621
105_120,13.91,13.91,-6.224325,53.405518
105_121,13.94,14,-6.224267,53.406416
105_122,13.97,14.49,-6.224208,53.407314
105_123,15.09,15.36,-6.22415,53.408212
105_124,16.54,17.37,-6.224091,53.40911
105_125,18.68,19.42,-6.224033,53.410008
105_126,18.28,19.12,-6.223974,53.410905
106_0,15.1,15.05,-6.229822,53.297743
106_1,15.4,15.3,-6.229764,53.298641
106_2,15.81,15.8,-6.229706,53.299539
106_3,15.7,15.72,-6.229648,53.300437
106_4,15.7,15.74,-6.22959,53.301335
106_5,16.8,17.12,-6.229531,53.302232
106_6,15.91,15.92,-6.229473,53.30313
106_7,15.97,15.97,-6.229415,53.304028
106_8,15.73,15.69,-6.229357,53.304926
106_9,15.46,15.49,-6.229299,53.305824
106_10,15.22,15.19,-6.229241,53.306722
106_11,16.76,16.4,-6.229182,53.307619
106_12,15.46,16.01,-6.229124,53.308517
106_13,15.7,15.85,-6.229066,53.309415
106_14,15.88,15.78,-6.229008,53.310313
106_15,15.78,15.75,-6.22895,53.311211
106_16,15.82,15.87,-6.228891,53.312109
106_17,15.8,15.91,-6.228833,53.313007
106_18,15.72,15.64,-6.228775,53.313904
106_19,15.76,15.38,-6.228717,53.314802
106_20,15.66,22.2,-6.228659,53.3157
106_21,16.12,16.76,-6.2286,53.316598
106_22,16.78,16.76,-6.228542,53.317496
106_23,16.49,16.78,-6.228484,53.318394
106_24,16.04,15.97,-6.228426,53.319291
106_25,16.15,16.76,-6.228368,53.320189
106_26,16.25,16.2,-6.228309,53.321087
106_27,16.04,16.46,-6.228251,53.321985
106_28,15.84,15.53,-6.228193,53.322883
106_29,15.78,15.67,-6.228135,53.323781
106_30,15.91,15.91,-6.228077,53.324678
106_31,16.06,16.11,-6.228018,53.325576
106_32,16.5,16.37,-6.22796,53.326474
106_33,16.91,16.81,-6.227902,53.327372
106_34,25.66,27.83,-6.227844,53.32827
106_35,17.61,18.45,-6.227785,53.329168
106_36,17.13,16.88,-6.227727,53.330065
106_37,16.88,16.88,-6.227669,53.330963
106_38,16.63,16.85,-6.227611,53.331861
106_39,16.4,16.02,-6.227552,53.332759
106_40,15.84,15.78,-6.227494,53.333657
106_41,15.78,15.78,-6.227436,53.334555
106_42,15.78,15.99,-6.227377,53.335453
106_43,15.97,15.83,-6.227319,53.33635
106_44,16.32,16.18,-6.227261,53.337248
106_45,16.37,16.48,-6.227203,53.338146
106_46,16.49,16.75,-6.227144,53.339044
106_47,16.62,16.46,-6.227086,53.339942
106_48,16.71,16.74,-6.227028,53.34084
106_49,24.18,16.88,-6.22697,53.341737
106_50,16.59,16.6,-6.226911,53.342635
106_51,16.45,16.38,-6.226853,53.343533
106_52,16.79,17.15,-6.226795,53.344431
106_53,17.73,18.03,-6.226736,53.345329
106_54,18.42,19.23,-6.226678,53.346227
106_55,26.64,19.42,-6.22662,53.347124
106_56,19.81,19.25,-6.226561,53.348022
106_57,30.55,19.99,-6.226503,53.34892
106_58,20.19,19.57,-6.226445,53.349818
106_59,19.58,19.86,-6.226386,53.350716
106_60,19.25,19.37,-6.226328,53.351614
106_61,18.93,18.74,-6.22627,53.352511
106_62,20.71,19.3,-6.226211,53.353409
106_63,19.38,19.41,-6.226153,53.354307
106_64,19.81,19.68,-6.226095,53.355205
106_65,20.76,20.25,-6.226036,53.356103
106_66,19.95,19.59,-6.225978,53.357001
106_67,23.52,23.52,-6.22592,53.357898
106_68,19.24,19.32,-6.225861,53.358796
106_69,19.13,19.6,-6.225803,53.359694
106_70,18.4,18.15,-6.225745,53.360592
106_71,18.3,18.29,-6.225686,53.36149
106_72,18.12,18.11,-6.225628,53.362388
106_73,17.9,17.82,-6.22557,53.363285
106_74,18.8,18.48,-6.225511,53.364183
106_75,22.79,22.79,-6.225453,53.365081
106_76,18.66,18.51,-6.225394,53.365979
106_77,17.78,19.01,-6.225336,53.366877
106_78,20.42,18.01,-6.225278,53.367775
106_79,18.6,18.74,-6.225219,53.368672
106_80,18.57,18.28,-6.225161,53.36957
106_81,17.98,18.25,-6.225103,53.370468
106_82,17.51,17.3,-6.225044,53.371366
106_83,17.09,16.9,-6.224986,53.372264
106_84,17.03,16.68,-6.224927,53.373162
106_85,17.25,17.57,-6.224869,53.374059
106_86,17.59,17.56,-6.224811,53.374957
106_87,17.59,17.56,-6.224752,53.375855
106_88,17.68,17.59,-6.224694,53.376753
106_89,17.78,21.17,-6.224635,53.377651
106_90,17.33,17.52,-6.224577,53.378549
106_91,17.11,17.18,-6.224518,53.379446
106_92,17.02,17.03,-6.22446,53.380344
106_93,16.96,17,-6.224402,53.381242
106_94,16.92,16.91,-6.224343,53.38214
106_95,16.98,16.98,-6.224285,53.383038
106_96,17.05,17.01,-6.224226,53.383936
106_97,18.63,18.4,-6.224168,53.384833
106_98,17.06,17.39,-6.224109,53.385731
106_99,16.32,16.36,-6.224051,53.386629
106_100,16.23,16.22,-6.223993,53.387527
106_101,16.2,16.21,-6.223934,53.388425
106_102,16.34,16.34,-6.223876,53.389323
106_103,16.26,16.05,-6.223817,53.39022
106_104,15.99,16.02,-6.223759,53.391118
106_105,21.12,20.67,-6.2237,53.392016
106_106,17.1,17.07,-6.223642,53.392914
106_107,18.44,18.72,-6.223583,53.393812
106_108,16.18,16.04,-6.223525,53.39471
106_109,15.63,15.56,-6.223466,53.395607
106_110,15.52,15.59,-6.223408,53.396505
106_111,16,16.02,-6.223349,53.397403
106_112,16.12,15.71,-6.223291,53.398301
106_113,15.32,15.21,-6.223232,53.399199
106_114,15.1,15.1,-6.223174,53.400096
106_115,14.43,14.22,-6.223115,53.400994
106_116,13.95,13.82,-6.223057,53.401892
106_117,13.79,13.89,-6.222998,53.40279
106_118,13.83,13.86,-6.22294,53.403688
106_119,13.71,13.65,-6.222881,53.404586
106_120,13.74,13.68,-6.222823,53.405483
106_121,13.8,13.77,-6.222764,53.406381
106_122,13.8,13.85,-6.222706,53.407279
106_123,14.03,13.73,-6.222647,53.408177
106_124,15.62,14.77,-6.222589,53.409075
106_125,16.58,16.25,-6.22253,53.409973
106_126,16.97,18.03,-6.222472,53.41087
107_0,15.09,15.08,-6.228323,53.297708
107_1,15.29,15.33,-6.228265,53.298606
107_2,15.67,15.66,-6.228207,53.299504
107_3,15.58,15.57,-6.228149,53.300402
107_4,15.53,15.58,-6.228091,53.3013
107_5,15.85,15.85,-6.228033,53.302198
107_6,15.93,15.94,-6.227974,53.303095
107_7,15.98,15.99,-6.227916,53.303993
107_8,16.02,15.81,-6.227858,53.304891
107_9,15.63,15.58,-6.2278,53.305789
107_10,15.43,15.47,-6.227742,53.306687
107_11,16.95,17.02,-6.227683,53.307585
107_12,15.73,15.68,-6.227625,53.308482
107_13,15.92,16.06,-6.227567,53.30938
107_14,16.14,16.06,-6.227509,53.310278
107_15,16.01,16.15,-6.227451,53.311176
107_16,15.92,15.84,-6.227392,53.312074
107_17,16.08,16.09,-6.227334,53.312972
107_18,16.44,16.36,-6.227276,53.313869
107_19,16.57,16.47,-6.227218,53.314767
107_20,26.77,17.54,-6.227159,53.315665
107_21,17.04,17.26,-6.227101,53.316563
107_22,16.11,16.3,-6.227043,53.317461
107_23,15.74,15.98,-6.226985,53.318359
107_24,16.13,15.45,-6.226926,53.319257
107_25,15.6,15.55,-6.226868,53.320154
107_26,15.55,15.57,-6.22681,53.321052
107_27,15.49,15.55,-6.226752,53.32195
107_28,15.23,15.06,-6.226693,53.322848
107_29,15.18,15.08,-6.226635,53.323746
107_30,15.36,15.42,-6.226577,53.324644
107_31,15.88,18.31,-6.226519,53.325541
107_32,16.24,15.93,-6.22646,53.326439
107_33,16.47,16.5,-6.226402,53.327337
107_34,19.38,20.23,-6.226344,53.328235
107_35,16.35,16.85,-6.226286,53.329133
107_36,16.29,16.04,-6.226227,53.330031
107_37,16.07,16.08,-6.226169,53.330928
107_38,15.94,16.11,-6.226111,53.331826
107_39,15.71,15.59,-6.226052,53.332724
107_40,15.57,15.51,-6.225994,53.333622
107_41,17.06,15.51,-6.225936,53.33452
107_42,15.52,15.64,-6.225878,53.335418
107_43,15.64,15.55,-6.225819,53.336315
107_44,15.6,16.41,-6.225761,53.337213
107_45,15.69,15.89,-6.225703,53.338111
107_46,15.93,15.89,-6.225644,53.339009
107_47,16.11,15.75,-6.225586,53.339907
107_48,16.22,16.01,-6.225528,53.340805
107_49,16.27,16.16,-6.225469,53.341703
107_50,16.32,16.52,-6.225411,53.3426
107_51,16.4,16.19,-6.225353,53.343498
107_52,19.79,16.28,-6.225294,53.344396
107_53,16.8,16.97,-6.225236,53.345294
107_54,16.87,16.94,-6.225178,53.346192
107_55,17.35,17.05,-6.225119,53.34709
107_56,17.21,17.15,-6.225061,53.347987
107_57,18.73,18.8,-6.225003,53.348885
107_58,18.78,18.12,-6.224944,53.349783
107_59,19.14,18.78,-6.224886,53.350681
107_60,19.44,19.4,-6.224828,53.351579
107_61,20.01,19.73,-6.224769,53.352477
107_62,19.88,20.04,-6.224711,53.353374
107_63,19.69,19.72,-6.224652,53.354272
107_64,25.53,25.53,-6.224594,53.35517
107_65,20.13,20.4,-6.224536,53.356068
107_66,19.1,18.94,-6.224477,53.356966
107_67,21.51,18.56,-6.224419,53.357864
107_68,18.26,18.34,-6.224361,53.358761
107_69,18.03,18.48,-6.224302,53.359659
107_70,17.98,18.03,-6.224244,53.360557
107_71,18.19,18.23,-6.224185,53.361455
107_72,18.05,18.01,-6.224127,53.362353
107_73,17.77,17.82,-6.224069,53.363251
107_74,18.08,18.08,-6.22401,53.364148
107_75,18.05,18.1,-6.223952,53.365046
107_76,20.77,17.78,-6.223893,53.365944
107_77,17.66,19.01,-6.223835,53.366842
107_78,17.53,17.9,-6.223777,53.36774
107_79,18.02,17.77,-6.223718,53.368638
107_80,18.45,18.3,-6.22366,53.369535
107_81,18.68,18.41,-6.223601,53.370433
107_82,18.66,18.77,-6.223543,53.371331
107_83,17.98,18.38,-6.223484,53.372229
107_84,17.57,17.53,-6.223426,53.373127
107_85,18.06,18.34,-6.223368,53.374025
107_86,17.62,17.58,-6.223309,53.374922
107_87,17.7,17.66,-6.223251,53.37582
107_88,17.8,17.7,-6.223192,53.376718
107_89,17.81,17.8,-6.223134,53.377616
107_90,17.42,17.46,-6.223075,53.378514
107_91,17.18,17.2,-6.223017,53.379411
107_92,17.08,17.08,-6.222958,53.380309
107_93,16.99,16.97,-6.2229,53.381207
107_94,16.89,16.89,-6.222842,53.382105
107_95,16.93,16.93,-6.222783,53.383003
107_96,16.99,17.01,-6.222725,53.383901
107_97,20.63,20.63,-6.222666,53.384798
107_98,16.44,16.41,-6.222608,53.385696
107_99,16.32,17.01,-6.222549,53.386594
107_100,16.52,16.56,-6.222491,53.387492
107_101,16.47,16.54,-6.222432,53.38839
107_102,16.51,16.48,-6.222374,53.389288
107_103,16.36,16.28,-6.222315,53.390185
107_104,16.12,16.05,-6.222257,53.391083
107_105,16.52,16.71,-6.222198,53.391981
107_106,16.53,16.58,-6.22214,53.392879
107_107,16.65,16.55,-6.222081,53.393777
107_108,16.21,16,-6.222023,53.394675
107_109,15.68,15.55,-6.221964,53.395572
107_110,15.96,16.02,-6.221906,53.39647
107_111,16.08,16.02,-6.221847,53.397368
107_112,15.75,16.18,-6.221789,53.398266
107_113,15.16,15.34,-6.22173,53.399164
107_114,14.89,15.03,-6.221672,53.400061
107_115,14.45,14.67,-6.221613,53.400959
107_116,13.92,14.09,-6.221555,53.401857
107_117,13.67,13.68,-6.221496,53.402755
107_118,13.62,13.66,-6.221438,53.403653
107_119,13.6,13.61,-6.221379,53.404551
107_120,13.59,13.56,-6.22132,53.405448
107_121,13.63,13.63,-6.221262,53.406346
107_122,13.64,13.7,-6.221203,53.407244
107_123,13.64,13.57,-6.221145,53.408142
107_124,14.41,14.19,-6.221086,53.40904
107_125,15.58,15.52,-6.221028,53.409938
107_126,15.73,16.22,-6.220969,53.410835
108_0,15.06,15.12,-6.226825,53.297673
108_1,15.28,15.33,-6.226767,53.298571
108_2,15.49,15.56,-6.226708,53.299469
108_3,15.5,15.48,-6.22665,53.300367
108_4,16.67,16.85,-6.226592,53.301265
108_5,15.78,15.79,-6.226534,53.302163
108_6,15.87,15.79,-6.226475,53.303061
108_7,15.96,15.91,-6.226417,53.303958
108_8,16.05,16.02,-6.226359,53.304856
108_9,15.94,16.08,-6.226301,53.305754
108_10,15.87,16.03,-6.226243,53.306652
108_11,16.52,15.96,-6.226184,53.30755
108_12,16.11,15.92,-6.226126,53.308448
108_13,16.05,16.11,-6.226068,53.309345
108_14,16.29,16.26,-6.22601,53.310243
108_15,15.96,16.09,-6.225951,53.311141
108_16,16.97,16.85,-6.225893,53.312039
108_17,16.29,16.36,-6.225835,53.312937
108_18,16.47,16.46,-6.225777,53.313835
108_19,17.22,16.92,-6.225718,53.314732
108_20,17.54,17.54,-6.22566,53.31563
108_21,16.84,16.71,-6.225602,53.316528
108_22,15.92,15.92,-6.225544,53.317426
108_23,16.18,15.39,-6.225485,53.318324
108_24,15.37,15.28,-6.225427,53.319222
108_25,15.41,15.38,-6.225369,53.320119
108_26,15.38,15.38,-6.22531,53.321017
108_27,15.2,15.32,-6.225252,53.321915
108_28,14.82,14.58,-6.225194,53.322813
108_29,14.52,14.46,-6.225136,53.323711
108_30,14.98,15.17,-6.225077,53.324609
108_31,15.46,15.85,-6.225019,53.325507
108_32,15.65,20.71,-6.224961,53.326404
108_33,21.92,16.01,-6.224902,53.327302
108_34,15.74,15.87,-6.224844,53.3282
108_35,15.75,19.6,-6.224786,53.329098
108_36,15.75,17.46,-6.224727,53.329996
108_37,15.65,15.61,-6.224669,53.330894
108_38,15.56,15.61,-6.224611,53.331791
108_39,15.52,15.59,-6.224553,53.332689
108_40,15.96,15.41,-6.224494,53.333587
108_41,15.31,15.33,-6.224436,53.334485
108_42,15.25,15.75,-6.224378,53.335383
108_43,15.3,15.12,-6.224319,53.336281
108_44,15.27,15.19,-6.224261,53.337178
108_45,15.38,16.11,-6.224203,53.338076
108_46,15.53,15.52,-6.224144,53.338974
108_47,15.71,18.79,-6.224086,53.339872
108_48,15.99,15.84,-6.224027,53.34077
108_49,15.68,15.7,-6.223969,53.341668
108_50,16.14,16.13,-6.223911,53.342565
108_51,16.31,16.3,-6.223852,53.343463
108_52,20.63,20.49,-6.223794,53.344361
108_53,16.55,16.58,-6.223736,53.345259
108_54,16.56,16.66,-6.223677,53.346157
108_55,16.84,16.67,-6.223619,53.347055
108_56,17.11,17.06,-6.223561,53.347952
108_57,17.32,17.47,-6.223502,53.34885
108_58,17.7,18.12,-6.223444,53.349748
108_59,18.09,17.89,-6.223385,53.350646
108_60,18.61,18.66,-6.223327,53.351544
108_61,18.67,19.55,-6.223269,53.352442
108_62,19.97,20.11,-6.22321,53.353339
108_63,20.06,20.35,-6.223152,53.354237
108_64,29.36,20.78,-6.223093,53.355135
108_65,19.85,19.75,-6.223035,53.356033
108_66,18.96,18.4,-6.222977,53.356931
108_67,22.64,21.99,-6.222918,53.357829
108_68,17.85,17.74,-6.22286,53.358726
108_69,17.88,17.94,-6.222801,53.359624
108_70,17.87,17.84,-6.222743,53.360522
108_71,17.89,17.84,-6.222685,53.36142
108_72,17.9,17.88,-6.222626,53.362318
108_73,23.93,17.88,-6.222568,53.363216
108_74,18.13,18.28,-6.222509,53.364113
108_75,18,18.03,-6.222451,53.365011
108_76,18.09,17.95,-6.222392,53.365909
108_77,18.21,22.94,-6.222334,53.366807
108_78,17.55,17.76,-6.222275,53.367705
108_79,17.84,17.68,-6.222217,53.368603
108_80,18.11,18.12,-6.222159,53.3695
108_81,18.11,17.87,-6.2221,53.370398
108_82,18.11,17.98,-6.222042,53.371296
108_83,18.49,18.4,-6.221983,53.372194
108_84,18.43,18.33,-6.221925,53.373092
108_85,17.69,18.14,-6.221866,53.37399
108_86,18.15,18.65,-6.221808,53.374887
108_87,17.89,17.86,-6.221749,53.375785
108_88,18.08,21.55,-6.221691,53.376683
108_89,17.76,17.75,-6.221632,53.377581
108_90,17.49,17.49,-6.221574,53.378479
108_91,17.32,17.28,-6.221515,53.379377
108_92,17.25,17.17,-6.221457,53.380274
108_93,17.18,17.21,-6.221398,53.381172
108_94,17.04,16.94,-6.22134,53.38207
108_95,17.56,17.56,-6.221281,53.382968
108_96,17.63,17.06,-6.221223,53.383866
108_97,20.39,17.63,-6.221164,53.384763
108_98,17.07,16.83,-6.221106,53.385661
108_99,16.57,16.59,-6.221047,53.386559
108_100,16.72,16.75,-6.220989,53.387457
108_101,16.69,16.68,-6.22093,53.388355
108_102,16.66,16.68,-6.220872,53.389253
108_103,16.58,16.61,-6.220813,53.39015
108_104,16.11,16.39,-6.220755,53.391048
108_105,16.29,16.15,-6.220696,53.391946
108_106,18.26,16.44,-6.220638,53.392844
108_107,16.54,16.77,-6.220579,53.393742
108_108,16.29,16.23,-6.220521,53.39464
108_109,16.08,16.18,-6.220462,53.395537
108_110,16.08,16.08,-6.220404,53.396435
108_111,15.9,15.96,-6.220345,53.397333
108_112,15.68,15.69,-6.220287,53.398231
108_113,15.13,15.16,-6.220228,53.399129
108_114,14.81,14.91,-6.220169,53.400027
108_115,14.46,14.59,-6.220111,53.400924
108_116,13.95,13.96,-6.220052,53.401822
108_117,13.54,13.54,-6.219994,53.40272
108_118,13.52,13.53,-6.219935,53.403618
108_119,13.6,13.58,-6.219877,53.404516
108_120,13.52,13.52,-6.219818,53.405413
108_121,13.46,13.49,-6.219759,53.406311
108_122,13.49,13.54,-6.219701,53.407209
108_123,13.48,13.45,-6.219642,53.408107
108_124,13.66,13.82,-6.219584,53.409005
108_125,14.61,14.83,-6.219525,53.409903
108_126,15.58,15.62,-6.219466,53.4108
109_0,15.06,14.94,-6.225326,53.297639
109_1,15.28,15.15,-6.225268,53.298536
109_2,15.54,15.48,-6.22521,53.299434
109_3,15.79,15.74,-6.225151,53.300332
109_4,15.64,15.63,-6.225093,53.30123
109_5,15.62,15.52,-6.225035,53.302128
109_6,15.73,15.66,-6.224977,53.303026
109_7,15.83,15.8,-6.224918,53.303923
109_8,15.94,15.94,-6.22486,53.304821
109_9,15.99,15.9,-6.224802,53.305719
109_10,15.95,15.93,-6.224744,53.306617
109_11,16.23,16.2,-6.224685,53.307515
109_12,16.21,16.19,-6.224627,53.308413
109_13,16.2,16.27,-6.224569,53.309311
109_14,16.39,16.4,-6.224511,53.310208
109_15,16.11,16.09,-6.224452,53.311106
109_16,16.33,16.18,-6.224394,53.312004
109_17,17.55,17.88,-6.224336,53.312902
109_18,17.16,24.02,-6.224277,53.3138
109_19,17.95,18,-6.224219,53.314698
109_20,16.98,17.2,-6.224161,53.315595
109_21,16.39,16.05,-6.224103,53.316493
109_22,16,15.84,-6.224044,53.317391
109_23,15.3,15.3,-6.223986,53.318289
109_24,15.14,15.28,-6.223928,53.319187
109_25,15.25,15,-6.223869,53.320085
109_26,14.95,14.99,-6.223811,53.320982
109_27,14.75,14.83,-6.223753,53.32188
109_28,14.39,14.01,-6.223694,53.322778
109_29,14.14,14.36,-6.223636,53.323676
109_30,14.73,14.36,-6.223578,53.324574
109_31,17.61,14.94,-6.223519,53.325472
109_32,15.46,15.28,-6.223461,53.326369
109_33,15.4,15.22,-6.223403,53.327267
109_34,15.27,15.27,-6.223344,53.328165
109_35,15.13,15.3,-6.223286,53.329063
109_36,15.19,14.99,-6.223228,53.329961
109_37,15.28,15.17,-6.223169,53.330859
109_38,15.4,17.61,-6.223111,53.331756
109_39,15.31,15.42,-6.223053,53.332654
109_40,15.28,15.28,-6.222994,53.333552
109_41,15.25,15.26,-6.222936,53.33445
109_42,15.14,15.16,-6.222878,53.335348
109_43,15.16,15.12,-6.222819,53.336246
109_44,15.25,18.33,-6.222761,53.337143
109_45,18.94,18.94,-6.222702,53.338041
109_46,15.4,18.63,-6.222644,53.338939
109_47,18.38,15.23,-6.222586,53.339837
109_48,15.28,15.19,-6.222527,53.340735
109_49,15.21,15.25,-6.222469,53.341633
109_50,15.52,15.72,-6.222411,53.34253
109_51,16.1,18.85,-6.222352,53.343428
109_52,16.69,16.61,-6.222294,53.344326
109_53,16.31,16.23,-6.222235,53.345224
109_54,16.13,16.3,-6.222177,53.346122
109_55,16.27,16.2,-6.222119,53.34702
109_56,16.51,16.58,-6.22206,53.347917
109_57,16.8,16.97,-6.222002,53.348815
109_58,17.04,17.4,-6.221943,53.349713
109_59,17.32,17.44,-6.221885,53.350611
109_60,17.84,17.89,-6.221826,53.351509
109_61,17.94,18.52,-6.221768,53.352407
109_62,19.13,18.52,-6.22171,53.353304
109_63,20.54,19.7,-6.221651,53.354202
109_64,21.21,20.98,-6.221593,53.3551
109_65,19.62,20.14,-6.221534,53.355998
109_66,18.55,18.34,-6.221476,53.356896
109_67,20.48,21.92,-6.221417,53.357794
109_68,17.91,17.88,-6.221359,53.358691
109_69,17.86,17.89,-6.221301,53.359589
109_70,17.82,17.8,-6.221242,53.360487
109_71,17.82,17.81,-6.221184,53.361385
109_72,18.26,18.06,-6.221125,53.362283
109_73,27.25,18.64,-6.221067,53.363181
109_74,18.39,18.54,-6.221008,53.364078
109_75,17.87,17.95,-6.22095,53.364976
109_76,18.04,18,-6.220891,53.365874
109_77,22.86,23.21,-6.220833,53.366772
109_78,17.66,17.62,-6.220774,53.36767
109_79,17.56,17.56,-6.220716,53.368568
109_80,17.58,17.75,-6.220657,53.369465
109_81,17.58,17.87,-6.220599,53.370363
109_82,17.57,17.51,-6.22054,53.371261
109_83,17.68,17.8,-6.220482,53.372159
109_84,18.32,18.66,-6.220423,53.373057
109_85,26.94,18.31,-6.220365,53.373955
109_86,18.2,18.42,-6.220306,53.374852
109_87,18.38,18.25,-6.220248,53.37575
109_88,18.25,18.14,-6.220189,53.376648
109_89,17.92,17.83,-6.220131,53.377546
109_90,17.67,17.62,-6.220072,53.378444
109_91,17.48,17.38,-6.220014,53.379342
109_92,17.29,17.28,-6.219955,53.380239
109_93,17.33,17.36,-6.219897,53.381137
109_94,17.33,17.36,-6.219838,53.382035
109_95,17.44,17.26,-6.21978,53.382933
109_96,17.63,17.48,-6.219721,53.383831
109_97,17.99,21.16,-6.219663,53.384728
109_98,17.25,17.53,-6.219604,53.385626
109_99,17.06,16.86,-6.219546,53.386524
109_100,16.72,16.66,-6.219487,53.387422
109_101,16.77,16.78,-6.219429,53.38832
109_102,16.78,16.79,-6.21937,53.389218
109_103,16.75,16.73,-6.219311,53.390115
109_104,16.33,16.4,-6.219253,53.391013
109_105,16.71,16.69,-6.219194,53.391911
109_106,17.62,17.62,-6.219136,53.392809
109_107,16.31,16.4,-6.219077,53.393707
109_108,16.62,16.19,-6.219019,53.394605
109_109,16.13,16.65,-6.21896,53.395502
109_110,15.9,15.8,-6.218901,53.3964
109_111,16.35,15.97,-6.218843,53.397298
109_112,15.48,15.35,-6.218784,53.398196
109_113,15,14.99,-6.218726,53.399094
109_114,14.88,14.86,-6.218667,53.399992
109_115,14.7,14.67,-6.218609,53.400889
109_116,13.81,13.66,-6.21855,53.401787
109_117,13.43,13.41,-6.218491,53.402685
109_118,13.47,13.49,-6.218433,53.403583
109_119,13.55,13.58,-6.218374,53.404481
109_120,13.57,13.53,-6.218316,53.405378
109_121,13.44,13.4,-6.218257,53.406276
109_122,13.37,13.4,-6.218198,53.407174
109_123,13.4,13.4,-6.21814,53.408072
109_124,13.54,14.05,-6.218081,53.40897
109_125,14.76,15.22,-6.218022,53.409868
109_126,15.48,15.22,-6.217964,53.410765
110_0,15.05,15,-6.223827,53.297604
110_1,15.33,15.26,-6.223769,53.298502
110_2,15.57,15.6,-6.223711,53.299399
110_3,16.79,16.83,-6.223653,53.300297
110_4,15.81,15.63,-6.223594,53.301195
110_5,15.57,15.52,-6.223536,53.302093
110_6,15.64,15.64,-6.223478,53.302991
110_7,15.75,15.75,-6.22342,53.303889
110_8,15.86,15.87,-6.223361,53.304786
110_9,15.87,15.87,-6.223303,53.305684
110_10,15.94,15.97,-6.223245,53.306582
110_11,16.19,16.24,-6.223186,53.30748
110_12,16.33,16.29,-6.223128,53.308378
110_13,16.36,16.51,-6.22307,53.309276
110_14,18.64,18.39,-6.223011,53.310173
110_15,16.79,16.71,-6.222953,53.311071
110_16,16.96,16.72,-6.222895,53.311969
110_17,17.39,27.53,-6.222836,53.312867
110_18,23.45,26.35,-6.222778,53.313765
110_19,17.71,17.26,-6.22272,53.314663
110_20,16.38,16.47,-6.222662,53.31556
110_21,15.78,15.77,-6.222603,53.316458
110_22,15.47,16.39,-6.222545,53.317356
110_23,14.91,15.27,-6.222487,53.318254
110_24,14.42,14.74,-6.222428,53.319152
110_25,15.14,14.06,-6.22237,53.32005
110_26,14.07,14.1,-6.222312,53.320947
110_27,13.96,14.07,-6.222253,53.321845
110_28,13.85,13.83,-6.222195,53.322743
110_29,14.15,14.08,-6.222136,53.323641
110_30,17.44,14.48,-6.222078,53.324539
110_31,15.13,19.67,-6.22202,53.325437
110_32,14.92,14.74,-6.221961,53.326335
110_33,16.07,14.79,-6.221903,53.327232
110_34,14.81,14.85,-6.221845,53.32813
110_35,14.8,14.88,-6.221786,53.329028
110_36,14.84,14.71,-6.221728,53.329926
110_37,14.91,14.85,-6.22167,53.330824
110_38,15.67,15.67,-6.221611,53.331722
110_39,15.17,17.68,-6.221553,53.332619
110_40,17.26,15.04,-6.221494,53.333517
110_41,15.11,15.07,-6.221436,53.334415
110_42,15.1,15.1,-6.221378,53.335313
110_43,15.22,18.22,-6.221319,53.336211
110_44,15.18,15.06,-6.221261,53.337109
110_45,16.58,17.81,-6.221202,53.338006
110_46,18.21,15.34,-6.221144,53.338904
110_47,15.11,14.92,-6.221086,53.339802
110_48,14.98,14.87,-6.221027,53.3407
110_49,14.97,15.04,-6.220969,53.341598
110_50,15.19,15.43,-6.22091,53.342496
110_51,15.93,19.15,-6.220852,53.343393
110_52,16.33,16.05,-6.220793,53.344291
110_53,15.82,16.05,-6.220735,53.345189
110_54,15.68,15.72,-6.220677,53.346087
110_55,15.84,15.54,-6.220618,53.346985
110_56,16.05,15.84,-6.22056,53.347883
110_57,16.2,16.12,-6.220501,53.34878
110_58,16.46,16.48,-6.220443,53.349678
110_59,16.81,16.48,-6.220384,53.350576
110_60,17.22,17.07,-6.220326,53.351474
110_61,17.55,17.37,-6.220267,53.352372
110_62,18.3,18.02,-6.220209,53.35327
110_63,20.74,20.39,-6.220151,53.354167
110_64,21.49,22.01,-6.220092,53.355065
110_65,18.89,19.22,-6.220034,53.355963
110_66,18.29,18.34,-6.219975,53.356861
110_67,17.99,18.08,-6.219917,53.357759
110_68,17.98,17.99,-6.219858,53.358657
110_69,17.89,17.89,-6.2198,53.359554
110_70,17.78,17.78,-6.219741,53.360452
110_71,17.82,17.83,-6.219683,53.36135
110_72,18.21,18.19,-6.219624,53.362248
110_73,18.48,18.74,-6.219566,53.363146
110_74,18.03,17.65,-6.219507,53.364043
110_75,17.53,17.54,-6.219449,53.364941
110_76,17.67,17.8,-6.21939,53.365839
110_77,18.06,18.16,-6.219332,53.366737
110_78,17.67,17.46,-6.219273,53.367635
110_79,17.13,17.09,-6.219215,53.368533
110_80,17.06,17.21,-6.219156,53.36943
110_81,17.06,17.32,-6.219098,53.370328
110_82,17.15,17.13,-6.219039,53.371226
110_83,17.21,17.29,-6.218981,53.372124
110_84,17.38,17.78,-6.218922,53.373022
110_85,17.7,17.78,-6.218864,53.37392
110_86,18.32,17.91,-6.218805,53.374817
110_87,24.12,18.65,-6.218747,53.375715
110_88,18.58,18.83,-6.218688,53.376613
110_89,18.1,18.52,-6.218629,53.377511
110_90,17.84,17.96,-6.218571,53.378409
110_91,17.63,17.72,-6.218512,53.379307
110_92,17.45,17.48,-6.218454,53.380204
110_93,17.37,17.38,-6.218395,53.381102
110_94,17.37,17.38,-6.218337,53.382
110_95,17.49,17.45,-6.218278,53.382898
110_96,17.67,17.61,-6.21822,53.383796
110_97,17.98,18.01,-6.218161,53.384693
110_98,17.22,17.27,-6.218102,53.385591
110_99,17.14,16.57,-6.218044,53.386489
110_100,16.69,16.67,-6.217985,53.387387
110_101,16.79,16.8,-6.217927,53.388285
110_102,16.81,16.81,-6.217868,53.389183
110_103,16.88,16.83,-6.21781,53.39008
110_104,16.51,16.4,-6.217751,53.390978
110_105,16.28,16.25,-6.217692,53.391876
110_106,16.33,16.32,-6.217634,53.392774
110_107,16.32,16.29,-6.217575,53.393672
110_108,16.19,16.17,-6.217517,53.39457
110_109,16.98,16.47,-6.217458,53.395467
110_110,17.01,16.92,-6.217399,53.396365
110_111,16.01,16.02,-6.217341,53.397263
110_112,15.27,15.03,-6.217282,53.398161
110_113,14.9,14.8,-6.217224,53.399059
110_114,14.86,14.85,-6.217165,53.399956
110_115,14.78,14.72,-6.217106,53.400854
110_116,17.48,15.7,-6.217048,53.401752
110_117,13.62,13.56,-6.216989,53.40265
110_118,13.5,13.56,-6.21693,53.403548
110_119,13.51,13.47,-6.216872,53.404446
110_120,13.57,13.55,-6.216813,53.405343
110_121,13.55,13.55,-6.216754,53.406241
110_122,13.44,13.6,-6.216696,53.407139
110_123,13.33,13.34,-6.216637,53.408037
110_124,13.44,13.4,-6.216579,53.408935
110_125,14.62,14.28,-6.21652,53.409832
110_126,15.25,15.3,-6.216461,53.41073
111_0,15.01,15.02,-6.222329,53.297569
111_1,15.36,15.31,-6.22227,53.298467
111_2,15.69,15.81,-6.222212,53.299364
111_3,17.36,16.07,-6.222154,53.300262
111_4,16.01,15.96,-6.222096,53.30116
111_5,15.78,15.65,-6.222037,53.302058
111_6,15.62,15.66,-6.221979,53.302956
111_7,15.74,15.77,-6.221921,53.303854
111_8,15.85,15.88,-6.221862,53.304751
111_9,15.94,15.87,-6.221804,53.305649
111_10,15.81,15.93,-6.221746,53.306547
111_11,16.16,16.28,-6.221687,53.307445
111_12,16.45,16.38,-6.221629,53.308343
111_13,16.5,16.5,-6.221571,53.309241
111_14,17.06,16.86,-6.221512,53.310139
111_15,17.38,19.46,-6.221454,53.311036
111_16,25.34,17.32,-6.221396,53.311934
111_17,29.54,18.26,-6.221337,53.312832
111_18,18,17.69,-6.221279,53.31373
111_19,17.15,17.49,-6.221221,53.314628
111_20,16.2,16.83,-6.221162,53.315526
111_21,15.98,16.19,-6.221104,53.316423
111_22,15.23,15.25,-6.221046,53.317321
111_23,14.78,14.92,-6.220987,53.318219
111_24,14.1,14.35,-6.220929,53.319117
111_25,14.9,14.84,-6.22087,53.320015
111_26,13.99,13.99,-6.220812,53.320913
111_27,13.89,13.92,-6.220754,53.32181
111_28,13.81,13.83,-6.220695,53.322708
111_29,14.2,17.79,-6.220637,53.323606
111_30,14.76,14.76,-6.220578,53.324504
111_31,14.48,14.57,-6.22052,53.325402
111_32,14.52,14.33,-6.220462,53.3263
111_33,14.54,14.48,-6.220403,53.327197
111_34,15.75,15.75,-6.220345,53.328095
111_35,14.57,14.64,-6.220287,53.328993
111_36,14.57,14.48,-6.220228,53.329891
111_37,14.61,14.59,-6.22017,53.330789
111_38,15.26,14.74,-6.220111,53.331687
111_39,14.76,14.93,-6.220053,53.332584
111_40,14.63,14.39,-6.219994,53.333482
111_41,14.59,14.6,-6.219936,53.33438
111_42,14.74,16.47,-6.219878,53.335278
111_43,16.93,14.98,-6.219819,53.336176
111_44,14.86,15.14,-6.219761,53.337074
111_45,15.02,15.14,-6.219702,53.337971
111_46,15.19,15.16,-6.219644,53.338869
111_47,14.89,15.11,-6.219585,53.339767
111_48,14.69,14.61,-6.219527,53.340665
111_49,14.71,14.62,-6.219469,53.341563
111_50,15.09,14.94,-6.21941,53.342461
111_51,18.64,18.15,-6.219352,53.343358
111_52,15.74,15.65,-6.219293,53.344256
111_53,15.47,15.51,-6.219235,53.345154
111_54,15.29,15.37,-6.219176,53.346052
111_55,15.44,15.22,-6.219118,53.34695
111_56,15.62,15.5,-6.219059,53.347848
111_57,15.8,15.77,-6.219001,53.348745
111_58,16.01,16.05,-6.218942,53.349643
111_59,16.34,16.22,-6.218884,53.350541
111_60,16.83,16.82,-6.218825,53.351439
111_61,17.82,17.66,-6.218767,53.352337
111_62,19.14,18.5,-6.218708,53.353235
111_63,21.47,22.17,-6.21865,53.354132
111_64,20.66,20.24,-6.218591,53.35503
111_65,18.99,18.9,-6.218533,53.355928
111_66,18.34,18.56,-6.218474,53.356826
111_67,18,17.94,-6.218416,53.357724
111_68,17.95,17.95,-6.218357,53.358622
111_69,17.87,17.89,-6.218299,53.359519
111_70,17.79,17.72,-6.21824,53.360417
111_71,17.84,17.95,-6.218182,53.361315
111_72,18.19,21.23,-6.218123,53.362213
111_73,18.09,19.32,-6.218065,53.363111
111_74,18.65,17.16,-6.218006,53.364008
111_75,18.74,17.42,-6.217948,53.364906
111_76,17.51,17.59,-6.217889,53.365804
111_77,17.74,17.59,-6.217831,53.366702
111_78,17.73,22.43,-6.217772,53.3676
111_79,17.1,17.19,-6.217714,53.368498
111_80,16.95,17.01,-6.217655,53.369395
111_81,16.98,16.92,-6.217597,53.370293
111_82,17.11,17.09,-6.217538,53.371191
111_83,17.24,17.2,-6.217479,53.372089
111_84,17.38,17.3,-6.217421,53.372987
111_85,17.74,17.59,-6.217362,53.373885
111_86,19.89,19.78,-6.217304,53.374782
111_87,19.24,19.06,-6.217245,53.37568
111_88,27.46,27.93,-6.217187,53.376578
111_89,18.66,19.06,-6.217128,53.377476
111_90,17.96,17.98,-6.217069,53.378374
111_91,17.76,17.78,-6.217011,53.379272
111_92,17.57,17.58,-6.216952,53.380169
111_93,17.42,17.46,-6.216894,53.381067
111_94,17.43,17.45,-6.216835,53.381965
111_95,17.53,17.52,-6.216777,53.382863
111_96,17.68,17.67,-6.216718,53.383761
111_97,18.05,17.9,-6.216659,53.384658
111_98,17.74,17.71,-6.216601,53.385556
111_99,17.12,17.14,-6.216542,53.386454
111_100,17.13,16.65,-6.216484,53.387352
111_101,16.82,16.91,-6.216425,53.38825
111_102,16.96,16.97,-6.216366,53.389148
111_103,17.05,17.02,-6.216308,53.390045
111_104,17.11,16.7,-6.216249,53.390943
111_105,17.62,17.65,-6.21619,53.391841
111_106,16.38,16.4,-6.216132,53.392739
111_107,16.4,16.33,-6.216073,53.393637
111_108,17.24,16.81,-6.216015,53.394535
111_109,16.87,16.81,-6.215956,53.395432
111_110,17.37,17.34,-6.215897,53.39633
111_111,15.65,16.71,-6.215839,53.397228
111_112,15.18,15.2,-6.21578,53.398126
111_113,14.94,16.43,-6.215721,53.399024
111_114,18.52,16.33,-6.215663,53.399921
111_115,15,17.2,-6.215604,53.400819
111_116,14.33,14.43,-6.215545,53.401717
111_117,15.32,13.69,-6.215487,53.402615
111_118,13.72,18.3,-6.215428,53.403513
111_119,13.61,13.57,-6.215369,53.404411
111_120,16.34,18.63,-6.215311,53.405308
111_121,13.84,13.78,-6.215252,53.406206
111_122,13.73,13.75,-6.215193,53.407104
111_123,13.3,13.28,-6.215135,53.408002
111_124,13.41,13.53,-6.215076,53.4089
111_125,14.45,14.45,-6.215017,53.409797
111_126,15.1,15.57,-6.214959,53.410695
112_0,15.2,15.24,-6.22083,53.297534
112_1,15.47,15.52,-6.220772,53.298432
112_2,15.88,16,-6.220713,53.299329
112_3,16.04,16.12,-6.220655,53.300227
112_4,16.11,16.12,-6.220597,53.301125
112_5,15.92,16,-6.220538,53.302023
112_6,15.71,15.78,-6.22048,53.302921
112_7,15.79,15.75,-6.220422,53.303819
112_8,15.94,15.86,-6.220363,53.304717
112_9,15.94,15.96,-6.220305,53.305614
112_10,15.9,15.98,-6.220247,53.306512
112_11,16,15.88,-6.220188,53.30741
112_12,16.38,16.28,-6.22013,53.308308
112_13,16.8,16.5,-6.220072,53.309206
112_14,17.5,17.29,-6.220013,53.310104
112_15,17.93,17.68,-6.219955,53.311001
112_16,18.39,18.8,-6.219896,53.311899
112_17,17.81,17.45,-6.219838,53.312797
112_18,16.99,16.93,-6.21978,53.313695
112_19,16.13,16.2,-6.219721,53.314593
112_20,15.91,16.01,-6.219663,53.315491
112_21,15.45,15.36,-6.219605,53.316388
112_22,14.97,14.89,-6.219546,53.317286
112_23,14.48,14.52,-6.219488,53.318184
112_24,13.92,14,-6.219429,53.319082
112_25,14.94,14.84,-6.219371,53.31998
112_26,14.06,14.08,-6.219313,53.320878
112_27,13.99,13.94,-6.219254,53.321775
112_28,13.98,13.87,-6.219196,53.322673
112_29,13.99,13.93,-6.219137,53.323571
112_30,14.04,13.91,-6.219079,53.324469
112_31,14,14.16,-6.21902,53.325367
112_32,14.08,14.33,-6.218962,53.326265
112_33,14.13,14.09,-6.218904,53.327162
112_34,14.22,14.32,-6.218845,53.32806
112_35,15.55,14.46,-6.218787,53.328958
112_36,14.37,13.99,-6.218728,53.329856
112_37,14.3,13.99,-6.21867,53.330754
112_38,14.07,14.18,-6.218611,53.331652
112_39,14.04,14.13,-6.218553,53.332549
112_40,14.08,13.77,-6.218495,53.333447
112_41,16.15,15.87,-6.218436,53.334345
112_42,14.41,14.49,-6.218378,53.335243
112_43,14.57,14.55,-6.218319,53.336141
112_44,15.25,15.06,-6.218261,53.337039
112_45,14.95,14.9,-6.218202,53.337936
112_46,15.01,14.97,-6.218144,53.338834
112_47,14.71,14.86,-6.218085,53.339732
112_48,14.38,14.33,-6.218027,53.34063
112_49,14.56,14.51,-6.217968,53.341528
112_50,14.85,14.87,-6.21791,53.342426
112_51,18.06,18.15,-6.217851,53.343323
112_52,15.39,15.28,-6.217793,53.344221
112_53,15.15,15.15,-6.217734,53.345119
112_54,15.02,15.07,-6.217676,53.346017
112_55,15.08,14.95,-6.217617,53.346915
112_56,15.21,15.18,-6.217559,53.347813
112_57,15.46,15.49,-6.2175,53.34871
112_58,15.79,15.82,-6.217442,53.349608
112_59,16.5,20.65,-6.217383,53.350506
112_60,17.05,17.16,-6.217325,53.351404
112_61,17.74,18.02,-6.217266,53.352302
112_62,19.3,19.26,-6.217208,53.3532
112_63,43.35,21.92,-6.217149,53.354097
112_64,20.12,19.79,-6.217091,53.354995
112_65,19.05,18.86,-6.217032,53.355893
112_66,18.07,18.18,-6.216974,53.356791
112_67,17.77,17.73,-6.216915,53.357689
112_68,17.74,17.74,-6.216857,53.358586
112_69,17.7,17.74,-6.216798,53.359484
112_70,17.67,17.73,-6.21674,53.360382
112_71,17.64,17.62,-6.216681,53.36128
112_72,25.23,18.03,-6.216622,53.362178
112_73,17.78,18.24,-6.216564,53.363076
112_74,17.09,17.03,-6.216505,53.363973
112_75,17.17,17.12,-6.216447,53.364871
112_76,17.31,17.29,-6.216388,53.365769
112_77,17.55,17.55,-6.21633,53.366667
112_78,17.76,17.68,-6.216271,53.367565
112_79,17.1,17.13,-6.216212,53.368463
112_80,17,17.02,-6.216154,53.36936
112_81,17.04,16.99,-6.216095,53.370258
112_82,17.14,17.15,-6.216037,53.371156
112_83,17.26,17.26,-6.215978,53.372054
112_84,17.43,17.39,-6.21592,53.372952
112_85,17.67,17.64,-6.215861,53.37385
112_86,20.24,18.1,-6.215802,53.374747
112_87,18.88,18.88,-6.215744,53.375645
112_88,19.26,19.4,-6.215685,53.376543
112_89,19.25,19.06,-6.215627,53.377441
112_90,18.37,18.33,-6.215568,53.378339
112_91,17.79,17.75,-6.215509,53.379236
112_92,17.59,17.56,-6.215451,53.380134
112_93,17.54,17.58,-6.215392,53.381032
112_94,17.55,17.56,-6.215333,53.38193
112_95,17.59,17.61,-6.215275,53.382828
112_96,17.72,17.79,-6.215216,53.383726
112_97,17.84,17.61,-6.215158,53.384623
112_98,18.56,17.47,-6.215099,53.385521
112_99,16.99,19.4,-6.21504,53.386419
112_100,17.06,16.9,-6.214982,53.387317
112_101,18.94,17.79,-6.214923,53.388215
112_102,21.81,21.74,-6.214864,53.389113
112_103,17.54,21.92,-6.214806,53.39001
112_104,17.83,17.47,-6.214747,53.390908
112_105,21.34,17.09,-6.214688,53.391806
112_106,21.59,17.35,-6.21463,53.392704
112_107,16.91,19.08,-6.214571,53.393602
112_108,17.07,16.72,-6.214512,53.394499
112_109,17.42,17.32,-6.214454,53.395397
112_110,16.55,16.84,-6.214395,53.396295
112_111,15.4,15.87,-6.214336,53.397193
112_112,15.01,14.71,-6.214278,53.398091
112_113,14.87,14.79,-6.214219,53.398989
112_114,15.9,14.85,-6.21416,53.399886
112_115,14.71,14.82,-6.214102,53.400784
112_116,14.1,13.99,-6.214043,53.401682
112_117,13.47,13.44,-6.213984,53.40258
112_118,13.64,13.68,-6.213926,53.403478
112_119,13.58,16.85,-6.213867,53.404375
112_120,13.46,13.97,-6.213808,53.405273
112_121,13.16,13.1,-6.21375,53.406171
112_122,13.14,13.27,-6.213691,53.407069
112_123,13.26,13.35,-6.213632,53.407967
112_124,13.6,13.66,-6.213573,53.408865
112_125,14.5,14.78,-6.213515,53.409762
112_126,13.77,13.86,-6.213456,53.41066
113_0,15.43,15.35,-6.219331,53.297499
113_1,15.79,15.63,-6.219273,53.298397
113_2,21.08,16.64,-6.219215,53.299295
113_3,16.2,16.37,-6.219156,53.300192
113_4,16.2,16.16,-6.219098,53.30109
113_5,15.93,16.05,-6.21904,53.301988
113_6,15.9,15.94,-6.218981,53.302886
113_7,15.92,15.97,-6.218923,53.303784
113_8,15.98,15.99,-6.218865,53.304682
113_9,15.95,15.96,-6.218806,53.305579
113_10,16,15.95,-6.218748,53.306477
113_11,15.41,15.28,-6.218689,53.307375
113_12,15.91,16.16,-6.218631,53.308273
113_13,16.86,16.83,-6.218573,53.309171
113_14,22.58,17.18,-6.218514,53.310069
113_15,16.98,17,-6.218456,53.310966
113_16,16.88,17.23,-6.218397,53.311864
113_17,16.63,15.85,-6.218339,53.312762
113_18,16.42,16.07,-6.218281,53.31366
113_19,15.66,15.52,-6.218222,53.314558
113_20,15.36,15.65,-6.218164,53.315456
113_21,18.77,18.84,-6.218105,53.316353
113_22,14.81,14.63,-6.218047,53.317251
113_23,14.24,14.13,-6.217988,53.318149
113_24,13.78,13.82,-6.21793,53.319047
113_25,13.82,14.9,-6.217872,53.319945
113_26,14.03,14.17,-6.217813,53.320843
113_27,18.25,17.58,-6.217755,53.32174
113_28,14.46,17.58,-6.217696,53.322638
113_29,13.48,13.19,-6.217638,53.323536
113_30,13.27,13.2,-6.217579,53.324434
113_31,13.51,13.45,-6.217521,53.325332
113_32,13.67,13.75,-6.217462,53.32623
113_33,13.56,13.3,-6.217404,53.327127
113_34,13.57,13.35,-6.217345,53.328025
113_35,13.66,13.71,-6.217287,53.328923
113_36,13.48,13.29,-6.217229,53.329821
113_37,13.49,13.44,-6.21717,53.330719
113_38,13.48,13.46,-6.217112,53.331617
113_39,13.48,13.53,-6.217053,53.332514
113_40,16.25,13.62,-6.216995,53.333412
113_41,14,13.85,-6.216936,53.33431
113_42,13.91,13.87,-6.216878,53.335208
113_43,14.54,14.38,-6.216819,53.336106
113_44,14.48,14.09,-6.216761,53.337004
113_45,14.11,13.97,-6.216702,53.337901
113_46,14.6,14.62,-6.216644,53.338799
113_47,14.64,14.64,-6.216585,53.339697
113_48,14.27,14.13,-6.216527,53.340595
113_49,14.28,14.29,-6.216468,53.341493
113_50,14.56,14.62,-6.21641,53.342391
113_51,15.02,15.2,-6.216351,53.343288
113_52,14.93,14.68,-6.216293,53.344186
113_53,14.83,14.78,-6.216234,53.345084
113_54,14.74,14.83,-6.216176,53.345982
113_55,14.86,14.95,-6.216117,53.34688
113_56,15.12,15.34,-6.216058,53.347778
113_57,15.69,15.87,-6.216,53.348675
113_58,16.29,16.29,-6.215941,53.349573
113_59,16.79,16.96,-6.215883,53.350471
113_60,17.33,16.96,-6.215824,53.351369
113_61,17.69,17.51,-6.215766,53.352267
113_62,19.86,18.33,-6.215707,53.353165
113_63,22.86,44.65,-6.215649,53.354062
113_64,19.69,19.93,-6.21559,53.35496
113_65,18.63,19.11,-6.215532,53.355858
113_66,17.72,18.25,-6.215473,53.356756
113_67,17.63,17.6,-6.215414,53.357654
113_68,17.56,17.56,-6.215356,53.358551
113_69,17.59,17.6,-6.215297,53.359449
113_70,17.57,17.62,-6.215239,53.360347
113_71,17.71,17.66,-6.21518,53.361245
113_72,17.9,18.05,-6.215122,53.362143
113_73,17.14,17.34,-6.215063,53.363041
113_74,16.96,17.03,-6.215004,53.363938
113_75,17.26,17.26,-6.214946,53.364836
113_76,17.09,17.1,-6.214887,53.365734
113_77,17.26,17.3,-6.214829,53.366632
113_78,21.86,22.19,-6.21477,53.36753
113_79,17.28,17.43,-6.214711,53.368428
113_80,17.06,17.05,-6.214653,53.369325
113_81,17.09,17.07,-6.214594,53.370223
113_82,17.19,17.22,-6.214536,53.371121
113_83,17.29,17.32,-6.214477,53.372019
113_84,17.46,17.48,-6.214418,53.372917
113_85,17.67,17.68,-6.21436,53.373814
113_86,17.9,17.92,-6.214301,53.374712
113_87,18.33,18.45,-6.214242,53.37561
113_88,18.74,18.97,-6.214184,53.376508
113_89,18.89,19.18,-6.214125,53.377406
113_90,19.01,18.69,-6.214066,53.378304
113_91,18,17.72,-6.214008,53.379201
113_92,17.71,17.64,-6.213949,53.380099
113_93,17.65,17.64,-6.213891,53.380997
113_94,17.65,17.6,-6.213832,53.381895
113_95,17.67,17.66,-6.213773,53.382793
113_96,20.86,17.73,-6.213715,53.383691
113_97,17.63,17.73,-6.213656,53.384588
113_98,17.55,17.57,-6.213597,53.385486
113_99,17.52,17.55,-6.213539,53.386384
113_100,17.06,20.42,-6.21348,53.387282
113_101,16.75,17.35,-6.213421,53.38818
113_102,16.99,16.92,-6.213363,53.389077
113_103,17.45,17.38,-6.213304,53.389975
113_104,17.22,17.52,-6.213245,53.390873
113_105,16.54,16.48,-6.213187,53.391771
113_106,16.35,16.3,-6.213128,53.392669
113_107,16.47,16.59,-6.213069,53.393567
113_108,16.79,16.98,-6.21301,53.394464
113_109,16.78,16.48,-6.212952,53.395362
113_110,15.84,15.84,-6.212893,53.39626
113_111,15.11,15.2,-6.212834,53.397158
113_112,14.46,14.71,-6.212776,53.398056
113_113,14.38,14.36,-6.212717,53.398953
113_114,14.52,14.53,-6.212658,53.399851
113_115,14.49,14.47,-6.212599,53.400749
113_116,13.95,13.74,-6.212541,53.401647
113_117,13.35,14.12,-6.212482,53.402545
113_118,13.28,13.26,-6.212423,53.403443
113_119,13.12,13.22,-6.212365,53.40434
113_120,12.93,12.77,-6.212306,53.405238
113_121,12.77,12.73,-6.212247,53.406136
113_122,12.86,13,-6.212188,53.407034
113_123,13.16,13.29,-6.21213,53.407932
113_124,13.46,13.73,-6.212071,53.408829
113_125,14.31,13.73,-6.212012,53.409727
113_126,13.08,13.74,-6.211953,53.410625
114_0,15.11,15.09,-6.217833,53.297464
114_1,15.14,15.22,-6.217774,53.298362
114_2,15.75,15.43,-6.217716,53.29926
114_3,16.4,18.41,-6.217658,53.300157
114_4,16.4,16.4,-6.217599,53.301055
114_5,15.91,16.06,-6.217541,53.301953
114_6,15.93,15.5,-6.217482,53.302851
114_7,16.21,16.19,-6.217424,53.303749
114_8,15.49,15.64,-6.217366,53.304647
114_9,15.66,15.95,-6.217307,53.305544
114_10,15.06,14.78,-6.217249,53.306442
114_11,14.84,14.99,-6.21719,53.30734
114_12,15.63,15.84,-6.217132,53.308238
114_13,16.21,16.61,-6.217074,53.309136
114_14,16.57,16.04,-6.217015,53.310034
114_15,15.93,15.82,-6.216957,53.310931
114_16,15.61,15.69,-6.216898,53.311829
114_17,15.36,15.85,-6.21684,53.312727
114_18,15.04,14.81,-6.216781,53.313625
114_19,14.73,14.7,-6.216723,53.314523
114_20,14.59,14.7,-6.216664,53.315421
114_21,14.73,14.35,-6.216606,53.316318
114_22,19.48,14.57,-6.216547,53.317216
114_23,13.98,14.13,-6.216489,53.318114
114_24,13.71,13.79,-6.216431,53.319012
114_25,13.88,13.97,-6.216372,53.31991
114_26,18.26,14.15,-6.216314,53.320808
114_27,14.34,14.67,-6.216255,53.321705
114_28,13.39,14.05,-6.216197,53.322603
114_29,12.75,12.45,-6.216138,53.323501
114_30,12.51,12.43,-6.21608,53.324399
114_31,12.84,12.81,-6.216021,53.325297
114_32,12.89,13.28,-6.215963,53.326195
114_33,12.7,12.31,-6.215904,53.327092
114_34,12.81,12.7,-6.215846,53.32799
114_35,12.94,13.02,-6.215787,53.328888
114_36,13.21,13.29,-6.215729,53.329786
114_37,15.37,13.3,-6.21567,53.330684
114_38,14.81,14.81,-6.215612,53.331582
114_39,16.82,13.21,-6.215553,53.332479
114_40,13.36,13.15,-6.215495,53.333377
114_41,13.67,13.58,-6.215436,53.334275
114_42,13.73,13.87,-6.215378,53.335173
114_43,14.05,14.32,-6.215319,53.336071
114_44,13.61,13.2,-6.215261,53.336969
114_45,13.43,13.43,-6.215202,53.337866
114_46,13.71,13.99,-6.215144,53.338764
114_47,14.37,14.52,-6.215085,53.339662
114_48,14.23,14.27,-6.215026,53.34056
114_49,14.15,14.17,-6.214968,53.341458
114_50,17.1,14.45,-6.214909,53.342356
114_51,14.19,14.53,-6.214851,53.343253
114_52,14.01,13.85,-6.214792,53.344151
114_53,14.58,14.29,-6.214734,53.345049
114_54,14.99,14.86,-6.214675,53.345947
114_55,15.1,14.98,-6.214617,53.346845
114_56,15.22,15.13,-6.214558,53.347743
114_57,15.55,15.36,-6.2145,53.34864
114_58,16.1,15.91,-6.214441,53.349538
114_59,16.59,16.45,-6.214382,53.350436
114_60,17.21,17.01,-6.214324,53.351334
114_61,25.69,17.87,-6.214265,53.352232
114_62,19.8,19.07,-6.214207,53.353129
114_63,22.18,21.85,-6.214148,53.354027
114_64,18.96,19.39,-6.214089,53.354925
114_65,18.13,18.29,-6.214031,53.355823
114_66,17.57,17.65,-6.213972,53.356721
114_67,17.5,17.46,-6.213914,53.357619
114_68,17.43,17.42,-6.213855,53.358516
114_69,17.37,17.4,-6.213796,53.359414
114_70,17.39,17.47,-6.213738,53.360312
114_71,17.8,17.37,-6.213679,53.36121
114_72,17.05,17.04,-6.213621,53.362108
114_73,16.82,16.88,-6.213562,53.363006
114_74,17.15,17.02,-6.213503,53.363903
114_75,17.23,17.27,-6.213445,53.364801
114_76,17.23,17.23,-6.213386,53.365699
114_77,17.28,17.46,-6.213327,53.366597
114_78,17.97,18.17,-6.213269,53.367495
114_79,18.1,17.86,-6.21321,53.368392
114_80,17.18,17.08,-6.213152,53.36929
114_81,17.14,17.14,-6.213093,53.370188
114_82,17.24,17.31,-6.213034,53.371086
114_83,17.34,17.38,-6.212976,53.371984
114_84,17.47,17.38,-6.212917,53.372882
114_85,19.25,17.56,-6.212858,53.373779
114_86,17.7,17.68,-6.2128,53.374677
114_87,17.8,17.71,-6.212741,53.375575
114_88,18.18,18.05,-6.212682,53.376473
114_89,18.11,18.49,-6.212624,53.377371
114_90,18.83,18.27,-6.212565,53.378269
114_91,18.68,24.01,-6.212506,53.379166
114_92,17.87,17.89,-6.212448,53.380064
114_93,17.75,17.76,-6.212389,53.380962
114_94,17.62,17.68,-6.21233,53.38186
114_95,17.82,17.74,-6.212272,53.382758
114_96,17.97,17.99,-6.212213,53.383655
114_97,17.77,17.87,-6.212154,53.384553
114_98,17.67,17.72,-6.212096,53.385451
114_99,17.85,17.82,-6.212037,53.386349
114_100,16.98,20.01,-6.211978,53.387247
114_101,16.5,16.42,-6.211919,53.388145
114_102,16.79,16.75,-6.211861,53.389042
114_103,17.09,17.16,-6.211802,53.38994
114_104,16.68,16.9,-6.211743,53.390838
114_105,16.28,16,-6.211685,53.391736
114_106,15.94,15.92,-6.211626,53.392634
114_107,16.15,16.21,-6.211567,53.393531
114_108,16.26,16.5,-6.211508,53.394429
114_109,16.05,15.73,-6.21145,53.395327
114_110,16.4,15.42,-6.211391,53.396225
114_111,15.04,14.87,-6.211332,53.397123
114_112,14.12,14.22,-6.211273,53.398021
114_113,14.2,14.19,-6.211215,53.398918
114_114,14.24,14.33,-6.211156,53.399816
114_115,15.85,14.32,-6.211097,53.400714
114_116,13.88,14.03,-6.211038,53.401612
114_117,13.38,13.67,-6.21098,53.40251
114_118,12.98,13.08,-6.210921,53.403407
114_119,12.8,12.93,-6.210862,53.404305
114_120,12.63,12.59,-6.210803,53.405203
114_121,12.57,12.55,-6.210745,53.406101
114_122,12.62,12.53,-6.210686,53.406999
114_123,12.93,12.86,-6.210627,53.407897
114_124,13.28,13.16,-6.210568,53.408794
114_125,13.81,14.04,-6.21051,53.409692
114_126,12.72,12.96,-6.210451,53.41059
115_0,14.78,14.79,-6.216334,53.297429
115_1,14.81,14.9,-6.216276,53.298327
115_2,15.25,15.43,-6.216217,53.299225
115_3,15.84,15.85,-6.216159,53.300122
115_4,15.72,15.65,-6.2161,53.30102
115_5,15.18,15.36,-6.216042,53.301918
115_6,14.82,14.49,-6.215984,53.302816
115_7,14.69,14.76,-6.215925,53.303714
115_8,14.93,14.96,-6.215867,53.304612
115_9,14.96,15.06,-6.215808,53.305509
115_10,14.96,14.97,-6.21575,53.306407
115_11,14.85,14.97,-6.215691,53.307305
115_12,15.4,15.03,-6.215633,53.308203
115_13,15.92,15.7,-6.215574,53.309101
115_14,15.58,15.3,-6.215516,53.309999
115_15,15.26,15.18,-6.215458,53.310896
115_16,15.1,15.18,-6.215399,53.311794
115_17,14.78,15.08,-6.215341,53.312692
115_18,14.48,14.34,-6.215282,53.31359
115_19,14.23,14.2,-6.215224,53.314488
115_20,14.13,14.16,-6.215165,53.315386
115_21,14.19,14.35,-6.215107,53.316283
115_22,13.92,13.61,-6.215048,53.317181
115_23,15.44,14.79,-6.21499,53.318079
115_24,13.82,13.76,-6.214931,53.318977
115_25,14.12,19.9,-6.214873,53.319875
115_26,14.35,14.05,-6.214814,53.320773
115_27,13.36,13.44,-6.214756,53.32167
115_28,12.33,12.65,-6.214697,53.322568
115_29,11.99,11.78,-6.214639,53.323466
115_30,11.83,11.71,-6.21458,53.324364
115_31,11.83,11.97,-6.214522,53.325262
115_32,11.73,12.12,-6.214463,53.32616
115_33,13.38,12.02,-6.214405,53.327057
115_34,12.36,12.45,-6.214346,53.327955
115_35,13.99,13.81,-6.214288,53.328853
115_36,12.85,13.12,-6.214229,53.329751
115_37,12.76,12.57,-6.21417,53.330649
115_38,12.71,12.65,-6.214112,53.331547
115_39,12.55,12.71,-6.214053,53.332444
115_40,12.79,13.15,-6.213995,53.333342
115_41,13.16,13.51,-6.213936,53.33424
115_42,13.72,13.55,-6.213878,53.335138
115_43,13.08,13.22,-6.213819,53.336036
115_44,12.89,12.59,-6.213761,53.336934
115_45,12.85,12.6,-6.213702,53.337831
115_46,13.18,12.97,-6.213643,53.338729
115_47,13.39,13.39,-6.213585,53.339627
115_48,13.99,13.46,-6.213526,53.340525
115_49,14.32,14.09,-6.213468,53.341423
115_50,14.33,14.51,-6.213409,53.34232
115_51,13.91,14.27,-6.213351,53.343218
115_52,13.93,13.75,-6.213292,53.344116
115_53,14.5,14.4,-6.213233,53.345014
115_54,14.79,14.78,-6.213175,53.345912
115_55,14.92,14.96,-6.213116,53.34681
115_56,15.1,14.98,-6.213058,53.347707
115_57,15.2,15.18,-6.212999,53.348605
115_58,15.79,15.73,-6.21294,53.349503
115_59,16.48,16.45,-6.212882,53.350401
115_60,17.36,17.56,-6.212823,53.351299
115_61,19.41,19.41,-6.212765,53.352197
115_62,19.91,20.24,-6.212706,53.353094
115_63,20.83,19.67,-6.212647,53.353992
115_64,18.62,18.48,-6.212589,53.35489
115_65,17.87,17.85,-6.21253,53.355788
115_66,17.44,17.46,-6.212472,53.356686
115_67,17.35,17.28,-6.212413,53.357584
115_68,17.3,17.28,-6.212354,53.358481
115_69,17.24,17.25,-6.212296,53.359379
115_70,17.24,17.26,-6.212237,53.360277
115_71,17.49,17.61,-6.212178,53.361175
115_72,17.28,17.3,-6.21212,53.362073
115_73,17.19,17.15,-6.212061,53.36297
115_74,17.3,17.34,-6.212002,53.363868
115_75,17.34,17.35,-6.211944,53.364766
115_76,17.44,17.35,-6.211885,53.365664
115_77,17.56,17.53,-6.211826,53.366562
115_78,17.62,17.48,-6.211768,53.36746
115_79,21.53,17.95,-6.211709,53.368357
115_80,17.63,17.96,-6.21165,53.369255
115_81,17.43,17.3,-6.211592,53.370153
115_82,17.56,17.73,-6.211533,53.371051
115_83,17.53,17.58,-6.211474,53.371949
115_84,17.52,17.47,-6.211416,53.372847
115_85,18.84,17.63,-6.211357,53.373744
115_86,17.46,18.44,-6.211298,53.374642
115_87,17.58,17.51,-6.21124,53.37554
115_88,17.72,17.7,-6.211181,53.376438
115_89,17.77,18.75,-6.211122,53.377336
115_90,17.93,17.97,-6.211064,53.378233
115_91,18.54,18.44,-6.211005,53.379131
115_92,18.79,18.61,-6.210946,53.380029
115_93,18.6,19.49,-6.210887,53.380927
115_94,18.1,18.32,-6.210829,53.381825
115_95,17.89,17.89,-6.21077,53.382723
115_96,17.97,17.99,-6.210711,53.38362
115_97,17.93,17.87,-6.210653,53.384518
115_98,17.87,17.85,-6.210594,53.385416
115_99,17.84,20.77,-6.210535,53.386314
115_100,17.38,17.01,-6.210476,53.387212
115_101,17.25,16.32,-6.210418,53.388109
115_102,16.44,16.51,-6.210359,53.389007
115_103,16.59,16.57,-6.2103,53.389905
115_104,16.18,16.28,-6.210241,53.390803
115_105,15.85,15.91,-6.210183,53.391701
115_106,15.63,15.71,-6.210124,53.392599
115_107,15.83,15.91,-6.210065,53.393496
115_108,15.83,15.91,-6.210006,53.394394
115_109,15.65,15.61,-6.209948,53.395292
115_110,15.36,15.42,-6.209889,53.39619
115_111,15.15,15.22,-6.20983,53.397088
115_112,14.26,14.24,-6.209771,53.397985
115_113,15.13,15.46,-6.209712,53.398883
115_114,15.25,15.78,-6.209654,53.399781
115_115,14.16,14.18,-6.209595,53.400679
115_116,14.07,14.03,-6.209536,53.401577
115_117,13.97,13.94,-6.209477,53.402475
115_118,14.03,13.87,-6.209419,53.403372
115_119,12.67,12.74,-6.20936,53.40427
115_120,12.53,12.49,-6.209301,53.405168
115_121,12.43,12.41,-6.209242,53.406066
115_122,12.45,12.42,-6.209183,53.406964
115_123,12.8,12.78,-6.209125,53.407861
115_124,13.34,13.62,-6.209066,53.408759
115_125,13.58,13.46,-6.209007,53.409657
115_126,12.61,12.64,-6.208948,53.410555
116_0,14.23,14.1,-6.214836,53.297394
116_1,15.54,14.58,-6.214777,53.298292
116_2,13.88,15.16,-6.214719,53.29919
116_3,14.41,13.93,-6.21466,53.300087
116_4,16.79,14.52,-6.214602,53.300985
116_5,14.75,16.51,-6.214543,53.301883
116_6,14.4,14.53,-6.214485,53.302781
116_7,14.63,14.54,-6.214426,53.303679
116_8,14.91,14.8,-6.214368,53.304577
116_9,14.99,14.98,-6.214309,53.305474
116_10,15.07,15.06,-6.214251,53.306372
116_11,15.09,15.17,-6.214192,53.30727
116_12,15.42,23.14,-6.214134,53.308168
116_13,15.18,15.42,-6.214075,53.309066
116_14,14.83,14.55,-6.214017,53.309964
116_15,14.59,14.42,-6.213958,53.310861
116_16,14.43,14.49,-6.2139,53.311759
116_17,14.21,14.47,-6.213841,53.312657
116_18,13.96,13.75,-6.213783,53.313555
116_19,13.77,13.72,-6.213724,53.314453
116_20,13.59,13.74,-6.213666,53.315351
116_21,13.26,13.71,-6.213607,53.316248
116_22,12.84,12.54,-6.213549,53.317146
116_23,12.8,12.78,-6.21349,53.318044
116_24,12.89,13.15,-6.213432,53.318942
116_25,13.18,12.72,-6.213373,53.31984
116_26,14.53,12.57,-6.213315,53.320738
116_27,12.39,12.34,-6.213256,53.321635
116_28,11.89,12,-6.213198,53.322533
116_29,11.68,11.41,-6.213139,53.323431
116_30,11.38,11.38,-6.213081,53.324329
116_31,12.82,13.05,-6.213022,53.325227
116_32,11.52,11.69,-6.212963,53.326125
116_33,11.75,11.8,-6.212905,53.327022
116_34,12.1,12.27,-6.212846,53.32792
116_35,12.38,12.27,-6.212788,53.328818
116_36,12.23,12.41,-6.212729,53.329716
116_37,12.22,12.02,-6.212671,53.330614
116_38,12.24,12.17,-6.212612,53.331511
116_39,12.45,12.35,-6.212554,53.332409
116_40,12.56,12.53,-6.212495,53.333307
116_41,13.2,12.73,-6.212436,53.334205
116_42,12.76,12.78,-6.212378,53.335103
116_43,12.45,12.53,-6.212319,53.336001
116_44,12.29,12.59,-6.212261,53.336898
116_45,12.31,12.14,-6.212202,53.337796
116_46,12.54,12.56,-6.212143,53.338694
116_47,12.71,12.81,-6.212085,53.339592
116_48,13.17,12.88,-6.212026,53.34049
116_49,13.51,13.38,-6.211968,53.341388
116_50,13.94,13.98,-6.211909,53.342285
116_51,13.46,13.67,-6.21185,53.343183
116_52,13.81,13.85,-6.211792,53.344081
116_53,14.42,14.4,-6.211733,53.344979
116_54,14.57,14.62,-6.211675,53.345877
116_55,14.69,14.8,-6.211616,53.346775
116_56,14.8,14.76,-6.211557,53.347672
116_57,14.97,14.99,-6.211499,53.34857
116_58,15.56,15.66,-6.21144,53.349468
116_59,16.43,16.54,-6.211381,53.350366
116_60,17.59,18.11,-6.211323,53.351264
116_61,19.47,19,-6.211264,53.352161
116_62,18.67,19.1,-6.211205,53.353059
116_63,19.51,19.67,-6.211147,53.353957
116_64,18.64,18.23,-6.211088,53.354855
116_65,17.73,17.54,-6.211029,53.355753
116_66,17.33,17.29,-6.210971,53.356651
116_67,17.15,17.12,-6.210912,53.357548
116_68,17.13,17.08,-6.210853,53.358446
116_69,17.24,17.13,-6.210795,53.359344
116_70,21.34,17.36,-6.210736,53.360242
116_71,18.05,17.99,-6.210677,53.36114
116_72,17.41,17.47,-6.210619,53.362038
116_73,17.29,18.52,-6.21056,53.362935
116_74,17.18,17.27,-6.210501,53.363833
116_75,17.07,17.04,-6.210443,53.364731
116_76,17.21,17.13,-6.210384,53.365629
116_77,17.3,17.31,-6.210325,53.366527
116_78,17.49,17.49,-6.210267,53.367424
116_79,17.86,17.62,-6.210208,53.368322
116_80,22.36,20.76,-6.210149,53.36922
116_81,17.86,17.73,-6.210091,53.370118
116_82,17.73,17.73,-6.210032,53.371016
116_83,17.59,17.62,-6.209973,53.371914
116_84,17.57,17.57,-6.209914,53.372811
116_85,17.52,17.65,-6.209856,53.373709
116_86,17.34,17.44,-6.209797,53.374607
116_87,17.27,17.24,-6.209738,53.375505
116_88,17.48,17.48,-6.20968,53.376403
116_89,17.92,17.85,-6.209621,53.3773
116_90,18.23,18.32,-6.209562,53.378198
116_91,18.53,18.62,-6.209503,53.379096
116_92,18.96,24.02,-6.209445,53.379994
116_93,27.26,18.96,-6.209386,53.380892
116_94,18.66,18.44,-6.209327,53.38179
116_95,17.99,17.9,-6.209268,53.382687
116_96,19.5,17.88,-6.20921,53.383585
116_97,17.86,17.9,-6.209151,53.384483
116_98,17.85,20.56,-6.209092,53.385381
116_99,17.85,17.64,-6.209033,53.386279
116_100,17.24,17.64,-6.208975,53.387176
116_101,16.33,16.96,-6.208916,53.388074
116_102,16.34,16.32,-6.208857,53.388972
116_103,16.34,16.32,-6.208798,53.38987
116_104,16.3,16.26,-6.208739,53.390768
116_105,16.21,17.11,-6.208681,53.391666
116_106,15.67,15.87,-6.208622,53.392563
116_107,15.75,15.75,-6.208563,53.393461
116_108,16.58,16.44,-6.208504,53.394359
116_109,15.38,15.29,-6.208446,53.395257
116_110,15.18,15.19,-6.208387,53.396155
116_111,15.16,15.15,-6.208328,53.397052
116_112,14.93,15.09,-6.208269,53.39795
116_113,14.1,14.03,-6.20821,53.398848
116_114,14.03,14.02,-6.208151,53.399746
116_115,13.99,14.02,-6.208093,53.400644
116_116,13.92,13.99,-6.208034,53.401542
116_117,13.81,13.76,-6.207975,53.402439
116_118,12.86,12.86,-6.207916,53.403337
116_119,12.59,12.58,-6.207857,53.404235
116_120,12.53,12.49,-6.207799,53.405133
116_121,12.39,12.39,-6.20774,53.406031
116_122,12.42,12.48,-6.207681,53.406928
116_123,12.93,12.88,-6.207622,53.407826
116_124,13.84,13.76,-6.207563,53.408724
116_125,13.25,12.96,-6.207504,53.409622
116_126,12.38,12.27,-6.207446,53.41052
117_0,13.94,14.07,-6.213337,53.297359
117_1,13.55,14.07,-6.213278,53.298257
117_2,13.74,13.64,-6.21322,53.299155
117_3,14.86,14.99,-6.213161,53.300052
117_4,15.78,15,-6.213103,53.30095
117_5,16.35,16.79,-6.213044,53.301848
117_6,14.34,14.53,-6.212986,53.302746
117_7,14.62,14.58,-6.212927,53.303644
117_8,14.87,14.84,-6.212869,53.304542
117_9,15,15,-6.21281,53.305439
117_10,15.21,17.28,-6.212752,53.306337
117_11,15.39,15.13,-6.212693,53.307235
117_12,14.81,14.81,-6.212635,53.308133
117_13,14.49,14.71,-6.212576,53.309031
117_14,14.16,13.72,-6.212518,53.309929
117_15,13.8,13.66,-6.212459,53.310826
117_16,13.65,13.73,-6.212401,53.311724
117_17,13.56,13.81,-6.212342,53.312622
117_18,13.32,12.95,-6.212284,53.31352
117_19,13.04,12.97,-6.212225,53.314418
117_20,12.91,13,-6.212167,53.315316
117_21,12.61,12.79,-6.212108,53.316213
117_22,12.23,12.31,-6.21205,53.317111
117_23,12.41,15.59,-6.211991,53.318009
117_24,13.03,13.05,-6.211932,53.318907
117_25,12.5,12.72,-6.211874,53.319805
117_26,13.36,13.28,-6.211815,53.320702
117_27,11.97,13.28,-6.211757,53.3216
117_28,11.83,11.89,-6.211698,53.322498
117_29,13.8,11.75,-6.21164,53.323396
117_30,11.4,11.47,-6.211581,53.324294
117_31,11.18,11.2,-6.211522,53.325192
117_32,11.18,11.21,-6.211464,53.326089
117_33,11.45,11.27,-6.211405,53.326987
117_34,11.73,11.59,-6.211347,53.327885
117_35,11.97,12.02,-6.211288,53.328783
117_36,11.86,11.99,-6.211229,53.329681
117_37,11.88,11.99,-6.211171,53.330579
117_38,12.13,12.07,-6.211112,53.331476
117_39,12.42,12.34,-6.211054,53.332374
117_40,12.72,12.61,-6.210995,53.333272
117_41,12.27,12.01,-6.210936,53.33417
117_42,11.88,11.86,-6.210878,53.335068
117_43,11.89,12.01,-6.210819,53.335966
117_44,11.75,12.05,-6.210761,53.336863
117_45,11.7,11.54,-6.210702,53.337761
117_46,11.75,11.77,-6.210643,53.338659
117_47,12.03,12.19,-6.210585,53.339557
117_48,12.57,12.48,-6.210526,53.340455
117_49,12.84,12.82,-6.210467,53.341353
117_50,13.11,13.3,-6.210409,53.34225
117_51,13.07,13.16,-6.21035,53.343148
117_52,13.72,13.72,-6.210291,53.344046
117_53,14.14,14.19,-6.210233,53.344944
117_54,14.31,14.39,-6.210174,53.345842
117_55,14.43,14.58,-6.210116,53.346739
117_56,14.55,14.58,-6.210057,53.347637
117_57,14.74,14.85,-6.209998,53.348535
117_58,15.09,15.56,-6.20994,53.349433
117_59,16.25,15.56,-6.209881,53.350331
117_60,17.56,16.93,-6.209822,53.351229
117_61,19.12,18.3,-6.209764,53.352126
117_62,18.28,18.7,-6.209705,53.353024
117_63,18.97,18.97,-6.209646,53.353922
117_64,18.26,18.29,-6.209587,53.35482
117_65,17.6,17.82,-6.209529,53.355718
117_66,17.23,17.34,-6.20947,53.356616
117_67,16.98,16.89,-6.209411,53.357513
117_68,17.05,17.01,-6.209353,53.358411
117_69,17.23,17.19,-6.209294,53.359309
117_70,17.5,17.41,-6.209235,53.360207
117_71,18.15,17.5,-6.209177,53.361105
117_72,17.76,17.76,-6.209118,53.362002
117_73,17.19,17.23,-6.209059,53.3629
117_74,17.03,17.1,-6.209,53.363798
117_75,16.94,16.88,-6.208942,53.364696
117_76,16.94,16.92,-6.208883,53.365594
117_77,17.16,17.17,-6.208824,53.366492
117_78,18.83,18.37,-6.208766,53.367389
117_79,19.36,17.41,-6.208707,53.368287
117_80,19.39,19.39,-6.208648,53.369185
117_81,17.88,17.91,-6.208589,53.370083
117_82,17.81,17.77,-6.208531,53.370981
117_83,17.68,17.75,-6.208472,53.371878
117_84,17.76,17.76,-6.208413,53.372776
117_85,17.77,17.63,-6.208354,53.373674
117_86,17.61,17.6,-6.208296,53.374572
117_87,17.41,17.35,-6.208237,53.37547
117_88,17.72,17.78,-6.208178,53.376368
117_89,17.98,18.1,-6.208119,53.377265
117_90,18.16,18.25,-6.208061,53.378163
117_91,18.45,18.25,-6.208002,53.379061
117_92,18.88,18.67,-6.207943,53.379959
117_93,19.06,19.08,-6.207884,53.380857
117_94,24.61,19,-6.207826,53.381754
117_95,18.35,22.8,-6.207767,53.382652
117_96,18.02,19.25,-6.207708,53.38355
117_97,19.99,17.93,-6.207649,53.384448
117_98,17.99,17.8,-6.20759,53.385346
117_99,17.58,17.71,-6.207532,53.386244
117_100,16.8,17.09,-6.207473,53.387141
117_101,16.44,16.47,-6.207414,53.388039
117_102,16.23,16.2,-6.207355,53.388937
117_103,16.18,16.19,-6.207296,53.389835
117_104,16.22,16.25,-6.207238,53.390733
117_105,16.35,16.39,-6.207179,53.39163
117_106,16.34,16.55,-6.20712,53.392528
117_107,15.76,15.76,-6.207061,53.393426
117_108,15.3,16.17,-6.207002,53.394324
117_109,15.75,15.71,-6.206943,53.395222
117_110,15.13,15.12,-6.206885,53.39612
117_111,15.13,15.14,-6.206826,53.397017
117_112,15.23,15.23,-6.206767,53.397915
117_113,13.95,15.08,-6.206708,53.398813
117_114,13.87,13.85,-6.206649,53.399711
117_115,13.84,13.86,-6.20659,53.400609
117_116,13.75,13.81,-6.206532,53.401506
117_117,13.79,13.8,-6.206473,53.402404
117_118,13.44,13.18,-6.206414,53.403302
117_119,12.58,13.33,-6.206355,53.4042
117_120,12.53,12.49,-6.206296,53.405098
117_121,12.45,12.41,-6.206237,53.405995
117_122,12.48,12.75,-6.206178,53.406893
117_123,13.15,12.75,-6.20612,53.407791
117_124,13.81,13.47,-6.206061,53.408689
117_125,12.76,12.89,-6.206002,53.409587
117_126,11.83,12.18,-6.205943,53.410485
118_0,13.69,13.7,-6.211838,53.297324
118_1,14.42,13.73,-6.21178,53.298222
118_2,13.79,14.78,-6.211721,53.299119
118_3,14.05,14.05,-6.211663,53.300017
118_4,14.33,14.33,-6.211604,53.300915
118_5,14.6,14.61,-6.211546,53.301813
118_6,14.4,14.33,-6.211487,53.302711
118_7,14.63,14.77,-6.211429,53.303609
118_8,14.86,14.91,-6.21137,53.304506
118_9,15.03,15.03,-6.211312,53.305404
118_10,15.16,17.28,-6.211253,53.306302
118_11,14.75,14.55,-6.211194,53.3072
118_12,14.28,14.18,-6.211136,53.308098
118_13,13.86,13.96,-6.211077,53.308996
118_14,13.38,12.9,-6.211019,53.309893
118_15,13.02,12.9,-6.21096,53.310791
118_16,12.94,12.96,-6.210902,53.311689
118_17,12.7,12.98,-6.210843,53.312587
118_18,12.46,12.24,-6.210784,53.313485
118_19,12.33,12.24,-6.210726,53.314383
118_20,12.13,12.19,-6.210667,53.31528
118_21,12,12.22,-6.210609,53.316178
118_22,12.15,12.06,-6.21055,53.317076
118_23,16.06,15.16,-6.210492,53.317974
118_24,12.61,12.85,-6.210433,53.318872
118_25,12.08,12.39,-6.210374,53.31977
118_26,11.7,11.62,-6.210316,53.320667
118_27,11.76,11.78,-6.210257,53.321565
118_28,11.65,11.69,-6.210199,53.322463
118_29,11.59,11.75,-6.21014,53.323361
118_30,11.16,11.15,-6.210081,53.324259
118_31,11.11,11.1,-6.210023,53.325157
118_32,11.23,11.2,-6.209964,53.326054
118_33,11.33,11.37,-6.209906,53.326952
118_34,11.44,11.44,-6.209847,53.32785
118_35,11.6,11.6,-6.209788,53.328748
118_36,11.91,11.71,-6.20973,53.329646
118_37,11.98,16.24,-6.209671,53.330544
118_38,15.57,11.72,-6.209612,53.331441
118_39,11.67,12.11,-6.209554,53.332339
118_40,11.91,12.27,-6.209495,53.333237
118_41,11.39,11.16,-6.209437,53.334135
118_42,11.42,11.42,-6.209378,53.335033
118_43,11.37,11.44,-6.209319,53.33593
118_44,11.33,11.48,-6.209261,53.336828
118_45,11.31,11.24,-6.209202,53.337726
118_46,11.33,11.49,-6.209143,53.338624
118_47,11.88,12.08,-6.209085,53.339522
118_48,12.26,12.48,-6.209026,53.34042
118_49,12.41,12.46,-6.208967,53.341317
118_50,12.62,12.73,-6.208909,53.342215
118_51,12.8,12.73,-6.20885,53.343113
118_52,13.28,12.86,-6.208791,53.344011
118_53,13.79,13.45,-6.208733,53.344909
118_54,14.04,13.98,-6.208674,53.345807
118_55,14.2,14.18,-6.208615,53.346704
118_56,14.36,14.25,-6.208556,53.347602
118_57,14.54,14.45,-6.208498,53.3485
118_58,14.86,14.76,-6.208439,53.349398
118_59,16.22,15.66,-6.20838,53.350296
118_60,19.92,18.02,-6.208322,53.351193
118_61,19.94,20.07,-6.208263,53.352091
118_62,18.81,18.81,-6.208204,53.352989
118_63,18.05,18.77,-6.208146,53.353887
118_64,17.4,17.08,-6.208087,53.354785
118_65,16.96,16.97,-6.208028,53.355683
118_66,16.81,16.92,-6.207969,53.35658
118_67,16.74,16.89,-6.207911,53.357478
118_68,16.89,16.84,-6.207852,53.358376
118_69,17.12,17.12,-6.207793,53.359274
118_70,17.33,17.41,-6.207734,53.360172
118_71,17.38,17.06,-6.207676,53.361069
118_72,17.14,17.09,-6.207617,53.361967
118_73,17.08,17.06,-6.207558,53.362865
118_74,16.96,16.95,-6.2075,53.363763
118_75,16.81,16.76,-6.207441,53.364661
118_76,16.73,16.73,-6.207382,53.365559
118_77,17.82,17.86,-6.207323,53.366456
118_78,17.19,17.25,-6.207264,53.367354
118_79,17.29,17.36,-6.207206,53.368252
118_80,17.63,17.97,-6.207147,53.36915
118_81,18.48,22.3,-6.207088,53.370048
118_82,24.49,18.02,-6.207029,53.370945
118_83,18.75,18.72,-6.206971,53.371843
118_84,18.09,18.4,-6.206912,53.372741
118_85,17.97,18.02,-6.206853,53.373639
118_86,17.78,17.85,-6.206794,53.374537
118_87,17.55,17.66,-6.206736,53.375435
118_88,17.7,17.7,-6.206677,53.376332
118_89,17.81,17.72,-6.206618,53.37723
118_90,17.99,17.92,-6.206559,53.378128
118_91,18.24,18.06,-6.2065,53.379026
118_92,18.52,18.45,-6.206442,53.379924
118_93,18.31,18.57,-6.206383,53.380821
118_94,18.77,18.38,-6.206324,53.381719
118_95,25.4,19.04,-6.206265,53.382617
118_96,18.66,18.61,-6.206206,53.383515
118_97,18.21,21.01,-6.206147,53.384413
118_98,17.75,17.76,-6.206089,53.385311
118_99,17.46,17.47,-6.20603,53.386208
118_100,17.06,17.04,-6.205971,53.387106
118_101,16.66,16.6,-6.205912,53.388004
118_102,16.31,16.16,-6.205853,53.388902
118_103,16.14,16.14,-6.205794,53.3898
118_104,17.41,16.21,-6.205736,53.390697
118_105,16.4,16.39,-6.205677,53.391595
118_106,16.57,16.48,-6.205618,53.392493
118_107,15.59,15.38,-6.205559,53.393391
118_108,15.2,15.22,-6.2055,53.394289
118_109,15.05,15,-6.205441,53.395187
118_110,15.05,15.03,-6.205383,53.396084
118_111,15.07,15.12,-6.205324,53.396982
118_112,14.94,15.41,-6.205265,53.39788
118_113,14,14.8,-6.205206,53.398778
118_114,13.83,13.82,-6.205147,53.399676
118_115,13.77,13.82,-6.205088,53.400573
118_116,13.81,13.73,-6.205029,53.401471
118_117,13.81,13.82,-6.20497,53.402369
118_118,13.2,13.58,-6.204912,53.403267
118_119,12.48,12.6,-6.204853,53.404165
118_120,13,12.95,-6.204794,53.405062
118_121,12.45,12.51,-6.204735,53.40596
118_122,12.53,12.54,-6.204676,53.406858
118_123,13.48,12.98,-6.204617,53.407756
118_124,13.03,14,-6.204558,53.408654
118_125,11.96,11.84,-6.204499,53.409552
118_126,11.65,11.68,-6.20444,53.410449
119_0,13.84,13.86,-6.21034,53.297289
119_1,13.81,13.81,-6.210281,53.298187
119_2,13.82,13.82,-6.210223,53.299084
119_3,14.03,14.09,-6.210164,53.299982
119_4,14.23,14.32,-6.210105,53.30088
119_5,14.49,14.5,-6.210047,53.301778
119_6,14.56,15.85,-6.209988,53.302676
119_7,14.91,15.65,-6.20993,53.303574
119_8,15.48,15.64,-6.209871,53.304471
119_9,15.49,15.12,-6.209813,53.305369
119_10,14.65,15.12,-6.209754,53.306267
119_11,14.19,13.5,-6.209695,53.307165
119_12,13.4,13.69,-6.209637,53.308063
119_13,12.6,12.86,-6.209578,53.308961
119_14,12.38,12.25,-6.20952,53.309858
119_15,12.3,12.25,-6.209461,53.310756
119_16,12.27,12.26,-6.209402,53.311654
119_17,12.25,12.29,-6.209344,53.312552
119_18,12.29,12.19,-6.209285,53.31345
119_19,12.17,12.2,-6.209227,53.314348
119_20,12.07,12.09,-6.209168,53.315245
119_21,11.96,11.99,-6.209109,53.316143
119_22,12.2,12.22,-6.209051,53.317041
119_23,12.7,12.61,-6.208992,53.317939
119_24,12.24,12.32,-6.208934,53.318837
119_25,11.78,11.98,-6.208875,53.319734
119_26,11.55,11.55,-6.208816,53.320632
119_27,11.75,11.75,-6.208758,53.32153
119_28,11.68,11.68,-6.208699,53.322428
119_29,11.44,11.47,-6.20864,53.323326
119_30,11.26,11.35,-6.208582,53.324224
119_31,11.2,11.23,-6.208523,53.325121
119_32,11.31,11.3,-6.208465,53.326019
119_33,16.6,10.67,-6.208406,53.326917
119_34,15.99,10.7,-6.208347,53.327815
119_35,11.06,11.37,-6.208289,53.328713
119_36,11.24,16.54,-6.20823,53.329611
119_37,11.21,10.84,-6.208171,53.330508
119_38,10.82,10.75,-6.208113,53.331406
119_39,10.75,10.83,-6.208054,53.332304
119_40,11.04,11.31,-6.207995,53.333202
119_41,10.78,10.75,-6.207937,53.3341
119_42,10.94,10.75,-6.207878,53.334998
119_43,11.09,11.07,-6.207819,53.335895
119_44,11.08,11.17,-6.207761,53.336793
119_45,11.03,10.94,-6.207702,53.337691
119_46,11.02,10.99,-6.207643,53.338589
119_47,11.63,11.33,-6.207584,53.339487
119_48,11.98,12.04,-6.207526,53.340384
119_49,12.09,11.97,-6.207467,53.341282
119_50,12.3,12.21,-6.207408,53.34218
119_51,12.54,12.51,-6.20735,53.343078
119_52,12.82,12.86,-6.207291,53.343976
119_53,13.33,13.16,-6.207232,53.344874
119_54,13.61,13.59,-6.207174,53.345771
119_55,14.03,13.93,-6.207115,53.346669
119_56,14.43,14.5,-6.207056,53.347567
119_57,14.77,14.8,-6.206997,53.348465
119_58,14.97,14.96,-6.206939,53.349363
119_59,15.93,15.72,-6.20688,53.350261
119_60,17.95,17.84,-6.206821,53.351158
119_61,19.16,19,-6.206762,53.352056
119_62,17.61,17.94,-6.206704,53.352954
119_63,17.1,17.54,-6.206645,53.353852
119_64,16.67,16.49,-6.206586,53.35475
119_65,16.48,16.42,-6.206527,53.355647
119_66,16.45,16.51,-6.206469,53.356545
119_67,16.51,16.63,-6.20641,53.357443
119_68,16.58,16.6,-6.206351,53.358341
119_69,16.82,16.91,-6.206292,53.359239
119_70,20.13,22.16,-6.206234,53.360137
119_71,16.95,17.06,-6.206175,53.361034
119_72,16.9,16.96,-6.206116,53.361932
119_73,16.95,18.24,-6.206057,53.36283
119_74,17,16.89,-6.205999,53.363728
119_75,16.79,16.93,-6.20594,53.364626
119_76,16.72,16.75,-6.205881,53.365523
119_77,17.19,17.62,-6.205822,53.366421
119_78,17.67,17.33,-6.205763,53.367319
119_79,17.5,17.63,-6.205705,53.368217
119_80,17.63,17.56,-6.205646,53.369115
119_81,18.31,18.06,-6.205587,53.370013
119_82,23.54,18.73,-6.205528,53.37091
119_83,18.57,18.68,-6.205469,53.371808
119_84,18.2,18.2,-6.205411,53.372706
119_85,19.95,19.25,-6.205352,53.373604
119_86,17.84,17.87,-6.205293,53.374502
119_87,17.67,17.69,-6.205234,53.375399
119_88,17.63,17.63,-6.205175,53.376297
119_89,17.67,17.66,-6.205117,53.377195
119_90,17.97,17.92,-6.205058,53.378093
119_91,19.21,19.35,-6.204999,53.378991
119_92,18.09,18.09,-6.20494,53.379888
119_93,19.77,19.71,-6.204881,53.380786
119_94,19.38,18.24,-6.204822,53.381684
119_95,19.79,18.9,-6.204763,53.382582
119_96,30.94,19.18,-6.204705,53.38348
119_97,18.37,18.21,-6.204646,53.384378
119_98,17.97,18.09,-6.204587,53.385275
119_99,17.75,17.62,-6.204528,53.386173
119_100,17.31,17.17,-6.204469,53.387071
119_101,16.91,16.73,-6.20441,53.387969
119_102,16.21,16.2,-6.204351,53.388867
119_103,16.17,16.19,-6.204293,53.389764
119_104,17.17,17.04,-6.204234,53.390662
119_105,17.98,17.82,-6.204175,53.39156
119_106,16.4,17.56,-6.204116,53.392458
119_107,17.43,17.56,-6.204057,53.393356
119_108,15.12,15.2,-6.203998,53.394254
119_109,15,15.08,-6.203939,53.395151
119_110,14.94,14.93,-6.20388,53.396049
119_111,14.95,14.97,-6.203822,53.396947
119_112,14.41,14.85,-6.203763,53.397845
119_113,13.71,13.77,-6.203704,53.398743
119_114,13.72,13.67,-6.203645,53.39964
119_115,13.67,13.69,-6.203586,53.400538
119_116,13.67,13.67,-6.203527,53.401436
119_117,13.72,13.64,-6.203468,53.402334
119_118,13.55,13.53,-6.203409,53.403232
119_119,12.79,12.89,-6.20335,53.404129
119_120,12.36,12.41,-6.203291,53.405027
119_121,12.71,12.74,-6.203232,53.405925
119_122,12.87,12.9,-6.203173,53.406823
119_123,13.85,13.71,-6.203115,53.407721
119_124,12.52,12.96,-6.203056,53.408618
119_125,11.74,11.7,-6.202997,53.409516
119_126,11.57,11.55,-6.202938,53.410414
120_0,14.39,13.84,-6.208841,53.297254
120_1,13.83,13.85,-6.208782,53.298151
120_2,13.9,13.85,-6.208724,53.299049
120_3,14,14.02,-6.208665,53.299947
120_4,14.21,14.12,-6.208607,53.300845
120_5,14.52,14.32,-6.208548,53.301743
120_6,15.41,14.94,-6.208489,53.302641
120_7,15.67,15.23,-6.208431,53.303538
120_8,15.56,15.04,-6.208372,53.304436
120_9,13.91,14.1,-6.208314,53.305334
120_10,13.6,14.13,-6.208255,53.306232
120_11,12.7,12.52,-6.208196,53.30713
120_12,12.31,12.3,-6.208138,53.308028
120_13,12.2,12.95,-6.208079,53.308925
120_14,12.21,12.25,-6.208021,53.309823
120_15,12.18,13.03,-6.207962,53.310721
120_16,12.11,12.11,-6.207903,53.311619
120_17,12.09,12.12,-6.207845,53.312517
120_18,12.13,12.06,-6.207786,53.313415
120_19,12.17,12.14,-6.207727,53.314312
120_20,12.05,12.05,-6.207669,53.31521
120_21,12.05,12.02,-6.20761,53.316108
120_22,16.35,12.61,-6.207552,53.317006
120_23,12.16,12.05,-6.207493,53.317904
120_24,11.76,11.74,-6.207434,53.318802
120_25,11.84,11.86,-6.207376,53.319699
120_26,11.6,11.71,-6.207317,53.320597
120_27,11.72,11.71,-6.207258,53.321495
120_28,11.71,11.71,-6.2072,53.322393
120_29,11.23,11.47,-6.207141,53.323291
120_30,15.89,14.75,-6.207082,53.324188
120_31,15.32,13.62,-6.207024,53.325086
120_32,10.46,15.87,-6.206965,53.325984
120_33,10.21,10.67,-6.206906,53.326882
120_34,10.13,9.88,-6.206848,53.32778
120_35,10.3,10.15,-6.206789,53.328678
120_36,10.47,10.46,-6.20673,53.329575
120_37,10.45,10.31,-6.206671,53.330473
120_38,10.39,10.31,-6.206613,53.331371
120_39,10.31,10.33,-6.206554,53.332269
120_40,10.25,10.33,-6.206495,53.333167
120_41,10.3,9.93,-6.206437,53.334065
120_42,10.57,10.38,-6.206378,53.334962
120_43,10.83,10.79,-6.206319,53.33586
120_44,10.8,10.9,-6.206261,53.336758
120_45,10.78,10.7,-6.206202,53.337656
120_46,10.81,10.77,-6.206143,53.338554
120_47,11.03,10.93,-6.206084,53.339451
120_48,11.74,11.82,-6.206026,53.340349
120_49,11.87,11.8,-6.205967,53.341247
120_50,12.04,12.04,-6.205908,53.342145
120_51,12.29,12.33,-6.205849,53.343043
120_52,12.55,12.61,-6.205791,53.343941
120_53,12.91,12.87,-6.205732,53.344838
120_54,13.4,13.46,-6.205673,53.345736
120_55,14.04,14.06,-6.205614,53.346634
120_56,14.5,14.52,-6.205556,53.347532
120_57,14.74,14.77,-6.205497,53.34843
120_58,15.02,15.12,-6.205438,53.349328
120_59,17.38,17.05,-6.205379,53.350225
120_60,17.34,18.04,-6.205321,53.351123
120_61,18.5,18.02,-6.205262,53.352021
120_62,17.03,16.97,-6.205203,53.352919
120_63,16.6,16.63,-6.205144,53.353817
120_64,16.28,16.21,-6.205086,53.354714
120_65,16.24,16.23,-6.205027,53.355612
120_66,16.23,16.23,-6.204968,53.35651
120_67,16.28,16.31,-6.204909,53.357408
120_68,16.34,16.24,-6.20485,53.358306
120_69,16.48,16.35,-6.204792,53.359204
120_70,16.88,16.62,-6.204733,53.360101
120_71,16.87,17.24,-6.204674,53.360999
120_72,17.22,17.31,-6.204615,53.361897
120_73,17.3,17.31,-6.204556,53.362795
120_74,17.38,18.07,-6.204498,53.363693
120_75,16.9,17.09,-6.204439,53.36459
120_76,17.45,17.34,-6.20438,53.365488
120_77,17.56,17.57,-6.204321,53.366386
120_78,18.55,17.73,-6.204262,53.367284
120_79,17.73,19.2,-6.204204,53.368182
120_80,17.74,17.73,-6.204145,53.36908
120_81,18.01,17.98,-6.204086,53.369977
120_82,18.41,18.47,-6.204027,53.370875
120_83,18.56,18.47,-6.203968,53.371773
120_84,18.1,18.1,-6.203909,53.372671
120_85,17.98,17.99,-6.20385,53.373569
120_86,17.84,17.86,-6.203792,53.374466
120_87,18.78,17.73,-6.203733,53.375364
120_88,17.6,17.6,-6.203674,53.376262
120_89,17.75,17.81,-6.203615,53.37716
120_90,17.89,19.86,-6.203556,53.378058
120_91,17.97,17.95,-6.203497,53.378955
120_92,18,18.02,-6.203438,53.379853
120_93,18.04,18.09,-6.20338,53.380751
120_94,18.11,18.25,-6.203321,53.381649
120_95,21.68,18.55,-6.203262,53.382547
120_96,25.8,21.26,-6.203203,53.383445
120_97,21.5,18.16,-6.203144,53.384342
120_98,23.63,25.49,-6.203085,53.38524
120_99,18.17,24,-6.203026,53.386138
120_100,17.52,17.85,-6.202967,53.387036
120_101,16.8,17.3,-6.202909,53.387934
120_102,16.26,16.31,-6.20285,53.388831
120_103,16.18,16.22,-6.202791,53.389729
120_104,16.26,16.19,-6.202732,53.390627
120_105,16.48,16.4,-6.202673,53.391525
120_106,16.24,16.2,-6.202614,53.392423
120_107,15.57,15.93,-6.202555,53.39332
120_108,16.15,16.11,-6.202496,53.394218
120_109,15,15.01,-6.202437,53.395116
120_110,14.91,15.41,-6.202378,53.396014
120_111,14.89,14.9,-6.202319,53.396912
120_112,14.33,14.51,-6.20226,53.39781
120_113,13.81,13.77,-6.202202,53.398707
120_114,13.57,13.55,-6.202143,53.399605
120_115,13.57,13.57,-6.202084,53.400503
120_116,13.61,13.62,-6.202025,53.401401
120_117,13.51,13.4,-6.201966,53.402299
120_118,13.4,13.38,-6.201907,53.403196
120_119,12.82,12.76,-6.201848,53.404094
120_120,12.4,12.39,-6.201789,53.404992
120_121,12.76,12.9,-6.20173,53.40589
120_122,13.15,13.3,-6.201671,53.406788
120_123,13.52,13.33,-6.201612,53.407685
120_124,12.17,12.08,-6.201553,53.408583
120_125,11.69,11.58,-6.201494,53.409481
120_126,11.47,11.41,-6.201435,53.410379
121_0,13.93,14,-6.207342,53.297219
121_1,13.74,13.7,-6.207284,53.298116
121_2,14.12,14.05,-6.207225,53.299014
121_3,13.85,13.74,-6.207167,53.299912
121_4,13.82,13.74,-6.207108,53.30081
121_5,15.09,15,-6.207049,53.301708
121_6,15.01,15.34,-6.206991,53.302606
121_7,14.07,13.45,-6.206932,53.303503
121_8,13.24,13.15,-6.206873,53.304401
121_9,13.1,13.04,-6.206815,53.305299
121_10,12.58,12.91,-6.206756,53.306197
121_11,12.27,12.2,-6.206698,53.307095
121_12,12.12,12.11,-6.206639,53.307992
121_13,12.01,12.04,-6.20658,53.30889
121_14,12.02,12.1,-6.206522,53.309788
121_15,12.06,12.03,-6.206463,53.310686
121_16,12.04,12.04,-6.206404,53.311584
121_17,12.05,12.06,-6.206346,53.312482
121_18,12.05,12.06,-6.206287,53.313379
121_19,12.04,12.03,-6.206228,53.314277
121_20,12.04,12.01,-6.20617,53.315175
121_21,12.29,12.28,-6.206111,53.316073
121_22,12.75,19.3,-6.206052,53.316971
121_23,12.4,17.92,-6.205994,53.317869
121_24,15.42,11.95,-6.205935,53.318766
121_25,12.04,13.88,-6.205876,53.319664
121_26,16.59,11.55,-6.205817,53.320562
121_27,11.44,11.15,-6.205759,53.32146
121_28,10.53,10.68,-6.2057,53.322358
121_29,10.4,10.86,-6.205641,53.323256
121_30,9.87,9.8,-6.205583,53.324153
121_31,9.7,9.73,-6.205524,53.325051
121_32,9.57,9.66,-6.205465,53.325949
121_33,9.43,9.78,-6.205407,53.326847
121_34,9.58,9.34,-6.205348,53.327745
121_35,9.67,9.61,-6.205289,53.328642
121_36,9.88,9.91,-6.20523,53.32954
121_37,10.09,10.31,-6.205172,53.330438
121_38,10.09,10.02,-6.205113,53.331336
121_39,10.08,10.08,-6.205054,53.332234
121_40,10,10.08,-6.204995,53.333132
121_41,9.64,9.45,-6.204937,53.334029
121_42,9.92,9.81,-6.204878,53.334927
121_43,10.16,10.22,-6.204819,53.335825
121_44,10.49,10.55,-6.204761,53.336723
121_45,10.5,10.39,-6.204702,53.337621
121_46,10.59,10.58,-6.204643,53.338519
121_47,10.52,10.65,-6.204584,53.339416
121_48,11.09,11.49,-6.204526,53.340314
121_49,11.62,11.64,-6.204467,53.341212
121_50,11.85,11.9,-6.204408,53.34211
121_51,12.09,12.2,-6.204349,53.343008
121_52,12.36,12.5,-6.20429,53.343905
121_53,12.82,13.15,-6.204232,53.344803
121_54,13.71,13.86,-6.204173,53.345701
121_55,14.2,14.3,-6.204114,53.346599
121_56,14.38,14.52,-6.204055,53.347497
121_57,14.59,14.68,-6.203997,53.348395
121_58,14.88,14.68,-6.203938,53.349292
121_59,15.43,15.14,-6.203879,53.35019
121_60,17.5,16.83,-6.20382,53.351088
121_61,18.38,29.51,-6.203761,53.351986
121_62,16.7,17.34,-6.203703,53.352884
121_63,16.31,16.55,-6.203644,53.353781
121_64,16.16,16.19,-6.203585,53.354679
121_65,16.25,16.23,-6.203526,53.355577
121_66,16.25,16.25,-6.203467,53.356475
121_67,16.25,16.24,-6.203408,53.357373
121_68,16.25,16.29,-6.20335,53.358271
121_69,16.56,16.41,-6.203291,53.359168
121_70,18.75,17.23,-6.203232,53.360066
121_71,16.77,16.86,-6.203173,53.360964
121_72,17.48,18.16,-6.203114,53.361862
121_73,17.49,17.49,-6.203056,53.36276
121_74,17.42,17.47,-6.202997,53.363657
121_75,17.28,17.09,-6.202938,53.364555
121_76,17.26,17.22,-6.202879,53.365453
121_77,17.3,17.31,-6.20282,53.366351
121_78,17.44,17.55,-6.202761,53.367249
121_79,17.57,17.44,-6.202702,53.368147
121_80,17.63,17.62,-6.202644,53.369044
121_81,17.79,19.11,-6.202585,53.369942
121_82,18.09,18.29,-6.202526,53.37084
121_83,21.9,18.38,-6.202467,53.371738
121_84,22.08,19.62,-6.202408,53.372636
121_85,18.19,18.09,-6.202349,53.373533
121_86,17.81,17.81,-6.20229,53.374431
121_87,17.69,17.49,-6.202231,53.375329
121_88,17.43,17.38,-6.202173,53.376227
121_89,17.43,17.6,-6.202114,53.377125
121_90,17.63,17.6,-6.202055,53.378022
121_91,17.75,17.63,-6.201996,53.37892
121_92,17.88,17.78,-6.201937,53.379818
121_93,17.9,17.9,-6.201878,53.380716
121_94,20.72,17.96,-6.201819,53.381614
121_95,19.4,19.18,-6.20176,53.382512
121_96,18.37,18.32,-6.201701,53.383409
121_97,18.44,18.48,-6.201642,53.384307
121_98,18.43,18.01,-6.201584,53.385205
121_99,26.5,18.29,-6.201525,53.386103
121_100,18.06,22.84,-6.201466,53.387001
121_101,17.15,17.14,-6.201407,53.387898
121_102,16.32,16.69,-6.201348,53.388796
121_103,16.27,16.29,-6.201289,53.389694
121_104,18.39,16.35,-6.20123,53.390592
121_105,16.32,16.39,-6.201171,53.39149
121_106,16.12,16.08,-6.201112,53.392387
121_107,15.68,15.7,-6.201053,53.393285
121_108,14.97,14.99,-6.200994,53.394183
121_109,15.08,15.05,-6.200935,53.395081
121_110,15.77,14.8,-6.200876,53.395979
121_111,14.73,14.71,-6.200817,53.396877
121_112,14.49,14.4,-6.200758,53.397774
121_113,14.12,13.94,-6.200699,53.398672
121_114,13.7,13.66,-6.20064,53.39957
121_115,14.21,14.11,-6.200581,53.400468
121_116,13.48,13.43,-6.200522,53.401366
121_117,13.35,13.3,-6.200463,53.402263
121_118,13.3,13.27,-6.200405,53.403161
121_119,12.85,12.54,-6.200346,53.404059
121_120,12.27,12.48,-6.200287,53.404957
121_121,12.79,12.99,-6.200228,53.405855
121_122,13.29,12.99,-6.200169,53.406752
121_123,12.78,13.18,-6.20011,53.40765
121_124,12.09,12.47,-6.200051,53.408548
121_125,11.64,11.69,-6.199992,53.409446
121_126,11.38,11.46,-6.199933,53.410344
122_0,13.86,13.86,-6.205844,53.297183
122_1,13.55,13.53,-6.205785,53.298081
122_2,13.76,14.09,-6.205726,53.298979
122_3,21.86,14.15,-6.205668,53.299877
122_4,25.19,14.5,-6.205609,53.300775
122_5,14.37,14.35,-6.205551,53.301673
122_6,13.84,14.13,-6.205492,53.30257
122_7,13.06,12.7,-6.205433,53.303468
122_8,12.68,12.55,-6.205375,53.304366
122_9,12.5,12.41,-6.205316,53.305264
122_10,12.25,12.29,-6.205257,53.306162
122_11,12.11,11.99,-6.205199,53.30706
122_12,11.97,11.9,-6.20514,53.307957
122_13,11.87,11.88,-6.205081,53.308855
122_14,11.86,11.94,-6.205022,53.309753
122_15,11.97,11.94,-6.204964,53.310651
122_16,11.97,11.98,-6.204905,53.311549
122_17,11.99,11.98,-6.204846,53.312446
122_18,12.01,12.02,-6.204788,53.313344
122_19,12.25,12.1,-6.204729,53.314242
122_20,12.46,12.45,-6.20467,53.31514
122_21,13.15,12.8,-6.204612,53.316038
122_22,12.71,11,-6.204553,53.316936
122_23,12.08,11.72,-6.204494,53.317833
122_24,11.39,11.68,-6.204435,53.318731
122_25,10.99,11.5,-6.204377,53.319629
122_26,10.53,9.91,-6.204318,53.320527
122_27,10.06,9.87,-6.204259,53.321425
122_28,9.76,9.91,-6.204201,53.322323
122_29,9.72,9.86,-6.204142,53.32322
122_30,9.6,9.47,-6.204083,53.324118
122_31,9.43,9.4,-6.204024,53.325016
122_32,9.31,9.35,-6.203966,53.325914
122_33,9.23,9.32,-6.203907,53.326812
122_34,9.14,9.07,-6.203848,53.327709
122_35,9.07,9.07,-6.203789,53.328607
122_36,9.37,9.46,-6.203731,53.329505
122_37,9.55,9.93,-6.203672,53.330403
122_38,9.81,9.69,-6.203613,53.331301
122_39,9.82,9.82,-6.203554,53.332199
122_40,9.67,9.69,-6.203496,53.333096
122_41,9.21,9.45,-6.203437,53.333994
122_42,9.26,9.23,-6.203378,53.334892
122_43,9.42,9.62,-6.203319,53.33579
122_44,10.19,10.29,-6.203261,53.336688
122_45,10.07,10,-6.203202,53.337586
122_46,10.26,10.18,-6.203143,53.338483
122_47,10.1,10.47,-6.203084,53.339381
122_48,11.14,11.32,-6.203025,53.340279
122_49,11.46,11.25,-6.202967,53.341177
122_50,11.65,11.5,-6.202908,53.342075
122_51,11.92,11.79,-6.202849,53.342972
122_52,12.18,12.09,-6.20279,53.34387
122_53,12.76,12.47,-6.202731,53.344768
122_54,13.55,13.24,-6.202673,53.345666
122_55,13.98,13.85,-6.202614,53.346564
122_56,14.23,14.21,-6.202555,53.347462
122_57,14.45,14.35,-6.202496,53.348359
122_58,14.74,14.64,-6.202437,53.349257
122_59,15.35,15.15,-6.202378,53.350155
122_60,17.17,16.83,-6.20232,53.351053
122_61,18.45,18.68,-6.202261,53.351951
122_62,17.16,17.3,-6.202202,53.352848
122_63,16.28,16.21,-6.202143,53.353746
122_64,16.22,16.29,-6.202084,53.354644
122_65,16.24,16.25,-6.202025,53.355542
122_66,16.27,16.27,-6.201967,53.35644
122_67,16.31,16.26,-6.201908,53.357338
122_68,16.44,16.54,-6.201849,53.358235
122_69,16.67,16.78,-6.20179,53.359133
122_70,19.43,20.54,-6.201731,53.360031
122_71,17.4,17.52,-6.201672,53.360929
122_72,17.11,17.13,-6.201613,53.361827
122_73,17.86,17.9,-6.201555,53.362724
122_74,17.25,17.28,-6.201496,53.363622
122_75,17.19,17.25,-6.201437,53.36452
122_76,17.11,17.06,-6.201378,53.365418
122_77,17.07,17.08,-6.201319,53.366316
122_78,17.15,17.26,-6.20126,53.367213
122_79,17.29,17.44,-6.201201,53.368111
122_80,17.3,17.31,-6.201142,53.369009
122_81,18.3,18.41,-6.201084,53.369907
122_82,17.59,18.41,-6.201025,53.370805
122_83,17.94,17.44,-6.200966,53.371703
122_84,18.42,18.08,-6.200907,53.3726
122_85,18.29,18.42,-6.200848,53.373498
122_86,17.81,18.13,-6.200789,53.374396
122_87,17.49,17.51,-6.20073,53.375294
122_88,17.27,17.28,-6.200671,53.376192
122_89,17.16,17.2,-6.200612,53.377089
122_90,17.3,17.3,-6.200553,53.377987
122_91,17.58,17.4,-6.200494,53.378885
122_92,17.7,17.66,-6.200435,53.379783
122_93,17.82,19.68,-6.200377,53.380681
122_94,17.88,17.98,-6.200318,53.381578
122_95,18.94,18.83,-6.200259,53.382476
122_96,18.02,18,-6.2002,53.383374
122_97,17.96,18.08,-6.200141,53.384272
122_98,17.74,18.01,-6.200082,53.38517
122_99,17.83,17.76,-6.200023,53.386068
122_100,24.63,24.63,-6.199964,53.386965
122_101,22.23,17.93,-6.199905,53.387863
122_102,17.09,17.05,-6.199846,53.388761
122_103,16.49,16.56,-6.199787,53.389659
122_104,16.59,16.54,-6.199728,53.390557
122_105,16.28,16.28,-6.199669,53.391454
122_106,16.12,16.12,-6.19961,53.392352
122_107,15.89,15.69,-6.199551,53.39325
122_108,15.24,15.08,-6.199492,53.394148
122_109,15.16,16.65,-6.199433,53.395046
122_110,14.72,14.6,-6.199374,53.395943
122_111,14.56,14.5,-6.199315,53.396841
122_112,14.34,14.24,-6.199256,53.397739
122_113,13.94,13.93,-6.199197,53.398637
122_114,13.58,13.67,-6.199138,53.399535
122_115,14.21,13.45,-6.199079,53.400432
122_116,13.38,13.48,-6.19902,53.40133
122_117,13.28,13.34,-6.198961,53.402228
122_118,13.24,13.23,-6.198902,53.403126
122_119,12.8,12.92,-6.198843,53.404024
122_120,12.11,12.36,-6.198784,53.404922
122_121,12.65,12.58,-6.198725,53.405819
122_122,13.66,13.44,-6.198666,53.406717
122_123,12.54,12.85,-6.198607,53.407615
122_124,12.06,12.25,-6.198548,53.408513
122_125,11.57,11.57,-6.198489,53.409411
122_126,11.32,11.34,-6.19843,53.410308
123_0,13.95,13.72,-6.204345,53.297148
123_1,14.16,14.22,-6.204286,53.298046
123_2,14.01,13.74,-6.204228,53.298944
123_3,13.95,14.15,-6.204169,53.299842
123_4,13.89,13.57,-6.20411,53.30074
123_5,13.47,13.41,-6.204052,53.301637
123_6,12.95,12.99,-6.203993,53.302535
123_7,12.68,12.48,-6.203934,53.303433
123_8,12.41,13.35,-6.203876,53.304331
123_9,12.26,13.35,-6.203817,53.305229
123_10,12.05,12.16,-6.203758,53.306127
123_11,11.92,11.84,-6.2037,53.307024
123_12,11.8,11.78,-6.203641,53.307922
123_13,11.78,11.79,-6.203582,53.30882
123_14,11.68,11.79,-6.203523,53.309718
123_15,12.89,11.79,-6.203465,53.310616
123_16,11.95,11.95,-6.203406,53.311514
123_17,11.91,11.98,-6.203347,53.312411
123_18,11.55,11.83,-6.203289,53.313309
123_19,12.38,12.27,-6.20323,53.314207
123_20,12.57,12.44,-6.203171,53.315105
123_21,12.41,13.05,-6.203112,53.316003
123_22,10.65,11,-6.203054,53.3169
123_23,10.17,10.08,-6.202995,53.317798
123_24,10.01,10.01,-6.202936,53.318696
123_25,9.81,9.96,-6.202877,53.319594
123_26,9.6,9.39,-6.202819,53.320492
123_27,9.44,9.34,-6.20276,53.32139
123_28,9.3,9.35,-6.202701,53.322287
123_29,9.37,9.51,-6.202642,53.323185
123_30,9.28,9.16,-6.202584,53.324083
123_31,9.19,9.15,-6.202525,53.324981
123_32,9.1,9.13,-6.202466,53.325879
123_33,8.96,9.1,-6.202407,53.326776
123_34,8.83,8.7,-6.202348,53.327674
123_35,8.73,8.67,-6.20229,53.328572
123_36,8.84,8.97,-6.202231,53.32947
123_37,9.04,9.26,-6.202172,53.330368
123_38,9.2,9.23,-6.202113,53.331266
123_39,9.38,9.48,-6.202055,53.332163
123_40,9.25,9.05,-6.201996,53.333061
123_41,8.73,9.05,-6.201937,53.333959
123_42,8.65,8.55,-6.201878,53.334857
123_43,9.16,8.69,-6.201819,53.335755
123_44,9.86,9.63,-6.201761,53.336653
123_45,9.86,9.76,-6.201702,53.33755
123_46,9.88,9.81,-6.201643,53.338448
123_47,9.89,9.89,-6.201584,53.339346
123_48,9.96,9.98,-6.201525,53.340244
123_49,11.17,10.63,-6.201466,53.341142
123_50,11.48,11.37,-6.201408,53.342039
123_51,11.72,11.67,-6.201349,53.342937
123_52,11.96,11.96,-6.20129,53.343835
123_53,12.52,12.27,-6.201231,53.344733
123_54,13.06,12.97,-6.201172,53.345631
123_55,13.45,13.47,-6.201113,53.346529
123_56,14.07,13.97,-6.201055,53.347426
123_57,14.33,14.34,-6.200996,53.348324
123_58,14.69,14.69,-6.200937,53.349222
123_59,15.11,15.09,-6.200878,53.35012
123_60,16.33,16.6,-6.200819,53.351018
123_61,18.7,18.48,-6.20076,53.351915
123_62,17.12,16.98,-6.200701,53.352813
123_63,16.74,16.59,-6.200643,53.353711
123_64,16.55,16.52,-6.200584,53.354609
123_65,16.38,16.31,-6.200525,53.355507
123_66,16.39,16.38,-6.200466,53.356404
123_67,16.51,16.46,-6.200407,53.357302
123_68,16.66,16.75,-6.200348,53.3582
123_69,16.84,17.11,-6.200289,53.359098
123_70,21.8,17.49,-6.20023,53.359996
123_71,17.07,17.09,-6.200171,53.360894
123_72,16.91,16.98,-6.200113,53.361791
123_73,17.58,16.98,-6.200054,53.362689
123_74,17.1,17.13,-6.199995,53.363587
123_75,17.03,17.11,-6.199936,53.364485
123_76,16.97,16.97,-6.199877,53.365383
123_77,16.96,16.94,-6.199818,53.36628
123_78,16.98,16.98,-6.199759,53.367178
123_79,17.09,17.1,-6.1997,53.368076
123_80,17.06,17.01,-6.199641,53.368974
123_81,18.22,17.07,-6.199582,53.369872
123_82,17.18,17.23,-6.199523,53.37077
123_83,17.39,17.44,-6.199464,53.371667
123_84,17.72,17.49,-6.199406,53.372565
123_85,18.1,17.97,-6.199347,53.373463
123_86,22.86,22.16,-6.199288,53.374361
123_87,17.6,17.72,-6.199229,53.375259
123_88,17.19,17.21,-6.19917,53.376156
123_89,17.07,17.08,-6.199111,53.377054
123_90,17.15,17.1,-6.199052,53.377952
123_91,17.5,19.07,-6.198993,53.37885
123_92,17.64,17.59,-6.198934,53.379748
123_93,18.64,17.68,-6.198875,53.380645
123_94,18.37,18.57,-6.198816,53.381543
123_95,18.77,17.62,-6.198757,53.382441
123_96,17.68,17.62,-6.198698,53.383339
123_97,17.52,17.59,-6.198639,53.384237
123_98,17.42,17.56,-6.19858,53.385134
123_99,17.47,17.36,-6.198521,53.386032
123_100,17.39,17.44,-6.198462,53.38693
123_101,17.62,17.72,-6.198403,53.387828
123_102,17.3,17.05,-6.198344,53.388726
123_103,20.24,17.33,-6.198285,53.389624
123_104,16.63,16.45,-6.198226,53.390521
123_105,16.34,16.45,-6.198167,53.391419
123_106,16.24,16.39,-6.198108,53.392317
123_107,16.31,16.33,-6.198049,53.393215
123_108,15.58,18.31,-6.19799,53.394113
123_109,15.05,15.22,-6.197931,53.39501
123_110,14.56,14.87,-6.197872,53.395908
123_111,14.39,14.43,-6.197813,53.396806
123_112,14.24,14.29,-6.197754,53.397704
123_113,14.11,14.03,-6.197695,53.398602
123_114,13.78,14.11,-6.197636,53.399499
123_115,13.49,13.51,-6.197577,53.400397
123_116,13.36,13.4,-6.197518,53.401295
123_117,13.26,13.28,-6.197459,53.402193
123_118,12.83,12.81,-6.1974,53.403091
123_119,12.43,12.47,-6.197341,53.403988
123_120,12.12,12.12,-6.197282,53.404886
123_121,12.74,12.58,-6.197223,53.405784
123_122,13.6,13.35,-6.197164,53.406682
123_123,12.15,12.15,-6.197105,53.40758
123_124,11.89,12.02,-6.197046,53.408477
123_125,11.54,11.46,-6.196986,53.409375
123_126,11.27,11.23,-6.196927,53.410273
124_0,15.82,13.7,-6.202847,53.297113
124_1,13.5,13.49,-6.202788,53.298011
124_2,13.3,13.34,-6.202729,53.298909
124_3,15.51,13.4,-6.20267,53.299807
124_4,13,15.74,-6.202612,53.300704
124_5,12.69,12.77,-6.202553,53.301602
124_6,12.62,12.65,-6.202494,53.3025
124_7,12.56,12.64,-6.202436,53.303398
124_8,12.28,12.29,-6.202377,53.304296
124_9,13.07,12.96,-6.202318,53.305194
124_10,11.89,11.98,-6.202259,53.306091
124_11,11.73,11.62,-6.202201,53.306989
124_12,11.63,11.58,-6.202142,53.307887
124_13,11.54,11.54,-6.202083,53.308785
124_14,11.41,11.5,-6.202024,53.309683
124_15,11.75,11.61,-6.201966,53.310581
124_16,11.64,11.68,-6.201907,53.311478
124_17,19.33,11.4,-6.201848,53.312376
124_18,20.85,20.12,-6.201789,53.313274
124_19,11.22,10.91,-6.201731,53.314172
124_20,10.91,10.91,-6.201672,53.31507
124_21,10.76,11.21,-6.201613,53.315967
124_22,10.11,10.35,-6.201554,53.316865
124_23,9.75,9.57,-6.201496,53.317763
124_24,9.5,9.49,-6.201437,53.318661
124_25,9.3,9.44,-6.201378,53.319559
124_26,9.15,9.39,-6.201319,53.320457
124_27,8.94,8.82,-6.20126,53.321354
124_28,8.89,8.94,-6.201202,53.322252
124_29,8.91,9.1,-6.201143,53.32315
124_30,8.92,8.75,-6.201084,53.324048
124_31,8.82,8.74,-6.201025,53.324946
124_32,8.69,8.73,-6.200966,53.325843
124_33,8.56,8.73,-6.200908,53.326741
124_34,8.46,8.3,-6.200849,53.327639
124_35,8.26,8.24,-6.20079,53.328537
124_36,8.4,8.18,-6.200731,53.329435
124_37,8.73,8.72,-6.200672,53.330333
124_38,8.9,8.73,-6.200614,53.33123
124_39,9.08,8.98,-6.200555,53.332128
124_40,8.96,9.12,-6.200496,53.333026
124_41,8.44,8.56,-6.200437,53.333924
124_42,8.41,8.35,-6.200378,53.334822
124_43,9.17,9.06,-6.200319,53.335719
124_44,9.68,9.61,-6.200261,53.336617
124_45,9.69,9.76,-6.200202,53.337515
124_46,9.7,9.66,-6.200143,53.338413
124_47,9.74,9.74,-6.200084,53.339311
124_48,9.8,9.83,-6.200025,53.340209
124_49,10.76,10.72,-6.199966,53.341106
124_50,11.23,11.16,-6.199907,53.342004
124_51,11.44,11.46,-6.199849,53.342902
124_52,11.72,11.8,-6.19979,53.3438
124_53,12.04,12.02,-6.199731,53.344698
124_54,12.58,12.59,-6.199672,53.345595
124_55,13.17,13.3,-6.199613,53.346493
124_56,13.92,14.03,-6.199554,53.347391
124_57,14.34,14.44,-6.199495,53.348289
124_58,14.81,15,-6.199436,53.349187
124_59,15.29,15.28,-6.199378,53.350085
124_60,16.5,16.98,-6.199319,53.350982
124_61,18.95,18.26,-6.19926,53.35188
124_62,17.03,16.94,-6.199201,53.352778
124_63,16.77,16.73,-6.199142,53.353676
124_64,16.49,16.52,-6.199083,53.354574
124_65,16.23,16.29,-6.199024,53.355471
124_66,16.16,16.12,-6.198965,53.356369
124_67,16.35,16.28,-6.198906,53.357267
124_68,16.56,16.52,-6.198847,53.358165
124_69,16.92,16.82,-6.198788,53.359063
124_70,17.28,17.24,-6.19873,53.359961
124_71,16.79,17.05,-6.198671,53.360858
124_72,16.61,16.44,-6.198612,53.361756
124_73,17.55,17.35,-6.198553,53.362654
124_74,16.89,16.9,-6.198494,53.363552
124_75,16.87,16.95,-6.198435,53.36445
124_76,16.89,16.85,-6.198376,53.365347
124_77,16.85,17.82,-6.198317,53.366245
124_78,16.86,16.88,-6.198258,53.367143
124_79,16.89,16.93,-6.198199,53.368041
124_80,16.87,16.76,-6.19814,53.368939
124_81,17.79,17.79,-6.198081,53.369836
124_82,16.83,16.91,-6.198022,53.370734
124_83,16.69,17.04,-6.197963,53.371632
124_84,16.95,16.83,-6.197904,53.37253
124_85,17.39,17.45,-6.197845,53.373428
124_86,17.87,18.03,-6.197786,53.374325
124_87,17.92,17.77,-6.197727,53.375223
124_88,17.26,17.22,-6.197668,53.376121
124_89,17.07,17.03,-6.197609,53.377019
124_90,18.79,17.22,-6.19755,53.377917
124_91,17.3,17.85,-6.197491,53.378815
124_92,18.48,17.34,-6.197432,53.379712
124_93,17.41,17.46,-6.197373,53.38061
124_94,17.44,17.57,-6.197314,53.381508
124_95,18.27,17.51,-6.197255,53.382406
124_96,17.38,17.25,-6.197196,53.383304
124_97,17.2,17.25,-6.197137,53.384201
124_98,17.07,17.23,-6.197078,53.385099
124_99,16.99,16.86,-6.197019,53.385997
124_100,16.96,16.9,-6.19696,53.386895
124_101,17.09,17,-6.196901,53.387793
124_102,17.31,17.41,-6.196842,53.38869
124_103,23.45,17.1,-6.196783,53.389588
124_104,22.76,22.46,-6.196724,53.390486
124_105,16.66,16.76,-6.196665,53.391384
124_106,16.54,16.8,-6.196606,53.392282
124_107,16.48,16.49,-6.196547,53.393179
124_108,15.93,16.12,-6.196488,53.394077
124_109,15.39,15.43,-6.196429,53.394975
124_110,14.95,15.07,-6.19637,53.395873
124_111,14.42,14.53,-6.196311,53.396771
124_112,14.2,14.18,-6.196252,53.397669
124_113,14.32,14.32,-6.196193,53.398566
124_114,14.1,14.33,-6.196134,53.399464
124_115,13.91,13.92,-6.196075,53.400362
124_116,13.53,13.49,-6.196016,53.40126
124_117,13.4,13.18,-6.195957,53.402158
124_118,13.14,13.22,-6.195898,53.403055
124_119,12.81,12.76,-6.195838,53.403953
124_120,12.48,12.3,-6.195779,53.404851
124_121,12.98,12.92,-6.19572,53.405749
124_122,13.05,12.81,-6.195661,53.406647
124_123,12.12,11.85,-6.195602,53.407544
124_124,11.67,11.65,-6.195543,53.408442
124_125,11.44,11.29,-6.195484,53.40934
124_126,11.22,11.11,-6.195425,53.410238
125_0,13.09,12.89,-6.201348,53.297078
125_1,13.01,12.98,-6.201289,53.297976
125_2,12.44,12.54,-6.20123,53.298874
125_3,13.88,12.71,-6.201172,53.299771
125_4,14.52,12.78,-6.201113,53.300669
125_5,12.68,12.68,-6.201054,53.301567
125_6,12.55,12.57,-6.200995,53.302465
125_7,12.39,12.5,-6.200937,53.303363
125_8,12.13,12.04,-6.200878,53.304261
125_9,11.96,11.94,-6.200819,53.305158
125_10,11.52,11.67,-6.20076,53.306056
125_11,11.37,11.14,-6.200702,53.306954
125_12,11.41,11.38,-6.200643,53.307852
125_13,11.26,11.28,-6.200584,53.30875
125_14,11.16,11.24,-6.200525,53.309647
125_15,11.25,11.24,-6.200467,53.310545
125_16,11.8,12.08,-6.200408,53.311443
125_17,11.7,11.77,-6.200349,53.312341
125_18,10.93,11.44,-6.20029,53.313239
125_19,10.26,10.08,-6.200231,53.314137
125_20,10.02,9.94,-6.200173,53.315034
125_21,9.77,9.83,-6.200114,53.315932
125_22,9.54,9.7,-6.200055,53.31683
125_23,9.26,9.07,-6.199996,53.317728
125_24,9.02,9.07,-6.199937,53.318626
125_25,8.84,8.97,-6.199879,53.319524
125_26,8.63,8.92,-6.19982,53.320421
125_27,8.48,8.35,-6.199761,53.321319
125_28,8.43,8.37,-6.199702,53.322217
125_29,8.51,8.53,-6.199643,53.323115
125_30,8.55,8.76,-6.199584,53.324013
125_31,8.41,8.33,-6.199526,53.32491
125_32,8.28,8.32,-6.199467,53.325808
125_33,8.19,8.31,-6.199408,53.326706
125_34,8,7.82,-6.199349,53.327604
125_35,7.84,7.76,-6.19929,53.328502
125_36,7.91,7.8,-6.199231,53.3294
125_37,8.41,8.48,-6.199173,53.330297
125_38,8.61,8.49,-6.199114,53.331195
125_39,8.79,8.74,-6.199055,53.332093
125_40,8.48,8.59,-6.198996,53.332991
125_41,8.27,8.4,-6.198937,53.333889
125_42,8.36,8.24,-6.198878,53.334786
125_43,8.89,8.87,-6.198819,53.335684
125_44,9.33,9.42,-6.198761,53.336582
125_45,9.54,9.61,-6.198702,53.33748
125_46,9.56,9.53,-6.198643,53.338378
125_47,9.59,9.6,-6.198584,53.339276
125_48,9.64,9.7,-6.198525,53.340173
125_49,10.28,10.72,-6.198466,53.341071
125_50,10.54,10.73,-6.198407,53.341969
125_51,11.21,11.34,-6.198348,53.342867
125_52,11.55,11.67,-6.198289,53.343765
125_53,11.83,11.94,-6.198231,53.344662
125_54,12.3,12.61,-6.198172,53.34556
125_55,13.09,13.37,-6.198113,53.346458
125_56,13.77,13.37,-6.198054,53.347356
125_57,14.35,14.17,-6.197995,53.348254
125_58,14.82,14.56,-6.197936,53.349151
125_59,15.71,15.21,-6.197877,53.350049
125_60,16.78,16.09,-6.197818,53.350947
125_61,18.67,18.11,-6.197759,53.351845
125_62,16.83,17.02,-6.1977,53.352743
125_63,16.55,16.66,-6.197641,53.353641
125_64,16.33,16.5,-6.197582,53.354538
125_65,16.07,16.03,-6.197523,53.355436
125_66,15.99,15.97,-6.197465,53.356334
125_67,16.31,16.22,-6.197406,53.357232
125_68,16.65,16.52,-6.197347,53.35813
125_69,16.98,16.99,-6.197288,53.359027
125_70,17.13,17.17,-6.197229,53.359925
125_71,16.75,16.78,-6.19717,53.360823
125_72,16.39,16.42,-6.197111,53.361721
125_73,17.37,17.26,-6.197052,53.362619
125_74,16.76,16.77,-6.196993,53.363516
125_75,16.78,16.81,-6.196934,53.364414
125_76,16.7,16.5,-6.196875,53.365312
125_77,16.54,16.48,-6.196816,53.36621
125_78,16.57,16.62,-6.196757,53.367108
125_79,16.58,16.75,-6.196698,53.368006
125_80,16.57,16.5,-6.196639,53.368903
125_81,16.52,16.48,-6.19658,53.369801
125_82,16.42,17.16,-6.196521,53.370699
125_83,17.22,16.58,-6.196462,53.371597
125_84,17.33,16.8,-6.196403,53.372495
125_85,17.14,17.26,-6.196344,53.373392
125_86,17.37,17.68,-6.196285,53.37429
125_87,17.8,17.77,-6.196226,53.375188
125_88,17.31,17.28,-6.196167,53.376086
125_89,17.11,17.28,-6.196108,53.376984
125_90,16.86,17.86,-6.196049,53.377881
125_91,17.88,17.1,-6.19599,53.378779
125_92,17.12,17.09,-6.195931,53.379677
125_93,17.16,17.11,-6.195872,53.380575
125_94,17.25,17.26,-6.195813,53.381473
125_95,17.29,17.12,-6.195754,53.38237
125_96,17.32,17.23,-6.195695,53.383268
125_97,16.95,17.04,-6.195636,53.384166
125_98,16.85,16.91,-6.195577,53.385064
125_99,16.73,16.67,-6.195518,53.385962
125_100,16.63,16.62,-6.195459,53.38686
125_101,16.87,16.84,-6.1954,53.387757
125_102,17.2,17.18,-6.195341,53.388655
125_103,16.88,16.76,-6.195281,53.389553
125_104,17.3,17.23,-6.195222,53.390451
125_105,17.13,17.11,-6.195163,53.391349
125_106,16.99,16.8,-6.195104,53.392246
125_107,16.42,16.46,-6.195045,53.393144
125_108,16.06,16.01,-6.194986,53.394042
125_109,15.52,15.53,-6.194927,53.39494
125_110,15.01,14.86,-6.194868,53.395838
125_111,14.54,14.4,-6.194809,53.396735
125_112,14.26,14.28,-6.19475,53.397633
125_113,14.4,14.38,-6.194691,53.398531
125_114,14.46,14.33,-6.194632,53.399429
125_115,14.03,13.9,-6.194573,53.400327
125_116,13.54,13.38,-6.194513,53.401224
125_117,13.41,13.49,-6.194454,53.402122
125_118,13.63,13.64,-6.194395,53.40302
125_119,13.36,13.25,-6.194336,53.403918
125_120,13.06,12.85,-6.194277,53.404816
125_121,13.41,12.85,-6.194218,53.405713
125_122,12.9,13.15,-6.194159,53.406611
125_123,11.91,12.29,-6.1941,53.407509
125_124,11.59,11.7,-6.19404,53.408407
125_125,11.35,11.48,-6.193981,53.409305
125_126,11.12,11.18,-6.193922,53.410202
126_0,13.7,12.69,-6.199849,53.297043
126_1,14.06,13.77,-6.199791,53.297941
126_2,12.66,12.63,-6.199732,53.298838
126_3,12.5,12.64,-6.199673,53.299736
126_4,12.51,12.36,-6.199614,53.300634
126_5,12.56,12.49,-6.199555,53.301532
126_6,14.92,14.84,-6.199497,53.30243
126_7,13.89,11.84,-6.199438,53.303328
126_8,11.06,10.79,-6.199379,53.304225
126_9,11.16,11.26,-6.19932,53.305123
126_10,10.9,10.99,-6.199262,53.306021
126_11,10.57,11.14,-6.199203,53.306919
126_12,11.01,11.06,-6.199144,53.307817
126_13,11.25,11.16,-6.199085,53.308714
126_14,11.03,10.96,-6.199026,53.309612
126_15,11.67,11.56,-6.198967,53.31051
126_16,11.62,11.56,-6.198909,53.311408
126_17,11.05,11.38,-6.19885,53.312306
126_18,10.28,10.83,-6.198791,53.313204
126_19,9.89,9.77,-6.198732,53.314101
126_20,9.62,9.64,-6.198673,53.314999
126_21,9.39,9.5,-6.198615,53.315897
126_22,9.12,9.35,-6.198556,53.316795
126_23,8.83,8.73,-6.198497,53.317693
126_24,8.59,8.58,-6.198438,53.31859
126_25,8.33,8.47,-6.198379,53.319488
126_26,8.18,8.4,-6.19832,53.320386
126_27,7.97,7.83,-6.198261,53.321284
126_28,8,7.96,-6.198203,53.322182
126_29,8.15,8.19,-6.198144,53.32308
126_30,8.14,8.35,-6.198085,53.323977
126_31,8,7.92,-6.198026,53.324875
126_32,7.91,7.91,-6.197967,53.325773
126_33,7.74,7.88,-6.197908,53.326671
126_34,7.58,7.33,-6.197849,53.327569
126_35,7.37,7.27,-6.197791,53.328466
126_36,7.35,7.45,-6.197732,53.329364
126_37,7.99,8.16,-6.197673,53.330262
126_38,8.29,8.25,-6.197614,53.33116
126_39,8.34,8.25,-6.197555,53.332058
126_40,8.12,8.14,-6.197496,53.332956
126_41,8.12,8.18,-6.197437,53.333853
126_42,8.1,8.05,-6.197378,53.334751
126_43,8.34,8.49,-6.197319,53.335649
126_44,8.95,9.19,-6.197261,53.336547
126_45,9.41,9.48,-6.197202,53.337445
126_46,9.42,9.41,-6.197143,53.338342
126_47,9.46,9.5,-6.197084,53.33924
126_48,9.51,9.5,-6.197025,53.340138
126_49,9.57,9.58,-6.196966,53.341036
126_50,10.31,9.81,-6.196907,53.341934
126_51,10.93,10.62,-6.196848,53.342832
126_52,11.39,11.28,-6.196789,53.343729
126_53,11.71,11.55,-6.19673,53.344627
126_54,12.08,11.9,-6.196671,53.345525
126_55,12.7,12.46,-6.196612,53.346423
126_56,13.54,13.32,-6.196553,53.347321
126_57,14.57,14.47,-6.196495,53.348218
126_58,15.08,15.08,-6.196436,53.349116
126_59,15.96,15.66,-6.196377,53.350014
126_60,17.64,17,-6.196318,53.350912
126_61,17.33,16.82,-6.196259,53.35181
126_62,16.66,16.69,-6.1962,53.352707
126_63,16.27,16.32,-6.196141,53.353605
126_64,16.05,16.19,-6.196082,53.354503
126_65,15.82,15.84,-6.196023,53.355401
126_66,16.1,16.11,-6.195964,53.356299
126_67,16.36,16.37,-6.195905,53.357197
126_68,16.66,16.65,-6.195846,53.358094
126_69,21.27,17.16,-6.195787,53.358992
126_70,16.84,16.81,-6.195728,53.35989
126_71,16.59,16.69,-6.195669,53.360788
126_72,16.36,16.42,-6.19561,53.361686
126_73,16.32,16.27,-6.195551,53.362583
126_74,16.48,16.47,-6.195492,53.363481
126_75,16.35,16.45,-6.195433,53.364379
126_76,16.22,16.12,-6.195374,53.365277
126_77,16.22,16.23,-6.195315,53.366175
126_78,16.23,16.27,-6.195256,53.367072
126_79,16.38,16.49,-6.195197,53.36797
126_80,16.57,16.7,-6.195138,53.368868
126_81,16.45,17.44,-6.195079,53.369766
126_82,16.36,16.39,-6.19502,53.370664
126_83,16.39,16.37,-6.194961,53.371562
126_84,16.41,16.38,-6.194902,53.372459
126_85,16.5,16.37,-6.194843,53.373357
126_86,17.03,16.81,-6.194784,53.374255
126_87,18.89,17.58,-6.194725,53.375153
126_88,20.69,18.38,-6.194666,53.376051
126_89,17.24,17.44,-6.194607,53.376948
126_90,16.86,16.86,-6.194548,53.377846
126_91,16.96,17.1,-6.194488,53.378744
126_92,16.91,16.88,-6.194429,53.379642
126_93,16.93,16.91,-6.19437,53.38054
126_94,16.9,16.98,-6.194311,53.381437
126_95,16.98,16.82,-6.194252,53.382335
126_96,16.96,16.84,-6.194193,53.383233
126_97,16.66,16.7,-6.194134,53.384131
126_98,17.15,17.11,-6.194075,53.385029
126_99,16.6,16.59,-6.194016,53.385926
126_100,16.66,16.68,-6.193957,53.386824
126_101,16.81,16.82,-6.193898,53.387722
126_102,17.08,17.14,-6.193839,53.38862
126_103,19.83,18.59,-6.19378,53.389518
126_104,16.85,16.89,-6.193721,53.390415
126_105,17.08,17.18,-6.193661,53.391313
126_106,17.1,17.06,-6.193602,53.392211
126_107,16.73,16.62,-6.193543,53.393109
126_108,16.06,15.81,-6.193484,53.394007
126_109,15.47,15.32,-6.193425,53.394904
126_110,14.94,14.86,-6.193366,53.395802
126_111,14.57,14.53,-6.193307,53.3967
126_112,14.43,14.53,-6.193248,53.397598
126_113,15.33,14.46,-6.193189,53.398496
126_114,14.41,14.48,-6.193129,53.399393
126_115,14.1,14.31,-6.19307,53.400291
126_116,13.56,13.8,-6.193011,53.401189
126_117,13.34,13.23,-6.192952,53.402087
126_118,13.63,13.52,-6.192893,53.402985
126_119,13.85,13.8,-6.192834,53.403882
126_120,13.59,13.66,-6.192775,53.40478
126_121,13.6,13.31,-6.192715,53.405678
126_122,12.62,12.55,-6.192656,53.406576
126_123,11.8,11.83,-6.192597,53.407474
126_124,11.56,11.62,-6.192538,53.408372
126_125,11.34,11.4,-6.192479,53.409269
126_126,11.1,11.1,-6.19242,53.410167
127_0,12.63,12.66,-6.198351,53.297008
127_1,12.71,15.48,-6.198292,53.297905
127_2,12.39,12.16,-6.198233,53.298803
127_3,12.07,12.23,-6.198174,53.299701
127_4,12.11,11.88,-6.198116,53.300599
127_5,12,11.97,-6.198057,53.301497
127_6,11.52,11.38,-6.197998,53.302394
127_7,11.83,13.22,-6.197939,53.303292
127_8,10.81,10.77,-6.19788,53.30419
127_9,13.73,10.53,-6.197821,53.305088
127_10,10.37,14.64,-6.197763,53.305986
127_11,10.27,10.29,-6.197704,53.306884
127_12,10.42,10.36,-6.197645,53.307781
127_13,10.81,10.64,-6.197586,53.308679
127_14,19.95,11.07,-6.197527,53.309577
127_15,11.07,20.57,-6.197468,53.310475
127_16,10.89,10.74,-6.19741,53.311373
127_17,10.58,10.62,-6.197351,53.31227
127_18,9.84,10.15,-6.197292,53.313168
127_19,9.48,9.33,-6.197233,53.314066
127_20,9.26,9.18,-6.197174,53.314964
127_21,8.97,9.03,-6.197115,53.315862
127_22,8.68,8.88,-6.197056,53.31676
127_23,8.43,8.26,-6.196998,53.317657
127_24,8.16,8.11,-6.196939,53.318555
127_25,7.91,7.96,-6.19688,53.319453
127_26,7.67,7.88,-6.196821,53.320351
127_27,7.49,7.38,-6.196762,53.321249
127_28,7.63,7.62,-6.196703,53.322147
127_29,7.77,7.86,-6.196644,53.323044
127_30,7.73,7.93,-6.196585,53.323942
127_31,7.64,7.51,-6.196526,53.32484
127_32,7.47,7.46,-6.196468,53.325738
127_33,7.32,7.4,-6.196409,53.326636
127_34,7.11,7.33,-6.19635,53.327533
127_35,6.9,6.78,-6.196291,53.328431
127_36,6.89,7.1,-6.196232,53.329329
127_37,7.42,7.81,-6.196173,53.330227
127_38,8,7.92,-6.196114,53.331125
127_39,7.97,7.96,-6.196055,53.332022
127_40,7.96,7.96,-6.195996,53.33292
127_41,7.98,8,-6.195937,53.333818
127_42,7.95,7.89,-6.195878,53.334716
127_43,8.06,8.01,-6.195819,53.335614
127_44,9.26,8.64,-6.195761,53.336512
127_45,9.27,9.3,-6.195702,53.337409
127_46,9.29,9.24,-6.195643,53.338307
127_47,9.22,9.22,-6.195584,53.339205
127_48,9.22,9.25,-6.195525,53.340103
127_49,9.2,9.32,-6.195466,53.341001
127_50,9.77,9.66,-6.195407,53.341898
127_51,10.63,10.45,-6.195348,53.342796
127_52,11.35,11.29,-6.195289,53.343694
127_53,11.59,11.55,-6.19523,53.344592
127_54,11.92,11.84,-6.195171,53.34549
127_55,12.39,12.3,-6.195112,53.346388
127_56,13.34,13.17,-6.195053,53.347285
127_57,14.84,15.34,-6.194994,53.348183
127_58,15.52,15.68,-6.194935,53.349081
127_59,16.06,16.28,-6.194876,53.349979
127_60,16.72,17.26,-6.194817,53.350877
127_61,15.98,15.55,-6.194758,53.351774
127_62,16.43,16.34,-6.194699,53.352672
127_63,15.97,15.98,-6.19464,53.35357
127_64,15.75,15.85,-6.194581,53.354468
127_65,15.73,15.82,-6.194522,53.355366
127_66,16.05,16.15,-6.194463,53.356263
127_67,16.38,16.44,-6.194404,53.357161
127_68,19.17,19.04,-6.194345,53.358059
127_69,16.84,16.61,-6.194286,53.358957
127_70,16.55,16.4,-6.194227,53.359855
127_71,16.11,16.12,-6.194168,53.360752
127_72,15.8,16.12,-6.194109,53.36165
127_73,16.38,16.3,-6.19405,53.362548
127_74,15.83,15.72,-6.193991,53.363446
127_75,16,16.03,-6.193932,53.364344
127_76,16.01,15.94,-6.193873,53.365242
127_77,16.05,15.99,-6.193814,53.366139
127_78,17.31,16.09,-6.193755,53.367037
127_79,16.34,16.35,-6.193696,53.367935
127_80,16.55,16.43,-6.193637,53.368833
127_81,16.43,16.37,-6.193578,53.369731
127_82,16.33,16.34,-6.193519,53.370628
127_83,16.31,16.37,-6.19346,53.371526
127_84,16.25,16.15,-6.193401,53.372424
127_85,16.38,16.32,-6.193341,53.373322
127_86,16.8,16.79,-6.193282,53.37422
127_87,17.28,17.48,-6.193223,53.375117
127_88,18,17.84,-6.193164,53.376015
127_89,17.34,17.28,-6.193105,53.376913
127_90,16.5,16.57,-6.193046,53.377811
127_91,16.51,16.72,-6.192987,53.378709
127_92,16.67,16.58,-6.192928,53.379606
127_93,16.67,16.67,-6.192869,53.380504
127_94,16.65,16.71,-6.19281,53.381402
127_95,16.64,16.51,-6.192751,53.3823
127_96,16.57,16.57,-6.192692,53.383198
127_97,16.55,16.54,-6.192632,53.384095
127_98,16.51,16.54,-6.192573,53.384993
127_99,16.53,16.55,-6.192514,53.385891
127_100,16.63,16.67,-6.192455,53.386789
127_101,16.77,16.87,-6.192396,53.387687
127_102,16.98,17.08,-6.192337,53.388584
127_103,16.69,16.5,-6.192278,53.389482
127_104,16.62,16.5,-6.192219,53.39038
127_105,16.8,16.71,-6.19216,53.391278
127_106,16.93,16.93,-6.1921,53.392176
127_107,21.42,16.89,-6.192041,53.393074
127_108,16.41,16.83,-6.191982,53.393971
127_109,15.36,15.76,-6.191923,53.394869
127_110,14.92,15.11,-6.191864,53.395767
127_111,14.76,14.87,-6.191805,53.396665
127_112,14.65,14.7,-6.191746,53.397563
127_113,15.56,15.4,-6.191686,53.39846
127_114,14.47,14.54,-6.191627,53.399358
127_115,14.14,14.2,-6.191568,53.400256
127_116,13.54,13.66,-6.191509,53.401154
127_117,13.27,13.23,-6.19145,53.402052
127_118,13.55,13.53,-6.191391,53.402949
127_119,13.84,13.82,-6.191331,53.403847
127_120,14.1,14.07,-6.191272,53.404745
127_121,13.48,13.66,-6.191213,53.405643
127_122,12.19,11.97,-6.191154,53.406541
127_123,11.79,11.75,-6.191095,53.407438
127_124,11.55,11.53,-6.191035,53.408336
127_125,11.31,11.32,-6.190976,53.409234
127_126,11.09,11.04,-6.190917,53.410132
128_0,11.99,11.99,-6.196852,53.296972
128_1,13.23,12.97,-6.196793,53.29787
128_2,11.75,14.41,-6.196734,53.298768
128_3,11.55,11.71,-6.196676,53.299666
128_4,11.44,11.14,-6.196617,53.300564
128_5,11.25,11.23,-6.196558,53.301461
128_6,10.68,10.9,-6.196499,53.302359
128_7,10.54,11.2,-6.19644,53.303257
128_8,10.46,10.43,-6.196381,53.304155
128_9,10.38,10.37,-6.196323,53.305053
128_10,10.28,10.33,-6.196264,53.305951
128_11,10.26,10.34,-6.196205,53.306848
128_12,10.49,10.43,-6.196146,53.307746
128_13,13.07,18.43,-6.196087,53.308644
128_14,11.23,11.43,-6.196028,53.309542
128_15,10.07,10.63,-6.195969,53.31044
128_16,10.15,9.89,-6.19591,53.311337
128_17,9.84,9.84,-6.195852,53.312235
128_18,9.35,9.47,-6.195793,53.313133
128_19,9.11,9.33,-6.195734,53.314031
128_20,8.82,8.71,-6.195675,53.314929
128_21,8.53,8.56,-6.195616,53.315827
128_22,8.3,8.41,-6.195557,53.316724
128_23,8.01,7.79,-6.195498,53.317622
128_24,7.76,7.64,-6.195439,53.31852
128_25,7.49,7.49,-6.19538,53.319418
128_26,7.2,7.36,-6.195321,53.320316
128_27,7.11,7.05,-6.195263,53.321213
128_28,7.23,7.29,-6.195204,53.322111
128_29,7.37,7.53,-6.195145,53.323009
128_30,7.36,7.52,-6.195086,53.323907
128_31,7.21,7.1,-6.195027,53.324805
128_32,7.05,7.04,-6.194968,53.325702
128_33,6.85,6.97,-6.194909,53.3266
128_34,6.64,6.91,-6.19485,53.327498
128_35,6.48,6.36,-6.194791,53.328396
128_36,6.32,6.3,-6.194732,53.329294
128_37,6.93,6.75,-6.194673,53.330192
128_38,7.5,7.46,-6.194614,53.331089
128_39,7.58,7.3,-6.194555,53.331987
128_40,7.78,7.67,-6.194496,53.332885
128_41,7.82,7.86,-6.194437,53.333783
128_42,8.13,7.71,-6.194379,53.334681
128_43,8.5,8.24,-6.19432,53.335578
128_44,8.85,8.82,-6.194261,53.336476
128_45,8.91,9.05,-6.194202,53.337374
128_46,8.87,8.76,-6.194143,53.338272
128_47,9.05,9.03,-6.194084,53.33917
128_48,8.95,8.98,-6.194025,53.340068
128_49,9.34,9.13,-6.193966,53.340965
128_50,9.95,10.07,-6.193907,53.341863
128_51,10.73,10.85,-6.193848,53.342761
128_52,11.27,11.29,-6.193789,53.343659
128_53,11.48,11.53,-6.19373,53.344557
128_54,11.72,11.78,-6.193671,53.345454
128_55,12.64,12.91,-6.193612,53.346352
128_56,14.48,14.5,-6.193553,53.34725
128_57,15.21,15.34,-6.193494,53.348148
128_58,15.54,15.2,-6.193435,53.349046
128_59,15.19,15.36,-6.193376,53.349943
128_60,14.8,15.31,-6.193317,53.350841
128_61,14.79,14.93,-6.193258,53.351739
128_62,15.27,15.45,-6.193199,53.352637
128_63,15.64,15.68,-6.19314,53.353535
128_64,15.57,15.68,-6.193081,53.354433
128_65,15.46,15.34,-6.193022,53.35533
128_66,15.8,15.48,-6.192963,53.356228
128_67,16.08,15.96,-6.192903,53.357126
128_68,19.27,16.35,-6.192844,53.358024
128_69,16.24,16.32,-6.192785,53.358922
128_70,15.98,15.92,-6.192726,53.359819
128_71,15.64,15.77,-6.192667,53.360717
128_72,15.58,15.63,-6.192608,53.361615
128_73,15.59,15.59,-6.192549,53.362513
128_74,15.77,15.74,-6.19249,53.363411
128_75,15.92,15.89,-6.192431,53.364308
128_76,15.91,15.94,-6.192372,53.365206
128_77,15.96,15.93,-6.192313,53.366104
128_78,17.33,17.33,-6.192254,53.367002
128_79,16.24,16.16,-6.192195,53.3679
128_80,16.3,16.16,-6.192136,53.368797
128_81,16.19,16.16,-6.192077,53.369695
128_82,16.09,16.11,-6.192017,53.370593
128_83,16.1,16.17,-6.191958,53.371491
128_84,16.01,15.91,-6.191899,53.372389
128_85,16.1,16.1,-6.19184,53.373286
128_86,16.39,16.5,-6.191781,53.374184
128_87,16.68,16.87,-6.191722,53.375082
128_88,17.36,17.19,-6.191663,53.37598
128_89,17.02,16.7,-6.191604,53.376878
128_90,16.24,16.23,-6.191545,53.377775
128_91,16.13,16.34,-6.191486,53.378673
128_92,16.44,16.52,-6.191426,53.379571
128_93,16.5,16.5,-6.191367,53.380469
128_94,16.49,16.5,-6.191308,53.381367
128_95,16.47,16.51,-6.191249,53.382265
128_96,16.49,16.45,-6.19119,53.383162
128_97,16.51,16.5,-6.191131,53.38406
128_98,16.44,16.5,-6.191072,53.384958
128_99,16.44,16.37,-6.191013,53.385856
128_100,16.59,16.48,-6.190953,53.386754
128_101,16.71,16.66,-6.190894,53.387651
128_102,16.83,16.79,-6.190835,53.388549
128_103,16.62,16.7,-6.190776,53.389447
128_104,19.19,18.48,-6.190717,53.390345
128_105,16.55,16.6,-6.190658,53.391243
128_106,16.4,16.61,-6.190598,53.39214
128_107,16.7,16.37,-6.190539,53.393038
128_108,20.95,21.08,-6.19048,53.393936
128_109,16.01,16.12,-6.190421,53.394834
128_110,15.15,15.06,-6.190362,53.395732
128_111,15.04,15.09,-6.190303,53.396629
128_112,14.94,14.97,-6.190243,53.397527
128_113,15.82,16.59,-6.190184,53.398425
128_114,17.67,14.54,-6.190125,53.399323
128_115,14.12,14.01,-6.190066,53.400221
128_116,13.55,13.5,-6.190007,53.401118
128_117,13.22,13.25,-6.189947,53.402016
128_118,13.5,13.64,-6.189888,53.402914
128_119,13.84,13.93,-6.189829,53.403812
128_120,14.2,14.42,-6.18977,53.40471
128_121,13.92,13.27,-6.189711,53.405607
128_122,12,11.9,-6.189651,53.406505
128_123,11.76,11.69,-6.189592,53.407403
128_124,11.53,11.47,-6.189533,53.408301
128_125,11.33,11.26,-6.189474,53.409199
128_126,11.09,10.98,-6.189415,53.410096
129_0,11.51,11.99,-6.195354,53.296937
129_1,11.55,11.48,-6.195295,53.297835
129_2,11.57,11.6,-6.195236,53.298733
129_3,10.87,11.05,-6.195177,53.299631
129_4,10.76,10.49,-6.195118,53.300528
129_5,10.46,10.43,-6.195059,53.301426
129_6,10.91,10.43,-6.195,53.302324
129_7,10.44,10.5,-6.194941,53.303222
129_8,10.34,10.28,-6.194883,53.30412
129_9,10.22,10.21,-6.194824,53.305017
129_10,10.12,10.13,-6.194765,53.305915
129_11,10.32,10.16,-6.194706,53.306813
129_12,10.81,11.22,-6.194647,53.307711
129_13,11.63,11.47,-6.194588,53.308609
129_14,10.9,10.66,-6.194529,53.309507
129_15,10.16,9.84,-6.19447,53.310404
129_16,9.39,9.17,-6.194411,53.311302
129_17,9.13,9.11,-6.194352,53.3122
129_18,9.02,9.04,-6.194294,53.313098
129_19,8.75,8.86,-6.194235,53.313996
129_20,8.48,8.34,-6.194176,53.314893
129_21,8.23,8.16,-6.194117,53.315791
129_22,7.95,7.97,-6.194058,53.316689
129_23,7.71,7.64,-6.193999,53.317587
129_24,7.43,7.46,-6.19394,53.318485
129_25,7.15,7.27,-6.193881,53.319382
129_26,6.91,7.09,-6.193822,53.32028
129_27,6.8,6.7,-6.193763,53.321178
129_28,6.85,6.77,-6.193704,53.322076
129_29,7,6.96,-6.193645,53.322974
129_30,6.95,7.12,-6.193586,53.323872
129_31,6.79,6.61,-6.193527,53.324769
129_32,6.58,6.55,-6.193468,53.325667
129_33,6.38,6.49,-6.193409,53.326565
129_34,6.22,6.42,-6.19335,53.327463
129_35,6.01,5.88,-6.193291,53.328361
129_36,5.81,5.81,-6.193232,53.329258
129_37,6.4,6.4,-6.193174,53.330156
129_38,6.55,7,-6.193115,53.331054
129_39,6.72,6.47,-6.193056,53.331952
129_40,6.85,6.85,-6.192997,53.33285
129_41,7.46,7.53,-6.192938,53.333748
129_42,7.34,7.13,-6.192879,53.334645
129_43,7.58,7.48,-6.19282,53.335543
129_44,8.09,8.23,-6.192761,53.336441
129_45,8.68,8.73,-6.192702,53.337339
129_46,8.71,8.71,-6.192643,53.338237
129_47,8.8,8.81,-6.192584,53.339134
129_48,8.89,8.91,-6.192525,53.340032
129_49,9.42,9.67,-6.192466,53.34093
129_50,10.23,10.54,-6.192407,53.341828
129_51,10.99,11.08,-6.192348,53.342726
129_52,11.2,11.27,-6.192288,53.343623
129_53,11.36,11.46,-6.192229,53.344521
129_54,11.58,12.13,-6.19217,53.345419
129_55,12.83,12.13,-6.192111,53.346317
129_56,13.67,13.29,-6.192052,53.347215
129_57,13.99,14.28,-6.191993,53.348113
129_58,14.32,14.08,-6.191934,53.34901
129_59,14.54,14.42,-6.191875,53.349908
129_60,14.3,14.47,-6.191816,53.350806
129_61,14.55,14.41,-6.191757,53.351704
129_62,14.97,14.79,-6.191698,53.352602
129_63,15.17,15.09,-6.191639,53.353499
129_64,15.29,15.36,-6.19158,53.354397
129_65,15.16,15.05,-6.191521,53.355295
129_66,15.06,15,-6.191462,53.356193
129_67,15.43,15.38,-6.191403,53.357091
129_68,15.85,15.95,-6.191344,53.357988
129_69,16.16,16.01,-6.191285,53.358886
129_70,15.7,15.72,-6.191226,53.359784
129_71,15.58,15.59,-6.191166,53.360682
129_72,15.51,15.54,-6.191107,53.36158
129_73,15.62,15.64,-6.191048,53.362477
129_74,15.82,15.85,-6.190989,53.363375
129_75,15.9,16.78,-6.19093,53.364273
129_76,16.81,15.89,-6.190871,53.365171
129_77,16.84,15.91,-6.190812,53.366069
129_78,16,16.03,-6.190753,53.366966
129_79,16.05,16.12,-6.190694,53.367864
129_80,16.01,16.16,-6.190635,53.368762
129_81,15.97,15.93,-6.190575,53.36966
129_82,15.96,15.94,-6.190516,53.370558
129_83,15.88,15.95,-6.190457,53.371456
129_84,15.83,15.78,-6.190398,53.372353
129_85,15.82,15.85,-6.190339,53.373251
129_86,16.06,16.25,-6.19028,53.374149
129_87,16.29,16.25,-6.190221,53.375047
129_88,16.59,16.1,-6.190162,53.375945
129_89,20.68,16.71,-6.190102,53.376842
129_90,17.54,16.45,-6.190043,53.37774
129_91,16.31,16.09,-6.189984,53.378638
129_92,16.54,16.4,-6.189925,53.379536
129_93,16.47,16.46,-6.189866,53.380434
129_94,16.43,16.44,-6.189807,53.381331
129_95,16.43,16.44,-6.189747,53.382229
129_96,16.43,16.42,-6.189688,53.383127
129_97,16.41,16.41,-6.189629,53.384025
129_98,16.38,16.41,-6.18957,53.384923
129_99,16.32,16.37,-6.189511,53.38582
129_100,16.38,16.31,-6.189452,53.386718
129_101,16.53,16.51,-6.189392,53.387616
129_102,16.68,16.71,-6.189333,53.388514
129_103,16.61,16.39,-6.189274,53.389412
129_104,17.94,17.94,-6.189215,53.390309
129_105,16.33,16.36,-6.189156,53.391207
129_106,16.13,16.18,-6.189097,53.392105
129_107,16.3,16.38,-6.189037,53.393003
129_108,16.71,16.67,-6.188978,53.393901
129_109,16.24,16.02,-6.188919,53.394798
129_110,15.55,15.36,-6.18886,53.395696
129_111,15.3,15.34,-6.188801,53.396594
129_112,15.22,23.54,-6.188741,53.397492
129_113,22.4,15.36,-6.188682,53.39839
129_114,14.73,14.58,-6.188623,53.399287
129_115,14.22,14.08,-6.188564,53.400185
129_116,13.73,13.53,-6.188504,53.401083
129_117,13.27,13.24,-6.188445,53.401981
129_118,13.51,13.64,-6.188386,53.402879
129_119,13.89,13.63,-6.188327,53.403776
129_120,14.42,14.08,-6.188267,53.404674
129_121,13.5,14.79,-6.188208,53.405572
129_122,11.92,12.5,-6.188149,53.40647
129_123,11.74,11.73,-6.18809,53.407368
129_124,11.54,11.63,-6.18803,53.408265
129_125,11.31,11.41,-6.187971,53.409163
129_126,11.1,11.14,-6.187912,53.410061
130_0,11.35,11.47,-6.193855,53.296902
130_1,11.32,11.25,-6.193796,53.2978
130_2,11.37,11.39,-6.193737,53.298697
130_3,13.77,10.79,-6.193678,53.299595
130_4,10.51,10.49,-6.193619,53.300493
130_5,10.38,10.36,-6.19356,53.301391
130_6,11,10.41,-6.193502,53.302289
130_7,10.32,10.35,-6.193443,53.303187
130_8,10.21,10.06,-6.193384,53.304084
130_9,10.05,9.96,-6.193325,53.304982
130_10,9.86,9.85,-6.193266,53.30588
130_11,10.49,10.53,-6.193207,53.306778
130_12,11.34,11.03,-6.193148,53.307676
130_13,10.85,10.48,-6.193089,53.308573
130_14,10,9.93,-6.19303,53.309471
130_15,9.06,9.93,-6.192971,53.310369
130_16,8.88,8.76,-6.192912,53.311267
130_17,8.73,8.72,-6.192853,53.312165
130_18,8.61,8.67,-6.192794,53.313062
130_19,8.47,8.71,-6.192735,53.31396
130_20,8.22,8.2,-6.192676,53.314858
130_21,7.96,8.01,-6.192617,53.315756
130_22,7.71,7.83,-6.192559,53.316654
130_23,7.42,7.64,-6.1925,53.317552
130_24,7.16,7.13,-6.192441,53.318449
130_25,6.91,6.94,-6.192382,53.319347
130_26,6.62,6.76,-6.192323,53.320245
130_27,6.61,6.53,-6.192264,53.321143
130_28,6.64,6.59,-6.192205,53.322041
130_29,6.65,6.66,-6.192146,53.322938
130_30,6.53,6.68,-6.192087,53.323836
130_31,,,-6.192028,53.324734
130_32,,,-6.191969,53.325632
130_33,,,-6.19191,53.32653
130_34,5.75,5.94,-6.191851,53.327428
130_35,5.54,5.39,-6.191792,53.328325
130_36,5.38,5.34,-6.191733,53.329223
130_37,5.68,5.9,-6.191674,53.330121
130_38,5.69,6.1,-6.191615,53.331019
130_39,5.98,6.1,-6.191556,53.331917
130_40,6.58,6.78,-6.191497,53.332814
130_41,7.1,7.17,-6.191438,53.333712
130_42,6.94,7.13,-6.191379,53.33461
130_43,6.77,6.84,-6.19132,53.335508
130_44,7.38,7.74,-6.191261,53.336406
130_45,8.15,8.63,-6.191202,53.337303
130_46,8.64,8.67,-6.191143,53.338201
130_47,8.73,8.67,-6.191084,53.339099
130_48,8.84,8.78,-6.191024,53.339997
130_49,8.93,8.89,-6.190965,53.340895
130_50,9.87,9.27,-6.190906,53.341793
130_51,10.91,10.46,-6.190847,53.34269
130_52,11.06,11,-6.190788,53.343588
130_53,11.19,11.21,-6.190729,53.344486
130_54,11.37,11.21,-6.19067,53.345384
130_55,12.17,11.91,-6.190611,53.346282
130_56,13.07,12.91,-6.190552,53.347179
130_57,13.66,13.67,-6.190493,53.348077
130_58,13.88,13.69,-6.190434,53.348975
130_59,14.05,13.99,-6.190375,53.349873
130_60,13.77,13.89,-6.190316,53.350771
130_61,14.25,14.27,-6.190257,53.351668
130_62,14.53,14.38,-6.190198,53.352566
130_63,14.65,14.65,-6.190138,53.353464
130_64,14.79,14.92,-6.190079,53.354362
130_65,14.91,14.76,-6.19002,53.35526
130_66,14.78,14.72,-6.189961,53.356157
130_67,14.67,14.72,-6.189902,53.357055
130_68,15.46,15.62,-6.189843,53.357953
130_69,18.45,18.79,-6.189784,53.358851
130_70,17.85,15.69,-6.189725,53.359749
130_71,15.57,15.55,-6.189666,53.360646
130_72,16.12,16.14,-6.189607,53.361544
130_73,15.37,15.33,-6.189547,53.362442
130_74,15.56,16.5,-6.189488,53.36334
130_75,15.82,15.83,-6.189429,53.364238
130_76,15.8,15.85,-6.18937,53.365136
130_77,15.8,17.08,-6.189311,53.366033
130_78,15.81,15.8,-6.189252,53.366931
130_79,15.76,15.8,-6.189193,53.367829
130_80,15.72,15.84,-6.189133,53.368727
130_81,15.66,15.38,-6.189074,53.369625
130_82,15.5,15.47,-6.189015,53.370522
130_83,15.62,15.58,-6.188956,53.37142
130_84,15.64,15.43,-6.188897,53.372318
130_85,15.68,15.56,-6.188838,53.373216
130_86,15.72,15.67,-6.188779,53.374114
130_87,15.87,15.94,-6.188719,53.375011
130_88,16.17,15.95,-6.18866,53.375909
130_89,16.49,16.36,-6.188601,53.376807
130_90,16.32,19.8,-6.188542,53.377705
130_91,16.11,16.08,-6.188483,53.378603
130_92,16.31,16.22,-6.188423,53.3795
130_93,17.05,17.01,-6.188364,53.380398
130_94,16.39,16.39,-6.188305,53.381296
130_95,16.4,16.4,-6.188246,53.382194
130_96,16.39,16.37,-6.188187,53.383092
130_97,16.36,16.35,-6.188128,53.383989
130_98,16.3,16.32,-6.188068,53.384887
130_99,16.25,16.28,-6.188009,53.385785
130_100,16.18,16.15,-6.18795,53.386683
130_101,16.3,16.34,-6.187891,53.387581
130_102,16.33,16.41,-6.187831,53.388478
130_103,16.17,16.21,-6.187772,53.389376
130_104,17.96,18.52,-6.187713,53.390274
130_105,16.18,16.13,-6.187654,53.391172
130_106,15.96,16.06,-6.187595,53.39207
130_107,16.28,16.23,-6.187535,53.392967
130_108,16.39,16.4,-6.187476,53.393865
130_109,16.47,16.56,-6.187417,53.394763
130_110,16.19,15.95,-6.187358,53.395661
130_111,15.7,15.64,-6.187298,53.396559
130_112,15.8,15.66,-6.187239,53.397456
130_113,15.6,15.9,-6.18718,53.398354
130_114,14.82,15.15,-6.187121,53.399252
130_115,14.46,14.76,-6.187061,53.40015
130_116,14,14.21,-6.187002,53.401048
130_117,13.61,13.72,-6.186943,53.401945
130_118,13.28,13.23,-6.186884,53.402843
130_119,13.61,13.44,-6.186824,53.403741
130_120,14.17,14.38,-6.186765,53.404639
130_121,13.44,13.73,-6.186706,53.405537
130_122,12.23,12.5,-6.186647,53.406434
130_123,11.58,11.53,-6.186587,53.407332
130_124,11.45,11.46,-6.186528,53.40823
130_125,11.32,11.36,-6.186469,53.409128
130_126,11.09,11.08,-6.186409,53.410026
131_0,11.19,11.24,-6.192356,53.296866
131_1,11.01,10.87,-6.192297,53.297764
131_2,11.02,11.09,-6.192238,53.298662
131_3,13.34,13.43,-6.19218,53.29956
131_4,10.61,10.51,-6.192121,53.300458
131_5,10.37,10.36,-6.192062,53.301356
131_6,10.33,10.36,-6.192003,53.302253
131_7,10.12,10.27,-6.191944,53.303151
131_8,9.96,10.16,-6.191885,53.304049
131_9,9.78,9.76,-6.191826,53.304947
131_10,9.59,9.66,-6.191767,53.305845
131_11,10.68,10.02,-6.191708,53.306742
131_12,10.42,9.78,-6.191649,53.30764
131_13,9.67,9.54,-6.19159,53.308538
131_14,8.76,8.99,-6.191531,53.309436
131_15,8.6,8.79,-6.191472,53.310334
131_16,8.49,8.32,-6.191413,53.311232
131_17,8.3,8.26,-6.191354,53.312129
131_18,8.21,8.28,-6.191295,53.313027
131_19,8.19,8.34,-6.191236,53.313925
131_20,7.95,7.87,-6.191177,53.314823
131_21,7.7,7.68,-6.191118,53.315721
131_22,7.43,7.5,-6.191059,53.316618
131_23,7.15,7.31,-6.191,53.317516
131_24,6.9,6.8,-6.190941,53.318414
131_25,6.61,6.61,-6.190882,53.319312
131_26,6.4,6.46,-6.190823,53.32021
131_27,6.43,6.53,-6.190764,53.321108
131_28,,,-6.190705,53.322005
131_29,,,-6.190646,53.322903
131_30,,,-6.190587,53.323801
131_31,,,-6.190528,53.324699
131_32,,,-6.190469,53.325597
131_33,,,-6.19041,53.326494
131_34,5.27,5.45,-6.190351,53.327392
131_35,5.12,4.94,-6.190292,53.32829
131_36,4.93,4.91,-6.190233,53.329188
131_37,4.92,4.97,-6.190174,53.330086
131_38,5.14,4.97,-6.190115,53.330983
131_39,5.71,5.61,-6.190056,53.331881
131_40,6.38,6.03,-6.189997,53.332779
131_41,6.7,6.71,-6.189938,53.333677
131_42,6.66,6.76,-6.189879,53.334575
131_43,6.69,6.65,-6.18982,53.335472
131_44,6.75,6.69,-6.189761,53.33637
131_45,7.47,7.29,-6.189702,53.337268
131_46,8.57,8.2,-6.189643,53.338166
131_47,8.66,8.62,-6.189583,53.339064
131_48,8.77,8.74,-6.189524,53.339962
131_49,8.88,8.86,-6.189465,53.340859
131_50,9.37,8.99,-6.189406,53.341757
131_51,10.41,10.24,-6.189347,53.342655
131_52,10.78,10.78,-6.189288,53.343553
131_53,10.95,11,-6.189229,53.344451
131_54,11.2,11.13,-6.18917,53.345348
131_55,11.94,11.95,-6.189111,53.346246
131_56,12.77,12.76,-6.189052,53.347144
131_57,13.22,13.4,-6.188993,53.348042
131_58,13.41,13.27,-6.188933,53.34894
131_59,13.51,13.44,-6.188874,53.349837
131_60,13.53,13.61,-6.188815,53.350735
131_61,13.87,14.1,-6.188756,53.351633
131_62,14.01,13.94,-6.188697,53.352531
131_63,14.16,14.21,-6.188638,53.353429
131_64,14.31,14.48,-6.188579,53.354326
131_65,14.45,14.76,-6.18852,53.355224
131_66,14.53,14.43,-6.188461,53.356122
131_67,14.46,14.61,-6.188401,53.35702
131_68,14.89,15.31,-6.188342,53.357918
131_69,15.76,18.44,-6.188283,53.358815
131_70,15.76,15.63,-6.188224,53.359713
131_71,15.55,15.63,-6.188165,53.360611
131_72,15.39,15.48,-6.188106,53.361509
131_73,15.33,15.25,-6.188046,53.362407
131_74,15.55,15.45,-6.187987,53.363305
131_75,16.65,15.75,-6.187928,53.364202
131_76,16.7,15.73,-6.187869,53.3651
131_77,16.45,14.5,-6.18781,53.365998
131_78,15.36,15.17,-6.187751,53.366896
131_79,15.08,15.21,-6.187692,53.367794
131_80,15,15.29,-6.187632,53.368691
131_81,15.02,14.92,-6.187573,53.369589
131_82,15.2,15.13,-6.187514,53.370487
131_83,15.3,15.33,-6.187455,53.371385
131_84,15.3,15.43,-6.187396,53.372283
131_85,15.28,15.13,-6.187336,53.37318
131_86,15.37,15.35,-6.187277,53.374078
131_87,15.68,15.7,-6.187218,53.374976
131_88,15.91,15.82,-6.187159,53.375874
131_89,16.11,16.05,-6.1871,53.376772
131_90,19.03,19.03,-6.18704,53.377669
131_91,15.86,15.9,-6.186981,53.378567
131_92,16.05,15.99,-6.186922,53.379465
131_93,16.31,16.31,-6.186863,53.380363
131_94,17.14,16.38,-6.186804,53.381261
131_95,16.38,16.39,-6.186744,53.382158
131_96,16.35,16.32,-6.186685,53.383056
131_97,16.27,16.25,-6.186626,53.383954
131_98,16.22,16.22,-6.186567,53.384852
131_99,16.16,16.19,-6.186507,53.38575
131_100,16.1,16.04,-6.186448,53.386647
131_101,16.08,16.12,-6.186389,53.387545
131_102,16.2,16.17,-6.18633,53.388443
131_103,16.29,16.17,-6.18627,53.389341
131_104,16,16.43,-6.186211,53.390239
131_105,15.95,17.58,-6.186152,53.391136
131_106,15.82,15.87,-6.186093,53.392034
131_107,16,15.79,-6.186033,53.392932
131_108,16.08,15.96,-6.185974,53.39383
131_109,16.18,16.13,-6.185915,53.394728
131_110,15.82,16.09,-6.185856,53.395625
131_111,15.39,15.16,-6.185796,53.396523
131_112,17.23,15.66,-6.185737,53.397421
131_113,15.92,16.03,-6.185678,53.398319
131_114,15.45,15.41,-6.185618,53.399217
131_115,14.98,15.33,-6.185559,53.400114
131_116,14.55,14.67,-6.1855,53.401012
131_117,14.02,14.03,-6.185441,53.40191
131_118,13.49,13.42,-6.185381,53.402808
131_119,13.84,13.97,-6.185322,53.403706
131_120,21.21,21.21,-6.185263,53.404603
131_121,13.65,13.76,-6.185203,53.405501
131_122,12.5,12.5,-6.185144,53.406399
131_123,11.44,11.42,-6.185085,53.407297
131_124,11.29,11.27,-6.185025,53.408195
131_125,11.16,11.19,-6.184966,53.409092
131_126,11.03,10.94,-6.184907,53.40999
132_0,11,,-6.190858,53.296831
132_1,10.71,10.69,-6.190799,53.297729
132_2,10.5,10.48,-6.19074,53.298627
132_3,10.57,10.58,-6.190681,53.299525
132_4,12.91,11.94,-6.190622,53.300422
132_5,10.42,11,-6.190563,53.30132
132_6,10.33,10.36,-6.190504,53.302218
132_7,9.79,10.18,-6.190445,53.303116
132_8,9.4,9.75,-6.190386,53.304014
132_9,9.4,9.2,-6.190327,53.304912
132_10,9.34,9.36,-6.190268,53.305809
132_11,17,14.23,-6.190209,53.306707
132_12,9.12,8.62,-6.19015,53.307605
132_13,8.48,8.4,-6.190091,53.308503
132_14,8.32,8.37,-6.190032,53.309401
132_15,8.21,8.34,-6.189973,53.310298
132_16,8.05,7.87,-6.189914,53.311196
132_17,7.86,7.82,-6.189855,53.312094
132_18,7.84,7.89,-6.189796,53.312992
132_19,7.79,7.95,-6.189737,53.31389
132_20,7.71,7.54,-6.189678,53.314787
132_21,7.42,7.35,-6.189619,53.315685
132_22,7.14,7.17,-6.18956,53.316583
132_23,6.89,6.98,-6.189501,53.317481
132_24,6.62,6.47,-6.189442,53.318379
132_25,6.34,6.28,-6.189383,53.319277
132_26,,6.28,-6.189324,53.320174
132_27,,,-6.189265,53.321072
132_28,,,-6.189206,53.32197
132_29,,,-6.189147,53.322868
132_30,,,-6.189088,53.323766
132_31,,,-6.189029,53.324663
132_32,,,-6.18897,53.325561
132_33,,,-6.188911,53.326459
132_34,,,-6.188851,53.327357
132_35,4.89,4.85,-6.188792,53.328255
132_36,4.83,4.81,-6.188733,53.329152
132_37,4.96,4.83,-6.188674,53.33005
132_38,5.5,5.2,-6.188615,53.330948
132_39,5.99,6,-6.188556,53.331846
132_40,6.35,6.28,-6.188497,53.332744
132_41,6.53,6.53,-6.188438,53.333642
132_42,6.56,6.61,-6.188379,53.334539
132_43,6.59,6.54,-6.18832,53.335437
132_44,6.63,6.59,-6.188261,53.336335
132_45,7.07,6.84,-6.188202,53.337233
132_46,8.5,8.52,-6.188142,53.338131
132_47,8.5,8.4,-6.188083,53.339028
132_48,8.72,8.72,-6.188024,53.339926
132_49,8.78,8.74,-6.187965,53.340824
132_50,8.73,8.72,-6.187906,53.341722
132_51,9.94,10.02,-6.187847,53.34262
132_52,10.54,10.56,-6.187788,53.343517
132_53,10.65,10.76,-6.187729,53.344415
132_54,10.99,11.13,-6.18767,53.345313
132_55,11.73,11.72,-6.18761,53.346211
132_56,12.09,12.34,-6.187551,53.347109
132_57,12.63,12.97,-6.187492,53.348006
132_58,12.92,12.84,-6.187433,53.348904
132_59,12.97,12.95,-6.187374,53.349802
132_60,13.24,13.39,-6.187315,53.3507
132_61,13.38,13.66,-6.187256,53.351598
132_62,13.49,13.23,-6.187196,53.352495
132_63,13.68,13.5,-6.187137,53.353393
132_64,13.82,13.77,-6.187078,53.354291
132_65,13.98,14.04,-6.187019,53.355189
132_66,14.12,13.8,-6.18696,53.356087
132_67,14.36,14.15,-6.186901,53.356984
132_68,14.78,14.69,-6.186842,53.357882
132_69,15.14,15.13,-6.186782,53.35878
132_70,19.23,18.01,-6.186723,53.359678
132_71,15.16,15.51,-6.186664,53.360576
132_72,14.69,14.74,-6.186605,53.361474
132_73,15.14,14.86,-6.186546,53.362371
132_74,15.03,14.87,-6.186486,53.363269
132_75,14.64,14.73,-6.186427,53.364167
132_76,14.35,14.63,-6.186368,53.365065
132_77,14.33,14.26,-6.186309,53.365963
132_78,14.37,14.28,-6.18625,53.36686
132_79,14.42,14.44,-6.18619,53.367758
132_80,14.6,14.68,-6.186131,53.368656
132_81,14.78,14.67,-6.186072,53.369554
132_82,14.88,14.87,-6.186013,53.370452
132_83,15,15.07,-6.185954,53.371349
132_84,15.07,15.17,-6.185894,53.372247
132_85,14.94,14.85,-6.185835,53.373145
132_86,14.87,14.92,-6.185776,53.374043
132_87,15.55,15.61,-6.185717,53.374941
132_88,15.73,15.82,-6.185657,53.375838
132_89,15.68,15.62,-6.185598,53.376736
132_90,18.72,18.96,-6.185539,53.377634
132_91,15.94,15.76,-6.18548,53.378532
132_92,15.72,15.7,-6.185421,53.37943
132_93,15.95,16.01,-6.185361,53.380327
132_94,16.16,16.01,-6.185302,53.381225
132_95,16.35,16.31,-6.185243,53.382123
132_96,16.32,16.06,-6.185183,53.383021
132_97,16.09,16.11,-6.185124,53.383919
132_98,16.08,16.11,-6.185065,53.384816
132_99,16.02,16.09,-6.185006,53.385714
132_100,15.98,15.93,-6.184946,53.386612
132_101,16.01,15.96,-6.184887,53.38751
132_102,16.21,16.15,-6.184828,53.388408
132_103,16.43,16.39,-6.184769,53.389305
132_104,16.6,16.64,-6.184709,53.390203
132_105,15.99,17.87,-6.18465,53.391101
132_106,15.7,15.76,-6.184591,53.391999
132_107,15.68,15.79,-6.184531,53.392897
132_108,15.79,15.69,-6.184472,53.393794
132_109,15.88,15.86,-6.184413,53.394692
132_110,15.46,15.57,-6.184354,53.39559
132_111,14.91,14.68,-6.184294,53.396488
132_112,15.07,14.97,-6.184235,53.397386
132_113,15.48,15.48,-6.184176,53.398283
132_114,15.64,15.66,-6.184116,53.399181
132_115,15.54,15.58,-6.184057,53.400079
132_116,15.15,15.19,-6.183998,53.400977
132_117,14.54,14.38,-6.183938,53.401875
132_118,14,13.79,-6.183879,53.402772
132_119,14.02,20.28,-6.18382,53.40367
132_120,14.69,14.26,-6.18376,53.404568
132_121,13.36,13.09,-6.183701,53.405466
132_122,12.15,11.96,-6.183642,53.406363
132_123,11.65,11.44,-6.183582,53.407261
132_124,11.29,11.23,-6.183523,53.408159
132_125,11.14,11.09,-6.183464,53.409057
132_126,11,11.09,-6.183404,53.409955
133_0,10.86,11,-6.189359,53.296796
133_1,10.47,10.47,-6.1893,53.297694
133_2,10.14,10.13,-6.189241,53.298591
133_3,10,10.08,-6.189182,53.299489
133_4,9.47,9.92,-6.189123,53.300387
133_5,9.75,9.42,-6.189064,53.301285
133_6,9.43,9.32,-6.189005,53.302183
133_7,8.96,9.18,-6.188946,53.303081
133_8,9.09,8.97,-6.188887,53.303978
133_9,9.38,9.62,-6.188828,53.304876
133_10,9.9,9.97,-6.188769,53.305774
133_11,9.58,9.59,-6.18871,53.306672
133_12,8.54,8.62,-6.188651,53.30757
133_13,8.05,7.95,-6.188592,53.308467
133_14,7.93,7.93,-6.188533,53.309365
133_15,7.77,7.9,-6.188474,53.310263
133_16,7.61,7.41,-6.188415,53.311161
133_17,7.49,7.43,-6.188356,53.312059
133_18,7.43,7.5,-6.188297,53.312956
133_19,7.42,7.56,-6.188238,53.313854
133_20,7.36,7.21,-6.188179,53.314752
133_21,7.13,7.02,-6.18812,53.31565
133_22,6.9,7.02,-6.188061,53.316548
133_23,6.61,6.84,-6.188002,53.317446
133_24,6.33,6.32,-6.187943,53.318343
133_25,,,-6.187884,53.319241
133_26,,,-6.187824,53.320139
133_27,,,-6.187765,53.321037
133_28,,,-6.187706,53.321935
133_29,,,-6.187647,53.322832
133_30,,,-6.187588,53.32373
133_31,,,-6.187529,53.324628
133_32,,,-6.18747,53.325526
133_33,,,-6.187411,53.326424
133_34,,,-6.187352,53.327321
133_35,4.78,4.71,-6.187293,53.328219
133_36,4.78,4.83,-6.187234,53.329117
133_37,5.32,5.23,-6.187175,53.330015
133_38,5.68,5.64,-6.187115,53.330913
133_39,5.92,5.86,-6.187056,53.331811
133_40,6.17,6.14,-6.186997,53.332708
133_41,6.37,6.39,-6.186938,53.333606
133_42,6.4,6.46,-6.186879,53.334504
133_43,6.43,6.36,-6.18682,53.335402
133_44,6.36,6.34,-6.186761,53.3363
133_45,6.36,6.7,-6.186702,53.337197
133_46,8.41,8.49,-6.186642,53.338095
133_47,8.29,8.09,-6.186583,53.338993
133_48,8.34,8.4,-6.186524,53.339891
133_49,8.64,8.67,-6.186465,53.340789
133_50,8.53,8.72,-6.186406,53.341686
133_51,9.49,9.99,-6.186347,53.342584
133_52,10.24,10.32,-6.186288,53.343482
133_53,10.37,10.51,-6.186228,53.34438
133_54,10.53,10.21,-6.186169,53.345278
133_55,10.95,10.52,-6.18611,53.346175
133_56,11.45,11.14,-6.186051,53.347073
133_57,11.87,11.77,-6.185992,53.347971
133_58,12.37,11.88,-6.185933,53.348869
133_59,12.53,12.41,-6.185873,53.349767
133_60,12.72,12.68,-6.185814,53.350664
133_61,12.86,12.95,-6.185755,53.351562
133_62,13.05,12.69,-6.185696,53.35246
133_63,13.12,12.97,-6.185637,53.353358
133_64,13.23,13.25,-6.185578,53.354256
133_65,13.31,13.52,-6.185518,53.355153
133_66,13.38,13.12,-6.185459,53.356051
133_67,13.69,13.58,-6.1854,53.356949
133_68,13.99,14.06,-6.185341,53.357847
133_69,14.39,14.6,-6.185282,53.358745
133_70,14.45,14.03,-6.185222,53.359642
133_71,13.76,13.76,-6.185163,53.36054
133_72,14.22,14.23,-6.185104,53.361438
133_73,14.6,14.24,-6.185045,53.362336
133_74,14.28,14.12,-6.184986,53.363234
133_75,13.99,13.98,-6.184926,53.364132
133_76,14.1,14.19,-6.184867,53.365029
133_77,14.15,14.07,-6.184808,53.365927
133_78,14.09,14.05,-6.184749,53.366825
133_79,14.18,14.25,-6.184689,53.367723
133_80,14.33,14.47,-6.18463,53.368621
133_81,14.46,14.41,-6.184571,53.369518
133_82,14.58,14.61,-6.184512,53.370416
133_83,14.71,14.81,-6.184452,53.371314
133_84,14.81,14.9,-6.184393,53.372212
133_85,14.69,14.59,-6.184334,53.37311
133_86,14.59,14.59,-6.184275,53.374007
133_87,15.06,14.62,-6.184215,53.374905
133_88,15.6,16.94,-6.184156,53.375803
133_89,15.23,15.08,-6.184097,53.376701
133_90,15.95,15.45,-6.184038,53.377599
133_91,15.98,18.69,-6.183978,53.378496
133_92,15.48,15.39,-6.183919,53.379394
133_93,15.65,15.58,-6.18386,53.380292
133_94,15.82,15.76,-6.1838,53.38119
133_95,15.91,15.98,-6.183741,53.382088
133_96,15.97,15.93,-6.183682,53.382985
133_97,16.03,16.01,-6.183623,53.383883
133_98,15.99,16.01,-6.183563,53.384781
133_99,15.92,15.95,-6.183504,53.385679
133_100,17.19,15.83,-6.183445,53.386577
133_101,15.88,16.49,-6.183385,53.387474
133_102,16.92,17,-6.183326,53.388372
133_103,16.32,16.31,-6.183267,53.38927
133_104,16.66,16.62,-6.183207,53.390168
133_105,16.03,15.95,-6.183148,53.391065
133_106,15.72,15.71,-6.183089,53.391963
133_107,15.49,15.53,-6.18303,53.392861
133_108,15.47,15.43,-6.18297,53.393759
133_109,15.56,15.43,-6.182911,53.394657
133_110,15.01,15.04,-6.182852,53.395554
133_111,14.46,14.46,-6.182792,53.396452
133_112,14.77,14.68,-6.182733,53.39735
133_113,14.84,14.96,-6.182673,53.398248
133_114,15.02,15.31,-6.182614,53.399146
133_115,15.21,15.44,-6.182555,53.400043
133_116,15.35,15.09,-6.182495,53.400941
133_117,14.65,14.56,-6.182436,53.401839
133_118,14.52,14.56,-6.182377,53.402737
133_119,22.86,14.53,-6.182317,53.403635
133_120,14.17,14.63,-6.182258,53.404532
133_121,12.93,13.45,-6.182199,53.40543
133_122,12.38,12.58,-6.182139,53.406328
133_123,11.81,12.06,-6.18208,53.407226
133_124,11.28,11.49,-6.182021,53.408124
133_125,11.14,11.19,-6.181961,53.409021
133_126,11.01,11.05,-6.181902,53.409919
134_0,10.45,10.68,-6.187861,53.29676
134_1,10.08,9.74,-6.187802,53.297658
134_2,9.78,9.63,-6.187743,53.298556
134_3,9.68,9.64,-6.187683,53.299454
134_4,9.34,9.18,-6.187624,53.300352
134_5,9.09,9.21,-6.187565,53.30125
134_6,9.26,9.34,-6.187506,53.302147
134_7,9.53,9.43,-6.187447,53.303045
134_8,9.73,9.45,-6.187388,53.303943
134_9,10.58,10.14,-6.187329,53.304841
134_10,9.78,9.53,-6.18727,53.305739
134_11,9.1,9.03,-6.187211,53.306636
134_12,8.18,8.16,-6.187152,53.307534
134_13,7.75,7.83,-6.187093,53.308432
134_14,7.49,7.51,-6.187034,53.30933
134_15,7.33,7.48,-6.186975,53.310228
134_16,7.22,7.45,-6.186916,53.311126
134_17,7.08,6.98,-6.186857,53.312023
134_18,7.07,7.04,-6.186798,53.312921
134_19,7.01,7.11,-6.186739,53.313819
134_20,6.95,6.78,-6.18668,53.314717
134_21,6.89,6.84,-6.186621,53.315615
134_22,6.6,6.69,-6.186561,53.316512
134_23,6.34,6.51,-6.186502,53.31741
134_24,,,-6.186443,53.318308
134_25,,,-6.186384,53.319206
134_26,,,-6.186325,53.320104
134_27,,,-6.186266,53.321001
134_28,,,-6.186207,53.321899
134_29,,,-6.186148,53.322797
134_30,,,-6.186089,53.323695
134_31,,,-6.18603,53.324593
134_32,,,-6.18597,53.32549
134_33,,,-6.185911,53.326388
134_34,,,-6.185852,53.327286
134_35,4.65,4.71,-6.185793,53.328184
134_36,5,5.03,-6.185734,53.329082
134_37,5.25,5.31,-6.185675,53.32998
134_38,5.49,5.58,-6.185616,53.330877
134_39,5.71,5.72,-6.185556,53.331775
134_40,5.94,6,-6.185497,53.332673
134_41,6.18,6.25,-6.185438,53.333571
134_42,6.25,6.32,-6.185379,53.334469
134_43,6.25,6.17,-6.18532,53.335366
134_44,6.18,6.15,-6.185261,53.336264
134_45,6.13,6.15,-6.185202,53.337162
134_46,6.75,6.43,-6.185142,53.33806
134_47,7.85,7.41,-6.185083,53.338958
134_48,8.07,8,-6.185024,53.339855
134_49,8.27,8.13,-6.184965,53.340753
134_50,8.87,8.27,-6.184906,53.341651
134_51,9.42,9.08,-6.184847,53.342549
134_52,9.78,9.7,-6.184787,53.343447
134_53,9.96,9.96,-6.184728,53.344344
134_54,10.13,10.21,-6.184669,53.345242
134_55,10.37,10.31,-6.18461,53.34614
134_56,10.69,10.56,-6.184551,53.347038
134_57,11.18,11.21,-6.184491,53.347936
134_58,11.67,11.6,-6.184432,53.348833
134_59,12.09,12.03,-6.184373,53.349731
134_60,12.11,12.14,-6.184314,53.350629
134_61,12.24,12.41,-6.184255,53.351527
134_62,12.28,12.07,-6.184195,53.352425
134_63,12.43,12.29,-6.184136,53.353322
134_64,12.5,12.57,-6.184077,53.35422
134_65,12.54,12.84,-6.184018,53.355118
134_66,12.72,12.54,-6.183959,53.356016
134_67,13.02,13.02,-6.183899,53.356914
134_68,13.23,13.47,-6.18384,53.357811
134_69,13.53,13.91,-6.183781,53.358709
134_70,13.5,13.4,-6.183722,53.359607
134_71,17.46,13.83,-6.183662,53.360505
134_72,14.01,14.2,-6.183603,53.361403
134_73,13.88,14.24,-6.183544,53.3623
134_74,13.65,13.57,-6.183485,53.363198
134_75,13.71,13.8,-6.183425,53.364096
134_76,13.9,14.04,-6.183366,53.364994
134_77,13.99,13.89,-6.183307,53.365892
134_78,13.92,13.89,-6.183248,53.366789
134_79,13.91,13.8,-6.183188,53.367687
134_80,14.03,14.01,-6.183129,53.368585
134_81,14.14,13.93,-6.18307,53.369483
134_82,14.28,14.15,-6.18301,53.370381
134_83,14.41,14.35,-6.182951,53.371278
134_84,14.53,14.55,-6.182892,53.372176
134_85,14.46,14.37,-6.182833,53.373074
134_86,15,14.89,-6.182773,53.373972
134_87,16.32,14.97,-6.182714,53.37487
134_88,15.31,15.43,-6.182655,53.375767
134_89,14.79,14.6,-6.182595,53.376665
134_90,15.71,15.44,-6.182536,53.377563
134_91,18.08,17.94,-6.182477,53.378461
134_92,15.38,15.39,-6.182418,53.379359
134_93,15.55,15.54,-6.182358,53.380256
134_94,15.72,15.72,-6.182299,53.381154
134_95,15.85,15.86,-6.18224,53.382052
134_96,15.91,15.88,-6.18218,53.38295
134_97,15.93,15.9,-6.182121,53.383848
134_98,15.91,15.92,-6.182062,53.384745
134_99,16.75,16.52,-6.182002,53.385643
134_100,15.74,15.71,-6.181943,53.386541
134_101,15.74,15.72,-6.181884,53.387439
134_102,16.37,15.9,-6.181824,53.388337
134_103,16.09,16.24,-6.181765,53.389234
134_104,16.42,16.48,-6.181706,53.390132
134_105,18.31,15.77,-6.181646,53.39103
134_106,15.63,15.65,-6.181587,53.391928
134_107,15.48,15.44,-6.181528,53.392826
134_108,15.28,15.17,-6.181468,53.393723
134_109,15.11,15.05,-6.181409,53.394621
134_110,15.06,15.05,-6.181349,53.395519
134_111,14.46,15,-6.18129,53.396417
134_112,14.27,14.25,-6.181231,53.397315
134_113,14.23,14.12,-6.181171,53.398212
134_114,14.41,14.35,-6.181112,53.39911
134_115,14.62,14.38,-6.181053,53.400008
134_116,15.41,14.97,-6.180993,53.400906
134_117,15.71,15.81,-6.180934,53.401804
134_118,15.36,15.23,-6.180874,53.402701
134_119,24.35,15.51,-6.180815,53.403599
134_120,14.04,14.2,-6.180756,53.404497
134_121,13.22,13.29,-6.180696,53.405395
134_122,12.45,12.56,-6.180637,53.406293
134_123,11.95,11.94,-6.180577,53.40719
134_124,11.46,11.48,-6.180518,53.408088
134_125,11.16,11.17,-6.180459,53.408986
134_126,11.09,11.07,-6.180399,53.409884
135_0,9.63,9.87,-6.186362,53.296725
135_1,9.56,9.62,-6.186303,53.297623
135_2,9.66,9.7,-6.186244,53.298521
135_3,9.76,9.67,-6.186185,53.299419
135_4,9.45,9.29,-6.186126,53.300316
135_5,9.28,9.3,-6.186067,53.301214
135_6,9.48,13.19,-6.186008,53.302112
135_7,9.8,9.42,-6.185949,53.30301
135_8,10.49,9.96,-6.185889,53.303908
135_9,9.97,10.32,-6.18583,53.304805
135_10,9.21,9.35,-6.185771,53.305703
135_11,8.59,8.86,-6.185712,53.306601
135_12,7.97,8.39,-6.185653,53.307499
135_13,7.49,7.5,-6.185594,53.308397
135_14,7.06,7.15,-6.185535,53.309294
135_15,6.94,7.04,-6.185476,53.310192
135_16,6.78,7.01,-6.185417,53.31109
135_17,6.72,6.59,-6.185358,53.311988
135_18,6.66,6.65,-6.185299,53.312886
135_19,6.6,6.72,-6.185239,53.313784
135_20,6.59,6.39,-6.18518,53.314681
135_21,6.53,6.45,-6.185121,53.315579
135_22,6.33,6.36,-6.185062,53.316477
135_23,,,-6.185003,53.317375
135_24,,,-6.184944,53.318273
135_25,,,-6.184885,53.31917
135_26,,,-6.184826,53.320068
135_27,,,-6.184767,53.320966
135_28,,,-6.184707,53.321864
135_29,,,-6.184648,53.322762
135_30,,,-6.184589,53.323659
135_31,,,-6.18453,53.324557
135_32,,,-6.184471,53.325455
135_33,,,-6.184412,53.326353
135_34,,,-6.184353,53.327251
135_35,,4.75,-6.184293,53.328148
135_36,4.81,4.87,-6.184234,53.329046
135_37,5.03,4.87,-6.184175,53.329944
135_38,5.28,5.16,-6.184116,53.330842
135_39,5.51,5.3,-6.184057,53.33174
135_40,5.72,5.58,-6.183998,53.332638
135_41,5.97,5.86,-6.183938,53.333535
135_42,6.1,6.11,-6.183879,53.334433
135_43,6.06,5.99,-6.18382,53.335331
135_44,6.01,5.98,-6.183761,53.336229
135_45,6.03,6.02,-6.183702,53.337127
135_46,6.85,6.47,-6.183642,53.338024
135_47,7.78,7.71,-6.183583,53.338922
135_48,7.99,7.95,-6.183524,53.33982
135_49,8.09,8.07,-6.183465,53.340718
135_50,8.4,8.45,-6.183406,53.341616
135_51,8.94,8.79,-6.183346,53.342513
135_52,9.38,9.31,-6.183287,53.343411
135_53,9.49,9.57,-6.183228,53.344309
135_54,9.84,9.91,-6.183169,53.345207
135_55,10.2,10.15,-6.18311,53.346105
135_56,10.27,10.33,-6.18305,53.347002
135_57,10.89,10.94,-6.182991,53.3479
135_58,11.55,11.6,-6.182932,53.348798
135_59,11.75,11.6,-6.182873,53.349696
135_60,11.8,11.85,-6.182813,53.350594
135_61,11.79,11.98,-6.182754,53.351491
135_62,11.86,11.49,-6.182695,53.352389
135_63,11.83,11.73,-6.182636,53.353287
135_64,11.82,11.98,-6.182576,53.354185
135_65,11.89,12.16,-6.182517,53.355083
135_66,12.04,12.02,-6.182458,53.35598
135_67,12.28,12.38,-6.182399,53.356878
135_68,12.56,12.74,-6.182339,53.357776
135_69,12.76,12.74,-6.18228,53.358674
135_70,13.11,12.71,-6.182221,53.359572
135_71,13.52,13.23,-6.182162,53.360469
135_72,13.63,17.55,-6.182102,53.361367
135_73,13.32,13.51,-6.182043,53.362265
135_74,13.32,13.16,-6.181984,53.363163
135_75,13.51,13.41,-6.181924,53.364061
135_76,13.69,13.65,-6.181865,53.364958
135_77,13.8,13.88,-6.181806,53.365856
135_78,13.57,13.48,-6.181747,53.366754
135_79,13.51,13.47,-6.181687,53.367652
135_80,13.64,13.69,-6.181628,53.36855
135_81,13.81,13.6,-6.181569,53.369447
135_82,13.92,13.83,-6.181509,53.370345
135_83,14.09,14.07,-6.18145,53.371243
135_84,14.23,14.29,-6.181391,53.372141
135_85,14.09,13.76,-6.181331,53.373039
135_86,13.94,13.7,-6.181272,53.373936
135_87,13.56,13.57,-6.181213,53.374834
135_88,14.71,14.75,-6.181153,53.375732
135_89,14.57,14.54,-6.181094,53.37663
135_90,14.63,14.64,-6.181035,53.377528
135_91,14.99,18.18,-6.180975,53.378425
135_92,15.28,15.32,-6.180916,53.379323
135_93,15.51,15.51,-6.180857,53.380221
135_94,15.63,15.65,-6.180797,53.381119
135_95,15.73,15.79,-6.180738,53.382017
135_96,15.82,15.88,-6.180679,53.382914
135_97,15.82,15.8,-6.180619,53.383812
135_98,15.8,15.79,-6.18056,53.38471
135_99,15.75,15.74,-6.180501,53.385608
135_100,15.67,15.66,-6.180441,53.386506
135_101,15.69,15.66,-6.180382,53.387403
135_102,15.69,15.69,-6.180323,53.388301
135_103,15.93,16.31,-6.180263,53.389199
135_104,16.24,16.01,-6.180204,53.390097
135_105,18.71,16.31,-6.180144,53.390995
135_106,15.41,15.47,-6.180085,53.391892
135_107,15.23,15.37,-6.180026,53.39279
135_108,15.03,14.99,-6.179966,53.393688
135_109,15.02,15.01,-6.179907,53.394586
135_110,14.98,14.98,-6.179847,53.395484
135_111,14.87,15.02,-6.179788,53.396381
135_112,14.51,14.66,-6.179729,53.397279
135_113,14.1,14.21,-6.179669,53.398177
135_114,14.16,14.16,-6.17961,53.399075
135_115,14.36,14.38,-6.17955,53.399972
135_116,14.5,14.45,-6.179491,53.40087
135_117,14.94,14.94,-6.179432,53.401768
135_118,15.77,15.69,-6.179372,53.402666
135_119,22.75,15.32,-6.179313,53.403564
135_120,14.12,14.12,-6.179253,53.404461
135_121,13.49,13.46,-6.179194,53.405359
135_122,13.09,12.89,-6.179134,53.406257
135_123,12.15,12.22,-6.179075,53.407155
135_124,11.67,11.8,-6.179016,53.408053
135_125,11.71,11.58,-6.178956,53.40895
135_126,11.45,11.26,-6.178897,53.409848
136_0,9.62,9.71,-6.184863,53.29669
136_1,9.61,9.58,-6.184804,53.297588
136_2,9.72,9.7,-6.184745,53.298485
136_3,9.81,9.78,-6.184686,53.299383
136_4,9.6,9.7,-6.184627,53.300281
136_5,9.22,9.4,-6.184568,53.301179
136_6,12.21,12.88,-6.184509,53.302077
136_7,10.41,10.08,-6.18445,53.302974
136_8,11,11.03,-6.184391,53.303872
136_9,9.56,9.24,-6.184332,53.30477
136_10,8.82,8.83,-6.184272,53.305668
136_11,8.3,8.37,-6.184213,53.306566
136_12,7.75,7.91,-6.184154,53.307463
136_13,7.29,7.2,-6.184095,53.308361
136_14,6.85,6.82,-6.184036,53.309259
136_15,6.5,6.59,-6.183977,53.310157
136_16,6.39,6.56,-6.183918,53.311055
136_17,6.31,6.2,-6.183859,53.311953
136_18,6.26,6.26,-6.183799,53.31285
136_19,6.23,6.33,-6.18374,53.313748
136_20,6.18,6.39,-6.183681,53.314646
136_21,6.13,6.06,-6.183622,53.315544
136_22,,,-6.183563,53.316442
136_23,,,-6.183504,53.317339
136_24,,,-6.183445,53.318237
136_25,,,-6.183385,53.319135
136_26,,,-6.183326,53.320033
136_27,,,-6.183267,53.320931
136_28,,,-6.183208,53.321828
136_29,,,-6.183149,53.322726
136_30,,,-6.18309,53.323624
136_31,,,-6.18303,53.324522
136_32,,,-6.182971,53.32542
136_33,,,-6.182912,53.326317
136_34,,,-6.182853,53.327215
136_35,,,-6.182794,53.328113
136_36,4.41,4.31,-6.182734,53.329011
136_37,4.72,4.58,-6.182675,53.329909
136_38,4.96,4.95,-6.182616,53.330806
136_39,5.25,5.3,-6.182557,53.331704
136_40,5.54,5.4,-6.182498,53.332602
136_41,5.77,5.72,-6.182438,53.3335
136_42,5.93,5.97,-6.182379,53.334398
136_43,5.91,5.88,-6.18232,53.335296
136_44,5.93,5.92,-6.182261,53.336193
136_45,5.97,5.97,-6.182202,53.337091
136_46,6.86,6.78,-6.182142,53.337989
136_47,7.82,7.8,-6.182083,53.338887
136_48,7.91,7.91,-6.182024,53.339785
136_49,8,8.01,-6.181965,53.340682
136_50,8.03,8.17,-6.181905,53.34158
136_51,8.5,8.51,-6.181846,53.342478
136_52,8.91,8.93,-6.181787,53.343376
136_53,9.15,9.26,-6.181728,53.344274
136_54,9.54,9.75,-6.181668,53.345171
136_55,9.97,9.99,-6.181609,53.346069
136_56,10.27,10.46,-6.18155,53.346967
136_57,10.9,11.06,-6.181491,53.347865
136_58,11.01,11.58,-6.181431,53.348763
136_59,10.91,10.76,-6.181372,53.34966
136_60,10.9,11,-6.181313,53.350558
136_61,10.95,11,-6.181254,53.351456
136_62,10.94,10.4,-6.181194,53.352354
136_63,10.95,10.71,-6.181135,53.353252
136_64,11.18,11.05,-6.181076,53.354149
136_65,11.41,11.38,-6.181017,53.355047
136_66,11.63,11.37,-6.180957,53.355945
136_67,11.83,11.67,-6.180898,53.356843
136_68,12.06,11.99,-6.180839,53.357741
136_69,12.34,12.35,-6.180779,53.358638
136_70,12.62,12.31,-6.18072,53.359536
136_71,12.99,12.85,-6.180661,53.360434
136_72,15.8,13.43,-6.180601,53.361332
136_73,13.46,13.48,-6.180542,53.36223
136_74,13.11,13.17,-6.180483,53.363127
136_75,13.26,13.22,-6.180423,53.364025
136_76,13.47,13.48,-6.180364,53.364923
136_77,13.59,13.72,-6.180305,53.365821
136_78,13.05,12.95,-6.180246,53.366719
136_79,13.15,13.15,-6.180186,53.367616
136_80,13.28,13.37,-6.180127,53.368514
136_81,13.41,13.27,-6.180068,53.369412
136_82,13.58,13.51,-6.180008,53.37031
136_83,13.69,13.74,-6.179949,53.371208
136_84,13.81,13.97,-6.179889,53.372105
136_85,13.48,13.09,-6.17983,53.373003
136_86,13.22,13.24,-6.179771,53.373901
136_87,13.39,13.73,-6.179711,53.374799
136_88,14.47,14.67,-6.179652,53.375697
136_89,14.55,14.49,-6.179593,53.376594
136_90,14.6,14.75,-6.179533,53.377492
136_91,14.94,15.02,-6.179474,53.37839
136_92,19.4,15.34,-6.179415,53.379288
136_93,15.43,19.05,-6.179355,53.380185
136_94,15.58,15.52,-6.179296,53.381083
136_95,15.71,15.66,-6.179236,53.381981
136_96,16.36,15.76,-6.179177,53.382879
136_97,15.73,15.79,-6.179118,53.383777
136_98,15.71,15.71,-6.179058,53.384674
136_99,15.64,15.68,-6.178999,53.385572
136_100,15.62,15.59,-6.17894,53.38647
136_101,15.64,15.62,-6.17888,53.387368
136_102,15.67,15.66,-6.178821,53.388266
136_103,15.75,15.79,-6.178761,53.389163
136_104,15.88,16.12,-6.178702,53.390061
136_105,15.75,15.58,-6.178643,53.390959
136_106,16.23,16.23,-6.178583,53.391857
136_107,15.97,15.73,-6.178524,53.392755
136_108,15.9,14.96,-6.178464,53.393652
136_109,16.19,15.02,-6.178405,53.39455
136_110,14.98,15,-6.178345,53.395448
136_111,14.93,15.02,-6.178286,53.396346
136_112,14.74,14.64,-6.178227,53.397244
136_113,14.43,14.41,-6.178167,53.398141
136_114,14.03,14.04,-6.178108,53.399039
136_115,14.2,14.27,-6.178048,53.399937
136_116,14.33,14.32,-6.177989,53.400835
136_117,14.44,14.45,-6.177929,53.401733
136_118,20.29,15.27,-6.17787,53.40263
136_119,14.68,15.32,-6.17781,53.403528
136_120,14.18,13.95,-6.177751,53.404426
136_121,13.9,13.76,-6.177691,53.405324
136_122,13.47,13.24,-6.177632,53.406221
136_123,12.96,12.53,-6.177573,53.407119
136_124,12.63,12.34,-6.177513,53.408017
136_125,14.21,12.34,-6.177454,53.408915
136_126,11.57,12,-6.177394,53.409813
137_0,9.66,9.61,-6.183365,53.296654
137_1,11.08,9.66,-6.183306,53.297552
137_2,9.77,9.8,-6.183247,53.29845
137_3,9.87,9.87,-6.183187,53.299348
137_4,9.73,9.73,-6.183128,53.300246
137_5,9.75,9.4,-6.183069,53.301143
137_6,14.73,14.73,-6.18301,53.302041
137_7,10.32,10.32,-6.182951,53.302939
137_8,9.71,10.08,-6.182892,53.303837
137_9,8.96,8.76,-6.182833,53.304735
137_10,8.65,8.55,-6.182774,53.305632
137_11,8.15,8.09,-6.182714,53.30653
137_12,7.61,7.63,-6.182655,53.307428
137_13,7.11,6.91,-6.182596,53.308326
137_14,6.66,6.51,-6.182537,53.309224
137_15,6.21,6.15,-6.182478,53.310121
137_16,5.96,6.14,-6.182419,53.311019
137_17,5.9,5.81,-6.182359,53.311917
137_18,5.89,5.87,-6.1823,53.312815
137_19,5.83,5.94,-6.182241,53.313713
137_20,5.77,5.94,-6.182182,53.314611
137_21,,,-6.182123,53.315508
137_22,,,-6.182064,53.316406
137_23,,,-6.182004,53.317304
137_24,,,-6.181945,53.318202
137_25,,,-6.181886,53.3191
137_26,,,-6.181827,53.319997
137_27,,,-6.181768,53.320895
137_28,,,-6.181708,53.321793
137_29,,,-6.181649,53.322691
137_30,,,-6.18159,53.323589
137_31,,,-6.181531,53.324486
137_32,,,-6.181472,53.325384
137_33,,,-6.181412,53.326282
137_34,,,-6.181353,53.32718
137_35,,,-6.181294,53.328078
137_36,,,-6.181235,53.328975
137_37,4.32,4.29,-6.181176,53.329873
137_38,4.6,4.66,-6.181116,53.330771
137_39,4.91,5.03,-6.181057,53.331669
137_40,5.16,5.11,-6.180998,53.332567
137_41,5.44,5.48,-6.180939,53.333464
137_42,5.76,5.83,-6.180879,53.334362
137_43,5.84,5.88,-6.18082,53.33526
137_44,5.87,5.86,-6.180761,53.336158
137_45,5.9,6.09,-6.180702,53.337056
137_46,6.85,7.06,-6.180642,53.337953
137_47,7.52,7.17,-6.180583,53.338851
137_48,7.39,7.28,-6.180524,53.339749
137_49,7.35,7.53,-6.180465,53.340647
137_50,7.72,7.95,-6.180405,53.341545
137_51,8.08,8.22,-6.180346,53.342442
137_52,8.51,8.62,-6.180287,53.34334
137_53,8.84,8.62,-6.180227,53.344238
137_54,9.28,9.1,-6.180168,53.345136
137_55,9.73,9.43,-6.180109,53.346034
137_56,9.94,9.73,-6.18005,53.346931
137_57,9.99,10.04,-6.17999,53.347829
137_58,10.14,10.37,-6.179931,53.348727
137_59,9.99,9.67,-6.179872,53.349625
137_60,10.07,9.91,-6.179812,53.350523
137_61,10.07,10.15,-6.179753,53.35142
137_62,10.27,10.4,-6.179694,53.352318
137_63,10.54,10.37,-6.179635,53.353216
137_64,10.77,10.7,-6.179575,53.354114
137_65,10.97,11.04,-6.179516,53.355012
137_66,11.23,11.02,-6.179457,53.355909
137_67,11.42,11.32,-6.179397,53.356807
137_68,11.65,11.62,-6.179338,53.357705
137_69,11.83,11.95,-6.179279,53.358603
137_70,12.07,11.92,-6.179219,53.359501
137_71,12.55,12.49,-6.17916,53.360398
137_72,12.97,13.12,-6.179101,53.361296
137_73,16.37,13.48,-6.179041,53.362194
137_74,13.25,13.28,-6.178982,53.363092
137_75,12.98,13.01,-6.178923,53.36399
137_76,13.07,13.16,-6.178863,53.364887
137_77,12.95,13.16,-6.178804,53.365785
137_78,12.67,12.63,-6.178744,53.366683
137_79,12.8,12.83,-6.178685,53.367581
137_80,12.9,13.04,-6.178626,53.368479
137_81,13.05,13.27,-6.178566,53.369376
137_82,13.18,13.18,-6.178507,53.370274
137_83,13.32,13.41,-6.178448,53.371172
137_84,13.31,13.35,-6.178388,53.37207
137_85,12.89,12.68,-6.178329,53.372968
137_86,13.02,12.88,-6.17827,53.373865
137_87,13.4,13.18,-6.17821,53.374763
137_88,13.89,13.62,-6.178151,53.375661
137_89,16.62,14.48,-6.178091,53.376559
137_90,14.57,14.64,-6.178032,53.377457
137_91,14.73,14.65,-6.177973,53.378354
137_92,14.97,14.99,-6.177913,53.379252
137_93,19.73,19.46,-6.177854,53.38015
137_94,15.67,15.69,-6.177794,53.381048
137_95,15.83,15.78,-6.177735,53.381946
137_96,16.44,16.43,-6.177676,53.382843
137_97,15.88,15.93,-6.177616,53.383741
137_98,15.61,15.64,-6.177557,53.384639
137_99,15.55,15.56,-6.177497,53.385537
137_100,15.58,15.59,-6.177438,53.386435
137_101,15.6,15.59,-6.177378,53.387332
137_102,15.65,15.65,-6.177319,53.38823
137_103,15.64,15.66,-6.17726,53.389128
137_104,15.66,15.66,-6.1772,53.390026
137_105,17.9,18.18,-6.177141,53.390924
137_106,15.2,15.07,-6.177081,53.391821
137_107,14.84,14.89,-6.177022,53.392719
137_108,14.84,14.76,-6.176962,53.393617
137_109,14.84,14.81,-6.176903,53.394515
137_110,14.83,14.86,-6.176843,53.395412
137_111,14.79,14.8,-6.176784,53.39631
137_112,14.56,14.43,-6.176724,53.397208
137_113,14.36,14.26,-6.176665,53.398106
137_114,14.14,14.1,-6.176605,53.399004
137_115,14.04,14.14,-6.176546,53.399901
137_116,14.21,14.3,-6.176487,53.400799
137_117,14.65,14.3,-6.176427,53.401697
137_118,14.77,14.99,-6.176368,53.402595
137_119,14.19,14.64,-6.176308,53.403493
137_120,13.6,13.64,-6.176249,53.40439
137_121,13.24,13.15,-6.176189,53.405288
137_122,13.16,13.22,-6.17613,53.406186
137_123,12.87,12.83,-6.17607,53.407084
137_124,12.02,12.17,-6.176011,53.407982
137_125,11.82,11.76,-6.175951,53.408879
137_126,11.45,11.62,-6.175892,53.409777
138_0,9.81,9.78,-6.181866,53.296619
138_1,11.77,11.55,-6.181807,53.297517
138_2,9.97,10.04,-6.181748,53.298415
138_3,10.04,10.05,-6.181689,53.299312
138_4,10.17,10.12,-6.18163,53.30021
138_5,10.43,10.09,-6.181571,53.301108
138_6,10.12,9.67,-6.181511,53.302006
138_7,9.53,9.65,-6.181452,53.302904
138_8,8.87,8.96,-6.181393,53.303801
138_9,8.56,8.28,-6.181334,53.304699
138_10,8.31,8.17,-6.181275,53.305597
138_11,7.96,7.81,-6.181216,53.306495
138_12,7.49,7.81,-6.181156,53.307393
138_13,6.95,7.06,-6.181097,53.30829
138_14,6.48,6.63,-6.181038,53.309188
138_15,6.03,6.22,-6.180979,53.310086
138_16,5.66,5.82,-6.18092,53.310984
138_17,5.56,5.51,-6.18086,53.311882
138_18,5.48,5.46,-6.180801,53.312779
138_19,5.42,5.48,-6.180742,53.313677
138_20,5.41,5.54,-6.180683,53.314575
138_21,,,-6.180624,53.315473
138_22,,,-6.180564,53.316371
138_23,,,-6.180505,53.317268
138_24,,,-6.180446,53.318166
138_25,,,-6.180387,53.319064
138_26,,,-6.180327,53.319962
138_27,,,-6.180268,53.32086
138_28,,,-6.180209,53.321758
138_29,,,-6.18015,53.322655
138_30,,,-6.180091,53.323553
138_31,,,-6.180031,53.324451
138_32,,,-6.179972,53.325349
138_33,,,-6.179913,53.326247
138_34,,,-6.179854,53.327144
138_35,,,-6.179794,53.328042
138_36,,,-6.179735,53.32894
138_37,4.06,4.05,-6.179676,53.329838
138_38,4.23,4.37,-6.179617,53.330736
138_39,4.51,4.74,-6.179557,53.331633
138_40,4.79,4.85,-6.179498,53.332531
138_41,5.12,5.27,-6.179439,53.333429
138_42,5.42,5.59,-6.179379,53.334327
138_43,5.67,5.82,-6.17932,53.335225
138_44,5.79,5.64,-6.179261,53.336122
138_45,5.89,5.8,-6.179202,53.33702
138_46,6.68,6.37,-6.179142,53.337918
138_47,6.74,6.99,-6.179083,53.338816
138_48,6.71,6.5,-6.179024,53.339714
138_49,7.08,6.92,-6.178964,53.340611
138_50,7.44,7.33,-6.178905,53.341509
138_51,7.77,7.58,-6.178846,53.342407
138_52,8.16,7.99,-6.178787,53.343305
138_53,8.6,8.47,-6.178727,53.344203
138_54,9.01,8.95,-6.178668,53.3451
138_55,9.45,9.3,-6.178609,53.345998
138_56,9.3,9.27,-6.178549,53.346896
138_57,9.11,9.17,-6.17849,53.347794
138_58,9.11,9.47,-6.178431,53.348692
138_59,9.2,9.03,-6.178371,53.349589
138_60,9.4,9.36,-6.178312,53.350487
138_61,9.63,9.7,-6.178253,53.351385
138_62,9.9,10.03,-6.178193,53.352283
138_63,10.1,10.03,-6.178134,53.353181
138_64,10.33,10.36,-6.178075,53.354078
138_65,10.6,10.7,-6.178015,53.354976
138_66,10.81,11.02,-6.177956,53.355874
138_67,11.01,10.97,-6.177897,53.356772
138_68,11.21,11.27,-6.177837,53.35767
138_69,11.4,11.57,-6.177778,53.358567
138_70,11.61,11.46,-6.177718,53.359465
138_71,11.81,11.63,-6.177659,53.360363
138_72,11.8,11.87,-6.1776,53.361261
138_73,12.07,13.03,-6.17754,53.362159
138_74,12.2,11.75,-6.177481,53.363056
138_75,12.1,11.98,-6.177422,53.363954
138_76,12.12,11.98,-6.177362,53.364852
138_77,12.25,12.49,-6.177303,53.36575
138_78,12.34,12.18,-6.177243,53.366648
138_79,12.44,12.31,-6.177184,53.367545
138_80,12.55,12.51,-6.177125,53.368443
138_81,12.67,12.71,-6.177065,53.369341
138_82,12.81,12.62,-6.177006,53.370239
138_83,12.93,12.85,-6.176946,53.371137
138_84,12.73,12.93,-6.176887,53.372034
138_85,12.66,12.68,-6.176828,53.372932
138_86,13.01,12.99,-6.176768,53.37383
138_87,13.52,13.43,-6.176709,53.374728
138_88,14.01,13.87,-6.176649,53.375625
138_89,14.43,14.3,-6.17659,53.376523
138_90,15.67,15.67,-6.176531,53.377421
138_91,14.63,14.62,-6.176471,53.378319
138_92,15.46,15.29,-6.176412,53.379217
138_93,15.35,15.26,-6.176352,53.380114
138_94,15.9,15.92,-6.176293,53.381012
138_95,20.79,20.79,-6.176233,53.38191
138_96,16.87,19.43,-6.176174,53.382808
138_97,18.99,18.54,-6.176114,53.383706
138_98,15.68,15.68,-6.176055,53.384603
138_99,15.56,15.52,-6.175996,53.385501
138_100,15.57,15.55,-6.175936,53.386399
138_101,15.59,15.64,-6.175877,53.387297
138_102,15.57,15.56,-6.175817,53.388195
138_103,15.52,15.53,-6.175758,53.389092
138_104,15.67,15.66,-6.175698,53.38999
138_105,15.86,17.65,-6.175639,53.390888
138_106,15.68,15.29,-6.175579,53.391786
138_107,14.77,14.76,-6.17552,53.392684
138_108,14.72,14.69,-6.17546,53.393581
138_109,14.72,14.7,-6.175401,53.394479
138_110,14.74,14.72,-6.175341,53.395377
138_111,14.61,14.76,-6.175282,53.396275
138_112,14.42,14.36,-6.175222,53.397172
138_113,14.17,14.19,-6.175163,53.39807
138_114,13.92,14.02,-6.175103,53.398968
138_115,13.95,13.94,-6.175044,53.399866
138_116,14.14,14.01,-6.174984,53.400764
138_117,14.46,14.31,-6.174925,53.401661
138_118,19.34,19.34,-6.174865,53.402559
138_119,13.88,14.14,-6.174806,53.403457
138_120,13.31,13.25,-6.174746,53.404355
138_121,12.9,12.9,-6.174687,53.405253
138_122,12.72,12.77,-6.174627,53.40615
138_123,12.61,12.83,-6.174568,53.407048
138_124,12.03,12.03,-6.174508,53.407946
138_125,11.55,11.56,-6.174449,53.408844
138_126,11.44,11.43,-6.174389,53.409742
139_0,11.52,11.55,-6.180368,53.296583
139_1,12.09,10.14,-6.180309,53.297481
139_2,12.49,10.37,-6.180249,53.298379
139_3,10.38,10.44,-6.18019,53.299277
139_4,10.76,10.44,-6.180131,53.300175
139_5,26.72,24.24,-6.180072,53.301073
139_6,8.95,9.56,-6.180013,53.30197
139_7,8.67,8.63,-6.179953,53.302868
139_8,8.23,8.68,-6.179894,53.303766
139_9,8.1,8.34,-6.179835,53.304664
139_10,7.86,7.8,-6.179776,53.305562
139_11,7.66,7.69,-6.179717,53.306459
139_12,7.3,7.52,-6.179657,53.307357
139_13,6.83,6.78,-6.179598,53.308255
139_14,6.31,6.34,-6.179539,53.309153
139_15,5.83,5.94,-6.17948,53.310051
139_16,5.58,5.64,-6.179421,53.310948
139_17,5.43,5.4,-6.179361,53.311846
139_18,5.28,5.28,-6.179302,53.312744
139_19,5.21,5.24,-6.179243,53.313642
139_20,,,-6.179184,53.31454
139_21,,,-6.179124,53.315437
139_22,,,-6.179065,53.316335
139_23,,,-6.179006,53.317233
139_24,,,-6.178947,53.318131
139_25,,,-6.178887,53.319029
139_26,,,-6.178828,53.319926
139_27,,,-6.178769,53.320824
139_28,,,-6.17871,53.321722
139_29,,,-6.17865,53.32262
139_30,,,-6.178591,53.323518
139_31,,,-6.178532,53.324415
139_32,,,-6.178473,53.325313
139_33,,,-6.178413,53.326211
139_34,,,-6.178354,53.327109
139_35,,,-6.178295,53.328007
139_36,,,-6.178235,53.328904
139_37,3.93,,-6.178176,53.329802
139_38,3.91,3.91,-6.178117,53.3307
139_39,4.12,4.08,-6.178057,53.331598
139_40,4.49,4.25,-6.177998,53.332496
139_41,4.85,4.67,-6.177939,53.333393
139_42,5.1,5.03,-6.17788,53.334291
139_43,5.32,5.33,-6.17782,53.335189
139_44,5.55,5.38,-6.177761,53.336087
139_45,5.77,5.71,-6.177702,53.336985
139_46,5.93,5.99,-6.177642,53.337882
139_47,6.07,6.33,-6.177583,53.33878
139_48,6.45,6.33,-6.177524,53.339678
139_49,6.79,6.75,-6.177464,53.340576
139_50,7.18,7.16,-6.177405,53.341474
139_51,7.57,7.47,-6.177346,53.342371
139_52,7.91,7.89,-6.177286,53.343269
139_53,8.33,8.33,-6.177227,53.344167
139_54,8.78,8.82,-6.177168,53.345065
139_55,9.12,8.92,-6.177108,53.345963
139_56,8.92,8.82,-6.177049,53.34686
139_57,8.68,8.71,-6.17699,53.347758
139_58,8.61,8.69,-6.17693,53.348656
139_59,8.76,8.69,-6.176871,53.349554
139_60,8.99,9.02,-6.176812,53.350452
139_61,9.26,9.36,-6.176752,53.351349
139_62,9.46,9.69,-6.176693,53.352247
139_63,9.69,9.69,-6.176633,53.353145
139_64,9.96,10.02,-6.176574,53.354043
139_65,10.16,10.36,-6.176515,53.354941
139_66,10.41,10.67,-6.176455,53.355838
139_67,10.6,10.62,-6.176396,53.356736
139_68,10.77,10.62,-6.176337,53.357634
139_69,11,10.92,-6.176277,53.358532
139_70,11.17,10.84,-6.176218,53.35943
139_71,11.06,10.9,-6.176158,53.360327
139_72,10.89,10.89,-6.176099,53.361225
139_73,10.96,10.93,-6.17604,53.362123
139_74,11.25,11,-6.17598,53.363021
139_75,11.57,11.39,-6.175921,53.363919
139_76,15.49,14.85,-6.175861,53.364816
139_77,12.06,11.84,-6.175802,53.365714
139_78,12.17,12.25,-6.175742,53.366612
139_79,12.09,12.07,-6.175683,53.36751
139_80,12.19,12.18,-6.175624,53.368408
139_81,12.27,12.38,-6.175564,53.369305
139_82,12.44,12.29,-6.175505,53.370203
139_83,12.47,12.42,-6.175445,53.371101
139_84,12.27,12.29,-6.175386,53.371999
139_85,12.65,12.55,-6.175326,53.372897
139_86,13.17,13.17,-6.175267,53.373794
139_87,13.52,13.55,-6.175208,53.374692
139_88,13.86,13.93,-6.175148,53.37559
139_89,14.19,14.06,-6.175089,53.376488
139_90,14.42,14.41,-6.175029,53.377386
139_91,14.56,14.6,-6.17497,53.378283
139_92,14.7,15.81,-6.17491,53.379181
139_93,17.58,16.66,-6.174851,53.380079
139_94,15.48,15.51,-6.174791,53.380977
139_95,16.02,16,-6.174732,53.381874
139_96,15.8,15.85,-6.174672,53.382772
139_97,15.73,15.65,-6.174613,53.38367
139_98,15.85,15.89,-6.174553,53.384568
139_99,15.93,15.84,-6.174494,53.385466
139_100,15.92,15.84,-6.174434,53.386363
139_101,15.87,16.12,-6.174375,53.387261
139_102,15.8,15.94,-6.174315,53.388159
139_103,15.71,15.76,-6.174256,53.389057
139_104,15.59,15.58,-6.174196,53.389955
139_105,15.83,15.73,-6.174137,53.390852
139_106,15.75,15.83,-6.174077,53.39175
139_107,14.73,14.77,-6.174018,53.392648
139_108,14.67,14.69,-6.173958,53.393546
139_109,14.67,14.66,-6.173899,53.394444
139_110,14.66,14.66,-6.173839,53.395341
139_111,14.44,14.53,-6.17378,53.396239
139_112,14.19,14.09,-6.17372,53.397137
139_113,13.96,13.92,-6.173661,53.398035
139_114,13.83,13.82,-6.173601,53.398932
139_115,13.9,13.9,-6.173542,53.39983
139_116,13.97,13.98,-6.173482,53.400728
139_117,14.53,14.56,-6.173423,53.401626
139_118,14.15,14.2,-6.173363,53.402524
139_119,13.61,13.73,-6.173303,53.403421
139_120,13.06,12.92,-6.173244,53.404319
139_121,12.79,12.78,-6.173184,53.405217
139_122,12.64,12.65,-6.173125,53.406115
139_123,12.43,12.52,-6.173065,53.407013
139_124,11.74,11.52,-6.173006,53.40791
139_125,11.32,11.39,-6.172946,53.408808
139_126,11.39,11.37,-6.172887,53.409706
140_0,9.8,10.24,-6.178869,53.296548
140_1,11.57,9.85,-6.17881,53.297446
140_2,9.87,9.72,-6.178751,53.298344
140_3,9.68,9.65,-6.178691,53.299241
140_4,22.44,23.6,-6.178632,53.300139
140_5,10.63,11.09,-6.178573,53.301037
140_6,14.3,12.98,-6.178514,53.301935
140_7,8.03,8.11,-6.178455,53.302833
140_8,7.79,7.87,-6.178395,53.30373
140_9,7.65,7.9,-6.178336,53.304628
140_10,7.45,7.31,-6.178277,53.305526
140_11,7.21,7.21,-6.178218,53.306424
140_12,7.01,7.1,-6.178158,53.307322
140_13,6.64,6.78,-6.178099,53.308219
140_14,6.11,6.05,-6.17804,53.309117
140_15,5.69,5.65,-6.177981,53.310015
140_16,5.5,5.52,-6.177921,53.310913
140_17,5.34,5.29,-6.177862,53.311811
140_18,5.21,5.16,-6.177803,53.312709
140_19,,,-6.177744,53.313606
140_20,,,-6.177684,53.314504
140_21,,,-6.177625,53.315402
140_22,,,-6.177566,53.3163
140_23,,,-6.177507,53.317198
140_24,,,-6.177447,53.318095
140_25,,,-6.177388,53.318993
140_26,,,-6.177329,53.319891
140_27,,,-6.177269,53.320789
140_28,,,-6.17721,53.321687
140_29,,,-6.177151,53.322584
140_30,,,-6.177092,53.323482
140_31,,,-6.177032,53.32438
140_32,,,-6.176973,53.325278
140_33,,,-6.176914,53.326176
140_34,,,-6.176854,53.327073
140_35,,,-6.176795,53.327971
140_36,,,-6.176736,53.328869
140_37,,,-6.176676,53.329767
140_38,3.85,3.85,-6.176617,53.330665
140_39,3.87,3.85,-6.176558,53.331562
140_40,4.18,4.07,-6.176498,53.33246
140_41,4.56,4.48,-6.176439,53.333358
140_42,4.78,4.78,-6.17638,53.334256
140_43,5.01,5.08,-6.17632,53.335154
140_44,5.32,5.31,-6.176261,53.336051
140_45,5.59,5.57,-6.176202,53.336949
140_46,5.66,5.69,-6.176142,53.337847
140_47,5.89,5.93,-6.176083,53.338745
140_48,6.25,6.28,-6.176024,53.339643
140_49,6.61,6.64,-6.175964,53.34054
140_50,6.95,7.06,-6.175905,53.341438
140_51,7.34,7.47,-6.175846,53.342336
140_52,7.73,7.78,-6.175786,53.343234
140_53,8.07,8.2,-6.175727,53.344132
140_54,8.5,8.68,-6.175667,53.345029
140_55,8.73,8.47,-6.175608,53.345927
140_56,8.5,8.45,-6.175549,53.346825
140_57,8.45,8.45,-6.175489,53.347723
140_58,8.39,8.5,-6.17543,53.348621
140_59,8.47,8.45,-6.17537,53.349518
140_60,8.58,8.45,-6.175311,53.350416
140_61,8.82,8.68,-6.175252,53.351314
140_62,9.08,9.02,-6.175192,53.352212
140_63,9.28,9.01,-6.175133,53.35311
140_64,9.52,9.35,-6.175073,53.354007
140_65,9.78,9.68,-6.175014,53.354905
140_66,9.97,10.02,-6.174955,53.355803
140_67,10.16,9.97,-6.174895,53.356701
140_68,10.39,10.27,-6.174836,53.357599
140_69,10.55,10.57,-6.174776,53.358496
140_70,10.68,10.84,-6.174717,53.359394
140_71,10.5,10.33,-6.174658,53.360292
140_72,10.49,10.47,-6.174598,53.36119
140_73,10.7,10.72,-6.174539,53.362087
140_74,10.9,10.75,-6.174479,53.362985
140_75,11.21,11.12,-6.17442,53.363883
140_76,11.36,11.36,-6.17436,53.364781
140_77,14.82,15.14,-6.174301,53.365679
140_78,12.38,12.53,-6.174241,53.366576
140_79,12.2,12.23,-6.174182,53.367474
140_80,12,11.97,-6.174123,53.368372
140_81,11.94,12.06,-6.174063,53.36927
140_82,12.01,11.86,-6.174004,53.370168
140_83,11.97,11.93,-6.173944,53.371065
140_84,12.3,12.36,-6.173885,53.371963
140_85,12.61,12.79,-6.173825,53.372861
140_86,12.96,13,-6.173766,53.373759
140_87,13.28,13.38,-6.173706,53.374657
140_88,13.61,13.76,-6.173647,53.375554
140_89,13.81,14.06,-6.173587,53.376452
140_90,13.84,13.73,-6.173528,53.37735
140_91,13.67,13.91,-6.173468,53.378248
140_92,14.11,13.91,-6.173409,53.379146
140_93,14.23,13.9,-6.173349,53.380043
140_94,14.28,14.21,-6.17329,53.380941
140_95,14.59,14.39,-6.17323,53.381839
140_96,15.01,14.88,-6.173171,53.382737
140_97,15.37,15.03,-6.173111,53.383634
140_98,15.52,15.39,-6.173052,53.384532
140_99,15.64,15.62,-6.172992,53.38543
140_100,15.87,15.83,-6.172933,53.386328
140_101,15.96,15.74,-6.172873,53.387226
140_102,18.53,18.54,-6.172814,53.388123
140_103,15.87,15.9,-6.172754,53.389021
140_104,15.72,15.71,-6.172695,53.389919
140_105,15.79,15.8,-6.172635,53.390817
140_106,15.86,15.88,-6.172575,53.391715
140_107,15.3,14.75,-6.172516,53.392612
140_108,14.64,14.64,-6.172456,53.39351
140_109,14.59,15.05,-6.172397,53.394408
140_110,14.57,14.53,-6.172337,53.395306
140_111,14.38,14.46,-6.172278,53.396204
140_112,14.07,13.89,-6.172218,53.397101
140_113,13.75,13.7,-6.172159,53.397999
140_114,13.76,13.78,-6.172099,53.398897
140_115,13.83,13.86,-6.172039,53.399795
140_116,14.01,14.2,-6.17198,53.400692
140_117,14.58,18.65,-6.17192,53.40159
140_118,14.8,14.27,-6.171861,53.402488
140_119,13.19,13.28,-6.171801,53.403386
140_120,15.48,12.9,-6.171742,53.404284
140_121,14.25,12.75,-6.171682,53.405181
140_122,12.57,12.55,-6.171622,53.406079
140_123,12.37,12.26,-6.171563,53.406977
140_124,11.79,12.13,-6.171503,53.407875
140_125,11.39,11.64,-6.171444,53.408773
140_126,11.31,11.25,-6.171384,53.40967
141_0,9.73,9.82,-6.177371,53.296513
141_1,9.15,9.05,-6.177311,53.29741
141_2,10.89,9.36,-6.177252,53.298308
141_3,12.64,24.97,-6.177193,53.299206
141_4,10.78,10.87,-6.177134,53.300104
141_5,13.58,10.08,-6.177074,53.301002
141_6,9.32,8.75,-6.177015,53.301899
141_7,7.87,7.82,-6.176956,53.302797
141_8,7.35,7.44,-6.176897,53.303695
141_9,7.25,7.42,-6.176837,53.304593
141_10,7,6.83,-6.176778,53.305491
141_11,6.8,6.73,-6.176719,53.306388
141_12,6.55,6.62,-6.176659,53.307286
141_13,6.31,6.5,-6.1766,53.308184
141_14,5.98,5.76,-6.176541,53.309082
141_15,5.57,5.53,-6.176482,53.30998
141_16,5.42,5.41,-6.176422,53.310877
141_17,5.28,5.17,-6.176363,53.311775
141_18,5.12,,-6.176304,53.312673
141_19,,,-6.176244,53.313571
141_20,,,-6.176185,53.314469
141_21,,,-6.176126,53.315366
141_22,,,-6.176067,53.316264
141_23,,,-6.176007,53.317162
141_24,,,-6.175948,53.31806
141_25,,,-6.175889,53.318958
141_26,,,-6.175829,53.319855
141_27,,,-6.17577,53.320753
141_28,,,-6.175711,53.321651
141_29,,,-6.175651,53.322549
141_30,,,-6.175592,53.323447
141_31,,,-6.175533,53.324344
141_32,,,-6.175473,53.325242
141_33,,,-6.175414,53.32614
141_34,,,-6.175355,53.327038
141_35,,,-6.175295,53.327936
141_36,,,-6.175236,53.328833
141_37,,,-6.175177,53.329731
141_38,3.83,3.83,-6.175117,53.330629
141_39,3.83,3.83,-6.175058,53.331527
141_40,3.93,3.88,-6.174999,53.332425
141_41,4.24,4.22,-6.174939,53.333322
141_42,4.48,4.56,-6.17488,53.33422
141_43,4.85,4.93,-6.17482,53.335118
141_44,5.22,5.29,-6.174761,53.336016
141_45,5.41,5.43,-6.174702,53.336914
141_46,5.52,5.57,-6.174642,53.337811
141_47,5.8,5.92,-6.174583,53.338709
141_48,6.12,6.26,-6.174524,53.339607
141_49,6.48,6.63,-6.174464,53.340505
141_50,6.84,6.99,-6.174405,53.341403
141_51,7.17,6.99,-6.174345,53.3423
141_52,7.53,7.34,-6.174286,53.343198
141_53,7.89,7.7,-6.174227,53.344096
141_54,8.24,8.09,-6.174167,53.344994
141_55,8.34,8.55,-6.174108,53.345892
141_56,8.3,8.23,-6.174048,53.346789
141_57,8.24,8.24,-6.173989,53.347687
141_58,8.18,8.24,-6.173929,53.348585
141_59,8.26,8.12,-6.17387,53.349483
141_60,8.34,8.26,-6.173811,53.350381
141_61,8.42,8.39,-6.173751,53.351278
141_62,8.64,8.68,-6.173692,53.352176
141_63,8.88,8.67,-6.173632,53.353074
141_64,9.11,9.01,-6.173573,53.353972
141_65,9.34,9.34,-6.173513,53.35487
141_66,9.56,9.67,-6.173454,53.355767
141_67,9.76,9.62,-6.173395,53.356665
141_68,9.95,9.92,-6.173335,53.357563
141_69,10.13,10.17,-6.173276,53.358461
141_70,10.11,10.34,-6.173216,53.359359
141_71,10.05,10.01,-6.173157,53.360256
141_72,10.25,10.25,-6.173097,53.361154
141_73,10.43,10.5,-6.173038,53.362052
141_74,10.59,10.75,-6.172978,53.36295
141_75,10.84,10.84,-6.172919,53.363848
141_76,11.05,11.04,-6.172859,53.364745
141_77,11.45,11.98,-6.1728,53.365643
141_78,12.51,12.35,-6.17274,53.366541
141_79,12.42,12.35,-6.172681,53.367439
141_80,12.21,12.12,-6.172621,53.368336
141_81,11.9,11.86,-6.172562,53.369234
141_82,11.68,11.39,-6.172502,53.370132
141_83,11.67,11.39,-6.172443,53.37103
141_84,12.02,11.85,-6.172383,53.371928
141_85,12.37,12.23,-6.172324,53.372825
141_86,12.7,12.43,-6.172264,53.373723
141_87,12.99,12.82,-6.172205,53.374621
141_88,13.26,13.2,-6.172145,53.375519
141_89,13.28,13.41,-6.172086,53.376417
141_90,13.54,13.27,-6.172026,53.377314
141_91,13.54,13.57,-6.171967,53.378212
141_92,13.67,13.63,-6.171907,53.37911
141_93,13.98,13.9,-6.171848,53.380008
141_94,14.1,14.07,-6.171788,53.380906
141_95,14.24,14.15,-6.171729,53.381803
141_96,14.56,14.59,-6.171669,53.382701
141_97,14.89,14.67,-6.17161,53.383599
141_98,15.21,15.1,-6.17155,53.384497
141_99,15.36,15.36,-6.171491,53.385394
141_100,15.47,15.59,-6.171431,53.386292
141_101,15.54,15.35,-6.171371,53.38719
141_102,15.67,15.66,-6.171312,53.388088
141_103,19.05,18.98,-6.171252,53.388986
141_104,15.9,15.85,-6.171193,53.389883
141_105,15.9,15.94,-6.171133,53.390781
141_106,16.08,15.89,-6.171074,53.391679
141_107,14.93,14.83,-6.171014,53.392577
141_108,14.73,14.62,-6.170954,53.393475
141_109,14.48,14.42,-6.170895,53.394372
141_110,14.39,14.37,-6.170835,53.39527
141_111,14.19,14.14,-6.170776,53.396168
141_112,13.94,13.89,-6.170716,53.397066
141_113,13.78,13.73,-6.170656,53.397964
141_114,13.96,13.94,-6.170597,53.398861
141_115,14.02,13.94,-6.170537,53.399759
141_116,14.11,14.2,-6.170478,53.400657
141_117,14.85,14.58,-6.170418,53.401555
141_118,14.64,14.98,-6.170358,53.402452
141_119,13.99,14.16,-6.170299,53.40335
141_120,15.32,12.97,-6.170239,53.404248
141_121,13.96,12.7,-6.17018,53.405146
141_122,13.47,13.58,-6.17012,53.406044
141_123,12.24,13.53,-6.17006,53.406941
141_124,11.92,12.04,-6.170001,53.407839
141_125,11.57,11.64,-6.169941,53.408737
141_126,11.29,11.38,-6.169881,53.409635
142_0,9.96,9.87,-6.175872,53.296477
142_1,9.54,9.42,-6.175813,53.297375
142_2,9.54,9.67,-6.175753,53.298273
142_3,25.48,10.76,-6.175694,53.29917
142_4,11.36,9.96,-6.175635,53.300068
142_5,9.65,9.73,-6.175576,53.300966
142_6,8.66,8.36,-6.175516,53.301864
142_7,8.01,7.75,-6.175457,53.302762
142_8,7.3,7.17,-6.175398,53.303659
142_9,6.89,6.94,-6.175338,53.304557
142_10,6.66,6.47,-6.175279,53.305455
142_11,6.42,6.47,-6.17522,53.306353
142_12,6.16,6.3,-6.175161,53.307251
142_13,5.93,6.14,-6.175101,53.308148
142_14,5.68,5.66,-6.175042,53.309046
142_15,5.49,5.54,-6.174983,53.309944
142_16,5.34,5.42,-6.174923,53.310842
142_17,5.2,5.29,-6.174864,53.31174
142_18,,,-6.174805,53.312637
142_19,,,-6.174745,53.313535
142_20,,,-6.174686,53.314433
142_21,,,-6.174627,53.315331
142_22,,,-6.174567,53.316229
142_23,,,-6.174508,53.317127
142_24,,,-6.174449,53.318024
142_25,,,-6.174389,53.318922
142_26,,,-6.17433,53.31982
142_27,,,-6.174271,53.320718
142_28,,,-6.174211,53.321616
142_29,,,-6.174152,53.322513
142_30,,,-6.174093,53.323411
142_31,,,-6.174033,53.324309
142_32,,,-6.173974,53.325207
142_33,,,-6.173914,53.326105
142_34,,,-6.173855,53.327002
142_35,,,-6.173796,53.3279
142_36,,,-6.173736,53.328798
142_37,,,-6.173677,53.329696
142_38,,,-6.173618,53.330594
142_39,3.81,3.81,-6.173558,53.331491
142_40,3.81,3.79,-6.173499,53.332389
142_41,4.01,4.15,-6.173439,53.333287
142_42,4.38,4.53,-6.17338,53.334185
142_43,4.72,4.53,-6.173321,53.335082
142_44,5.09,4.87,-6.173261,53.33598
142_45,5.28,5.19,-6.173202,53.336878
142_46,5.37,5.33,-6.173142,53.337776
142_47,5.68,5.54,-6.173083,53.338674
142_48,6.04,5.88,-6.173023,53.339571
142_49,6.36,6.25,-6.172964,53.340469
142_50,6.72,6.61,-6.172905,53.341367
142_51,7.08,6.98,-6.172845,53.342265
142_52,7.43,7.19,-6.172786,53.343163
142_53,7.67,7.56,-6.172726,53.34406
142_54,7.91,7.92,-6.172667,53.344958
142_55,8.15,8.23,-6.172607,53.345856
142_56,8.08,8.02,-6.172548,53.346754
142_57,8.02,8.02,-6.172489,53.347652
142_58,7.98,8.03,-6.172429,53.348549
142_59,8.03,7.93,-6.17237,53.349447
142_60,8.12,8.07,-6.17231,53.350345
142_61,8.2,8.2,-6.172251,53.351243
142_62,8.27,8.34,-6.172191,53.352141
142_63,8.47,8.33,-6.172132,53.353038
142_64,8.7,8.67,-6.172072,53.353936
142_65,8.9,9,-6.172013,53.354834
142_66,9.15,9.32,-6.171953,53.355732
142_67,9.35,9.25,-6.171894,53.35663
142_68,9.54,9.5,-6.171834,53.357527
142_69,9.64,9.76,-6.171775,53.358425
142_70,9.6,9.77,-6.171715,53.359323
142_71,9.8,9.79,-6.171656,53.360221
142_72,9.96,10.04,-6.171596,53.361119
142_73,10.14,10.29,-6.171537,53.362016
142_74,10.35,10.53,-6.171477,53.362914
142_75,10.51,10.32,-6.171418,53.363812
142_76,10.78,10.57,-6.171358,53.36471
142_77,11.17,10.72,-6.171299,53.365608
142_78,11.8,11.28,-6.171239,53.366505
142_79,12.24,11.85,-6.17118,53.367403
142_80,12.29,12.31,-6.17112,53.368301
142_81,11.79,12.15,-6.171061,53.369199
142_82,11.14,10.9,-6.171001,53.370096
142_83,11.32,11.11,-6.170942,53.370994
142_84,11.78,11.65,-6.170882,53.371892
142_85,12.07,12.05,-6.170823,53.37279
142_86,12.4,12.25,-6.170763,53.373688
142_87,12.71,12.58,-6.170704,53.374585
142_88,12.71,12.74,-6.170644,53.375483
142_89,12.73,12.91,-6.170585,53.376381
142_90,13.06,12.84,-6.170525,53.377279
142_91,13.34,13.29,-6.170465,53.378177
142_92,13.51,13.51,-6.170406,53.379074
142_93,16.06,16.12,-6.170346,53.379972
142_94,13.94,13.85,-6.170287,53.38087
142_95,13.97,13.99,-6.170227,53.381768
142_96,14.27,14.32,-6.170168,53.382666
142_97,14.57,14.67,-6.170108,53.383563
142_98,14.84,14.87,-6.170048,53.384461
142_99,15.07,15.09,-6.169989,53.385359
142_100,15.16,15.22,-6.169929,53.386257
142_101,15.22,15.16,-6.16987,53.387154
142_102,15.34,15.39,-6.16981,53.388052
142_103,15.72,15.84,-6.169751,53.38895
142_104,18.32,15.97,-6.169691,53.389848
142_105,15.96,16.09,-6.169631,53.390746
142_106,16.02,17.13,-6.169572,53.391643
142_107,15.64,17.13,-6.169512,53.392541
142_108,15.19,15.35,-6.169452,53.393439
142_109,14.7,14.89,-6.169393,53.394337
142_110,14.33,14.41,-6.169333,53.395235
142_111,14.15,14.27,-6.169274,53.396132
142_112,14.01,14.04,-6.169214,53.39703
142_113,13.87,13.95,-6.169154,53.397928
142_114,13.85,13.79,-6.169095,53.398826
142_115,14.23,14.11,-6.169035,53.399723
142_116,14.39,14.2,-6.168975,53.400621
142_117,14.95,15,-6.168916,53.401519
142_118,14.19,14.35,-6.168856,53.402417
142_119,13.48,13.79,-6.168797,53.403315
142_120,12.6,12.5,-6.168737,53.404212
142_121,12.34,12.26,-6.168677,53.40511
142_122,12.17,12.21,-6.168618,53.406008
142_123,12.01,12.16,-6.168558,53.406906
142_124,11.95,11.77,-6.168498,53.407803
142_125,11.51,11.46,-6.168439,53.408701
142_126,11.12,11.16,-6.168379,53.409599
143_0,10.15,9.91,-6.174373,53.296442
143_1,9.88,9.78,-6.174314,53.297339
143_2,9.82,9.78,-6.174255,53.298237
143_3,12.24,15.96,-6.174196,53.299135
143_4,9.57,9.79,-6.174136,53.300033
143_5,9.07,9.53,-6.174077,53.300931
143_6,8.26,8.19,-6.174018,53.301828
143_7,7.49,7.58,-6.173958,53.302726
143_8,6.99,7.17,-6.173899,53.303624
143_9,6.67,6.84,-6.17384,53.304522
143_10,6.41,6.34,-6.17378,53.30542
143_11,6.15,6.17,-6.173721,53.306317
143_12,5.94,6,-6.173662,53.307215
143_13,5.67,5.83,-6.173602,53.308113
143_14,5.46,5.4,-6.173543,53.309011
143_15,5.39,5.38,-6.173484,53.309909
143_16,5.29,5.32,-6.173424,53.310806
143_17,,5.19,-6.173365,53.311704
143_18,,,-6.173306,53.312602
143_19,,,-6.173246,53.3135
143_20,,,-6.173187,53.314398
143_21,,,-6.173127,53.315295
143_22,,,-6.173068,53.316193
143_23,,,-6.173009,53.317091
143_24,,,-6.172949,53.317989
143_25,,,-6.17289,53.318887
143_26,,,-6.172831,53.319784
143_27,,,-6.172771,53.320682
143_28,,,-6.172712,53.32158
143_29,,,-6.172652,53.322478
143_30,,,-6.172593,53.323376
143_31,,,-6.172534,53.324273
143_32,,,-6.172474,53.325171
143_33,,,-6.172415,53.326069
143_34,,,-6.172355,53.326967
143_35,,,-6.172296,53.327865
143_36,,,-6.172237,53.328762
143_37,,,-6.172177,53.32966
143_38,,,-6.172118,53.330558
143_39,,,-6.172058,53.331456
143_40,3.76,3.78,-6.171999,53.332354
143_41,3.82,3.74,-6.17194,53.333251
143_42,4.2,4.08,-6.17188,53.334149
143_43,4.57,4.47,-6.171821,53.335047
143_44,4.91,4.8,-6.171761,53.335945
143_45,5.11,5.05,-6.171702,53.336843
143_46,5.24,5.22,-6.171642,53.33774
143_47,5.55,5.52,-6.171583,53.338638
143_48,5.91,5.74,-6.171523,53.339536
143_49,6.22,6.1,-6.171464,53.340434
143_50,6.46,6.46,-6.171405,53.341331
143_51,6.66,6.83,-6.171345,53.342229
143_52,6.93,6.76,-6.171286,53.343127
143_53,7.17,7.13,-6.171226,53.344025
143_54,7.41,7.49,-6.171167,53.344923
143_55,7.71,7.92,-6.171107,53.34582
143_56,7.87,7.81,-6.171048,53.346718
143_57,7.83,7.81,-6.170988,53.347616
143_58,7.77,7.81,-6.170929,53.348514
143_59,7.83,7.93,-6.170869,53.349412
143_60,7.89,7.87,-6.17081,53.350309
143_61,7.97,8.01,-6.17075,53.351207
143_62,8.07,8.15,-6.170691,53.352105
143_63,8.13,8.09,-6.170631,53.353003
143_64,8.26,8.33,-6.170572,53.353901
143_65,8.53,8.66,-6.170512,53.354798
143_66,8.74,8.97,-6.170453,53.355696
143_67,8.92,8.59,-6.170393,53.356594
143_68,9.05,8.84,-6.170334,53.357492
143_69,9.16,9.09,-6.170274,53.35839
143_70,9.33,9.3,-6.170215,53.359287
143_71,9.51,9.29,-6.170155,53.360185
143_72,9.7,9.56,-6.170096,53.361083
143_73,9.88,9.82,-6.170036,53.361981
143_74,10.06,10.07,-6.169977,53.362879
143_75,10.26,10.06,-6.169917,53.363776
143_76,10.42,10.33,-6.169857,53.364674
143_77,10.64,10.71,-6.169798,53.365572
143_78,11.03,11.28,-6.169738,53.36647
143_79,11.33,10.94,-6.169679,53.367367
143_80,11.51,11.51,-6.169619,53.368265
143_81,10.98,11.25,-6.16956,53.369163
143_82,10.64,10.79,-6.1695,53.370061
143_83,10.94,10.92,-6.169441,53.370959
143_84,11.4,11.4,-6.169381,53.371856
143_85,11.82,11.87,-6.169321,53.372754
143_86,12.12,11.91,-6.169262,53.373652
143_87,12.16,12.08,-6.169202,53.37455
143_88,12.18,12.24,-6.169143,53.375448
143_89,12.22,12.41,-6.169083,53.376345
143_90,12.49,12.41,-6.169024,53.377243
143_91,12.87,12.95,-6.168964,53.378141
143_92,13.31,13.46,-6.168904,53.379039
143_93,15.34,13.9,-6.168845,53.379937
143_94,13.72,13.54,-6.168785,53.380834
143_95,13.72,13.8,-6.168726,53.381732
143_96,13.96,14.15,-6.168666,53.38263
143_97,14.25,14.49,-6.168606,53.383528
143_98,14.72,14.88,-6.168547,53.384425
143_99,14.93,14.88,-6.168487,53.385323
143_100,14.97,14.95,-6.168428,53.386221
143_101,15.02,14.9,-6.168368,53.387119
143_102,15.07,14.99,-6.168308,53.388017
143_103,15.25,15.12,-6.168249,53.388914
143_104,15.76,15.53,-6.168189,53.389812
143_105,16.28,15.95,-6.168129,53.39071
143_106,16.37,16.51,-6.16807,53.391608
143_107,16.07,17.21,-6.16801,53.392506
143_108,15.49,15.48,-6.167951,53.393403
143_109,14.78,14.84,-6.167891,53.394301
143_110,14.48,14.53,-6.167831,53.395199
143_111,14.21,14.27,-6.167772,53.396097
143_112,14.12,14.11,-6.167712,53.396994
143_113,13.98,14.01,-6.167652,53.397892
143_114,13.83,13.85,-6.167593,53.39879
143_115,14.11,14.11,-6.167533,53.399688
143_116,20.03,14.45,-6.167473,53.400586
143_117,14.43,14.29,-6.167414,53.401483
143_118,13.79,13.74,-6.167354,53.402381
143_119,13.1,13.23,-6.167294,53.403279
143_120,12.34,12.03,-6.167235,53.404177
143_121,11.95,11.86,-6.167175,53.405074
143_122,11.78,11.81,-6.167115,53.405972
143_123,11.6,11.72,-6.167056,53.40687
143_124,11.46,11.39,-6.166996,53.407768
143_125,11.23,11.15,-6.166936,53.408666
143_126,10.97,10.91,-6.166876,53.409563
144_0,10.09,10.09,-6.172875,53.296406
144_1,10.07,10.24,-6.172816,53.297304
144_2,9.96,9.5,-6.172756,53.298202
144_3,9.9,9.87,-6.172697,53.299099
144_4,11.46,11.62,-6.172638,53.299997
144_5,8.47,8.86,-6.172578,53.300895
144_6,7.68,7.55,-6.172519,53.301793
144_7,7.21,7.17,-6.17246,53.302691
144_8,6.8,6.83,-6.1724,53.303588
144_9,6.41,6.51,-6.172341,53.304486
144_10,6.16,6.04,-6.172281,53.305384
144_11,5.93,5.87,-6.172222,53.306282
144_12,5.67,5.7,-6.172163,53.30718
144_13,5.45,5.53,-6.172103,53.308077
144_14,5.3,5.24,-6.172044,53.308975
144_15,5.24,5.22,-6.171985,53.309873
144_16,5.19,5.2,-6.171925,53.310771
144_17,,,-6.171866,53.311669
144_18,,,-6.171806,53.312566
144_19,,,-6.171747,53.313464
144_20,,,-6.171688,53.314362
144_21,,,-6.171628,53.31526
144_22,,,-6.171569,53.316158
144_23,,,-6.171509,53.317055
144_24,,,-6.17145,53.317953
144_25,,,-6.171391,53.318851
144_26,,,-6.171331,53.319749
144_27,,,-6.171272,53.320647
144_28,,,-6.171212,53.321544
144_29,,,-6.171153,53.322442
144_30,,,-6.171094,53.32334
144_31,,,-6.171034,53.324238
144_32,,,-6.170975,53.325136
144_33,,,-6.170915,53.326033
144_34,,,-6.170856,53.326931
144_35,,,-6.170796,53.327829
144_36,,,-6.170737,53.328727
144_37,,,-6.170677,53.329625
144_38,,,-6.170618,53.330522
144_39,,,-6.170559,53.33142
144_40,,,-6.170499,53.332318
144_41,,,-6.17044,53.333216
144_42,4.01,4.01,-6.17038,53.334114
144_43,4.39,4.4,-6.170321,53.335011
144_44,4.76,4.8,-6.170261,53.335909
144_45,4.92,4.9,-6.170202,53.336807
144_46,5.11,5.13,-6.170142,53.337705
144_47,5.24,5.37,-6.170083,53.338603
144_48,5.49,5.36,-6.170023,53.3395
144_49,5.68,5.67,-6.169964,53.340398
144_50,5.96,6.04,-6.169904,53.341296
144_51,6.2,6.4,-6.169845,53.342194
144_52,6.4,6.33,-6.169785,53.343091
144_53,6.67,6.7,-6.169726,53.343989
144_54,6.91,7.06,-6.169666,53.344887
144_55,7.16,7.51,-6.169607,53.345785
144_56,7.55,7.57,-6.169547,53.346683
144_57,7.62,7.6,-6.169488,53.34758
144_58,7.57,7.6,-6.169428,53.348478
144_59,7.6,7.6,-6.169369,53.349376
144_60,7.67,7.55,-6.169309,53.350274
144_61,7.77,7.68,-6.16925,53.351172
144_62,7.84,7.82,-6.16919,53.352069
144_63,7.91,7.95,-6.169131,53.352967
144_64,8.01,7.9,-6.169071,53.353865
144_65,8.09,8.03,-6.169012,53.354763
144_66,8.33,8.32,-6.168952,53.355661
144_67,8.45,8.16,-6.168893,53.356558
144_68,8.54,8.41,-6.168833,53.357456
144_69,8.77,8.71,-6.168773,53.358354
144_70,8.98,9.02,-6.168714,53.359252
144_71,9.13,8.98,-6.168654,53.36015
144_72,9.34,9.25,-6.168595,53.361047
144_73,9.51,9.52,-6.168535,53.361945
144_74,9.69,9.79,-6.168476,53.362843
144_75,9.87,9.75,-6.168416,53.363741
144_76,10.05,10.02,-6.168357,53.364638
144_77,10.25,10.28,-6.168297,53.365536
144_78,10.3,10.37,-6.168237,53.366434
144_79,10.29,10.25,-6.168178,53.367332
144_80,10.62,10.59,-6.168118,53.36823
144_81,10.58,10.76,-6.168059,53.369127
144_82,10.86,10.79,-6.167999,53.370025
144_83,10.86,10.79,-6.167939,53.370923
144_84,11.12,11.27,-6.16788,53.371821
144_85,11.51,11.69,-6.16782,53.372719
144_86,11.65,11.7,-6.167761,53.373616
144_87,11.61,11.6,-6.167701,53.374514
144_88,11.67,11.74,-6.167641,53.375412
144_89,11.69,11.95,-6.167582,53.37631
144_90,12.02,11.57,-6.167522,53.377208
144_91,12.51,12.15,-6.167463,53.378105
144_92,12.97,12.72,-6.167403,53.379003
144_93,14.83,13.34,-6.167343,53.379901
144_94,13.42,13.31,-6.167284,53.380799
144_95,13.38,13.21,-6.167224,53.381696
144_96,13.67,13.56,-6.167164,53.382594
144_97,14.12,13.94,-6.167105,53.383492
144_98,14.64,14.52,-6.167045,53.38439
144_99,14.78,14.74,-6.166986,53.385288
144_100,14.8,14.81,-6.166926,53.386185
144_101,14.86,14.9,-6.166866,53.387083
144_102,14.91,14.87,-6.166807,53.387981
144_103,17.07,15.1,-6.166747,53.388879
144_104,15.51,15.52,-6.166687,53.389777
144_105,15.86,15.78,-6.166628,53.390674
144_106,16.48,16.35,-6.166568,53.391572
144_107,16.31,16.39,-6.166508,53.39247
144_108,15.59,15.61,-6.166449,53.393368
144_109,14.93,15,-6.166389,53.394265
144_110,14.81,14.8,-6.166329,53.395163
144_111,14.45,14.39,-6.16627,53.396061
144_112,14.08,14.09,-6.16621,53.396959
144_113,14,13.98,-6.16615,53.397857
144_114,13.93,13.91,-6.16609,53.398754
144_115,14.22,14.27,-6.166031,53.399652
144_116,14.94,15.16,-6.165971,53.40055
144_117,13.99,13.72,-6.165911,53.401448
144_118,13.28,13.13,-6.165852,53.402345
144_119,12.7,12.62,-6.165792,53.403243
144_120,12.02,12.03,-6.165732,53.404141
144_121,11.54,11.48,-6.165673,53.405039
144_122,11.45,11.42,-6.165613,53.405937
144_123,11.34,11.42,-6.165553,53.406834
144_124,11.3,11.25,-6.165493,53.407732
144_125,11.18,11.28,-6.165434,53.40863
144_126,10.8,10.97,-6.165374,53.409528
145_0,10.65,10.67,-6.171376,53.29637
145_1,11.25,10.99,-6.171317,53.297268
145_2,10.54,10.5,-6.171258,53.298166
145_3,9.17,8.87,-6.171198,53.299064
145_4,8.36,8.36,-6.171139,53.299962
145_5,7.9,8.03,-6.17108,53.300859
145_6,7.4,7.55,-6.17102,53.301757
145_7,6.95,6.83,-6.170961,53.302655
145_8,6.57,6.51,-6.170901,53.303553
145_9,6.16,6.21,-6.170842,53.304451
145_10,5.92,5.74,-6.170783,53.305348
145_11,5.68,5.57,-6.170723,53.306246
145_12,5.45,5.4,-6.170664,53.307144
145_13,5.21,5.26,-6.170604,53.308042
145_14,5.15,5.08,-6.170545,53.30894
145_15,5.1,5.06,-6.170486,53.309837
145_16,,,-6.170426,53.310735
145_17,,,-6.170367,53.311633
145_18,,,-6.170307,53.312531
145_19,,,-6.170248,53.313429
145_20,,,-6.170188,53.314326
145_21,,,-6.170129,53.315224
145_22,,,-6.17007,53.316122
145_23,,,-6.17001,53.31702
145_24,,,-6.169951,53.317918
145_25,,,-6.169891,53.318815
145_26,,,-6.169832,53.319713
145_27,,,-6.169772,53.320611
145_28,,,-6.169713,53.321509
145_29,,,-6.169654,53.322407
145_30,,,-6.169594,53.323304
145_31,,,-6.169535,53.324202
145_32,,,-6.169475,53.3251
145_33,,,-6.169416,53.325998
145_34,,,-6.169356,53.326896
145_35,,,-6.169297,53.327793
145_36,,,-6.169237,53.328691
145_37,,,-6.169178,53.329589
145_38,,,-6.169118,53.330487
145_39,,,-6.169059,53.331385
145_40,,,-6.168999,53.332282
145_41,,,-6.16894,53.33318
145_42,,,-6.16888,53.334078
145_43,4.24,4.33,-6.168821,53.334976
145_44,4.58,4.7,-6.168761,53.335874
145_45,4.73,4.75,-6.168702,53.336771
145_46,5.03,5.07,-6.168642,53.337669
145_47,5.15,5.23,-6.168583,53.338567
145_48,5.29,5.33,-6.168523,53.339465
145_49,5.42,5.46,-6.168464,53.340362
145_50,5.53,5.46,-6.168404,53.34126
145_51,5.66,5.61,-6.168345,53.342158
145_52,5.94,5.69,-6.168285,53.343056
145_53,6.14,5.91,-6.168226,53.343954
145_54,6.37,6.27,-6.168166,53.344851
145_55,6.7,6.64,-6.168107,53.345749
145_56,7,6.7,-6.168047,53.346647
145_57,7.39,7.17,-6.167988,53.347545
145_58,7.36,7.38,-6.167928,53.348443
145_59,7.38,7.41,-6.167868,53.34934
145_60,7.46,7.36,-6.167809,53.350238
145_61,7.54,7.49,-6.167749,53.351136
145_62,7.62,7.63,-6.16769,53.352034
145_63,7.7,7.76,-6.16763,53.352932
145_64,7.78,7.61,-6.167571,53.353829
145_65,7.78,7.72,-6.167511,53.354727
145_66,7.82,7.91,-6.167452,53.355625
145_67,7.93,7.74,-6.167392,53.356523
145_68,8.15,8.05,-6.167332,53.357421
145_69,8.33,8.36,-6.167273,53.358318
145_70,8.54,8.67,-6.167213,53.359216
145_71,8.78,8.64,-6.167154,53.360114
145_72,8.94,8.93,-6.167094,53.361012
145_73,9.15,9.2,-6.167034,53.361909
145_74,9.33,9.48,-6.166975,53.362807
145_75,9.5,9.43,-6.166915,53.363705
145_76,9.68,9.7,-6.166856,53.364603
145_77,9.86,9.97,-6.166796,53.365501
145_78,10.02,10.21,-6.166736,53.366398
145_79,10.16,10.11,-6.166677,53.367296
145_80,10.14,10.14,-6.166617,53.368194
145_81,10.2,10.36,-6.166558,53.369092
145_82,10.45,10.36,-6.166498,53.36999
145_83,10.59,10.46,-6.166438,53.370887
145_84,11.05,10.66,-6.166379,53.371785
145_85,12.02,11.66,-6.166319,53.372683
145_86,11.84,11.82,-6.166259,53.373581
145_87,11.77,11.84,-6.1662,53.374478
145_88,11.68,11.73,-6.16614,53.375376
145_89,11.38,11.6,-6.16608,53.376274
145_90,11.55,11.16,-6.166021,53.377172
145_91,12.03,11.76,-6.165961,53.37807
145_92,12.48,12.36,-6.165902,53.378967
145_93,14.08,12.97,-6.165842,53.379865
145_94,13.02,12.87,-6.165782,53.380763
145_95,13.05,13.01,-6.165723,53.381661
145_96,13.57,13.51,-6.165663,53.382559
145_97,14.09,14.01,-6.165603,53.383456
145_98,14.56,14.55,-6.165544,53.384354
145_99,14.62,14.62,-6.165484,53.385252
145_100,14.67,14.69,-6.165424,53.38615
145_101,14.69,14.77,-6.165365,53.387047
145_102,14.76,14.81,-6.165305,53.387945
145_103,15.65,15.65,-6.165245,53.388843
145_104,15.46,15.5,-6.165185,53.389741
145_105,15.69,15.78,-6.165126,53.390639
145_106,15.79,15.66,-6.165066,53.391536
145_107,15.53,15.61,-6.165006,53.392434
145_108,15.24,15.28,-6.164947,53.393332
145_109,15.26,18.58,-6.164887,53.39423
145_110,15.02,14.93,-6.164827,53.395128
145_111,14.69,14.52,-6.164767,53.396025
145_112,14.32,14.11,-6.164708,53.396923
145_113,13.98,13.94,-6.164648,53.397821
145_114,13.92,13.94,-6.164588,53.398719
145_115,18.75,13.9,-6.164529,53.399616
145_116,13.7,20.73,-6.164469,53.400514
145_117,13.52,13.43,-6.164409,53.401412
145_118,13.22,13.36,-6.164349,53.40231
145_119,12.36,12.72,-6.16429,53.403208
145_120,11.65,12.06,-6.16423,53.404105
145_121,11.49,11.53,-6.16417,53.405003
145_122,11.32,11.36,-6.16411,53.405901
145_123,11.22,11.24,-6.164051,53.406799
145_124,11.25,11.25,-6.163991,53.407696
145_125,11.22,11.22,-6.163931,53.408594
145_126,10.68,10.81,-6.163871,53.409492
146_0,19.49,20.31,-6.169878,53.296335
146_1,11.53,11.74,-6.169818,53.297233
146_2,9.45,14.54,-6.169759,53.29813
146_3,8.52,8.11,-6.1697,53.299028
146_4,7.88,7.79,-6.16964,53.299926
146_5,7.57,7.55,-6.169581,53.300824
146_6,7.18,7.18,-6.169521,53.301722
146_7,6.73,6.5,-6.169462,53.302619
146_8,6.31,6.18,-6.169403,53.303517
146_9,5.96,6.18,-6.169343,53.304415
146_10,5.67,5.91,-6.169284,53.305313
146_11,5.44,5.44,-6.169224,53.306211
146_12,5.18,5.27,-6.169165,53.307108
146_13,5.06,5.12,-6.169105,53.308006
146_14,5.01,4.94,-6.169046,53.308904
146_15,4.95,4.92,-6.168987,53.309802
146_16,,,-6.168927,53.3107
146_17,,,-6.168868,53.311597
146_18,,,-6.168808,53.312495
146_19,,,-6.168749,53.313393
146_20,,,-6.168689,53.314291
146_21,,,-6.16863,53.315189
146_22,,,-6.16857,53.316086
146_23,,,-6.168511,53.316984
146_24,,,-6.168451,53.317882
146_25,,,-6.168392,53.31878
146_26,,,-6.168333,53.319678
146_27,,,-6.168273,53.320575
146_28,,,-6.168214,53.321473
146_29,,,-6.168154,53.322371
146_30,,,-6.168095,53.323269
146_31,,,-6.168035,53.324167
146_32,,,-6.167976,53.325064
146_33,,,-6.167916,53.325962
146_34,,,-6.167857,53.32686
146_35,,,-6.167797,53.327758
146_36,,,-6.167738,53.328656
146_37,,,-6.167678,53.329553
146_38,,,-6.167619,53.330451
146_39,,,-6.167559,53.331349
146_40,,,-6.1675,53.332247
146_41,,,-6.16744,53.333145
146_42,,,-6.16738,53.334042
146_43,,,-6.167321,53.33494
146_44,,,-6.167261,53.335838
146_45,4.53,,-6.167202,53.336736
146_46,4.94,4.86,-6.167142,53.337633
146_47,5.07,5.02,-6.167083,53.338531
146_48,5.2,5.17,-6.167023,53.339429
146_49,5.34,5.28,-6.166964,53.340327
146_50,5.47,5.43,-6.166904,53.341225
146_51,5.58,5.56,-6.166845,53.342122
146_52,5.7,5.66,-6.166785,53.34302
146_53,5.83,5.79,-6.166725,53.343918
146_54,5.94,5.93,-6.166666,53.344816
146_55,6.16,6.23,-6.166606,53.345714
146_56,6.54,6.33,-6.166547,53.346611
146_57,6.89,6.76,-6.166487,53.347509
146_58,7.15,7.17,-6.166428,53.348407
146_59,7.17,7.22,-6.166368,53.349305
146_60,7.24,7.17,-6.166308,53.350203
146_61,7.31,7.3,-6.166249,53.3511
146_62,7.34,7.4,-6.166189,53.351998
146_63,7.29,7.51,-6.16613,53.352896
146_64,7.29,7.1,-6.16607,53.353794
146_65,7.24,7.21,-6.16601,53.354692
146_66,7.32,7.46,-6.165951,53.355589
146_67,7.51,7.74,-6.165891,53.356487
146_68,7.71,7.7,-6.165832,53.357385
146_69,7.92,8.01,-6.165772,53.358283
146_70,8.16,8.33,-6.165712,53.35918
146_71,8.34,8.29,-6.165653,53.360078
146_72,8.58,8.6,-6.165593,53.360976
146_73,8.78,8.89,-6.165534,53.361874
146_74,8.93,8.89,-6.165474,53.362772
146_75,9.14,8.85,-6.165414,53.363669
146_76,9.32,9.12,-6.165355,53.364567
146_77,9.47,9.39,-6.165295,53.365465
146_78,9.67,9.66,-6.165235,53.366363
146_79,9.82,9.6,-6.165176,53.367261
146_80,9.97,9.84,-6.165116,53.368158
146_81,9.99,10,-6.165056,53.369056
146_82,10.17,10.15,-6.164997,53.369954
146_83,10.26,10.11,-6.164937,53.370852
146_84,10.41,10.36,-6.164878,53.371749
146_85,11.88,11.63,-6.164818,53.372647
146_86,11.99,11.97,-6.164758,53.373545
146_87,11.82,11.53,-6.164699,53.374443
146_88,11.45,11.43,-6.164639,53.375341
146_89,10.92,11.06,-6.164579,53.376238
146_90,10.96,10.94,-6.164519,53.377136
146_91,11.48,11.56,-6.16446,53.378034
146_92,12.19,12.19,-6.1644,53.378932
146_93,12.67,13.82,-6.16434,53.37983
146_94,12.81,12.76,-6.164281,53.380727
146_95,12.73,12.78,-6.164221,53.381625
146_96,13.48,13.58,-6.164161,53.382523
146_97,14.01,14.08,-6.164102,53.383421
146_98,14.44,14.42,-6.164042,53.384318
146_99,14.48,14.49,-6.163982,53.385216
146_100,14.51,14.56,-6.163923,53.386114
146_101,14.56,14.63,-6.163863,53.387012
146_102,14.82,15.03,-6.163803,53.38791
146_103,15.15,15.95,-6.163743,53.388807
146_104,15.33,15.43,-6.163684,53.389705
146_105,15.56,17.09,-6.163624,53.390603
146_106,15.64,15.69,-6.163564,53.391501
146_107,15.2,15.39,-6.163504,53.392398
146_108,14.72,15.01,-6.163445,53.393296
146_109,14.75,14.38,-6.163385,53.394194
146_110,14.81,14.61,-6.163325,53.395092
146_111,15.17,15.21,-6.163265,53.39599
146_112,14.75,14.83,-6.163206,53.396887
146_113,14.44,14.79,-6.163146,53.397785
146_114,14,14.24,-6.163086,53.398683
146_115,14.68,14.49,-6.163026,53.399581
146_116,13.53,13.84,-6.162967,53.400479
146_117,13.24,13.26,-6.162907,53.401376
146_118,13.05,13.11,-6.162847,53.402274
146_119,12.86,12.86,-6.162787,53.403172
146_120,12.36,12.14,-6.162728,53.40407
146_121,11.56,11.53,-6.162668,53.404967
146_122,11.26,11.26,-6.162608,53.405865
146_123,11.28,11.28,-6.162548,53.406763
146_124,11.22,11.24,-6.162488,53.407661
146_125,11.31,11.2,-6.162429,53.408559
146_126,10.6,10.54,-6.162369,53.409456
147_0,10.42,9.92,-6.168379,53.296299
147_1,9.42,9.92,-6.16832,53.297197
147_2,8.46,9.44,-6.16826,53.298095
147_3,8.08,14.39,-6.168201,53.298993
147_4,7.57,7.61,-6.168142,53.29989
147_5,7.32,7.43,-6.168082,53.300788
147_6,6.88,7.18,-6.168023,53.301686
147_7,6.47,6.5,-6.167963,53.302584
147_8,6.12,6.18,-6.167904,53.303482
147_9,5.7,5.86,-6.167844,53.304379
147_10,5.44,5.61,-6.167785,53.305277
147_11,5.19,5.14,-6.167725,53.306175
147_12,4.97,4.97,-6.167666,53.307073
147_13,4.92,4.96,-6.167606,53.307971
147_14,4.86,4.94,-6.167547,53.308868
147_15,,,-6.167488,53.309766
147_16,,,-6.167428,53.310664
147_17,,,-6.167369,53.311562
147_18,,,-6.167309,53.31246
147_19,,,-6.16725,53.313357
147_20,,,-6.16719,53.314255
147_21,,,-6.167131,53.315153
147_22,,,-6.167071,53.316051
147_23,,,-6.167012,53.316949
147_24,,,-6.166952,53.317846
147_25,,,-6.166893,53.318744
147_26,,,-6.166833,53.319642
147_27,,,-6.166774,53.32054
147_28,,,-6.166714,53.321438
147_29,,,-6.166655,53.322335
147_30,,,-6.166595,53.323233
147_31,,,-6.166536,53.324131
147_32,,,-6.166476,53.325029
147_33,,,-6.166417,53.325927
147_34,,,-6.166357,53.326824
147_35,,,-6.166297,53.327722
147_36,,,-6.166238,53.32862
147_37,,,-6.166178,53.329518
147_38,,,-6.166119,53.330416
147_39,,,-6.166059,53.331313
147_40,,,-6.166,53.332211
147_41,,,-6.16594,53.333109
147_42,,,-6.165881,53.334007
147_43,,,-6.165821,53.334904
147_44,,,-6.165761,53.335802
147_45,,,-6.165702,53.3367
147_46,,,-6.165642,53.337598
147_47,4.98,4.97,-6.165583,53.338496
147_48,5.12,5.12,-6.165523,53.339393
147_49,5.24,,-6.165464,53.340291
147_50,5.38,5.38,-6.165404,53.341189
147_51,5.52,5.53,-6.165344,53.342087
147_52,,5.66,-6.165285,53.342985
147_53,,,-6.165225,53.343882
147_54,5.88,5.89,-6.165166,53.34478
147_55,6.08,6.1,-6.165106,53.345678
147_56,6.3,6.35,-6.165046,53.346576
147_57,6.53,6.58,-6.164987,53.347474
147_58,6.76,6.82,-6.164927,53.348371
147_59,6.91,7.03,-6.164868,53.349269
147_60,6.86,6.73,-6.164808,53.350167
147_61,6.86,6.79,-6.164748,53.351065
147_62,6.8,6.89,-6.164689,53.351962
147_63,6.8,7,-6.164629,53.35286
147_64,6.75,6.59,-6.16457,53.353758
147_65,6.7,6.59,-6.16451,53.354656
147_66,6.89,6.77,-6.16445,53.355554
147_67,7.1,7.08,-6.164391,53.356451
147_68,7.3,7.05,-6.164331,53.357349
147_69,7.52,7.36,-6.164271,53.358247
147_70,7.72,7.67,-6.164212,53.359145
147_71,7.96,7.98,-6.164152,53.360043
147_72,8.14,7.94,-6.164092,53.36094
147_73,8.35,8.25,-6.164033,53.361838
147_74,8.59,8.57,-6.163973,53.362736
147_75,8.75,8.53,-6.163913,53.363634
147_76,8.92,8.81,-6.163854,53.364531
147_77,9.13,9.08,-6.163794,53.365429
147_78,9.28,9.35,-6.163734,53.366327
147_79,9.47,9.29,-6.163675,53.367225
147_80,9.62,9.53,-6.163615,53.368123
147_81,9.74,9.77,-6.163555,53.36902
147_82,9.87,9.93,-6.163496,53.369918
147_83,10.17,10.28,-6.163436,53.370816
147_84,10.78,10.82,-6.163376,53.371714
147_85,11.29,11.38,-6.163317,53.372612
147_86,10.84,11.47,-6.163257,53.373509
147_87,10.77,10.63,-6.163197,53.374407
147_88,10.82,10.81,-6.163138,53.375305
147_89,10.69,10.62,-6.163078,53.376203
147_90,10.86,10.94,-6.163018,53.3771
147_91,11.59,11.84,-6.162958,53.377998
147_92,12.28,12.47,-6.162899,53.378896
147_93,12.6,13.65,-6.162839,53.379794
147_94,12.67,13.34,-6.162779,53.380692
147_95,12.68,12.66,-6.162719,53.381589
147_96,12.64,13.11,-6.16266,53.382487
147_97,13.58,13.11,-6.1626,53.383385
147_98,14.32,14.14,-6.16254,53.384283
147_99,14.39,14.36,-6.162481,53.385181
147_100,14.47,14.43,-6.162421,53.386078
147_101,14.53,14.5,-6.162361,53.386976
147_102,14.94,14.86,-6.162301,53.387874
147_103,15.67,15.09,-6.162242,53.388772
147_104,15.03,15.14,-6.162182,53.389669
147_105,15.4,15.21,-6.162122,53.390567
147_106,15.42,15.36,-6.162062,53.391465
147_107,14.98,15.06,-6.162003,53.392363
147_108,14.54,14.68,-6.161943,53.393261
147_109,14.26,14.38,-6.161883,53.394158
147_110,14.53,14.47,-6.161823,53.395056
147_111,16.46,16.46,-6.161763,53.395954
147_112,18.47,18.98,-6.161704,53.396852
147_113,20.04,15.04,-6.161644,53.397749
147_114,14.81,14.94,-6.161584,53.398647
147_115,14.29,14.34,-6.161524,53.399545
147_116,13.59,13.55,-6.161464,53.400443
147_117,13.26,13.07,-6.161405,53.401341
147_118,13.07,13.02,-6.161345,53.402238
147_119,12.9,12.88,-6.161285,53.403136
147_120,12.33,12.34,-6.161225,53.404034
147_121,11.47,11.37,-6.161165,53.404932
147_122,11.19,11.14,-6.161106,53.405829
147_123,11.11,11.15,-6.161046,53.406727
147_124,11.09,11.15,-6.160986,53.407625
147_125,11,10.82,-6.160926,53.408523
147_126,10.81,10.67,-6.160866,53.409421
148_0,9.75,10.13,-6.166881,53.296264
148_1,9.08,9.34,-6.166821,53.297161
148_2,7.93,8.39,-6.166762,53.298059
148_3,7.55,7.67,-6.166702,53.298957
148_4,7.28,7.26,-6.166643,53.299855
148_5,6.99,7.07,-6.166583,53.300753
148_6,6.65,6.81,-6.166524,53.30165
148_7,6.27,6.17,-6.166464,53.302548
148_8,5.86,5.86,-6.166405,53.303446
148_9,5.5,5.54,-6.166345,53.304344
148_10,5.19,5.31,-6.166286,53.305242
148_11,4.93,4.84,-6.166227,53.306139
148_12,4.83,4.82,-6.166167,53.307037
148_13,4.77,4.8,-6.166108,53.307935
148_14,4.7,4.78,-6.166048,53.308833
148_15,,,-6.165989,53.309731
148_16,,,-6.165929,53.310628
148_17,,,-6.16587,53.311526
148_18,,,-6.16581,53.312424
148_19,,,-6.16575,53.313322
148_20,,,-6.165691,53.31422
148_21,,,-6.165631,53.315117
148_22,,,-6.165572,53.316015
148_23,,,-6.165512,53.316913
148_24,,,-6.165453,53.317811
148_25,,,-6.165393,53.318709
148_26,,,-6.165334,53.319606
148_27,,,-6.165274,53.320504
148_28,,,-6.165215,53.321402
148_29,,,-6.165155,53.3223
148_30,,,-6.165096,53.323198
148_31,,,-6.165036,53.324095
148_32,,,-6.164976,53.324993
148_33,,,-6.164917,53.325891
148_34,,,-6.164857,53.326789
148_35,,,-6.164798,53.327686
148_36,,,-6.164738,53.328584
148_37,,,-6.164679,53.329482
148_38,,,-6.164619,53.33038
148_39,,,-6.16456,53.331278
148_40,,,-6.1645,53.332175
148_41,,,-6.16444,53.333073
148_42,,,-6.164381,53.333971
148_43,,,-6.164321,53.334869
148_44,,,-6.164262,53.335767
148_45,,,-6.164202,53.336664
148_46,,,-6.164142,53.337562
148_47,,,-6.164083,53.33846
148_48,,,-6.164023,53.339358
148_49,,,-6.163964,53.340256
148_50,,,-6.163904,53.341153
148_51,,,-6.163844,53.342051
148_52,,,-6.163785,53.342949
148_53,,,-6.163725,53.343847
148_54,5.81,5.9,-6.163665,53.344744
148_55,6.04,6.12,-6.163606,53.345642
148_56,6.22,6.15,-6.163546,53.34654
148_57,6.35,6.15,-6.163487,53.347438
148_58,6.47,6.37,-6.163427,53.348336
148_59,6.6,6.58,-6.163367,53.349233
148_60,6.61,6.48,-6.163308,53.350131
148_61,6.54,6.5,-6.163248,53.351029
148_62,6.5,6.5,-6.163188,53.351927
148_63,6.43,6.49,-6.163129,53.352825
148_64,6.36,6.27,-6.163069,53.353722
148_65,6.33,6.26,-6.163009,53.35462
148_66,6.49,6.44,-6.16295,53.355518
148_67,6.66,6.73,-6.16289,53.356416
148_68,6.9,6.7,-6.16283,53.357314
148_69,7.11,7.01,-6.162771,53.358211
148_70,7.32,7.32,-6.162711,53.359109
148_71,7.52,7.63,-6.162651,53.360007
148_72,7.73,7.6,-6.162592,53.360905
148_73,7.94,7.91,-6.162532,53.361802
148_74,8.15,8.22,-6.162472,53.3627
148_75,8.36,8.53,-6.162413,53.363598
148_76,8.56,8.49,-6.162353,53.364496
148_77,8.74,8.76,-6.162293,53.365394
148_78,8.94,9.03,-6.162233,53.366291
148_79,9.09,8.99,-6.162174,53.367189
148_80,9.24,9.23,-6.162114,53.368087
148_81,9.42,9.46,-6.162054,53.368985
148_82,9.58,9.73,-6.161995,53.369882
148_83,10.03,10.13,-6.161935,53.37078
148_84,10.54,10.61,-6.161875,53.371678
148_85,10.81,10.95,-6.161815,53.372576
148_86,10.88,10.72,-6.161756,53.373474
148_87,10.41,10.39,-6.161696,53.374371
148_88,10.62,10.79,-6.161636,53.375269
148_89,12.73,10.79,-6.161576,53.376167
148_90,10.76,10.77,-6.161517,53.377065
148_91,11.54,11.23,-6.161457,53.377963
148_92,12.39,12.22,-6.161397,53.37886
148_93,12.5,12.45,-6.161337,53.379758
148_94,12.61,13.46,-6.161278,53.380656
148_95,12.63,12.64,-6.161218,53.381554
148_96,12.68,12.62,-6.161158,53.382451
148_97,13.63,13.32,-6.161098,53.383349
148_98,14.05,13.92,-6.161039,53.384247
148_99,14.37,14.25,-6.160979,53.385145
148_100,14.44,14.43,-6.160919,53.386043
148_101,14.7,14.56,-6.160859,53.38694
148_102,14.89,14.84,-6.1608,53.387838
148_103,15.11,15.07,-6.16074,53.388736
148_104,15.51,16.03,-6.16068,53.389634
148_105,15.42,14.92,-6.16062,53.390531
148_106,15.1,15.08,-6.16056,53.391429
148_107,14.82,14.89,-6.160501,53.392327
148_108,14.85,14.68,-6.160441,53.393225
148_109,14.6,14.36,-6.160381,53.394123
148_110,16.21,14.43,-6.160321,53.39502
148_111,14.46,14.45,-6.160261,53.395918
148_112,14.33,14.71,-6.160202,53.396816
148_113,14.5,15.04,-6.160142,53.397714
148_114,14.87,14.92,-6.160082,53.398611
148_115,14.44,14.24,-6.160022,53.399509
148_116,13.46,13.22,-6.159962,53.400407
148_117,12.83,12.77,-6.159902,53.401305
148_118,12.82,12.8,-6.159843,53.402203
148_119,12.8,12.57,-6.159783,53.4031
148_120,12.05,11.97,-6.159723,53.403998
148_121,11.41,11.57,-6.159663,53.404896
148_122,11.15,11.25,-6.159603,53.405794
148_123,10.66,10.94,-6.159543,53.406691
148_124,10.88,10.97,-6.159484,53.407589
148_125,10.22,10.02,-6.159424,53.408487
148_126,10.38,10.23,-6.159364,53.409385
149_0,9.41,9.38,-6.165382,53.296228
149_1,9.28,9.28,-6.165323,53.297126
149_2,8.71,8.4,-6.165263,53.298024
149_3,7.56,7.39,-6.165204,53.298921
149_4,7.05,6.97,-6.165144,53.299819
149_5,6.72,6.73,-6.165085,53.300717
149_6,6.39,6.48,-6.165025,53.301615
149_7,6.04,5.85,-6.164966,53.302513
149_8,5.66,5.53,-6.164906,53.30341
149_9,5.24,5.21,-6.164847,53.304308
149_10,4.94,5.01,-6.164787,53.305206
149_11,4.74,4.68,-6.164728,53.306104
149_12,4.68,4.66,-6.164668,53.307002
149_13,4.62,4.64,-6.164609,53.307899
149_14,4.57,4.62,-6.164549,53.308797
149_15,,,-6.16449,53.309695
149_16,,,-6.16443,53.310593
149_17,,,-6.16437,53.311491
149_18,,,-6.164311,53.312388
149_19,,,-6.164251,53.313286
149_20,,,-6.164192,53.314184
149_21,,,-6.164132,53.315082
149_22,,,-6.164073,53.31598
149_23,,,-6.164013,53.316877
149_24,,,-6.163954,53.317775
149_25,,,-6.163894,53.318673
149_26,,,-6.163834,53.319571
149_27,,,-6.163775,53.320468
149_28,,,-6.163715,53.321366
149_29,,,-6.163656,53.322264
149_30,,,-6.163596,53.323162
149_31,,,-6.163537,53.32406
149_32,,,-6.163477,53.324957
149_33,,,-6.163417,53.325855
149_34,,,-6.163358,53.326753
149_35,,,-6.163298,53.327651
149_36,,,-6.163239,53.328549
149_37,,,-6.163179,53.329446
149_38,,,-6.163119,53.330344
149_39,,,-6.16306,53.331242
149_40,,,-6.163,53.33214
149_41,,,-6.162941,53.333038
149_42,,,-6.162881,53.333935
149_43,,,-6.162821,53.334833
149_44,,,-6.162762,53.335731
149_45,,,-6.162702,53.336629
149_46,,,-6.162642,53.337526
149_47,,,-6.162583,53.338424
149_48,,,-6.162523,53.339322
149_49,,,-6.162463,53.34022
149_50,,,-6.162404,53.341118
149_51,,,-6.162344,53.342015
149_52,,,-6.162285,53.342913
149_53,,,-6.162225,53.343811
149_54,5.69,,-6.162165,53.344709
149_55,5.73,5.72,-6.162106,53.345607
149_56,5.88,5.94,-6.162046,53.346504
149_57,6,5.84,-6.161986,53.347402
149_58,6.1,6.05,-6.161927,53.3483
149_59,6.25,6.27,-6.161867,53.349198
149_60,6.37,6.17,-6.161807,53.350096
149_61,6.34,6.27,-6.161748,53.350993
149_62,6.27,6.27,-6.161688,53.351891
149_63,6.2,6.27,-6.161628,53.352789
149_64,6.15,6.04,-6.161568,53.353687
149_65,6.08,6.04,-6.161509,53.354584
149_66,6.24,6.26,-6.161449,53.355482
149_67,6.42,6.48,-6.161389,53.35638
149_68,6.56,6.51,-6.16133,53.357278
149_69,6.75,6.73,-6.16127,53.358176
149_70,6.91,6.97,-6.16121,53.359073
149_71,7.08,7.29,-6.161151,53.359971
149_72,7.33,7.25,-6.161091,53.360869
149_73,7.53,7.56,-6.161031,53.361767
149_74,7.71,7.87,-6.160971,53.362665
149_75,7.95,8.18,-6.160912,53.363562
149_76,8.16,8.15,-6.160852,53.36446
149_77,8.4,8.45,-6.160792,53.365358
149_78,8.55,8.72,-6.160732,53.366256
149_79,8.73,8.68,-6.160673,53.367153
149_80,8.92,8.92,-6.160613,53.368051
149_81,9.04,8.92,-6.160553,53.368949
149_82,9.29,9.16,-6.160493,53.369847
149_83,9.79,9.46,-6.160434,53.370745
149_84,10.07,9.89,-6.160374,53.371642
149_85,10.34,10.24,-6.160314,53.37254
149_86,10.56,10.58,-6.160254,53.373438
149_87,10.48,10.52,-6.160195,53.374336
149_88,10.3,10.26,-6.160135,53.375233
149_89,10.56,10.5,-6.160075,53.376131
149_90,10.81,10.81,-6.160015,53.377029
149_91,12.04,11.9,-6.159956,53.377927
149_92,12.39,12.41,-6.159896,53.378825
149_93,12.49,12.47,-6.159836,53.379722
149_94,13.87,13.89,-6.159776,53.38062
149_95,12.59,12.59,-6.159716,53.381518
149_96,12.76,12.69,-6.159657,53.382416
149_97,13.42,13.42,-6.159597,53.383313
149_98,13.81,13.69,-6.159537,53.384211
149_99,14.05,14.01,-6.159477,53.385109
149_100,14.3,14.4,-6.159417,53.386007
149_101,14.48,14.62,-6.159358,53.386905
149_102,14.59,14.46,-6.159298,53.387802
149_103,14.67,14.67,-6.159238,53.3887
149_104,14.85,14.84,-6.159178,53.389598
149_105,16.99,16.69,-6.159118,53.390496
149_106,15.32,17.05,-6.159059,53.391393
149_107,14.95,14.93,-6.158999,53.392291
149_108,14.83,14.68,-6.158939,53.393189
149_109,14.28,14.39,-6.158879,53.394087
149_110,14.2,14.11,-6.158819,53.394985
149_111,14.12,14.12,-6.158759,53.395882
149_112,14.03,14.07,-6.1587,53.39678
149_113,14.01,14.07,-6.15864,53.397678
149_114,17.34,16.89,-6.15858,53.398576
149_115,13.74,14.05,-6.15852,53.399473
149_116,13.05,13.42,-6.15846,53.400371
149_117,12.4,12.43,-6.1584,53.401269
149_118,12.48,12.22,-6.15834,53.402167
149_119,14.71,12.66,-6.158281,53.403065
149_120,12.24,12.39,-6.158221,53.403962
149_121,11.05,11.3,-6.158161,53.40486
149_122,10.75,10.44,-6.158101,53.405758
149_123,10.15,10.36,-6.158041,53.406656
149_124,10.1,10.21,-6.157981,53.407553
149_125,9.92,9.86,-6.157921,53.408451
149_126,9.86,9.84,-6.157861,53.409349
150_0,9.33,9.29,-6.163884,53.296192
150_1,9.22,9.21,-6.163824,53.29709
150_2,9.15,10.63,-6.163765,53.297988
150_3,7.36,6.98,-6.163705,53.298886
150_4,6.8,6.65,-6.163646,53.299784
150_5,6.46,6.35,-6.163586,53.300681
150_6,6.09,6.1,-6.163526,53.301579
150_7,5.76,5.47,-6.163467,53.302477
150_8,5.42,5.47,-6.163407,53.303375
150_9,5.02,5.21,-6.163348,53.304273
150_10,4.7,4.89,-6.163288,53.30517
150_11,4.59,4.54,-6.163229,53.306068
150_12,4.53,4.52,-6.163169,53.306966
150_13,4.48,4.5,-6.16311,53.307864
150_14,,4.48,-6.16305,53.308761
150_15,,,-6.162991,53.309659
150_16,,,-6.162931,53.310557
150_17,,,-6.162871,53.311455
150_18,,,-6.162812,53.312353
150_19,,,-6.162752,53.31325
150_20,,,-6.162693,53.314148
150_21,,,-6.162633,53.315046
150_22,,,-6.162573,53.315944
150_23,,,-6.162514,53.316842
150_24,,,-6.162454,53.317739
150_25,,,-6.162395,53.318637
150_26,,,-6.162335,53.319535
150_27,,,-6.162275,53.320433
150_28,,,-6.162216,53.321331
150_29,,,-6.162156,53.322228
150_30,,,-6.162097,53.323126
150_31,,,-6.162037,53.324024
150_32,,,-6.161977,53.324922
150_33,,,-6.161918,53.32582
150_34,,,-6.161858,53.326717
150_35,,,-6.161799,53.327615
150_36,,,-6.161739,53.328513
150_37,,,-6.161679,53.329411
150_38,,,-6.16162,53.330308
150_39,,,-6.16156,53.331206
150_40,,,-6.1615,53.332104
150_41,,,-6.161441,53.333002
150_42,,,-6.161381,53.3339
150_43,,,-6.161321,53.334797
150_44,,,-6.161262,53.335695
150_45,,,-6.161202,53.336593
150_46,,,-6.161142,53.337491
150_47,,,-6.161083,53.338389
150_48,,,-6.161023,53.339286
150_49,,,-6.160963,53.340184
150_50,,,-6.160904,53.341082
150_51,,,-6.160844,53.34198
150_52,,,-6.160784,53.342878
150_53,,,-6.160725,53.343775
150_54,,,-6.160665,53.344673
150_55,5.52,5.53,-6.160605,53.345571
150_56,5.52,5.63,-6.160546,53.346469
150_57,5.62,5.53,-6.160486,53.347366
150_58,5.77,5.74,-6.160426,53.348264
150_59,5.89,5.96,-6.160366,53.349162
150_60,6.02,6.17,-6.160307,53.35006
150_61,6.11,6.05,-6.160247,53.350958
150_62,6.04,6.04,-6.160187,53.351855
150_63,6,6.04,-6.160128,53.352753
150_64,5.92,5.81,-6.160068,53.353651
150_65,5.85,5.86,-6.160008,53.354549
150_66,6.01,6.08,-6.159948,53.355447
150_67,6.17,6.3,-6.159889,53.356344
150_68,6.36,6.33,-6.159829,53.357242
150_69,6.5,6.55,-6.159769,53.35814
150_70,6.66,6.77,-6.15971,53.359038
150_71,6.84,6.98,-6.15965,53.359935
150_72,6.98,6.8,-6.15959,53.360833
150_73,7.15,7.02,-6.15953,53.361731
150_74,7.33,7.24,-6.159471,53.362629
150_75,7.54,7.53,-6.159411,53.363527
150_76,7.75,7.49,-6.159351,53.364424
150_77,7.96,7.8,-6.159291,53.365322
150_78,8.17,8.11,-6.159231,53.36622
150_79,8.36,8.41,-6.159172,53.367118
150_80,8.54,8.39,-6.159112,53.368015
150_81,8.72,8.65,-6.159052,53.368913
150_82,8.99,8.92,-6.158992,53.369811
150_83,9.37,9.14,-6.158933,53.370709
150_84,9.63,9.48,-6.158873,53.371607
150_85,9.82,9.83,-6.158813,53.372504
150_86,10.04,10.17,-6.158753,53.373402
150_87,10.31,10.11,-6.158693,53.3743
150_88,10.14,10.12,-6.158634,53.375198
150_89,10.21,10.22,-6.158574,53.376095
150_90,10.5,10.61,-6.158514,53.376993
150_91,10.95,10.78,-6.158454,53.377891
150_92,12.37,12.56,-6.158394,53.378789
150_93,12.58,12.58,-6.158335,53.379687
150_94,13.62,13.87,-6.158275,53.380584
150_95,12.33,11.96,-6.158215,53.381482
150_96,12.27,12.39,-6.158155,53.38238
150_97,13.24,13.42,-6.158095,53.383278
150_98,13.55,13.69,-6.158035,53.384176
150_99,13.61,13.62,-6.157976,53.385073
150_100,13.75,13.94,-6.157916,53.385971
150_101,14.04,14.24,-6.157856,53.386869
150_102,14.14,14.06,-6.157796,53.387767
150_103,14.27,14.29,-6.157736,53.388664
150_104,14.6,14.79,-6.157676,53.389562
150_105,15.09,14.79,-6.157617,53.39046
150_106,15.07,15.04,-6.157557,53.391358
150_107,15.07,15.12,-6.157497,53.392256
150_108,14.98,15.02,-6.157437,53.393153
150_109,14.59,16.73,-6.157377,53.394051
150_110,13.85,13.78,-6.157317,53.394949
150_111,13.76,13.67,-6.157257,53.395847
150_112,13.62,13.74,-6.157197,53.396744
150_113,13.93,13.9,-6.157138,53.397642
150_114,16.78,14.11,-6.157078,53.39854
150_115,13.46,13.55,-6.157018,53.399438
150_116,12.81,13,-6.156958,53.400335
150_117,12.18,12.43,-6.156898,53.401233
150_118,11.8,11.65,-6.156838,53.402131
150_119,15.09,15.09,-6.156778,53.403029
150_120,11.99,12.11,-6.156718,53.403927
150_121,10.88,10.58,-6.156658,53.404824
150_122,10.29,10.28,-6.156599,53.405722
150_123,10.01,10.03,-6.156539,53.40662
150_124,9.89,9.93,-6.156479,53.407518
150_125,9.8,9.76,-6.156419,53.408415
150_126,9.75,9.75,-6.156359,53.409313
151_0,9.2,9.18,-6.162385,53.296157
151_1,9.14,9.13,-6.162326,53.297054
151_2,12.32,9.11,-6.162266,53.297952
151_3,7.11,12.87,-6.162206,53.29885
151_4,6.71,6.9,-6.162147,53.299748
151_5,6.31,6.48,-6.162087,53.300646
151_6,5.95,6.09,-6.162028,53.301543
151_7,5.56,5.71,-6.161968,53.302441
151_8,5.16,5.3,-6.161909,53.303339
151_9,4.81,4.88,-6.161849,53.304237
151_10,4.5,4.57,-6.161789,53.305135
151_11,4.44,4.41,-6.16173,53.306032
151_12,4.39,4.38,-6.16167,53.30693
151_13,4.33,4.34,-6.161611,53.307828
151_14,,,-6.161551,53.308726
151_15,,,-6.161492,53.309624
151_16,,,-6.161432,53.310521
151_17,,,-6.161372,53.311419
151_18,,,-6.161313,53.312317
151_19,,,-6.161253,53.313215
151_20,,,-6.161193,53.314113
151_21,,,-6.161134,53.31501
151_22,,,-6.161074,53.315908
151_23,,,-6.161015,53.316806
151_24,,,-6.160955,53.317704
151_25,,,-6.160895,53.318602
151_26,,,-6.160836,53.319499
151_27,,,-6.160776,53.320397
151_28,,,-6.160716,53.321295
151_29,,,-6.160657,53.322193
151_30,,,-6.160597,53.32309
151_31,,,-6.160538,53.323988
151_32,,,-6.160478,53.324886
151_33,,,-6.160418,53.325784
151_34,,,-6.160359,53.326682
151_35,,,-6.160299,53.327579
151_36,,,-6.160239,53.328477
151_37,,,-6.16018,53.329375
151_38,,,-6.16012,53.330273
151_39,,,-6.16006,53.331171
151_40,,,-6.160001,53.332068
151_41,,,-6.159941,53.332966
151_42,,,-6.159881,53.333864
151_43,,,-6.159822,53.334762
151_44,,,-6.159762,53.335659
151_45,,,-6.159702,53.336557
151_46,,,-6.159642,53.337455
151_47,,,-6.159583,53.338353
151_48,,,-6.159523,53.339251
151_49,,,-6.159463,53.340148
151_50,,,-6.159404,53.341046
151_51,,,-6.159344,53.341944
151_52,,,-6.159284,53.342842
151_53,,,-6.159224,53.34374
151_54,,,-6.159165,53.344637
151_55,5.32,5.35,-6.159105,53.345535
151_56,5.33,5.41,-6.159045,53.346433
151_57,5.35,5.3,-6.158986,53.347331
151_58,5.39,5.43,-6.158926,53.348228
151_59,5.55,5.64,-6.158866,53.349126
151_60,5.67,5.86,-6.158806,53.350024
151_61,5.77,5.76,-6.158747,53.350922
151_62,5.84,5.82,-6.158687,53.35182
151_63,5.77,5.81,-6.158627,53.352717
151_64,5.7,5.81,-6.158567,53.353615
151_65,5.65,5.58,-6.158508,53.354513
151_66,5.79,5.68,-6.158448,53.355411
151_67,5.94,5.89,-6.158388,53.356309
151_68,6.11,5.93,-6.158328,53.357206
151_69,6.27,6.15,-6.158269,53.358104
151_70,6.43,6.36,-6.158209,53.359002
151_71,6.59,6.58,-6.158149,53.3599
151_72,6.76,6.62,-6.158089,53.360797
151_73,6.94,6.84,-6.158029,53.361695
151_74,7.08,7.05,-6.15797,53.362593
151_75,7.26,7.27,-6.15791,53.363491
151_76,7.42,7.32,-6.15785,53.364389
151_77,7.56,7.54,-6.15779,53.365286
151_78,7.76,7.8,-6.15773,53.366184
151_79,7.97,8.11,-6.157671,53.367082
151_80,8.18,8.08,-6.157611,53.36798
151_81,8.34,8.34,-6.157551,53.368877
151_82,8.67,8.78,-6.157491,53.369775
151_83,8.9,9.14,-6.157431,53.370673
151_84,9.12,9.07,-6.157372,53.371571
151_85,9.34,9.42,-6.157312,53.372469
151_86,9.6,9.76,-6.157252,53.373366
151_87,9.79,9.7,-6.157192,53.374264
151_88,10.05,10.02,-6.157132,53.375162
151_89,10.11,10.16,-6.157072,53.37606
151_90,10.28,10.36,-6.157013,53.376957
151_91,10.47,10.6,-6.156953,53.377855
151_92,11.9,12.03,-6.156893,53.378753
151_93,12.09,12.31,-6.156833,53.379651
151_94,12.18,13.61,-6.156773,53.380549
151_95,11.88,11.72,-6.156713,53.381446
151_96,11.74,11.72,-6.156654,53.382344
151_97,11.85,11.75,-6.156594,53.383242
151_98,13.04,13.15,-6.156534,53.38414
151_99,13.51,13.03,-6.156474,53.385037
151_100,13.67,13.61,-6.156414,53.385935
151_101,13.8,13.75,-6.156354,53.386833
151_102,13.97,13.89,-6.156294,53.387731
151_103,14.08,14.04,-6.156234,53.388629
151_104,14.65,14.49,-6.156175,53.389526
151_105,15.1,16.96,-6.156115,53.390424
151_106,14.92,14.88,-6.156055,53.391322
151_107,15.09,15.06,-6.155995,53.39222
151_108,17.29,14.98,-6.155935,53.393117
151_109,14.27,14.6,-6.155875,53.394015
151_110,13.36,13.16,-6.155815,53.394913
151_111,13.1,13.06,-6.155755,53.395811
151_112,12.91,12.99,-6.155695,53.396709
151_113,13.02,13.4,-6.155636,53.397606
151_114,13.45,13.15,-6.155576,53.398504
151_115,12.95,12.84,-6.155516,53.399402
151_116,12.33,12.44,-6.155456,53.4003
151_117,11.72,12.03,-6.155396,53.401197
151_118,11.36,11.38,-6.155336,53.402095
151_119,11.46,11.44,-6.155276,53.402993
151_120,11.56,11.69,-6.155216,53.403891
151_121,10.62,10.58,-6.155156,53.404789
151_122,10.35,10.24,-6.155096,53.405686
151_123,9.97,9.85,-6.155036,53.406584
151_124,9.72,9.81,-6.154976,53.407482
151_125,9.69,9.62,-6.154916,53.40838
151_126,9.71,9.74,-6.154856,53.409277
152_0,9.04,8.9,-6.160887,53.296121
152_1,8.72,8.74,-6.160827,53.297019
152_2,8.96,11.49,-6.160767,53.297917
152_3,7.25,7.8,-6.160708,53.298814
152_4,6.9,6.95,-6.160648,53.299712
152_5,6.49,6.54,-6.160589,53.30061
152_6,6.1,6.12,-6.160529,53.301508
152_7,5.74,5.71,-6.160469,53.302406
152_8,5.34,5.3,-6.16041,53.303303
152_9,4.83,4.83,-6.16035,53.304201
152_10,4.5,4.5,-6.160291,53.305099
152_11,4.41,4.4,-6.160231,53.305997
152_12,4.32,4.31,-6.160171,53.306895
152_13,,,-6.160112,53.307792
152_14,,,-6.160052,53.30869
152_15,,,-6.159993,53.309588
152_16,,,-6.159933,53.310486
152_17,,,-6.159873,53.311383
152_18,,,-6.159814,53.312281
152_19,,,-6.159754,53.313179
152_20,,,-6.159694,53.314077
152_21,,,-6.159635,53.314975
152_22,,,-6.159575,53.315872
152_23,,,-6.159515,53.31677
152_24,,,-6.159456,53.317668
152_25,,,-6.159396,53.318566
152_26,,,-6.159336,53.319464
152_27,,,-6.159277,53.320361
152_28,,,-6.159217,53.321259
152_29,,,-6.159157,53.322157
152_30,,,-6.159098,53.323055
152_31,,,-6.159038,53.323953
152_32,,,-6.158978,53.32485
152_33,,,-6.158919,53.325748
152_34,,,-6.158859,53.326646
152_35,,,-6.158799,53.327544
152_36,,,-6.15874,53.328441
152_37,,,-6.15868,53.329339
152_38,,,-6.15862,53.330237
152_39,,,-6.15856,53.331135
152_40,,,-6.158501,53.332033
152_41,,,-6.158441,53.33293
152_42,,,-6.158381,53.333828
152_43,,,-6.158322,53.334726
152_44,,,-6.158262,53.335624
152_45,,,-6.158202,53.336522
152_46,,,-6.158142,53.337419
152_47,,,-6.158083,53.338317
152_48,,,-6.158023,53.339215
152_49,,,-6.157963,53.340113
152_50,,,-6.157904,53.34101
152_51,,,-6.157844,53.341908
152_52,,,-6.157784,53.342806
152_53,,,-6.157724,53.343704
152_54,,,-6.157665,53.344602
152_55,,5.18,-6.157605,53.345499
152_56,5.16,5.18,-6.157545,53.346397
152_57,5.16,5.06,-6.157485,53.347295
152_58,5.19,5.12,-6.157425,53.348193
152_59,5.19,5.18,-6.157366,53.349091
152_60,5.29,5.33,-6.157306,53.349988
152_61,5.44,5.23,-6.157246,53.350886
152_62,5.54,5.44,-6.157186,53.351784
152_63,5.54,5.59,-6.157127,53.352682
152_64,5.49,5.59,-6.157067,53.353579
152_65,5.42,5.36,-6.157007,53.354477
152_66,5.55,5.49,-6.156947,53.355375
152_67,5.72,5.71,-6.156887,53.356273
152_68,5.88,5.75,-6.156828,53.357171
152_69,6.04,5.96,-6.156768,53.358068
152_70,6.2,6.18,-6.156708,53.358966
152_71,6.38,6.4,-6.156648,53.359864
152_72,6.53,6.45,-6.156588,53.360762
152_73,6.69,6.67,-6.156529,53.361659
152_74,6.87,6.89,-6.156469,53.362557
152_75,7.01,7.11,-6.156409,53.363455
152_76,7.17,7.14,-6.156349,53.364353
152_77,7.36,7.36,-6.156289,53.365251
152_78,7.5,7.58,-6.15623,53.366148
152_79,7.68,7.79,-6.15617,53.367046
152_80,7.84,7.84,-6.15611,53.367944
152_81,7.99,8.06,-6.15605,53.368842
152_82,8.23,8.38,-6.15599,53.369739
152_83,8.48,8.73,-6.15593,53.370637
152_84,8.72,8.77,-6.15587,53.371535
152_85,8.95,9.07,-6.155811,53.372433
152_86,9.2,9.38,-6.155751,53.373331
152_87,9.46,9.49,-6.155691,53.374228
152_88,9.68,9.49,-6.155631,53.375126
152_89,9.94,9.79,-6.155571,53.376024
152_90,10.38,10.24,-6.155511,53.376922
152_91,10.59,10.59,-6.155451,53.377819
152_92,11.2,10.76,-6.155392,53.378717
152_93,11.82,11.72,-6.155332,53.379615
152_94,11.86,11.87,-6.155272,53.380513
152_95,12.91,12.61,-6.155212,53.381411
152_96,11.69,11.72,-6.155152,53.382308
152_97,11.69,11.68,-6.155092,53.383206
152_98,12.08,12.09,-6.155032,53.384104
152_99,13.24,12.99,-6.154972,53.385002
152_100,13.54,13.51,-6.154912,53.385899
152_101,13.64,13.65,-6.154853,53.386797
152_102,14.58,13.94,-6.154793,53.387695
152_103,14.07,14.07,-6.154733,53.388593
152_104,14.66,14.66,-6.154673,53.389491
152_105,15,15.04,-6.154613,53.390388
152_106,14.83,14.77,-6.154553,53.391286
152_107,14.83,14.76,-6.154493,53.392184
152_108,14.4,14.47,-6.154433,53.393082
152_109,13.87,13.98,-6.154373,53.393979
152_110,12.95,12.6,-6.154313,53.394877
152_111,12.64,12.51,-6.154253,53.395775
152_112,12.39,12.42,-6.154193,53.396673
152_113,12.46,12.52,-6.154133,53.397571
152_114,12.83,12.62,-6.154073,53.398468
152_115,12.3,12.15,-6.154014,53.399366
152_116,11.84,11.81,-6.153954,53.400264
152_117,11.47,11.47,-6.153894,53.401162
152_118,11.34,11.34,-6.153834,53.402059
152_119,11.39,11.25,-6.153774,53.402957
152_120,11.1,11.25,-6.153714,53.403855
152_121,10.64,10.93,-6.153654,53.404753
152_122,10.18,10.26,-6.153594,53.40565
152_123,9.71,9.87,-6.153534,53.406548
152_124,9.43,9.49,-6.153474,53.407446
152_125,9.43,9.55,-6.153414,53.408344
152_126,9.61,9.52,-6.153354,53.409242
153_0,8.74,8.72,-6.159388,53.296085
153_1,13.08,8.86,-6.159328,53.296983
153_2,8.57,8.62,-6.159269,53.297881
153_3,7.43,7.37,-6.159209,53.298779
153_4,7.03,7.01,-6.15915,53.299676
153_5,6.63,6.6,-6.15909,53.300574
153_6,6.28,6.18,-6.15903,53.301472
153_7,5.81,5.77,-6.158971,53.30237
153_8,5.29,5.14,-6.158911,53.303268
153_9,4.81,4.67,-6.158851,53.304165
153_10,4.51,4.49,-6.158792,53.305063
153_11,4.42,4.4,-6.158732,53.305961
153_12,4.34,4.3,-6.158672,53.306859
153_13,,,-6.158613,53.307757
153_14,,,-6.158553,53.308654
153_15,,,-6.158494,53.309552
153_16,,,-6.158434,53.31045
153_17,,,-6.158374,53.311348
153_18,,,-6.158315,53.312246
153_19,,,-6.158255,53.313143
153_20,,,-6.158195,53.314041
153_21,,,-6.158136,53.314939
153_22,,,-6.158076,53.315837
153_23,,,-6.158016,53.316734
153_24,,,-6.157956,53.317632
153_25,,,-6.157897,53.31853
153_26,,,-6.157837,53.319428
153_27,,,-6.157777,53.320326
153_28,,,-6.157718,53.321223
153_29,,,-6.157658,53.322121
153_30,,,-6.157598,53.323019
153_31,,,-6.157539,53.323917
153_32,,,-6.157479,53.324815
153_33,,,-6.157419,53.325712
153_34,,,-6.157359,53.32661
153_35,,,-6.1573,53.327508
153_36,,,-6.15724,53.328406
153_37,,,-6.15718,53.329304
153_38,,,-6.15712,53.330201
153_39,,,-6.157061,53.331099
153_40,,,-6.157001,53.331997
153_41,,,-6.156941,53.332895
153_42,,,-6.156882,53.333792
153_43,,,-6.156822,53.33469
153_44,,,-6.156762,53.335588
153_45,,,-6.156702,53.336486
153_46,,,-6.156643,53.337384
153_47,,,-6.156583,53.338281
153_48,,,-6.156523,53.339179
153_49,,,-6.156463,53.340077
153_50,,,-6.156403,53.340975
153_51,,,-6.156344,53.341872
153_52,,,-6.156284,53.34277
153_53,,,-6.156224,53.343668
153_54,,,-6.156164,53.344566
153_55,,,-6.156105,53.345464
153_56,,,-6.156045,53.346361
153_57,4.99,4.89,-6.155985,53.347259
153_58,4.99,4.95,-6.155925,53.348157
153_59,5,5,-6.155865,53.349055
153_60,5.02,5.06,-6.155806,53.349953
153_61,5.06,4.95,-6.155746,53.35085
153_62,5.18,5.13,-6.155686,53.351748
153_63,5.31,5.35,-6.155626,53.352646
153_64,5.27,5.36,-6.155566,53.353544
153_65,5.22,5.13,-6.155506,53.354441
153_66,5.33,5.31,-6.155447,53.355339
153_67,5.47,5.53,-6.155387,53.356237
153_68,5.65,5.75,-6.155327,53.357135
153_69,5.81,5.8,-6.155267,53.358033
153_70,5.97,6.02,-6.155207,53.35893
153_71,6.14,6.23,-6.155147,53.359828
153_72,6.3,6.27,-6.155088,53.360726
153_73,6.46,6.49,-6.155028,53.361624
153_74,6.62,6.71,-6.154968,53.362521
153_75,6.78,6.92,-6.154908,53.363419
153_76,6.94,6.96,-6.154848,53.364317
153_77,7.11,7.18,-6.154788,53.365215
153_78,7.3,7.4,-6.154729,53.366113
153_79,7.45,7.4,-6.154669,53.36701
153_80,7.63,7.48,-6.154609,53.367908
153_81,7.82,7.7,-6.154549,53.368806
153_82,7.99,7.91,-6.154489,53.369704
153_83,8.19,8.17,-6.154429,53.370601
153_84,8.45,8.27,-6.154369,53.371499
153_85,8.7,8.58,-6.154309,53.372397
153_86,8.93,8.88,-6.15425,53.373295
153_87,9.18,9.18,-6.15419,53.374193
153_88,9.42,9.29,-6.15413,53.37509
153_89,9.66,9.59,-6.15407,53.375988
153_90,9.99,9.96,-6.15401,53.376886
153_91,10.56,10.28,-6.15395,53.377784
153_92,10.92,10.94,-6.15389,53.378681
153_93,11.46,11.45,-6.15383,53.379579
153_94,11.89,11.89,-6.15377,53.380477
153_95,12.72,12.38,-6.15371,53.381375
153_96,11.77,11.77,-6.15365,53.382273
153_97,11.68,11.69,-6.153591,53.38317
153_98,12.54,12.3,-6.153531,53.384068
153_99,13.33,13.32,-6.153471,53.384966
153_100,13.38,13.38,-6.153411,53.385864
153_101,13.47,13.5,-6.153351,53.386761
153_102,14.73,14.64,-6.153291,53.387659
153_103,15.56,15.84,-6.153231,53.388557
153_104,17.03,17.03,-6.153171,53.389455
153_105,14.8,14.87,-6.153111,53.390353
153_106,14.55,14.77,-6.153051,53.39125
153_107,14.36,14.13,-6.152991,53.392148
153_108,13.76,13.52,-6.152931,53.393046
153_109,13.09,13.17,-6.152871,53.393944
153_110,12.49,12.23,-6.152811,53.394841
153_111,12.32,12.35,-6.152751,53.395739
153_112,12.39,12.35,-6.152691,53.396637
153_113,12.47,12.43,-6.152631,53.397535
153_114,12.75,12.67,-6.152571,53.398432
153_115,12.28,12.47,-6.152511,53.39933
153_116,11.75,11.95,-6.152451,53.400228
153_117,11.29,11.52,-6.152391,53.401126
153_118,11.22,11.21,-6.152331,53.402024
153_119,11.12,11.14,-6.152271,53.402921
153_120,10.91,10.99,-6.152211,53.403819
153_121,10.45,10.65,-6.152151,53.404717
153_122,9.92,9.88,-6.152091,53.405615
153_123,9.41,9.49,-6.152031,53.406512
153_124,9.18,9.23,-6.151971,53.40741
153_125,9.27,9.29,-6.151911,53.408308
153_126,9.29,9.15,-6.151851,53.409206
154_0,8.82,8.87,-6.15789,53.29605
154_1,8.63,8.38,-6.15783,53.296947
154_2,8.17,8.23,-6.15777,53.297845
154_3,7.57,7.43,-6.157711,53.298743
154_4,7.21,7.03,-6.157651,53.299641
154_5,6.77,6.56,-6.157591,53.300539
154_6,6.26,6.09,-6.157532,53.301436
154_7,5.79,6.09,-6.157472,53.302334
154_8,5.27,5.46,-6.157412,53.303232
154_9,4.76,4.98,-6.157353,53.30413
154_10,4.52,4.56,-6.157293,53.305027
154_11,4.43,4.47,-6.157233,53.305925
154_12,4.34,4.37,-6.157174,53.306823
154_13,,,-6.157114,53.307721
154_14,,,-6.157054,53.308619
154_15,,,-6.156995,53.309516
154_16,,,-6.156935,53.310414
154_17,,,-6.156875,53.311312
154_18,,,-6.156815,53.31221
154_19,,,-6.156756,53.313108
154_20,,,-6.156696,53.314005
154_21,,,-6.156636,53.314903
154_22,,,-6.156577,53.315801
154_23,,,-6.156517,53.316699
154_24,,,-6.156457,53.317597
154_25,,,-6.156397,53.318494
154_26,,,-6.156338,53.319392
154_27,,,-6.156278,53.32029
154_28,,,-6.156218,53.321188
154_29,,,-6.156159,53.322085
154_30,,,-6.156099,53.322983
154_31,,,-6.156039,53.323881
154_32,,,-6.155979,53.324779
154_33,,,-6.15592,53.325677
154_34,,,-6.15586,53.326574
154_35,,,-6.1558,53.327472
154_36,,,-6.15574,53.32837
154_37,,,-6.155681,53.329268
154_38,,,-6.155621,53.330166
154_39,,,-6.155561,53.331063
154_40,,,-6.155501,53.331961
154_41,,,-6.155441,53.332859
154_42,,,-6.155382,53.333757
154_43,,,-6.155322,53.334654
154_44,,,-6.155262,53.335552
154_45,,,-6.155202,53.33645
154_46,,,-6.155143,53.337348
154_47,,,-6.155083,53.338246
154_48,,,-6.155023,53.339143
154_49,,,-6.154963,53.340041
154_50,,,-6.154903,53.340939
154_51,,,-6.154844,53.341837
154_52,,,-6.154784,53.342734
154_53,,,-6.154724,53.343632
154_54,,,-6.154664,53.34453
154_55,,,-6.154604,53.345428
154_56,,,-6.154544,53.346326
154_57,,,-6.154485,53.347223
154_58,4.8,4.77,-6.154425,53.348121
154_59,4.82,4.83,-6.154365,53.349019
154_60,4.83,4.89,-6.154305,53.349917
154_61,4.83,4.77,-6.154245,53.350815
154_62,4.85,4.83,-6.154185,53.351712
154_63,4.96,5.03,-6.154126,53.35261
154_64,5.06,5.13,-6.154066,53.353508
154_65,4.99,4.93,-6.154006,53.354406
154_66,5.08,5.15,-6.153946,53.355303
154_67,5.26,5.36,-6.153886,53.356201
154_68,5.4,5.58,-6.153826,53.357099
154_69,5.58,5.62,-6.153766,53.357997
154_70,5.75,5.83,-6.153707,53.358895
154_71,5.89,5.83,-6.153647,53.359792
154_72,6.07,6.05,-6.153587,53.36069
154_73,6.23,6.09,-6.153527,53.361588
154_74,6.38,6.31,-6.153467,53.362486
154_75,6.57,6.53,-6.153407,53.363383
154_76,6.75,6.61,-6.153347,53.364281
154_77,6.94,6.83,-6.153287,53.365179
154_78,7.1,7.05,-6.153228,53.366077
154_79,7.28,7.26,-6.153168,53.366975
154_80,7.47,7.35,-6.153108,53.367872
154_81,7.62,7.57,-6.153048,53.36877
154_82,7.79,7.77,-6.152988,53.369668
154_83,7.97,7.98,-6.152928,53.370566
154_84,8.17,8.08,-6.152868,53.371463
154_85,8.43,8.38,-6.152808,53.372361
154_86,8.68,8.69,-6.152748,53.373259
154_87,8.89,8.99,-6.152688,53.374157
154_88,9.15,9.1,-6.152628,53.375055
154_89,9.4,9.4,-6.152569,53.375952
154_90,9.65,9.74,-6.152509,53.37685
154_91,10.03,10.28,-6.152449,53.377748
154_92,10.6,10.6,-6.152389,53.378646
154_93,11.18,11.24,-6.152329,53.379543
154_94,11.62,11.8,-6.152269,53.380441
154_95,11.96,11.98,-6.152209,53.381339
154_96,11.77,11.73,-6.152149,53.382237
154_97,11.6,11.85,-6.152089,53.383134
154_98,12.38,12.91,-6.152029,53.384032
154_99,13.26,13.17,-6.151969,53.38493
154_100,13.32,13.34,-6.151909,53.385828
154_101,13.39,14.1,-6.151849,53.386726
154_102,13.5,13.79,-6.151789,53.387623
154_103,13.75,13.02,-6.151729,53.388521
154_104,14.21,13.67,-6.151669,53.389419
154_105,14.03,14.25,-6.151609,53.390317
154_106,13.91,14.16,-6.151549,53.391214
154_107,14.09,13.85,-6.151489,53.392112
154_108,13.69,13.93,-6.151429,53.39301
154_109,13.03,13.32,-6.151369,53.393908
154_110,12.5,12.71,-6.151309,53.394806
154_111,12.19,12.31,-6.151249,53.395703
154_112,12.21,12.16,-6.151189,53.396601
154_113,12.38,12.32,-6.151129,53.397499
154_114,12.77,12.77,-6.151069,53.398397
154_115,12.21,12.28,-6.151009,53.399294
154_116,11.69,11.76,-6.150949,53.400192
154_117,11.26,11.32,-6.150889,53.40109
154_118,11.16,11.11,-6.150829,53.401988
154_119,10.99,10.98,-6.150769,53.402885
154_120,10.82,10.84,-6.150709,53.403783
154_121,10.52,10.55,-6.150649,53.404681
154_122,9.85,9.75,-6.150589,53.405579
154_123,9.19,9.12,-6.150529,53.406477
154_124,8.92,8.96,-6.150469,53.407374
154_125,8.93,9.11,-6.150409,53.408272
154_126,8.83,8.75,-6.150349,53.40917
155_0,8.94,9.03,-6.156391,53.296014
155_1,8.53,8.68,-6.156331,53.296912
155_2,8.17,8.31,-6.156272,53.297809
155_3,7.74,7.92,-6.156212,53.298707
155_4,7.22,7.35,-6.156152,53.299605
155_5,6.77,6.88,-6.156093,53.300503
155_6,6.25,6.4,-6.156033,53.301401
155_7,5.73,5.93,-6.155973,53.302298
155_8,5.27,5.3,-6.155914,53.303196
155_9,4.75,4.83,-6.155854,53.304094
155_10,4.53,4.55,-6.155794,53.304992
155_11,4.45,4.46,-6.155734,53.30589
155_12,,,-6.155675,53.306787
155_13,,,-6.155615,53.307685
155_14,,,-6.155555,53.308583
155_15,,,-6.155496,53.309481
155_16,,,-6.155436,53.310378
155_17,,,-6.155376,53.311276
155_18,,,-6.155316,53.312174
155_19,,,-6.155257,53.313072
155_20,,,-6.155197,53.31397
155_21,,,-6.155137,53.314867
155_22,,,-6.155077,53.315765
155_23,,,-6.155018,53.316663
155_24,,,-6.154958,53.317561
155_25,,,-6.154898,53.318459
155_26,,,-6.154838,53.319356
155_27,,,-6.154779,53.320254
155_28,,,-6.154719,53.321152
155_29,,,-6.154659,53.32205
155_30,,,-6.154599,53.322947
155_31,,,-6.15454,53.323845
155_32,,,-6.15448,53.324743
155_33,,,-6.15442,53.325641
155_34,,,-6.15436,53.326539
155_35,,,-6.1543,53.327436
155_36,,,-6.154241,53.328334
155_37,,,-6.154181,53.329232
155_38,,,-6.154121,53.33013
155_39,,,-6.154061,53.331028
155_40,,,-6.154001,53.331925
155_41,,,-6.153942,53.332823
155_42,,,-6.153882,53.333721
155_43,,,-6.153822,53.334619
155_44,,,-6.153762,53.335516
155_45,,,-6.153702,53.336414
155_46,,,-6.153643,53.337312
155_47,,,-6.153583,53.33821
155_48,,,-6.153523,53.339108
155_49,,,-6.153463,53.340005
155_50,,,-6.153403,53.340903
155_51,,,-6.153343,53.341801
155_52,,,-6.153284,53.342699
155_53,,,-6.153224,53.343596
155_54,,,-6.153164,53.344494
155_55,,,-6.153104,53.345392
155_56,,,-6.153044,53.34629
155_57,,,-6.152984,53.347188
155_58,,,-6.152924,53.348085
155_59,4.64,4.65,-6.152865,53.348983
155_60,4.65,4.71,-6.152805,53.349881
155_61,4.66,4.61,-6.152745,53.350779
155_62,4.67,4.67,-6.152685,53.351676
155_63,4.68,4.67,-6.152625,53.352574
155_64,4.73,4.75,-6.152565,53.353472
155_65,4.77,4.65,-6.152505,53.35437
155_66,4.85,4.74,-6.152445,53.355268
155_67,5.01,4.96,-6.152386,53.356165
155_68,5.19,5.18,-6.152326,53.357063
155_69,5.34,5.22,-6.152266,53.357961
155_70,5.5,5.44,-6.152206,53.358859
155_71,5.69,5.65,-6.152146,53.359756
155_72,5.85,5.87,-6.152086,53.360654
155_73,6.03,5.96,-6.152026,53.361552
155_74,6.22,6.17,-6.151966,53.36245
155_75,6.4,6.39,-6.151906,53.363348
155_76,6.56,6.48,-6.151846,53.364245
155_77,6.74,6.69,-6.151787,53.365143
155_78,6.92,6.91,-6.151727,53.366041
155_79,7.09,7.13,-6.151667,53.366939
155_80,7.27,7.21,-6.151607,53.367836
155_81,7.44,7.43,-6.151547,53.368734
155_82,7.6,7.64,-6.151487,53.369632
155_83,7.77,7.84,-6.151427,53.37053
155_84,7.95,7.91,-6.151367,53.371428
155_85,8.15,8.19,-6.151307,53.372325
155_86,8.39,8.49,-6.151247,53.373223
155_87,8.66,8.79,-6.151187,53.374121
155_88,8.87,8.9,-6.151127,53.375019
155_89,9.11,9.2,-6.151067,53.375916
155_90,9.4,9.55,-6.151007,53.376814
155_91,9.69,9.92,-6.150947,53.377712
155_92,10.08,10.24,-6.150887,53.37861
155_93,10.64,10.89,-6.150827,53.379508
155_94,11.15,11.51,-6.150767,53.380405
155_95,11.68,11.19,-6.150707,53.381303
155_96,11.8,11.75,-6.150647,53.382201
155_97,11.78,11.83,-6.150587,53.383099
155_98,11.53,12.28,-6.150527,53.383996
155_99,12.57,11.57,-6.150467,53.384894
155_100,12.88,12.68,-6.150407,53.385792
155_101,12.87,12.93,-6.150347,53.38669
155_102,12.6,12.88,-6.150287,53.387587
155_103,12.73,12.69,-6.150227,53.388485
155_104,13.36,13.07,-6.150167,53.389383
155_105,13.3,13.35,-6.150107,53.390281
155_106,13.47,13.59,-6.150047,53.391179
155_107,13.6,13.42,-6.149987,53.392076
155_108,13.69,13.68,-6.149927,53.392974
155_109,13.02,13.12,-6.149867,53.393872
155_110,12.65,12.64,-6.149807,53.39477
155_111,12.36,12.4,-6.149747,53.395667
155_112,12.08,12.08,-6.149687,53.396565
155_113,12.48,12.42,-6.149627,53.397463
155_114,12.63,12.77,-6.149567,53.398361
155_115,12.18,12.1,-6.149507,53.399259
155_116,11.62,11.57,-6.149447,53.400156
155_117,11.22,11.22,-6.149387,53.401054
155_118,11.04,10.92,-6.149327,53.401952
155_119,10.86,10.79,-6.149267,53.40285
155_120,10.65,10.65,-6.149207,53.403747
155_121,10.41,10.42,-6.149147,53.404645
155_122,9.72,9.36,-6.149087,53.405543
155_123,9,8.8,-6.149027,53.406441
155_124,8.71,8.72,-6.148967,53.407338
155_125,8.69,8.73,-6.148907,53.408236
155_126,8.71,,-6.148846,53.409134
156_0,8.83,9.03,-6.154893,53.295978
156_1,8.4,8.36,-6.154833,53.296876
156_2,7.93,8,-6.154773,53.297774
156_3,7.69,7.75,-6.154713,53.298671
156_4,7.22,7.19,-6.154654,53.299569
156_5,6.7,6.72,-6.154594,53.300467
156_6,6.23,6.25,-6.154534,53.301365
156_7,5.73,5.77,-6.154474,53.302263
156_8,5.2,5.14,-6.154415,53.30316
156_9,4.75,4.67,-6.154355,53.304058
156_10,4.54,4.54,-6.154295,53.304956
156_11,4.45,4.45,-6.154236,53.305854
156_12,,,-6.154176,53.306752
156_13,,,-6.154116,53.307649
156_14,,,-6.154056,53.308547
156_15,,,-6.153997,53.309445
156_16,,,-6.153937,53.310343
156_17,,,-6.153877,53.31124
156_18,,,-6.153817,53.312138
156_19,,,-6.153758,53.313036
156_20,,,-6.153698,53.313934
156_21,,,-6.153638,53.314832
156_22,,,-6.153578,53.315729
156_23,,,-6.153518,53.316627
156_24,,,-6.153459,53.317525
156_25,,,-6.153399,53.318423
156_26,,,-6.153339,53.319321
156_27,,,-6.153279,53.320218
156_28,,,-6.153219,53.321116
156_29,,,-6.15316,53.322014
156_30,,,-6.1531,53.322912
156_31,,,-6.15304,53.323809
156_32,,,-6.15298,53.324707
156_33,,,-6.15292,53.325605
156_34,,,-6.152861,53.326503
156_35,,,-6.152801,53.327401
156_36,,,-6.152741,53.328298
156_37,,,-6.152681,53.329196
156_38,,,-6.152621,53.330094
156_39,,,-6.152562,53.330992
156_40,,,-6.152502,53.331889
156_41,,,-6.152442,53.332787
156_42,,,-6.152382,53.333685
156_43,,,-6.152322,53.334583
156_44,,,-6.152262,53.335481
156_45,,,-6.152202,53.336378
156_46,,,-6.152143,53.337276
156_47,,,-6.152083,53.338174
156_48,,,-6.152023,53.339072
156_49,,,-6.151963,53.33997
156_50,,,-6.151903,53.340867
156_51,,,-6.151843,53.341765
156_52,,,-6.151783,53.342663
156_53,,,-6.151724,53.343561
156_54,,,-6.151664,53.344458
156_55,,,-6.151604,53.345356
156_56,,,-6.151544,53.346254
156_57,,,-6.151484,53.347152
156_58,,,-6.151424,53.34805
156_59,,,-6.151364,53.348947
156_60,4.47,,-6.151304,53.349845
156_61,4.47,4.38,-6.151244,53.350743
156_62,4.49,4.44,-6.151185,53.351641
156_63,4.5,4.5,-6.151125,53.352538
156_64,4.5,4.56,-6.151065,53.353436
156_65,4.52,4.45,-6.151005,53.354334
156_66,4.62,4.56,-6.150945,53.355232
156_67,4.79,4.78,-6.150885,53.35613
156_68,4.97,5,-6.150825,53.357027
156_69,5.15,5.08,-6.150765,53.357925
156_70,5.31,5.3,-6.150705,53.358823
156_71,5.49,5.52,-6.150645,53.359721
156_72,5.67,5.74,-6.150585,53.360618
156_73,5.86,5.82,-6.150525,53.361516
156_74,6.02,6.04,-6.150465,53.362414
156_75,6.21,6.26,-6.150405,53.363312
156_76,6.39,6.48,-6.150346,53.36421
156_77,6.54,6.56,-6.150286,53.365107
156_78,6.73,6.78,-6.150226,53.366005
156_79,6.91,6.99,-6.150166,53.366903
156_80,7.07,7.08,-6.150106,53.367801
156_81,7.26,7.29,-6.150046,53.368698
156_82,7.42,7.5,-6.149986,53.369596
156_83,7.58,7.7,-6.149926,53.370494
156_84,7.75,7.77,-6.149866,53.371392
156_85,7.91,7.99,-6.149806,53.372289
156_86,8.16,8.3,-6.149746,53.373187
156_87,8.37,8.3,-6.149686,53.374085
156_88,8.61,8.41,-6.149626,53.374983
156_89,8.88,8.71,-6.149566,53.375881
156_90,9.1,9.01,-6.149506,53.376778
156_91,9.41,9.35,-6.149446,53.377676
156_92,9.71,9.51,-6.149386,53.378574
156_93,10.09,9.89,-6.149326,53.379472
156_94,10.66,10.53,-6.149266,53.380369
156_95,11.07,11.19,-6.149206,53.381267
156_96,11.02,10.86,-6.149146,53.382165
156_97,11.4,11.41,-6.149086,53.383063
156_98,10.88,11.04,-6.149026,53.383961
156_99,11.67,11.41,-6.148966,53.384858
156_100,12.32,12.2,-6.148906,53.385756
156_101,12.28,12.36,-6.148846,53.386654
156_102,13.88,13.71,-6.148786,53.387552
156_103,12.68,12.69,-6.148726,53.388449
156_104,12.78,12.78,-6.148666,53.389347
156_105,12.91,12.9,-6.148606,53.390245
156_106,13.01,13.16,-6.148546,53.391143
156_107,13.14,13.17,-6.148486,53.39204
156_108,13.27,13.25,-6.148425,53.392938
156_109,13.14,13.05,-6.148365,53.393836
156_110,12.86,12.72,-6.148305,53.394734
156_111,12.59,12.58,-6.148245,53.395632
156_112,12.36,12.26,-6.148185,53.396529
156_113,12.55,12.68,-6.148125,53.397427
156_114,12.4,12.48,-6.148065,53.398325
156_115,12.18,11.89,-6.148005,53.399223
156_116,11.43,11.12,-6.147945,53.40012
156_117,11.03,11.05,-6.147885,53.401018
156_118,10.84,10.67,-6.147825,53.401916
156_119,10.65,10.67,-6.147765,53.402814
156_120,10.43,10.52,-6.147705,53.403711
156_121,10.11,10.37,-6.147644,53.404609
156_122,9.44,9.49,-6.147584,53.405507
156_123,8.92,9,-6.147524,53.406405
156_124,8.75,8.82,-6.147464,53.407303
156_125,8.61,8.64,-6.147404,53.4082
156_126,8.68,8.66,-6.147344,53.409098
157_0,8.58,8.72,-6.153394,53.295942
157_1,8.15,8,-6.153334,53.29684
157_2,7.82,7.8,-6.153275,53.297738
157_3,7.61,7.61,-6.153215,53.298636
157_4,7.2,7.03,-6.153155,53.299533
157_5,6.69,6.56,-6.153095,53.300431
157_6,6.18,6.09,-6.153036,53.301329
157_7,5.71,5.61,-6.152976,53.302227
157_8,5.2,4.98,-6.152916,53.303125
157_9,4.68,4.61,-6.152856,53.304022
157_10,4.55,4.52,-6.152796,53.30492
157_11,,,-6.152737,53.305818
157_12,,,-6.152677,53.306716
157_13,,,-6.152617,53.307614
157_14,,,-6.152557,53.308511
157_15,,,-6.152498,53.309409
157_16,,,-6.152438,53.310307
157_17,,,-6.152378,53.311205
157_18,,,-6.152318,53.312102
157_19,,,-6.152258,53.313
157_20,,,-6.152199,53.313898
157_21,,,-6.152139,53.314796
157_22,,,-6.152079,53.315694
157_23,,,-6.152019,53.316591
157_24,,,-6.151959,53.317489
157_25,,,-6.1519,53.318387
157_26,,,-6.15184,53.319285
157_27,,,-6.15178,53.320182
157_28,,,-6.15172,53.32108
157_29,,,-6.15166,53.321978
157_30,,,-6.1516,53.322876
157_31,,,-6.151541,53.323774
157_32,,,-6.151481,53.324671
157_33,,,-6.151421,53.325569
157_34,,,-6.151361,53.326467
157_35,,,-6.151301,53.327365
157_36,,,-6.151241,53.328263
157_37,,,-6.151182,53.32916
157_38,,,-6.151122,53.330058
157_39,,,-6.151062,53.330956
157_40,,,-6.151002,53.331854
157_41,,,-6.150942,53.332751
157_42,,,-6.150882,53.333649
157_43,,,-6.150822,53.334547
157_44,,,-6.150762,53.335445
157_45,,,-6.150703,53.336343
157_46,,,-6.150643,53.33724
157_47,,,-6.150583,53.338138
157_48,,,-6.150523,53.339036
157_49,,,-6.150463,53.339934
157_50,,,-6.150403,53.340831
157_51,,,-6.150343,53.341729
157_52,,,-6.150283,53.342627
157_53,,,-6.150223,53.343525
157_54,,,-6.150163,53.344423
157_55,,,-6.150104,53.34532
157_56,,,-6.150044,53.346218
157_57,,,-6.149984,53.347116
157_58,,,-6.149924,53.348014
157_59,,,-6.149864,53.348911
157_60,,,-6.149804,53.349809
157_61,,4.38,-6.149744,53.350707
157_62,4.3,4.27,-6.149684,53.351605
157_63,4.33,4.33,-6.149624,53.352503
157_64,4.39,4.39,-6.149564,53.3534
157_65,4.43,4.41,-6.149504,53.354298
157_66,4.43,4.43,-6.149444,53.355196
157_67,4.61,4.65,-6.149384,53.356094
157_68,4.79,4.87,-6.149324,53.356991
157_69,4.96,4.95,-6.149264,53.357889
157_70,5.14,5.17,-6.149204,53.358787
157_71,5.31,5.38,-6.149145,53.359685
157_72,5.48,5.6,-6.149085,53.360583
157_73,5.66,5.69,-6.149025,53.36148
157_74,5.85,5.9,-6.148965,53.362378
157_75,6.01,6.12,-6.148905,53.363276
157_76,6.19,6.34,-6.148845,53.364174
157_77,6.38,6.42,-6.148785,53.365071
157_78,6.53,6.42,-6.148725,53.365969
157_79,6.71,6.64,-6.148665,53.366867
157_80,6.9,6.86,-6.148605,53.367765
157_81,7.05,6.94,-6.148545,53.368663
157_82,7.23,7.15,-6.148485,53.36956
157_83,7.4,7.36,-6.148425,53.370458
157_84,7.57,7.43,-6.148365,53.371356
157_85,7.73,7.64,-6.148305,53.372254
157_86,7.89,7.84,-6.148245,53.373151
157_87,8.12,8.1,-6.148185,53.374049
157_88,8.35,8.21,-6.148125,53.374947
157_89,8.59,8.51,-6.148065,53.375845
157_90,8.86,8.82,-6.148005,53.376742
157_91,9.11,9.16,-6.147945,53.37764
157_92,9.41,9.31,-6.147885,53.378538
157_93,9.72,9.66,-6.147824,53.379436
157_94,9.94,10.09,-6.147764,53.380334
157_95,10.2,10.56,-6.147704,53.381231
157_96,10.44,10.37,-6.147644,53.382129
157_97,13.62,13.62,-6.147584,53.383027
157_98,10.66,10.58,-6.147524,53.383925
157_99,12.35,11.41,-6.147464,53.384822
157_100,12.06,12.11,-6.147404,53.38572
157_101,12.31,13.62,-6.147344,53.386618
157_102,12.6,13.17,-6.147284,53.387516
157_103,13.52,13.42,-6.147224,53.388413
157_104,12.75,12.85,-6.147164,53.389311
157_105,13.04,13.05,-6.147104,53.390209
157_106,13.13,13.11,-6.147044,53.391107
157_107,13.21,13.22,-6.146984,53.392005
157_108,13.23,13.17,-6.146924,53.392902
157_109,12.83,12.9,-6.146863,53.3938
157_110,12.73,12.9,-6.146803,53.394698
157_111,12.68,12.46,-6.146743,53.395596
157_112,12.58,12.51,-6.146683,53.396493
157_113,12.45,12.44,-6.146623,53.397391
157_114,13.43,12.51,-6.146563,53.398289
157_115,10.97,10.96,-6.146503,53.399187
157_116,10.74,10.83,-6.146443,53.400084
157_117,10.84,10.8,-6.146383,53.400982
157_118,10.63,10.8,-6.146323,53.40188
157_119,10.41,10.36,-6.146262,53.402778
157_120,10.19,10.19,-6.146202,53.403676
157_121,9.82,10.08,-6.146142,53.404573
157_122,9.14,9.19,-6.146082,53.405471
157_123,8.99,9.01,-6.146022,53.406369
157_124,8.83,8.84,-6.145962,53.407267
157_125,8.68,8.68,-6.145902,53.408164
157_126,8.66,8.68,-6.145841,53.409062
158_0,8.34,8.37,-6.151896,53.295906
158_1,7.94,7.85,-6.151836,53.296804
158_2,7.76,7.68,-6.151776,53.297702
158_3,7.56,7.43,-6.151716,53.2986
158_4,7.11,7.03,-6.151656,53.299498
158_5,6.64,6.4,-6.151597,53.300395
158_6,6.17,6.4,-6.151537,53.301293
158_7,5.66,5.93,-6.151477,53.302191
158_8,5.14,5.3,-6.151417,53.303089
158_9,4.67,4.83,-6.151357,53.303987
158_10,4.56,4.6,-6.151298,53.304884
158_11,,,-6.151238,53.305782
158_12,,,-6.151178,53.30668
158_13,,,-6.151118,53.307578
158_14,,,-6.151058,53.308475
158_15,,,-6.150999,53.309373
158_16,,,-6.150939,53.310271
158_17,,,-6.150879,53.311169
158_18,,,-6.150819,53.312067
158_19,,,-6.150759,53.312964
158_20,,,-6.150699,53.313862
158_21,,,-6.15064,53.31476
158_22,,,-6.15058,53.315658
158_23,,,-6.15052,53.316556
158_24,,,-6.15046,53.317453
158_25,,,-6.1504,53.318351
158_26,,,-6.15034,53.319249
158_27,,,-6.150281,53.320147
158_28,,,-6.150221,53.321044
158_29,,,-6.150161,53.321942
158_30,,,-6.150101,53.32284
158_31,,,-6.150041,53.323738
158_32,,,-6.149981,53.324636
158_33,,,-6.149921,53.325533
158_34,,,-6.149861,53.326431
158_35,,,-6.149802,53.327329
158_36,,,-6.149742,53.328227
158_37,,,-6.149682,53.329124
158_38,,,-6.149622,53.330022
158_39,,,-6.149562,53.33092
158_40,,,-6.149502,53.331818
158_41,,,-6.149442,53.332716
158_42,,,-6.149382,53.333613
158_43,,,-6.149322,53.334511
158_44,,,-6.149263,53.335409
158_45,,,-6.149203,53.336307
158_46,,,-6.149143,53.337204
158_47,,,-6.149083,53.338102
158_48,,,-6.149023,53.339
158_49,,,-6.148963,53.339898
158_50,,,-6.148903,53.340796
158_51,,,-6.148843,53.341693
158_52,,,-6.148783,53.342591
158_53,,,-6.148723,53.343489
158_54,,,-6.148663,53.344387
158_55,,,-6.148603,53.345284
158_56,,,-6.148543,53.346182
158_57,,,-6.148483,53.34708
158_58,,,-6.148423,53.347978
158_59,,,-6.148364,53.348876
158_60,,,-6.148304,53.349773
158_61,,,-6.148244,53.350671
158_62,,,-6.148184,53.351569
158_63,4.3,4.32,-6.148124,53.352467
158_64,4.36,4.38,-6.148064,53.353364
158_65,4.38,4.35,-6.148004,53.354262
158_66,4.37,4.36,-6.147944,53.35516
158_67,4.41,4.51,-6.147884,53.356058
158_68,4.6,4.73,-6.147824,53.356956
158_69,4.78,4.81,-6.147764,53.357853
158_70,4.94,4.81,-6.147704,53.358751
158_71,5.13,5.03,-6.147644,53.359649
158_72,5.3,5.25,-6.147584,53.360547
158_73,5.47,5.33,-6.147524,53.361444
158_74,5.65,5.55,-6.147464,53.362342
158_75,5.83,5.77,-6.147404,53.36324
158_76,6,5.99,-6.147344,53.364138
158_77,6.18,6.07,-6.147284,53.365036
158_78,6.35,6.29,-6.147224,53.365933
158_79,6.52,6.51,-6.147164,53.366831
158_80,6.7,6.72,-6.147104,53.367729
158_81,6.89,6.8,-6.147044,53.368627
158_82,7.05,7.01,-6.146984,53.369524
158_83,7.2,7.22,-6.146924,53.370422
158_84,7.38,7.29,-6.146864,53.37132
158_85,7.55,7.5,-6.146803,53.372218
158_86,7.69,7.7,-6.146743,53.373115
158_87,7.87,7.91,-6.146683,53.374013
158_88,8.09,8.02,-6.146623,53.374911
158_89,8.33,8.32,-6.146563,53.375809
158_90,8.57,8.62,-6.146503,53.376707
158_91,8.85,8.96,-6.146443,53.377604
158_92,9.12,9.12,-6.146383,53.378502
158_93,9.42,9.44,-6.146323,53.3794
158_94,9.59,9.69,-6.146263,53.380298
158_95,9.75,9.93,-6.146203,53.381195
158_96,9.91,9.96,-6.146143,53.382093
158_97,10.41,10.58,-6.146083,53.382991
158_98,10.69,10.64,-6.146023,53.383889
158_99,10.68,10.59,-6.145963,53.384786
158_100,11.92,13.19,-6.145902,53.385684
158_101,12.4,12.43,-6.145842,53.386582
158_102,12.43,12.43,-6.145782,53.38748
158_103,12.6,12.54,-6.145722,53.388378
158_104,12.71,12.65,-6.145662,53.389275
158_105,13.3,12.77,-6.145602,53.390173
158_106,13.91,13.9,-6.145542,53.391071
158_107,13.19,13.18,-6.145482,53.391969
158_108,13.19,13.18,-6.145422,53.392866
158_109,12.58,12.79,-6.145362,53.393764
158_110,12.28,12.42,-6.145301,53.394662
158_111,12.19,11.94,-6.145241,53.39556
158_112,11.91,11.83,-6.145181,53.396457
158_113,11.56,11.71,-6.145121,53.397355
158_114,11.04,11.22,-6.145061,53.398253
158_115,10.84,10.8,-6.145001,53.399151
158_116,10.72,10.72,-6.144941,53.400049
158_117,10.61,10.62,-6.14488,53.400946
158_118,10.41,10.54,-6.14482,53.401844
158_119,10.13,10.03,-6.14476,53.402742
158_120,10,10,-6.1447,53.40364
158_121,9.58,9.61,-6.14464,53.404537
158_122,9.21,9.19,-6.14458,53.405435
158_123,9.05,9.05,-6.14452,53.406333
158_124,8.92,8.89,-6.144459,53.407231
158_125,8.77,8.73,-6.144399,53.408128
158_126,8.67,8.7,-6.144339,53.409026
159_0,8.17,,-6.150397,53.295871
159_1,7.88,7.94,-6.150337,53.296768
159_2,7.68,7.74,-6.150277,53.297666
159_3,7.46,7.57,-6.150218,53.298564
159_4,7.07,7.26,-6.150158,53.299462
159_5,6.62,6.68,-6.150098,53.30036
159_6,6.12,6.24,-6.150038,53.301257
159_7,5.65,5.77,-6.149978,53.302155
159_8,5.12,5.3,-6.149918,53.303053
159_9,4.66,4.67,-6.149859,53.303951
159_10,4.58,4.58,-6.149799,53.304849
159_11,,,-6.149739,53.305746
159_12,,,-6.149679,53.306644
159_13,,,-6.149619,53.307542
159_14,,,-6.149559,53.30844
159_15,,,-6.1495,53.309337
159_16,,,-6.14944,53.310235
159_17,,,-6.14938,53.311133
159_18,,,-6.14932,53.312031
159_19,,,-6.14926,53.312929
159_20,,,-6.1492,53.313826
159_21,,,-6.14914,53.314724
159_22,,,-6.149081,53.315622
159_23,,,-6.149021,53.31652
159_24,,,-6.148961,53.317417
159_25,,,-6.148901,53.318315
159_26,,,-6.148841,53.319213
159_27,,,-6.148781,53.320111
159_28,,,-6.148721,53.321009
159_29,,,-6.148661,53.321906
159_30,,,-6.148602,53.322804
159_31,,,-6.148542,53.323702
159_32,,,-6.148482,53.3246
159_33,,,-6.148422,53.325497
159_34,,,-6.148362,53.326395
159_35,,,-6.148302,53.327293
159_36,,,-6.148242,53.328191
159_37,,,-6.148182,53.329089
159_38,,,-6.148122,53.329986
159_39,,,-6.148062,53.330884
159_40,,,-6.148002,53.331782
159_41,,,-6.147942,53.33268
159_42,,,-6.147883,53.333578
159_43,,,-6.147823,53.334475
159_44,,,-6.147763,53.335373
159_45,,,-6.147703,53.336271
159_46,,,-6.147643,53.337169
159_47,,,-6.147583,53.338066
159_48,,,-6.147523,53.338964
159_49,,,-6.147463,53.339862
159_50,,,-6.147403,53.34076
159_51,,,-6.147343,53.341658
159_52,,,-6.147283,53.342555
159_53,,,-6.147223,53.343453
159_54,,,-6.147163,53.344351
159_55,,,-6.147103,53.345249
159_56,,,-6.147043,53.346146
159_57,,,-6.146983,53.347044
159_58,,,-6.146923,53.347942
159_59,,,-6.146863,53.34884
159_60,,,-6.146803,53.349737
159_61,,,-6.146743,53.350635
159_62,,,-6.146683,53.351533
159_63,,,-6.146623,53.352431
159_64,4.32,,-6.146563,53.353329
159_65,4.31,4.34,-6.146503,53.354226
159_66,4.3,4.29,-6.146443,53.355124
159_67,4.3,4.3,-6.146383,53.356022
159_68,4.4,4.38,-6.146323,53.35692
159_69,4.58,4.46,-6.146263,53.357817
159_70,4.77,4.68,-6.146203,53.358715
159_71,4.93,4.9,-6.146143,53.359613
159_72,5.12,5.11,-6.146083,53.360511
159_73,5.3,5.2,-6.146023,53.361409
159_74,5.45,5.42,-6.145963,53.362306
159_75,5.64,5.63,-6.145903,53.363204
159_76,5.82,5.85,-6.145843,53.364102
159_77,6,5.94,-6.145783,53.365
159_78,6.17,6.15,-6.145723,53.365897
159_79,6.34,6.37,-6.145663,53.366795
159_80,6.54,6.59,-6.145603,53.367693
159_81,6.69,6.67,-6.145543,53.368591
159_82,6.85,6.87,-6.145483,53.369488
159_83,7.03,7.08,-6.145422,53.370386
159_84,7.18,7.29,-6.145362,53.371284
159_85,7.34,7.36,-6.145302,53.372182
159_86,7.52,7.57,-6.145242,53.37308
159_87,7.67,7.77,-6.145182,53.373977
159_88,7.85,7.84,-6.145122,53.374875
159_89,8.07,8.13,-6.145062,53.375773
159_90,8.29,8.43,-6.145002,53.376671
159_91,8.57,8.77,-6.144942,53.377568
159_92,8.86,8.92,-6.144882,53.378466
159_93,9.1,9.18,-6.144822,53.379364
159_94,9.27,9.18,-6.144762,53.380262
159_95,9.41,9.42,-6.144701,53.381159
159_96,9.57,9.34,-6.144641,53.382057
159_97,9.82,9.56,-6.144581,53.382955
159_98,10.72,10.4,-6.144521,53.383853
159_99,10.78,14.44,-6.144461,53.384751
159_100,13.36,12.12,-6.144401,53.385648
159_101,12.18,12.02,-6.144341,53.386546
159_102,12.34,12.3,-6.144281,53.387444
159_103,12.43,12.48,-6.14422,53.388342
159_104,12.62,12.46,-6.14416,53.389239
159_105,12.33,12.35,-6.1441,53.390137
159_106,12.79,12.88,-6.14404,53.391035
159_107,13.02,12.42,-6.14398,53.391933
159_108,12.5,12.29,-6.14392,53.39283
159_109,12.17,12.18,-6.14386,53.393728
159_110,11.78,11.93,-6.143799,53.394626
159_111,11.63,11.71,-6.143739,53.395524
159_112,11.46,11.44,-6.143679,53.396422
159_113,13.49,13.74,-6.143619,53.397319
159_114,10.95,11,-6.143559,53.398217
159_115,10.74,10.69,-6.143499,53.399115
159_116,10.64,10.62,-6.143438,53.400013
159_117,10.55,10.55,-6.143378,53.40091
159_118,10.11,10.21,-6.143318,53.401808
159_119,9.88,9.82,-6.143258,53.402706
159_120,9.83,9.74,-6.143198,53.403604
159_121,9.43,9.38,-6.143138,53.404501
159_122,9.3,9.21,-6.143077,53.405399
159_123,9.14,9.05,-6.143017,53.406297
159_124,8.95,8.88,-6.142957,53.407195
159_125,8.77,8.72,-6.142897,53.408092
159_126,8.64,8.46,-6.142837,53.40899
160_0,8.31,8.37,-6.148899,53.295835
160_1,7.86,7.97,-6.148839,53.296733
160_2,7.61,7.62,-6.148779,53.29763
160_3,7.42,7.45,-6.148719,53.298528
160_4,6.97,7.08,-6.148659,53.299426
160_5,6.58,6.51,-6.148599,53.300324
160_6,6.1,6.09,-6.148539,53.301222
160_7,5.58,5.61,-6.14848,53.302119
160_8,5.12,5.14,-6.14842,53.303017
160_9,4.67,4.66,-6.14836,53.303915
160_10,4.58,4.57,-6.1483,53.304813
160_11,,,-6.14824,53.30571
160_12,,,-6.14818,53.306608
160_13,,,-6.14812,53.307506
160_14,,,-6.148061,53.308404
160_15,,,-6.148001,53.309302
160_16,,,-6.147941,53.310199
160_17,,,-6.147881,53.311097
160_18,,,-6.147821,53.311995
160_19,,,-6.147761,53.312893
160_20,,,-6.147701,53.31379
160_21,,,-6.147641,53.314688
160_22,,,-6.147581,53.315586
160_23,,,-6.147522,53.316484
160_24,,,-6.147462,53.317382
160_25,,,-6.147402,53.318279
160_26,,,-6.147342,53.319177
160_27,,,-6.147282,53.320075
160_28,,,-6.147222,53.320973
160_29,,,-6.147162,53.321871
160_30,,,-6.147102,53.322768
160_31,,,-6.147042,53.323666
160_32,,,-6.146982,53.324564
160_33,,,-6.146922,53.325462
160_34,,,-6.146862,53.326359
160_35,,,-6.146802,53.327257
160_36,,,-6.146742,53.328155
160_37,,,-6.146683,53.329053
160_38,,,-6.146623,53.329951
160_39,,,-6.146563,53.330848
160_40,,,-6.146503,53.331746
160_41,,,-6.146443,53.332644
160_42,,,-6.146383,53.333542
160_43,,,-6.146323,53.334439
160_44,,,-6.146263,53.335337
160_45,,,-6.146203,53.336235
160_46,,,-6.146143,53.337133
160_47,,,-6.146083,53.338031
160_48,,,-6.146023,53.338928
160_49,,,-6.145963,53.339826
160_50,,,-6.145903,53.340724
160_51,,,-6.145843,53.341622
160_52,,,-6.145783,53.342519
160_53,,,-6.145723,53.343417
160_54,,,-6.145663,53.344315
160_55,,,-6.145603,53.345213
160_56,,,-6.145543,53.34611
160_57,,,-6.145483,53.347008
160_58,,,-6.145423,53.347906
160_59,,,-6.145363,53.348804
160_60,,,-6.145303,53.349702
160_61,,,-6.145243,53.350599
160_62,,,-6.145183,53.351497
160_63,,,-6.145123,53.352395
160_64,,,-6.145063,53.353293
160_65,4.24,4.27,-6.145003,53.35419
160_66,4.24,4.22,-6.144943,53.355088
160_67,4.24,4.24,-6.144883,53.355986
160_68,4.23,4.25,-6.144822,53.356884
160_69,4.39,4.46,-6.144762,53.357782
160_70,4.57,4.54,-6.144702,53.358679
160_71,4.76,4.76,-6.144642,53.359577
160_72,4.92,4.98,-6.144582,53.360475
160_73,5.09,5.06,-6.144522,53.361373
160_74,5.29,5.28,-6.144462,53.36227
160_75,5.46,5.5,-6.144402,53.363168
160_76,5.62,5.72,-6.144342,53.364066
160_77,5.81,5.8,-6.144282,53.364964
160_78,5.99,6.02,-6.144222,53.365861
160_79,6.16,6.24,-6.144162,53.366759
160_80,6.34,6.45,-6.144102,53.367657
160_81,6.51,6.53,-6.144042,53.368555
160_82,6.67,6.74,-6.143981,53.369453
160_83,6.83,6.94,-6.143921,53.37035
160_84,7,7.15,-6.143861,53.371248
160_85,7.16,7.01,-6.143801,53.372146
160_86,7.32,7.22,-6.143741,53.373044
160_87,7.5,7.43,-6.143681,53.373941
160_88,7.65,7.63,-6.143621,53.374839
160_89,7.81,7.7,-6.143561,53.375737
160_90,8.05,7.93,-6.143501,53.376635
160_91,8.3,8.23,-6.14344,53.377532
160_92,8.56,8.38,-6.14338,53.37843
160_93,8.79,8.67,-6.14332,53.379328
160_94,8.94,8.9,-6.14326,53.380226
160_95,9.08,9.12,-6.1432,53.381124
160_96,9.2,9.04,-6.14314,53.382021
160_97,9.33,9.26,-6.14308,53.382919
160_98,10.05,9.96,-6.143019,53.383817
160_99,10.85,12.68,-6.142959,53.384715
160_100,11.32,10.92,-6.142899,53.385612
160_101,11.3,11.22,-6.142839,53.38651
160_102,11.44,11.59,-6.142779,53.387408
160_103,11.81,11.97,-6.142719,53.388306
160_104,12.19,12.12,-6.142659,53.389203
160_105,11.89,11.85,-6.142598,53.390101
160_106,11.62,12.56,-6.142538,53.390999
160_107,11.86,12.42,-6.142478,53.391897
160_108,11.76,11.74,-6.142418,53.392794
160_109,11.72,11.72,-6.142358,53.393692
160_110,11.68,11.72,-6.142297,53.39459
160_111,11.7,11.64,-6.142237,53.395488
160_112,11.5,11.38,-6.142177,53.396386
160_113,11.11,11.09,-6.142117,53.397283
160_114,10.86,10.81,-6.142057,53.398181
160_115,10.64,10.58,-6.141997,53.399079
160_116,10.57,10.53,-6.141936,53.399977
160_117,10.52,10.53,-6.141876,53.400874
160_118,10.16,10.19,-6.141816,53.401772
160_119,9.9,10.07,-6.141756,53.40267
160_120,9.62,9.77,-6.141695,53.403568
160_121,9.33,9.49,-6.141635,53.404465
160_122,9.13,9.39,-6.141575,53.405363
160_123,8.86,8.7,-6.141515,53.406261
160_124,8.66,8.62,-6.141455,53.407159
160_125,8.39,8.54,-6.141394,53.408056
160_126,8.09,8.46,-6.141334,53.408954
161_0,8.45,8.43,-6.1474,53.295799
161_1,8.04,7.98,-6.14734,53.296697
161_2,7.58,7.55,-6.14728,53.297595
161_3,7.36,7.31,-6.14722,53.298492
161_4,6.93,6.91,-6.147161,53.29939
161_5,6.48,6.33,-6.147101,53.300288
161_6,6.07,5.93,-6.147041,53.301186
161_7,5.58,5.46,-6.146981,53.302083
161_8,5.06,4.98,-6.146921,53.302981
161_9,4.69,4.65,-6.146861,53.303879
161_10,4.6,4.56,-6.146801,53.304777
161_11,,,-6.146741,53.305675
161_12,,,-6.146681,53.306572
161_13,,,-6.146622,53.30747
161_14,,,-6.146562,53.308368
161_15,,,-6.146502,53.309266
161_16,,,-6.146442,53.310163
161_17,,,-6.146382,53.311061
161_18,,,-6.146322,53.311959
161_19,,,-6.146262,53.312857
161_20,,,-6.146202,53.313755
161_21,,,-6.146142,53.314652
161_22,,,-6.146082,53.31555
161_23,,,-6.146022,53.316448
161_24,,,-6.145962,53.317346
161_25,,,-6.145902,53.318244
161_26,,,-6.145842,53.319141
161_27,,,-6.145783,53.320039
161_28,,,-6.145723,53.320937
161_29,,,-6.145663,53.321835
161_30,,,-6.145603,53.322732
161_31,,,-6.145543,53.32363
161_32,,,-6.145483,53.324528
161_33,,,-6.145423,53.325426
161_34,,,-6.145363,53.326324
161_35,,,-6.145303,53.327221
161_36,,,-6.145243,53.328119
161_37,,,-6.145183,53.329017
161_38,,,-6.145123,53.329915
161_39,,,-6.145063,53.330812
161_40,,,-6.145003,53.33171
161_41,,,-6.144943,53.332608
161_42,,,-6.144883,53.333506
161_43,,,-6.144823,53.334403
161_44,,,-6.144763,53.335301
161_45,,,-6.144703,53.336199
161_46,,,-6.144643,53.337097
161_47,,,-6.144583,53.337995
161_48,,,-6.144523,53.338892
161_49,,,-6.144463,53.33979
161_50,,,-6.144403,53.340688
161_51,,,-6.144343,53.341586
161_52,,,-6.144283,53.342483
161_53,,,-6.144223,53.343381
161_54,,,-6.144163,53.344279
161_55,,,-6.144103,53.345177
161_56,,,-6.144043,53.346075
161_57,,,-6.143983,53.346972
161_58,,,-6.143923,53.34787
161_59,,,-6.143862,53.348768
161_60,,,-6.143802,53.349666
161_61,,,-6.143742,53.350563
161_62,,,-6.143682,53.351461
161_63,,,-6.143622,53.352359
161_64,,,-6.143562,53.353257
161_65,,,-6.143502,53.354155
161_66,,,-6.143442,53.355052
161_67,4.17,4.17,-6.143382,53.35595
161_68,4.17,4.18,-6.143322,53.356848
161_69,4.21,4.33,-6.143262,53.357746
161_70,4.38,4.41,-6.143202,53.358643
161_71,4.56,4.63,-6.143142,53.359541
161_72,4.74,4.84,-6.143081,53.360439
161_73,4.93,4.93,-6.143021,53.361337
161_74,5.09,5.15,-6.142961,53.362234
161_75,5.26,5.36,-6.142901,53.363132
161_76,5.45,5.58,-6.142841,53.36403
161_77,5.61,5.45,-6.142781,53.364928
161_78,5.8,5.67,-6.142721,53.365826
161_79,5.98,5.88,-6.142661,53.366723
161_80,6.13,6.1,-6.142601,53.367621
161_81,6.32,6.18,-6.142541,53.368519
161_82,6.49,6.39,-6.14248,53.369417
161_83,6.63,6.6,-6.14242,53.370314
161_84,6.81,6.8,-6.14236,53.371212
161_85,6.98,6.87,-6.1423,53.37211
161_86,7.14,7.08,-6.14224,53.373008
161_87,7.3,7.29,-6.14218,53.373905
161_88,7.47,7.5,-6.14212,53.374803
161_89,7.65,7.57,-6.142059,53.375701
161_90,7.79,7.77,-6.141999,53.376599
161_91,8.03,8.04,-6.141939,53.377497
161_92,8.31,8.38,-6.141879,53.378394
161_93,8.44,8.38,-6.141819,53.379292
161_94,8.6,8.6,-6.141759,53.38019
161_95,8.73,8.82,-6.141698,53.381088
161_96,8.84,8.74,-6.141638,53.381985
161_97,9,8.96,-6.141578,53.382883
161_98,9.27,9.47,-6.141518,53.383781
161_99,10.27,10.74,-6.141458,53.384679
161_100,10.24,10.17,-6.141398,53.385576
161_101,10.54,10.62,-6.141337,53.386474
161_102,10.96,11.09,-6.141277,53.387372
161_103,11.34,11.62,-6.141217,53.38827
161_104,11.78,11.71,-6.141157,53.389167
161_105,11.67,11.54,-6.141097,53.390065
161_106,11.39,12.21,-6.141036,53.390963
161_107,11.71,11.74,-6.140976,53.391861
161_108,11.65,11.6,-6.140916,53.392759
161_109,11.58,11.6,-6.140856,53.393656
161_110,11.56,11.57,-6.140796,53.394554
161_111,11.56,11.61,-6.140735,53.395452
161_112,11.26,11.25,-6.140675,53.39635
161_113,11.1,12.83,-6.140615,53.397247
161_114,10.79,10.89,-6.140555,53.398145
161_115,10.61,10.59,-6.140494,53.399043
161_116,10.49,10.48,-6.140434,53.399941
161_117,10.47,10.48,-6.140374,53.400838
161_118,10.22,10.36,-6.140314,53.401736
161_119,9.55,9.35,-6.140253,53.402634
161_120,9.35,9.35,-6.140193,53.403532
161_121,9.09,9.17,-6.140133,53.404429
161_122,8.77,8.91,-6.140073,53.405327
161_123,8.45,8.36,-6.140012,53.406225
161_124,8.1,8.1,-6.139952,53.407123
161_125,7.78,7.91,-6.139892,53.40802
161_126,7.71,7.71,-6.139832,53.408918
162_0,10.42,8.37,-6.145902,53.295763
162_1,8.09,7.87,-6.145842,53.296661
162_2,7.68,7.51,-6.145782,53.297559
162_3,7.28,7.13,-6.145722,53.298456
162_4,6.88,7.13,-6.145662,53.299354
162_5,6.42,6.55,-6.145602,53.300252
162_6,5.99,6.16,-6.145542,53.30115
162_7,5.57,5.76,-6.145482,53.302048
162_8,5.06,5.3,-6.145422,53.302945
162_9,4.69,4.72,-6.145362,53.303843
162_10,4.6,4.63,-6.145302,53.304741
162_11,4.52,4.55,-6.145242,53.305639
162_12,,,-6.145183,53.306536
162_13,,,-6.145123,53.307434
162_14,,,-6.145063,53.308332
162_15,,,-6.145003,53.30923
162_16,,,-6.144943,53.310128
162_17,,,-6.144883,53.311025
162_18,,,-6.144823,53.311923
162_19,,,-6.144763,53.312821
162_20,,,-6.144703,53.313719
162_21,,,-6.144643,53.314616
162_22,,,-6.144583,53.315514
162_23,,,-6.144523,53.316412
162_24,,,-6.144463,53.31731
162_25,,,-6.144403,53.318208
162_26,,,-6.144343,53.319105
162_27,,,-6.144283,53.320003
162_28,,,-6.144223,53.320901
162_29,,,-6.144163,53.321799
162_30,,,-6.144103,53.322696
162_31,,,-6.144043,53.323594
162_32,,,-6.143983,53.324492
162_33,,,-6.143923,53.32539
162_34,,,-6.143863,53.326288
162_35,,,-6.143803,53.327185
162_36,,,-6.143743,53.328083
162_37,,,-6.143683,53.328981
162_38,,,-6.143623,53.329879
162_39,,,-6.143563,53.330776
162_40,,,-6.143503,53.331674
162_41,,,-6.143443,53.332572
162_42,,,-6.143383,53.33347
162_43,,,-6.143323,53.334368
162_44,,,-6.143263,53.335265
162_45,,,-6.143203,53.336163
162_46,,,-6.143143,53.337061
162_47,,,-6.143083,53.337959
162_48,,,-6.143023,53.338856
162_49,,,-6.142963,53.339754
162_50,,,-6.142903,53.340652
162_51,,,-6.142843,53.34155
162_52,,,-6.142783,53.342448
162_53,,,-6.142723,53.343345
162_54,,,-6.142662,53.344243
162_55,,,-6.142602,53.345141
162_56,,,-6.142542,53.346039
162_57,,,-6.142482,53.346936
162_58,,,-6.142422,53.347834
162_59,,,-6.142362,53.348732
162_60,,,-6.142302,53.34963
162_61,,,-6.142242,53.350527
162_62,,,-6.142182,53.351425
162_63,,,-6.142122,53.352323
162_64,,,-6.142062,53.353221
162_65,,,-6.142002,53.354119
162_66,,,-6.141941,53.355016
162_67,,,-6.141881,53.355914
162_68,4.1,4.12,-6.141821,53.356812
162_69,4.1,4.12,-6.141761,53.35771
162_70,4.2,4.07,-6.141701,53.358607
162_71,4.38,4.27,-6.141641,53.359505
162_72,4.55,4.49,-6.141581,53.360403
162_73,4.73,4.71,-6.141521,53.361301
162_74,4.91,4.79,-6.14146,53.362198
162_75,5.08,5.01,-6.1414,53.363096
162_76,5.25,5.23,-6.14134,53.363994
162_77,5.45,5.31,-6.14128,53.364892
162_78,5.6,5.53,-6.14122,53.36579
162_79,5.78,5.75,-6.14116,53.366687
162_80,5.97,5.97,-6.1411,53.367585
162_81,6.12,6.04,-6.141039,53.368483
162_82,6.28,6.25,-6.140979,53.369381
162_83,6.46,6.46,-6.140919,53.370278
162_84,6.63,6.67,-6.140859,53.371176
162_85,6.79,6.73,-6.140799,53.372074
162_86,6.96,6.94,-6.140739,53.372972
162_87,7.12,7.15,-6.140678,53.373869
162_88,7.28,7.36,-6.140618,53.374767
162_89,7.45,7.43,-6.140558,53.375665
162_90,7.63,7.63,-6.140498,53.376563
162_91,7.77,7.84,-6.140438,53.377461
162_92,7.96,8.15,-6.140378,53.378358
162_93,8.12,8.1,-6.140317,53.379256
162_94,8.23,8.3,-6.140257,53.380154
162_95,8.38,8.52,-6.140197,53.381052
162_96,8.55,8.57,-6.140137,53.381949
162_97,8.69,8.75,-6.140077,53.382847
162_98,8.86,8.98,-6.140016,53.383745
162_99,9.28,9.74,-6.139956,53.384643
162_100,11.83,12.41,-6.139896,53.38554
162_101,10.52,12.41,-6.139836,53.386438
162_102,10.74,10.73,-6.139775,53.387336
162_103,10.92,10.78,-6.139715,53.388234
162_104,11.34,11,-6.139655,53.389131
162_105,11.3,11.31,-6.139595,53.390029
162_106,11.36,11.25,-6.139535,53.390927
162_107,11.59,11.6,-6.139474,53.391825
162_108,11.52,11.48,-6.139414,53.392723
162_109,11.46,11.45,-6.139354,53.39362
162_110,11.43,11.44,-6.139294,53.394518
162_111,11.19,11.48,-6.139233,53.395416
162_112,10.7,10.55,-6.139173,53.396314
162_113,10.92,10.9,-6.139113,53.397211
162_114,10.71,10.76,-6.139053,53.398109
162_115,10.26,9.83,-6.138992,53.399007
162_116,10.32,10.21,-6.138932,53.399905
162_117,10.41,10.41,-6.138872,53.400802
162_118,9.48,9.87,-6.138811,53.4017
162_119,9.23,9.15,-6.138751,53.402598
162_120,9.11,9.02,-6.138691,53.403496
162_121,8.83,8.84,-6.138631,53.404393
162_122,8.56,8.62,-6.13857,53.405291
162_123,8.24,8.07,-6.13851,53.406189
162_124,7.89,7.81,-6.13845,53.407087
162_125,7.78,7.75,-6.138389,53.407984
162_126,7.7,7.72,-6.138329,53.408882
163_0,8.56,9.4,-6.144403,53.295727
163_1,8.09,8.1,-6.144343,53.296625
163_2,7.65,7.72,-6.144283,53.297523
163_3,7.11,7.25,-6.144223,53.298421
163_4,6.7,6.87,-6.144163,53.299318
163_5,6.35,6.3,-6.144103,53.300216
163_6,5.93,5.98,-6.144043,53.301114
163_7,5.5,5.58,-6.143983,53.302012
163_8,5,5.14,-6.143924,53.302909
163_9,4.71,4.71,-6.143864,53.303807
163_10,4.62,4.62,-6.143804,53.304705
163_11,4.52,4.53,-6.143744,53.305603
163_12,,,-6.143684,53.306501
163_13,,,-6.143624,53.307398
163_14,,,-6.143564,53.308296
163_15,,,-6.143504,53.309194
163_16,,,-6.143444,53.310092
163_17,,,-6.143384,53.310989
163_18,,,-6.143324,53.311887
163_19,,,-6.143264,53.312785
163_20,,,-6.143204,53.313683
163_21,,,-6.143144,53.314581
163_22,,,-6.143084,53.315478
163_23,,,-6.143024,53.316376
163_24,,,-6.142964,53.317274
163_25,,,-6.142904,53.318172
163_26,,,-6.142844,53.319069
163_27,,,-6.142784,53.319967
163_28,,,-6.142724,53.320865
163_29,,,-6.142664,53.321763
163_30,,,-6.142604,53.322661
163_31,,,-6.142544,53.323558
163_32,,,-6.142484,53.324456
163_33,,,-6.142424,53.325354
163_34,,,-6.142364,53.326252
163_35,,,-6.142304,53.327149
163_36,,,-6.142244,53.328047
163_37,,,-6.142184,53.328945
163_38,,,-6.142123,53.329843
163_39,,,-6.142063,53.330741
163_40,,,-6.142003,53.331638
163_41,,,-6.141943,53.332536
163_42,,,-6.141883,53.333434
163_43,,,-6.141823,53.334332
163_44,,,-6.141763,53.335229
163_45,,,-6.141703,53.336127
163_46,,,-6.141643,53.337025
163_47,,,-6.141583,53.337923
163_48,,,-6.141523,53.33882
163_49,,,-6.141463,53.339718
163_50,,,-6.141403,53.340616
163_51,,,-6.141343,53.341514
163_52,,,-6.141283,53.342412
163_53,,,-6.141222,53.343309
163_54,,,-6.141162,53.344207
163_55,,,-6.141102,53.345105
163_56,,,-6.141042,53.346003
163_57,,,-6.140982,53.3469
163_58,,,-6.140922,53.347798
163_59,,,-6.140862,53.348696
163_60,,,-6.140802,53.349594
163_61,,,-6.140742,53.350492
163_62,,,-6.140681,53.351389
163_63,,,-6.140621,53.352287
163_64,,,-6.140561,53.353185
163_65,,,-6.140501,53.354083
163_66,,,-6.140441,53.35498
163_67,,,-6.140381,53.355878
163_68,,,-6.140321,53.356776
163_69,4.04,4.06,-6.14026,53.357674
163_70,4.03,4.01,-6.1402,53.358571
163_71,4.2,4.14,-6.14014,53.359469
163_72,4.37,4.36,-6.14008,53.360367
163_73,4.53,4.57,-6.14002,53.361265
163_74,4.72,4.66,-6.13996,53.362163
163_75,4.9,4.88,-6.139899,53.36306
163_76,5.07,5.09,-6.139839,53.363958
163_77,5.24,5.31,-6.139779,53.364856
163_78,5.42,5.4,-6.139719,53.365754
163_79,5.59,5.61,-6.139659,53.366651
163_80,5.77,5.83,-6.139599,53.367549
163_81,5.94,5.9,-6.139538,53.368447
163_82,6.12,6.11,-6.139478,53.369345
163_83,6.26,6.32,-6.139418,53.370242
163_84,6.44,6.53,-6.139358,53.37114
163_85,6.61,6.6,-6.139298,53.372038
163_86,6.76,6.8,-6.139237,53.372936
163_87,6.94,7.01,-6.139177,53.373833
163_88,7.1,7.22,-6.139117,53.374731
163_89,7.26,7.29,-6.139057,53.375629
163_90,7.43,7.5,-6.138997,53.376527
163_91,7.59,7.69,-6.138936,53.377425
163_92,7.7,7.69,-6.138876,53.378322
163_93,7.89,7.69,-6.138816,53.37922
163_94,8.08,7.95,-6.138756,53.380118
163_95,8.26,8.2,-6.138695,53.381016
163_96,8.44,8.4,-6.138635,53.381913
163_97,8.61,8.5,-6.138575,53.382811
163_98,8.87,8.74,-6.138515,53.383709
163_99,9.18,9.06,-6.138455,53.384607
163_100,9.52,9.36,-6.138394,53.385504
163_101,10.77,11.19,-6.138334,53.386402
163_102,10.85,10.84,-6.138274,53.3873
163_103,10.88,10.85,-6.138214,53.388198
163_104,10.92,10.89,-6.138153,53.389095
163_105,11.06,11.03,-6.138093,53.389993
163_106,11.19,11.17,-6.138033,53.390891
163_107,11.47,11.54,-6.137972,53.391789
163_108,11.4,11.33,-6.137912,53.392686
163_109,11.32,11.31,-6.137852,53.393584
163_110,11.09,11.23,-6.137792,53.394482
163_111,10.6,10.89,-6.137731,53.39538
163_112,10.07,9.82,-6.137671,53.396278
163_113,12.14,12.14,-6.137611,53.397175
163_114,10.23,10.38,-6.13755,53.398073
163_115,9.57,9.83,-6.13749,53.398971
163_116,9.64,9.35,-6.13743,53.399869
163_117,9.38,9.26,-6.13737,53.400766
163_118,9.04,9.12,-6.137309,53.401664
163_119,9.04,8.88,-6.137249,53.402562
163_120,8.81,8.69,-6.137189,53.40346
163_121,8.58,8.51,-6.137128,53.404357
163_122,8.3,8.33,-6.137068,53.405255
163_123,8,8,-6.137008,53.406153
163_124,7.93,8,-6.136947,53.407051
163_125,7.95,8.01,-6.136887,53.407948
163_126,7.81,7.81,-6.136827,53.408846
164_0,9.1,9.41,-6.142905,53.295691
164_1,7.9,8.1,-6.142845,53.296589
164_2,7.47,7.43,-6.142785,53.297487
164_3,6.91,6.95,-6.142725,53.298385
164_4,6.53,6.58,-6.142665,53.299282
164_5,6.15,6.06,-6.142605,53.30018
164_6,5.81,5.72,-6.142545,53.301078
164_7,5.44,5.4,-6.142485,53.301976
164_8,4.98,4.98,-6.142425,53.302874
164_9,4.71,4.69,-6.142365,53.303771
164_10,4.62,4.59,-6.142305,53.304669
164_11,4.49,4.48,-6.142245,53.305567
164_12,,,-6.142185,53.306465
164_13,,,-6.142125,53.307362
164_14,,,-6.142065,53.30826
164_15,,,-6.142005,53.309158
164_16,,,-6.141945,53.310056
164_17,,,-6.141885,53.310954
164_18,,,-6.141825,53.311851
164_19,,,-6.141765,53.312749
164_20,,,-6.141705,53.313647
164_21,,,-6.141645,53.314545
164_22,,,-6.141585,53.315442
164_23,,,-6.141525,53.31634
164_24,,,-6.141465,53.317238
164_25,,,-6.141405,53.318136
164_26,,,-6.141345,53.319034
164_27,,,-6.141285,53.319931
164_28,,,-6.141224,53.320829
164_29,,,-6.141164,53.321727
164_30,,,-6.141104,53.322625
164_31,,,-6.141044,53.323522
164_32,,,-6.140984,53.32442
164_33,,,-6.140924,53.325318
164_34,,,-6.140864,53.326216
164_35,,,-6.140804,53.327113
164_36,,,-6.140744,53.328011
164_37,,,-6.140684,53.328909
164_38,,,-6.140624,53.329807
164_39,,,-6.140564,53.330705
164_40,,,-6.140504,53.331602
164_41,,,-6.140444,53.3325
164_42,,,-6.140383,53.333398
164_43,,,-6.140323,53.334296
164_44,,,-6.140263,53.335193
164_45,,,-6.140203,53.336091
164_46,,,-6.140143,53.336989
164_47,,,-6.140083,53.337887
164_48,,,-6.140023,53.338785
164_49,,,-6.139963,53.339682
164_50,,,-6.139903,53.34058
164_51,,,-6.139843,53.341478
164_52,,,-6.139782,53.342376
164_53,,,-6.139722,53.343273
164_54,,,-6.139662,53.344171
164_55,,,-6.139602,53.345069
164_56,,,-6.139542,53.345967
164_57,,,-6.139482,53.346864
164_58,,,-6.139422,53.347762
164_59,,,-6.139361,53.34866
164_60,,,-6.139301,53.349558
164_61,,,-6.139241,53.350456
164_62,,,-6.139181,53.351353
164_63,,,-6.139121,53.352251
164_64,,,-6.139061,53.353149
164_65,,,-6.139,53.354047
164_66,,,-6.13894,53.354944
164_67,,,-6.13888,53.355842
164_68,,,-6.13882,53.35674
164_69,,,-6.13876,53.357638
164_70,,,-6.1387,53.358535
164_71,4,4,-6.138639,53.359433
164_72,4.17,4.22,-6.138579,53.360331
164_73,4.36,4.44,-6.138519,53.361229
164_74,4.52,4.52,-6.138459,53.362127
164_75,4.71,4.74,-6.138399,53.363024
164_76,4.89,4.96,-6.138338,53.363922
164_77,5.04,5.18,-6.138278,53.36482
164_78,5.24,5.26,-6.138218,53.365718
164_79,5.41,5.48,-6.138158,53.366615
164_80,5.6,5.7,-6.138098,53.367513
164_81,5.75,5.9,-6.138037,53.368411
164_82,5.92,5.97,-6.137977,53.369309
164_83,6.1,6.18,-6.137917,53.370206
164_84,6.24,6.18,-6.137857,53.371104
164_85,6.41,6.25,-6.137796,53.372002
164_86,6.59,6.46,-6.137736,53.3729
164_87,6.73,6.66,-6.137676,53.373797
164_88,6.91,6.87,-6.137616,53.374695
164_89,7.08,6.94,-6.137556,53.375593
164_90,7.23,7.15,-6.137495,53.376491
164_91,7.36,7.33,-6.137435,53.377389
164_92,7.46,7.49,-6.137375,53.378286
164_93,7.62,7.49,-6.137315,53.379184
164_94,7.8,7.73,-6.137254,53.380082
164_95,7.99,7.98,-6.137194,53.38098
164_96,8.2,8.24,-6.137134,53.381877
164_97,8.37,8.27,-6.137073,53.382775
164_98,8.63,8.59,-6.137013,53.383673
164_99,9,9,-6.136953,53.384571
164_100,9.3,9.36,-6.136893,53.385468
164_101,11.07,11.05,-6.136832,53.386366
164_102,10.67,10.67,-6.136772,53.387264
164_103,10.65,10.78,-6.136712,53.388162
164_104,10.79,10.73,-6.136652,53.389059
164_105,10.9,10.86,-6.136591,53.389957
164_106,10.89,10.97,-6.136531,53.390855
164_107,11,11.16,-6.136471,53.391753
164_108,11.04,10.87,-6.13641,53.39265
164_109,10.97,10.93,-6.13635,53.393548
164_110,10.84,10.74,-6.13629,53.394446
164_111,10.3,10.2,-6.136229,53.395344
164_112,9.73,9.51,-6.136169,53.396241
164_113,10.52,10.96,-6.136109,53.397139
164_114,9.29,9.33,-6.136048,53.398037
164_115,9.13,9.27,-6.135988,53.398935
164_116,9.07,9.05,-6.135928,53.399833
164_117,9.04,9.02,-6.135867,53.40073
164_118,8.93,9.03,-6.135807,53.401628
164_119,8.82,8.91,-6.135747,53.402526
164_120,8.57,8.65,-6.135686,53.403424
164_121,8.4,8.47,-6.135626,53.404321
164_122,8.26,8.29,-6.135566,53.405219
164_123,8.18,8.27,-6.135505,53.406117
164_124,8.25,8.31,-6.135445,53.407015
164_125,8.14,8.2,-6.135385,53.407912
164_126,8.04,8.05,-6.135324,53.40881
165_0,9.75,9.73,-6.141406,53.295655
165_1,10.02,7.79,-6.141346,53.296553
165_2,7.37,7.3,-6.141286,53.297451
165_3,6.96,6.83,-6.141226,53.298349
165_4,6.47,6.42,-6.141166,53.299246
165_5,6.11,6.06,-6.141106,53.300144
165_6,5.7,5.55,-6.141046,53.301042
165_7,5.3,5.19,-6.140986,53.30194
165_8,4.94,4.82,-6.140926,53.302838
165_9,4.7,4.63,-6.140866,53.303735
165_10,4.58,4.52,-6.140806,53.304633
165_11,4.47,4.52,-6.140746,53.305531
165_12,,,-6.140686,53.306429
165_13,,,-6.140626,53.307326
165_14,,,-6.140566,53.308224
165_15,,,-6.140506,53.309122
165_16,,,-6.140446,53.31002
165_17,,,-6.140386,53.310918
165_18,,,-6.140326,53.311815
165_19,,,-6.140266,53.312713
165_20,,,-6.140206,53.313611
165_21,,,-6.140146,53.314509
165_22,,,-6.140086,53.315406
165_23,,,-6.140025,53.316304
165_24,,,-6.139965,53.317202
165_25,,,-6.139905,53.3181
165_26,,,-6.139845,53.318998
165_27,,,-6.139785,53.319895
165_28,,,-6.139725,53.320793
165_29,,,-6.139665,53.321691
165_30,,,-6.139605,53.322589
165_31,,,-6.139545,53.323486
165_32,,,-6.139485,53.324384
165_33,,,-6.139425,53.325282
165_34,,,-6.139365,53.32618
165_35,,,-6.139304,53.327078
165_36,,,-6.139244,53.327975
165_37,,,-6.139184,53.328873
165_38,,,-6.139124,53.329771
165_39,,,-6.139064,53.330669
165_40,,,-6.139004,53.331566
165_41,,,-6.138944,53.332464
165_42,,,-6.138884,53.333362
165_43,,,-6.138824,53.33426
165_44,,,-6.138763,53.335157
165_45,,,-6.138703,53.336055
165_46,,,-6.138643,53.336953
165_47,,,-6.138583,53.337851
165_48,,,-6.138523,53.338749
165_49,,,-6.138463,53.339646
165_50,,,-6.138403,53.340544
165_51,,,-6.138342,53.341442
165_52,,,-6.138282,53.34234
165_53,,,-6.138222,53.343237
165_54,,,-6.138162,53.344135
165_55,,,-6.138102,53.345033
165_56,,,-6.138042,53.345931
165_57,,,-6.137981,53.346828
165_58,,,-6.137921,53.347726
165_59,,,-6.137861,53.348624
165_60,,,-6.137801,53.349522
165_61,,,-6.137741,53.35042
165_62,,,-6.137681,53.351317
165_63,,,-6.13762,53.352215
165_64,,,-6.13756,53.353113
165_65,,,-6.1375,53.354011
165_66,,,-6.13744,53.354908
165_67,,,-6.13738,53.355806
165_68,,,-6.137319,53.356704
165_69,,,-6.137259,53.357602
165_70,,,-6.137199,53.358499
165_71,,,-6.137139,53.359397
165_72,3.99,4.09,-6.137078,53.360295
165_73,4.16,4.3,-6.137018,53.361193
165_74,4.35,4.39,-6.136958,53.36209
165_75,4.53,4.61,-6.136898,53.362988
165_76,4.69,4.61,-6.136838,53.363886
165_77,4.88,4.82,-6.136777,53.364784
165_78,5.06,4.91,-6.136717,53.365682
165_79,5.23,5.13,-6.136657,53.366579
165_80,5.4,5.34,-6.136597,53.367477
165_81,5.57,5.56,-6.136536,53.368375
165_82,5.73,5.63,-6.136476,53.369273
165_83,5.9,5.83,-6.136416,53.37017
165_84,6.06,6.04,-6.136356,53.371068
165_85,6.22,6.11,-6.136295,53.371966
165_86,6.39,6.32,-6.136235,53.372864
165_87,6.57,6.53,-6.136175,53.373761
165_88,6.71,6.73,-6.136115,53.374659
165_89,6.88,6.79,-6.136054,53.375557
165_90,7.02,6.96,-6.135994,53.376455
165_91,7.12,7.12,-6.135934,53.377352
165_92,7.21,7.29,-6.135873,53.37825
165_93,7.36,7.28,-6.135813,53.379148
165_94,7.53,7.51,-6.135753,53.380046
165_95,7.71,7.76,-6.135693,53.380944
165_96,7.9,8.02,-6.135632,53.381841
165_97,8.09,8.05,-6.135572,53.382739
165_98,8.28,8.35,-6.135512,53.383637
165_99,8.65,8.78,-6.135451,53.384535
165_100,8.99,9.19,-6.135391,53.385432
165_101,11.58,11.58,-6.135331,53.38633
165_102,10.71,10.53,-6.13527,53.387228
165_103,10.48,10.56,-6.13521,53.388126
165_104,10.55,10.33,-6.13515,53.389023
165_105,10.46,10.41,-6.135089,53.389921
165_106,10.48,10.55,-6.135029,53.390819
165_107,10.55,10.75,-6.134969,53.391717
165_108,10.55,10.33,-6.134908,53.392614
165_109,10.54,10.41,-6.134848,53.393512
165_110,10.42,10.48,-6.134788,53.39441
165_111,10.19,10.42,-6.134727,53.395308
165_112,9.74,9.76,-6.134667,53.396205
165_113,9.39,10.7,-6.134607,53.397103
165_114,9.15,9.24,-6.134546,53.398001
165_115,9.02,9.07,-6.134486,53.398899
165_116,8.97,8.94,-6.134426,53.399796
165_117,8.92,8.91,-6.134365,53.400694
165_118,8.89,8.92,-6.134305,53.401592
165_119,8.73,8.79,-6.134245,53.40249
165_120,8.6,8.59,-6.134184,53.403387
165_121,8.46,8.48,-6.134124,53.404285
165_122,8.34,8.35,-6.134063,53.405183
165_123,8.46,8.25,-6.134003,53.406081
165_124,8.17,8.07,-6.133943,53.406979
165_125,7.98,7.98,-6.133882,53.407876
165_126,7.57,7.75,-6.133822,53.408774
166_0,9.84,9.36,-6.139908,53.295619
166_1,11.79,7.66,-6.139848,53.296517
166_2,7.44,7.21,-6.139788,53.297415
166_3,6.95,7.21,-6.139727,53.298313
166_4,6.46,6.66,-6.139667,53.299211
166_5,6.05,6.29,-6.139607,53.300108
166_6,5.68,5.79,-6.139547,53.301006
166_7,5.29,5.42,-6.139487,53.301904
166_8,4.93,5.07,-6.139427,53.302802
166_9,4.67,4.69,-6.139367,53.303699
166_10,4.55,4.56,-6.139307,53.304597
166_11,4.43,4.46,-6.139247,53.305495
166_12,,,-6.139187,53.306393
166_13,,,-6.139127,53.307291
166_14,,,-6.139067,53.308188
166_15,,,-6.139007,53.309086
166_16,,,-6.138947,53.309984
166_17,,,-6.138887,53.310882
166_18,,,-6.138827,53.311779
166_19,,,-6.138767,53.312677
166_20,,,-6.138707,53.313575
166_21,,,-6.138646,53.314473
166_22,,,-6.138586,53.31537
166_23,,,-6.138526,53.316268
166_24,,,-6.138466,53.317166
166_25,,,-6.138406,53.318064
166_26,,,-6.138346,53.318962
166_27,,,-6.138286,53.319859
166_28,,,-6.138226,53.320757
166_29,,,-6.138166,53.321655
166_30,,,-6.138106,53.322553
166_31,,,-6.138045,53.32345
166_32,,,-6.137985,53.324348
166_33,,,-6.137925,53.325246
166_34,,,-6.137865,53.326144
166_35,,,-6.137805,53.327042
166_36,,,-6.137745,53.327939
166_37,,,-6.137685,53.328837
166_38,,,-6.137624,53.329735
166_39,,,-6.137564,53.330633
166_40,,,-6.137504,53.33153
166_41,,,-6.137444,53.332428
166_42,,,-6.137384,53.333326
166_43,,,-6.137324,53.334224
166_44,,,-6.137264,53.335121
166_45,,,-6.137203,53.336019
166_46,,,-6.137143,53.336917
166_47,,,-6.137083,53.337815
166_48,,,-6.137023,53.338713
166_49,,,-6.136963,53.33961
166_50,,,-6.136903,53.340508
166_51,,,-6.136842,53.341406
166_52,,,-6.136782,53.342304
166_53,,,-6.136722,53.343201
166_54,,,-6.136662,53.344099
166_55,,,-6.136602,53.344997
166_56,,,-6.136541,53.345895
166_57,,,-6.136481,53.346792
166_58,,,-6.136421,53.34769
166_59,,,-6.136361,53.348588
166_60,,,-6.136301,53.349486
166_61,,,-6.13624,53.350383
166_62,,,-6.13618,53.351281
166_63,,,-6.13612,53.352179
166_64,,,-6.13606,53.353077
166_65,,,-6.135999,53.353975
166_66,,,-6.135939,53.354872
166_67,,,-6.135879,53.35577
166_68,,,-6.135819,53.356668
166_69,,,-6.135758,53.357566
166_70,,,-6.135698,53.358463
166_71,,,-6.135638,53.359361
166_72,,,-6.135578,53.360259
166_73,4,3.95,-6.135517,53.361157
166_74,4.15,4.03,-6.135457,53.362054
166_75,4.33,4.25,-6.135397,53.362952
166_76,4.52,4.47,-6.135337,53.36385
166_77,4.68,4.69,-6.135276,53.364748
166_78,4.87,4.77,-6.135216,53.365646
166_79,5.05,4.99,-6.135156,53.366543
166_80,5.2,5.21,-6.135096,53.367441
166_81,5.38,5.42,-6.135035,53.368339
166_82,5.55,5.49,-6.134975,53.369237
166_83,5.7,5.7,-6.134915,53.370134
166_84,5.88,5.9,-6.134854,53.371032
166_85,6.04,6.11,-6.134794,53.37193
166_86,6.2,6.18,-6.134734,53.372828
166_87,6.37,6.39,-6.134674,53.373725
166_88,6.53,6.6,-6.134613,53.374623
166_89,6.68,6.59,-6.134553,53.375521
166_90,6.76,6.76,-6.134493,53.376419
166_91,6.87,6.92,-6.134432,53.377316
166_92,6.99,7.09,-6.134372,53.378214
166_93,7.08,7.07,-6.134312,53.379112
166_94,7.27,7.3,-6.134251,53.38001
166_95,7.45,7.54,-6.134191,53.380907
166_96,7.6,7.8,-6.134131,53.381805
166_97,7.82,7.83,-6.13407,53.382703
166_98,8.01,8.1,-6.13401,53.383601
166_99,8.27,8.1,-6.13395,53.384498
166_100,8.67,8.54,-6.133889,53.385396
166_101,9.08,8.7,-6.133829,53.386294
166_102,10.9,9.65,-6.133769,53.387192
166_103,10.19,10.62,-6.133708,53.38809
166_104,10.07,10.28,-6.133648,53.388987
166_105,10.03,9.87,-6.133588,53.389885
166_106,10.03,10,-6.133527,53.390783
166_107,10.08,10.14,-6.133467,53.391681
166_108,10.12,9.86,-6.133407,53.392578
166_109,10.05,9.95,-6.133346,53.393476
166_110,10.03,10.02,-6.133286,53.394374
166_111,9.81,9.97,-6.133225,53.395272
166_112,9.51,9.39,-6.133165,53.396169
166_113,9.37,9.4,-6.133105,53.397067
166_114,9.01,9.06,-6.133044,53.397965
166_115,8.92,8.96,-6.132984,53.398863
166_116,8.87,8.83,-6.132923,53.39976
166_117,8.82,8.81,-6.132863,53.400658
166_118,8.87,8.85,-6.132803,53.401556
166_119,8.76,8.73,-6.132742,53.402454
166_120,8.56,8.63,-6.132682,53.403351
166_121,8.43,8.4,-6.132621,53.404249
166_122,8.39,8.49,-6.132561,53.405147
166_123,8.11,8.25,-6.132501,53.406045
166_124,7.84,7.61,-6.13244,53.406942
166_125,7.45,7.38,-6.13238,53.40784
166_126,7.06,7.14,-6.132319,53.408738
167_0,9.71,10.13,-6.138409,53.295583
167_1,8.28,8.75,-6.138349,53.296481
167_2,7.47,7.57,-6.138289,53.297379
167_3,6.9,7.04,-6.138229,53.298277
167_4,6.44,6.53,-6.138169,53.299175
167_5,6.03,6.16,-6.138109,53.300072
167_6,5.64,5.68,-6.138049,53.30097
167_7,5.32,5.35,-6.137989,53.301868
167_8,4.98,5.02,-6.137929,53.302766
167_9,4.64,4.69,-6.137868,53.303663
167_10,4.51,4.5,-6.137808,53.304561
167_11,,,-6.137748,53.305459
167_12,,,-6.137688,53.306357
167_13,,,-6.137628,53.307255
167_14,,,-6.137568,53.308152
167_15,,,-6.137508,53.30905
167_16,,,-6.137448,53.309948
167_17,,,-6.137388,53.310846
167_18,,,-6.137328,53.311743
167_19,,,-6.137268,53.312641
167_20,,,-6.137207,53.313539
167_21,,,-6.137147,53.314437
167_22,,,-6.137087,53.315334
167_23,,,-6.137027,53.316232
167_24,,,-6.136967,53.31713
167_25,,,-6.136907,53.318028
167_26,,,-6.136847,53.318926
167_27,,,-6.136787,53.319823
167_28,,,-6.136726,53.320721
167_29,,,-6.136666,53.321619
167_30,,,-6.136606,53.322517
167_31,,,-6.136546,53.323414
167_32,,,-6.136486,53.324312
167_33,,,-6.136426,53.32521
167_34,,,-6.136365,53.326108
167_35,,,-6.136305,53.327006
167_36,,,-6.136245,53.327903
167_37,,,-6.136185,53.328801
167_38,,,-6.136125,53.329699
167_39,,,-6.136065,53.330597
167_40,,,-6.136004,53.331494
167_41,,,-6.135944,53.332392
167_42,,,-6.135884,53.33329
167_43,,,-6.135824,53.334188
167_44,,,-6.135764,53.335085
167_45,,,-6.135703,53.335983
167_46,,,-6.135643,53.336881
167_47,,,-6.135583,53.337779
167_48,,,-6.135523,53.338676
167_49,,,-6.135463,53.339574
167_50,,,-6.135402,53.340472
167_51,,,-6.135342,53.34137
167_52,,,-6.135282,53.342268
167_53,,,-6.135222,53.343165
167_54,,,-6.135162,53.344063
167_55,,,-6.135101,53.344961
167_56,,,-6.135041,53.345859
167_57,,,-6.134981,53.346756
167_58,,,-6.134921,53.347654
167_59,,,-6.13486,53.348552
167_60,,,-6.1348,53.34945
167_61,,,-6.13474,53.350347
167_62,,,-6.13468,53.351245
167_63,,,-6.134619,53.352143
167_64,,,-6.134559,53.353041
167_65,,,-6.134499,53.353939
167_66,,,-6.134439,53.354836
167_67,,,-6.134378,53.355734
167_68,,,-6.134318,53.356632
167_69,,,-6.134258,53.35753
167_70,,,-6.134198,53.358427
167_71,,,-6.134137,53.359325
167_72,,,-6.134077,53.360223
167_73,,,-6.134017,53.361121
167_74,,,-6.133956,53.362018
167_75,4.14,4.12,-6.133896,53.362916
167_76,4.32,4.34,-6.133836,53.363814
167_77,4.51,4.55,-6.133776,53.364712
167_78,4.67,4.64,-6.133715,53.365609
167_79,4.85,4.86,-6.133655,53.366507
167_80,5.04,5.07,-6.133595,53.367405
167_81,5.18,5.28,-6.133534,53.368303
167_82,5.35,5.35,-6.133474,53.3692
167_83,5.53,5.56,-6.133414,53.370098
167_84,5.7,5.76,-6.133353,53.370996
167_85,5.85,5.97,-6.133293,53.371894
167_86,6.02,6.04,-6.133233,53.372792
167_87,6.19,6.25,-6.133172,53.373689
167_88,6.32,6.43,-6.133112,53.374587
167_89,6.42,6.59,-6.133052,53.375485
167_90,6.53,6.55,-6.132991,53.376383
167_91,6.64,6.55,-6.132931,53.37728
167_92,6.74,6.72,-6.132871,53.378178
167_93,6.86,6.68,-6.13281,53.379076
167_94,6.99,6.86,-6.13275,53.379974
167_95,7.17,7.09,-6.13269,53.380871
167_96,7.36,7.33,-6.132629,53.381769
167_97,7.52,7.36,-6.132569,53.382667
167_98,7.71,7.61,-6.132509,53.383565
167_99,7.96,7.87,-6.132448,53.384462
167_100,8.34,8.3,-6.132388,53.38536
167_101,8.83,8.32,-6.132327,53.386258
167_102,11.62,8.91,-6.132267,53.387156
167_103,9.74,9.84,-6.132207,53.388053
167_104,9.63,9.81,-6.132146,53.388951
167_105,9.59,9.46,-6.132086,53.389849
167_106,9.59,9.58,-6.132025,53.390747
167_107,9.64,9.73,-6.131965,53.391644
167_108,9.63,9.86,-6.131905,53.392542
167_109,9.62,9.48,-6.131844,53.39344
167_110,9.56,9.56,-6.131784,53.394338
167_111,9.38,9.51,-6.131723,53.395235
167_112,10.7,9.37,-6.131663,53.396133
167_113,9.38,9.34,-6.131603,53.397031
167_114,10.23,9.01,-6.131542,53.397929
167_115,8.92,8.9,-6.131482,53.398827
167_116,8.81,8.7,-6.131421,53.399724
167_117,8.84,8.92,-6.131361,53.400622
167_118,9.03,9.05,-6.131301,53.40152
167_119,9.26,8.92,-6.13124,53.402418
167_120,8.89,8.03,-6.13118,53.403315
167_121,7.94,8.06,-6.131119,53.404213
167_122,7.85,7.92,-6.131059,53.405111
167_123,7.6,7.92,-6.130998,53.406009
167_124,7.19,7.07,-6.130938,53.406906
167_125,6.8,6.84,-6.130877,53.407804
167_126,6.47,6.61,-6.130817,53.408702
168_0,12.34,13.04,-6.136911,53.295547
168_1,9.06,9.17,-6.136851,53.296445
168_2,7.5,7.5,-6.13679,53.297343
168_3,6.9,6.86,-6.13673,53.298241
168_4,6.38,6.39,-6.13667,53.299139
168_5,5.99,6.03,-6.13661,53.300036
168_6,5.68,5.63,-6.13655,53.300934
168_7,5.34,5.3,-6.13649,53.301832
168_8,5,4.97,-6.13643,53.30273
168_9,4.69,4.65,-6.13637,53.303627
168_10,4.48,4.44,-6.13631,53.304525
168_11,,,-6.13625,53.305423
168_12,,,-6.136189,53.306321
168_13,,,-6.136129,53.307219
168_14,,,-6.136069,53.308116
168_15,,,-6.136009,53.309014
168_16,,,-6.135949,53.309912
168_17,,,-6.135889,53.31081
168_18,,,-6.135829,53.311707
168_19,,,-6.135768,53.312605
168_20,,,-6.135708,53.313503
168_21,,,-6.135648,53.314401
168_22,,,-6.135588,53.315298
168_23,,,-6.135528,53.316196
168_24,,,-6.135468,53.317094
168_25,,,-6.135408,53.317992
168_26,,,-6.135347,53.31889
168_27,,,-6.135287,53.319787
168_28,,,-6.135227,53.320685
168_29,,,-6.135167,53.321583
168_30,,,-6.135107,53.322481
168_31,,,-6.135046,53.323378
168_32,,,-6.134986,53.324276
168_33,,,-6.134926,53.325174
168_34,,,-6.134866,53.326072
168_35,,,-6.134806,53.326969
168_36,,,-6.134746,53.327867
168_37,,,-6.134685,53.328765
168_38,,,-6.134625,53.329663
168_39,,,-6.134565,53.330561
168_40,,,-6.134505,53.331458
168_41,,,-6.134444,53.332356
168_42,,,-6.134384,53.333254
168_43,,,-6.134324,53.334152
168_44,,,-6.134264,53.335049
168_45,,,-6.134204,53.335947
168_46,,,-6.134143,53.336845
168_47,,,-6.134083,53.337743
168_48,,,-6.134023,53.33864
168_49,,,-6.133963,53.339538
168_50,,,-6.133902,53.340436
168_51,,,-6.133842,53.341334
168_52,,,-6.133782,53.342232
168_53,,,-6.133722,53.343129
168_54,,,-6.133661,53.344027
168_55,,,-6.133601,53.344925
168_56,,,-6.133541,53.345823
168_57,,,-6.133481,53.34672
168_58,,,-6.13342,53.347618
168_59,,,-6.13336,53.348516
168_60,,,-6.1333,53.349414
168_61,,,-6.13324,53.350311
168_62,,,-6.133179,53.351209
168_63,,,-6.133119,53.352107
168_64,,,-6.133059,53.353005
168_65,,,-6.132998,53.353902
168_66,,,-6.132938,53.3548
168_67,,,-6.132878,53.355698
168_68,,,-6.132818,53.356596
168_69,,,-6.132757,53.357494
168_70,,,-6.132697,53.358391
168_71,,,-6.132637,53.359289
168_72,,,-6.132576,53.360187
168_73,,,-6.132516,53.361085
168_74,,,-6.132456,53.361982
168_75,,,-6.132395,53.36288
168_76,4.14,4.2,-6.132335,53.363778
168_77,4.31,4.42,-6.132275,53.364676
168_78,4.49,4.5,-6.132214,53.365573
168_79,4.66,4.72,-6.132154,53.366471
168_80,4.84,4.93,-6.132094,53.367369
168_81,5,5.14,-6.132033,53.368267
168_82,5.18,5.21,-6.131973,53.369164
168_83,5.33,5.21,-6.131913,53.370062
168_84,5.51,5.42,-6.131852,53.37096
168_85,5.67,5.63,-6.131792,53.371858
168_86,5.82,5.7,-6.131732,53.372755
168_87,5.98,5.9,-6.131671,53.373653
168_88,6.09,6.06,-6.131611,53.374551
168_89,6.17,6.22,-6.13155,53.375449
168_90,6.3,6.19,-6.13149,53.376346
168_91,6.4,6.35,-6.13143,53.377244
168_92,6.51,6.52,-6.131369,53.378142
168_93,6.61,6.48,-6.131309,53.37904
168_94,6.74,6.65,-6.131249,53.379938
168_95,6.91,6.88,-6.131188,53.380835
168_96,7.08,7.12,-6.131128,53.381733
168_97,7.26,7.15,-6.131067,53.382631
168_98,7.46,7.39,-6.131007,53.383529
168_99,7.62,7.64,-6.130947,53.384426
168_100,7.98,8.06,-6.130886,53.385324
168_101,8.14,8.01,-6.130826,53.386222
168_102,8.9,8.98,-6.130765,53.38712
168_103,9.6,9.53,-6.130705,53.388017
168_104,9.16,9.35,-6.130645,53.388915
168_105,9.14,9.04,-6.130584,53.389813
168_106,9.18,9.17,-6.130524,53.390711
168_107,9.19,9.31,-6.130463,53.391608
168_108,9.19,9.4,-6.130403,53.392506
168_109,9.13,9.07,-6.130342,53.393404
168_110,9.14,9.13,-6.130282,53.394302
168_111,9.23,9.26,-6.130221,53.395199
168_112,10.27,9.24,-6.130161,53.396097
168_113,9.27,9.22,-6.130101,53.396995
168_114,8.99,10.71,-6.13004,53.397893
168_115,8.95,10.71,-6.12998,53.39879
168_116,8.7,8.49,-6.129919,53.399688
168_117,8.75,8.26,-6.129859,53.400586
168_118,9.02,8.85,-6.129798,53.401484
168_119,9.05,9.5,-6.129738,53.402381
168_120,7.88,8.14,-6.129677,53.403279
168_121,7.51,7.09,-6.129617,53.404177
168_122,7.35,7.45,-6.129556,53.405075
168_123,6.93,7.31,-6.129496,53.405972
168_124,6.64,6.64,-6.129435,53.40687
168_125,6.55,6.56,-6.129375,53.407768
168_126,6.46,6.48,-6.129315,53.408666
169_0,10.33,10.22,-6.135412,53.295511
169_1,9.48,9.14,-6.135352,53.296409
169_2,7.84,7.78,-6.135292,53.297307
169_3,6.92,6.78,-6.135232,53.298205
169_4,6.38,6.28,-6.135172,53.299103
169_5,6.04,5.95,-6.135112,53.3
169_6,5.7,5.58,-6.135051,53.300898
169_7,5.39,5.25,-6.134991,53.301796
169_8,5.05,4.92,-6.134931,53.302694
169_9,4.71,4.6,-6.134871,53.303591
169_10,4.45,4.55,-6.134811,53.304489
169_11,,,-6.134751,53.305387
169_12,,,-6.134691,53.306285
169_13,,,-6.13463,53.307182
169_14,,,-6.13457,53.30808
169_15,,,-6.13451,53.308978
169_16,,,-6.13445,53.309876
169_17,,,-6.13439,53.310774
169_18,,,-6.13433,53.311671
169_19,,,-6.134269,53.312569
169_20,,,-6.134209,53.313467
169_21,,,-6.134149,53.314365
169_22,,,-6.134089,53.315262
169_23,,,-6.134029,53.31616
169_24,,,-6.133968,53.317058
169_25,,,-6.133908,53.317956
169_26,,,-6.133848,53.318854
169_27,,,-6.133788,53.319751
169_28,,,-6.133728,53.320649
169_29,,,-6.133667,53.321547
169_30,,,-6.133607,53.322445
169_31,,,-6.133547,53.323342
169_32,,,-6.133487,53.32424
169_33,,,-6.133427,53.325138
169_34,,,-6.133366,53.326036
169_35,,,-6.133306,53.326933
169_36,,,-6.133246,53.327831
169_37,,,-6.133186,53.328729
169_38,,,-6.133125,53.329627
169_39,,,-6.133065,53.330524
169_40,,,-6.133005,53.331422
169_41,,,-6.132945,53.33232
169_42,,,-6.132884,53.333218
169_43,,,-6.132824,53.334116
169_44,,,-6.132764,53.335013
169_45,,,-6.132704,53.335911
169_46,,,-6.132643,53.336809
169_47,,,-6.132583,53.337707
169_48,,,-6.132523,53.338604
169_49,,,-6.132463,53.339502
169_50,,,-6.132402,53.3404
169_51,,,-6.132342,53.341298
169_52,,,-6.132282,53.342195
169_53,,,-6.132222,53.343093
169_54,,,-6.132161,53.343991
169_55,,,-6.132101,53.344889
169_56,,,-6.132041,53.345787
169_57,,,-6.13198,53.346684
169_58,,,-6.13192,53.347582
169_59,,,-6.13186,53.34848
169_60,,,-6.131799,53.349378
169_61,,,-6.131739,53.350275
169_62,,,-6.131679,53.351173
169_63,,,-6.131619,53.352071
169_64,,,-6.131558,53.352969
169_65,,,-6.131498,53.353866
169_66,,,-6.131438,53.354764
169_67,,,-6.131377,53.355662
169_68,,,-6.131317,53.35656
169_69,,,-6.131257,53.357457
169_70,,,-6.131196,53.358355
169_71,,,-6.131136,53.359253
169_72,,,-6.131076,53.360151
169_73,,,-6.131015,53.361048
169_74,,,-6.130955,53.361946
169_75,,,-6.130894,53.362844
169_76,,,-6.130834,53.363742
169_77,,,-6.130774,53.36464
169_78,4.3,,-6.130713,53.365537
169_79,4.48,4.37,-6.130653,53.366435
169_80,4.66,4.59,-6.130593,53.367333
169_81,4.82,4.8,-6.130532,53.368231
169_82,4.98,4.86,-6.130472,53.369128
169_83,5.16,5.07,-6.130412,53.370026
169_84,5.31,5.28,-6.130351,53.370924
169_85,5.47,5.49,-6.130291,53.371822
169_86,5.64,5.53,-6.13023,53.372719
169_87,5.73,5.69,-6.13017,53.373617
169_88,5.83,5.86,-6.13011,53.374515
169_89,5.96,6.02,-6.130049,53.375413
169_90,6.04,5.98,-6.129989,53.37631
169_91,6.17,6.15,-6.129928,53.377208
169_92,6.27,6.31,-6.129868,53.378106
169_93,6.38,6.48,-6.129808,53.379004
169_94,6.48,6.44,-6.129747,53.379901
169_95,6.65,6.68,-6.129687,53.380799
169_96,6.83,6.91,-6.129626,53.381697
169_97,7,6.94,-6.129566,53.382595
169_98,7.17,7.18,-6.129505,53.383492
169_99,7.37,7.42,-6.129445,53.38439
169_100,7.6,7.8,-6.129385,53.385288
169_101,7.76,7.71,-6.129324,53.386186
169_102,8.05,8.9,-6.129264,53.387083
169_103,9.38,9.51,-6.129203,53.387981
169_104,9.22,9.02,-6.129143,53.388879
169_105,8.93,8.77,-6.129082,53.389777
169_106,8.84,8.77,-6.129022,53.390674
169_107,8.84,8.84,-6.128961,53.391572
169_108,8.91,8.88,-6.128901,53.39247
169_109,8.97,8.88,-6.12884,53.393368
169_110,8.73,8.73,-6.12878,53.394265
169_111,8.84,8.68,-6.12872,53.395163
169_112,9.31,9.27,-6.128659,53.396061
169_113,8.78,8.25,-6.128599,53.396959
169_114,9.83,9.01,-6.128538,53.397856
169_115,9.61,9.82,-6.128478,53.398754
169_116,11.78,7.89,-6.128417,53.399652
169_117,8.08,7.98,-6.128357,53.40055
169_118,7.89,7.91,-6.128296,53.401448
169_119,7.61,7.93,-6.128236,53.402345
169_120,7.55,7.11,-6.128175,53.403243
169_121,7.1,6.99,-6.128115,53.404141
169_122,6.8,6.8,-6.128054,53.405039
169_123,6.71,6.72,-6.127994,53.405936
169_124,6.62,6.61,-6.127933,53.406834
169_125,6.53,6.53,-6.127873,53.407732
169_126,6.45,6.45,-6.127812,53.40863
170_0,9.98,9.75,-6.133914,53.295475
170_1,9.34,8.79,-6.133854,53.296373
170_2,8.09,8.1,-6.133793,53.297271
170_3,6.96,7.27,-6.133733,53.298169
170_4,6.38,6.5,-6.133673,53.299067
170_5,6.09,6.23,-6.133613,53.299964
170_6,5.75,5.86,-6.133553,53.300862
170_7,5.41,5.53,-6.133493,53.30176
170_8,5.11,5.21,-6.133432,53.302658
170_9,4.76,4.88,-6.133372,53.303555
170_10,4.42,4.51,-6.133312,53.304453
170_11,,,-6.133252,53.305351
170_12,,,-6.133192,53.306249
170_13,,,-6.133132,53.307146
170_14,,,-6.133071,53.308044
170_15,,,-6.133011,53.308942
170_16,,,-6.132951,53.30984
170_17,,,-6.132891,53.310738
170_18,,,-6.132831,53.311635
170_19,,,-6.13277,53.312533
170_20,,,-6.13271,53.313431
170_21,,,-6.13265,53.314329
170_22,,,-6.13259,53.315226
170_23,,,-6.132529,53.316124
170_24,,,-6.132469,53.317022
170_25,,,-6.132409,53.31792
170_26,,,-6.132349,53.318817
170_27,,,-6.132289,53.319715
170_28,,,-6.132228,53.320613
170_29,,,-6.132168,53.321511
170_30,,,-6.132108,53.322409
170_31,,,-6.132048,53.323306
170_32,,,-6.131987,53.324204
170_33,,,-6.131927,53.325102
170_34,,,-6.131867,53.326
170_35,,,-6.131807,53.326897
170_36,,,-6.131746,53.327795
170_37,,,-6.131686,53.328693
170_38,,,-6.131626,53.329591
170_39,,,-6.131566,53.330488
170_40,,,-6.131505,53.331386
170_41,,,-6.131445,53.332284
170_42,,,-6.131385,53.333182
170_43,,,-6.131324,53.334079
170_44,,,-6.131264,53.334977
170_45,,,-6.131204,53.335875
170_46,,,-6.131144,53.336773
170_47,,,-6.131083,53.337671
170_48,,,-6.131023,53.338568
170_49,,,-6.130963,53.339466
170_50,,,-6.130902,53.340364
170_51,,,-6.130842,53.341262
170_52,,,-6.130782,53.342159
170_53,,,-6.130721,53.343057
170_54,,,-6.130661,53.343955
170_55,,,-6.130601,53.344853
170_56,,,-6.13054,53.34575
170_57,,,-6.13048,53.346648
170_58,,,-6.13042,53.347546
170_59,,,-6.130359,53.348444
170_60,,,-6.130299,53.349341
170_61,,,-6.130239,53.350239
170_62,,,-6.130178,53.351137
170_63,,,-6.130118,53.352035
170_64,,,-6.130058,53.352933
170_65,,,-6.129997,53.35383
170_66,,,-6.129937,53.354728
170_67,,,-6.129877,53.355626
170_68,,,-6.129816,53.356524
170_69,,,-6.129756,53.357421
170_70,,,-6.129696,53.358319
170_71,,,-6.129635,53.359217
170_72,,,-6.129575,53.360115
170_73,,,-6.129514,53.361012
170_74,,,-6.129454,53.36191
170_75,,,-6.129394,53.362808
170_76,,,-6.129333,53.363706
170_77,,,-6.129273,53.364603
170_78,,,-6.129212,53.365501
170_79,4.28,,-6.129152,53.366399
170_80,4.47,4.45,-6.129092,53.367297
170_81,4.64,4.66,-6.129031,53.368194
170_82,4.8,4.73,-6.128971,53.369092
170_83,4.96,4.93,-6.12891,53.36999
170_84,5.13,5.14,-6.12885,53.370888
170_85,5.29,5.35,-6.12879,53.371785
170_86,5.39,5.33,-6.128729,53.372683
170_87,5.49,5.49,-6.128669,53.373581
170_88,5.6,5.65,-6.128608,53.374479
170_89,5.71,5.82,-6.128548,53.375376
170_90,5.83,5.78,-6.128487,53.376274
170_91,5.93,5.95,-6.128427,53.377172
170_92,6.02,6.11,-6.128367,53.37807
170_93,6.14,6.28,-6.128306,53.378968
170_94,6.25,6.24,-6.128246,53.379865
170_95,6.37,6.47,-6.128185,53.380763
170_96,6.57,6.7,-6.128125,53.381661
170_97,6.74,6.94,-6.128064,53.382559
170_98,6.91,6.73,-6.128004,53.383456
170_99,7.09,6.97,-6.127943,53.384354
170_100,7.27,7.2,-6.127883,53.385252
170_101,7.48,7.3,-6.127822,53.38615
170_102,7.95,7.6,-6.127762,53.387047
170_103,9.44,9.03,-6.127702,53.387945
170_104,9.48,9.56,-6.127641,53.388843
170_105,8.83,8.73,-6.127581,53.389741
170_106,8.32,8.29,-6.12752,53.390638
170_107,8.72,8.61,-6.12746,53.391536
170_108,8.77,8.83,-6.127399,53.392434
170_109,8.52,8.33,-6.127339,53.393332
170_110,8.25,8.2,-6.127278,53.394229
170_111,8.29,8.3,-6.127218,53.395127
170_112,8.42,8.84,-6.127157,53.396025
170_113,8.05,8.94,-6.127097,53.396923
170_114,12.36,10.78,-6.127036,53.39782
170_115,11.91,11.91,-6.126976,53.398718
170_116,7.94,7.89,-6.126915,53.399616
170_117,7.63,7.45,-6.126854,53.400514
170_118,7.35,7.34,-6.126794,53.401411
170_119,7.12,7.22,-6.126733,53.402309
170_120,6.92,6.74,-6.126673,53.403207
170_121,6.76,6.71,-6.126612,53.404105
170_122,6.7,6.7,-6.126552,53.405002
170_123,6.62,6.69,-6.126491,53.4059
170_124,6.54,6.44,-6.126431,53.406798
170_125,6.48,6.43,-6.12637,53.407696
170_126,6.4,6.41,-6.12631,53.408593
171_0,9.57,9.64,-6.132415,53.295439
171_1,8.66,9.21,-6.132355,53.296337
171_2,7.71,8.1,-6.132295,53.297235
171_3,6.89,6.99,-6.132235,53.298133
171_4,6.37,6.42,-6.132174,53.29903
171_5,6.11,6.18,-6.132114,53.299928
171_6,5.8,5.81,-6.132054,53.300826
171_7,5.46,5.49,-6.131994,53.301724
171_8,5.12,5.16,-6.131934,53.302622
171_9,4.81,4.83,-6.131873,53.303519
171_10,4.48,4.46,-6.131813,53.304417
171_11,,,-6.131753,53.305315
171_12,,,-6.131693,53.306213
171_13,,,-6.131633,53.30711
171_14,,,-6.131572,53.308008
171_15,,,-6.131512,53.308906
171_16,,,-6.131452,53.309804
171_17,,,-6.131392,53.310701
171_18,,,-6.131331,53.311599
171_19,,,-6.131271,53.312497
171_20,,,-6.131211,53.313395
171_21,,,-6.131151,53.314293
171_22,,,-6.131091,53.31519
171_23,,,-6.13103,53.316088
171_24,,,-6.13097,53.316986
171_25,,,-6.13091,53.317884
171_26,,,-6.13085,53.318781
171_27,,,-6.130789,53.319679
171_28,,,-6.130729,53.320577
171_29,,,-6.130669,53.321475
171_30,,,-6.130608,53.322372
171_31,,,-6.130548,53.32327
171_32,,,-6.130488,53.324168
171_33,,,-6.130428,53.325066
171_34,,,-6.130367,53.325964
171_35,,,-6.130307,53.326861
171_36,,,-6.130247,53.327759
171_37,,,-6.130186,53.328657
171_38,,,-6.130126,53.329555
171_39,,,-6.130066,53.330452
171_40,,,-6.130006,53.33135
171_41,,,-6.129945,53.332248
171_42,,,-6.129885,53.333146
171_43,,,-6.129825,53.334043
171_44,,,-6.129764,53.334941
171_45,,,-6.129704,53.335839
171_46,,,-6.129644,53.336737
171_47,,,-6.129583,53.337634
171_48,,,-6.129523,53.338532
171_49,,,-6.129463,53.33943
171_50,,,-6.129402,53.340328
171_51,,,-6.129342,53.341225
171_52,,,-6.129282,53.342123
171_53,,,-6.129221,53.343021
171_54,,,-6.129161,53.343919
171_55,,,-6.129101,53.344817
171_56,,,-6.12904,53.345714
171_57,,,-6.12898,53.346612
171_58,,,-6.12892,53.34751
171_59,,,-6.128859,53.348408
171_60,,,-6.128799,53.349305
171_61,,,-6.128738,53.350203
171_62,,,-6.128678,53.351101
171_63,,,-6.128618,53.351999
171_64,,,-6.128557,53.352896
171_65,,,-6.128497,53.353794
171_66,,,-6.128436,53.354692
171_67,,,-6.128376,53.35559
171_68,,,-6.128316,53.356487
171_69,,,-6.128255,53.357385
171_70,,,-6.128195,53.358283
171_71,,,-6.128134,53.359181
171_72,,,-6.128074,53.360078
171_73,,,-6.128014,53.360976
171_74,,,-6.127953,53.361874
171_75,,,-6.127893,53.362772
171_76,,,-6.127832,53.363669
171_77,,,-6.127772,53.364567
171_78,,,-6.127712,53.365465
171_79,,,-6.127651,53.366363
171_80,,,-6.127591,53.367261
171_81,4.45,4.52,-6.12753,53.368158
171_82,4.61,4.59,-6.12747,53.369056
171_83,4.76,4.79,-6.127409,53.369954
171_84,4.94,5,-6.127349,53.370852
171_85,5.05,5.16,-6.127288,53.371749
171_86,5.14,5.12,-6.127228,53.372647
171_87,5.26,5.29,-6.127168,53.373545
171_88,5.37,5.45,-6.127107,53.374443
171_89,5.49,5.62,-6.127047,53.37534
171_90,5.58,5.41,-6.126986,53.376238
171_91,5.68,5.58,-6.126926,53.377136
171_92,5.81,5.74,-6.126865,53.378034
171_93,5.89,5.91,-6.126805,53.378931
171_94,6,5.87,-6.126744,53.379829
171_95,6.14,6.03,-6.126684,53.380727
171_96,6.29,6.26,-6.126623,53.381625
171_97,6.48,6.49,-6.126563,53.382522
171_98,6.66,6.52,-6.126502,53.38342
171_99,6.81,6.76,-6.126442,53.384318
171_100,7,7,-6.126381,53.385216
171_101,7.25,7.05,-6.126321,53.386113
171_102,7.64,7.43,-6.12626,53.387011
171_103,9.16,9.01,-6.1262,53.387909
171_104,9.48,9.58,-6.126139,53.388807
171_105,8.17,7.96,-6.126079,53.389704
171_106,7.9,7.8,-6.126018,53.390602
171_107,7.85,7.89,-6.125958,53.3915
171_108,8,8.28,-6.125897,53.392398
171_109,7.85,10.58,-6.125837,53.393295
171_110,10.22,10.69,-6.125776,53.394193
171_111,11.34,11.34,-6.125716,53.395091
171_112,8.19,9.91,-6.125655,53.395989
171_113,10.93,8.27,-6.125595,53.396886
171_114,8.23,8.23,-6.125534,53.397784
171_115,7.98,7.97,-6.125473,53.398682
171_116,7.55,7.66,-6.125413,53.39958
171_117,7.23,7.09,-6.125352,53.400477
171_118,7.04,6.97,-6.125292,53.401375
171_119,6.84,6.86,-6.125231,53.402273
171_120,6.62,6.74,-6.125171,53.403171
171_121,6.55,6.47,-6.12511,53.404068
171_122,6.47,6.47,-6.12505,53.404966
171_123,6.39,6.46,-6.124989,53.405864
171_124,6.33,6.21,-6.124928,53.406762
171_125,6.25,6.2,-6.124868,53.407659
171_126,6.19,6.19,-6.124807,53.408557
172_0,9.32,9.4,-6.130917,53.295403
172_1,8.53,8.59,-6.130857,53.296301
172_2,7.64,7.79,-6.130796,53.297199
172_3,6.74,6.68,-6.130736,53.298097
172_4,6.36,6.34,-6.130676,53.298994
172_5,6.1,6.1,-6.130616,53.299892
172_6,5.82,5.81,-6.130555,53.30079
172_7,5.51,5.44,-6.130495,53.301688
172_8,5.17,5.11,-6.130435,53.302585
172_9,4.84,4.78,-6.130375,53.303483
172_10,,,-6.130314,53.304381
172_11,,,-6.130254,53.305279
172_12,,,-6.130194,53.306177
172_13,,,-6.130134,53.307074
172_14,,,-6.130074,53.307972
172_15,,,-6.130013,53.30887
172_16,,,-6.129953,53.309768
172_17,,,-6.129893,53.310665
172_18,,,-6.129832,53.311563
172_19,,,-6.129772,53.312461
172_20,,,-6.129712,53.313359
172_21,,,-6.129652,53.314256
172_22,,,-6.129591,53.315154
172_23,,,-6.129531,53.316052
172_24,,,-6.129471,53.31695
172_25,,,-6.129411,53.317848
172_26,,,-6.12935,53.318745
172_27,,,-6.12929,53.319643
172_28,,,-6.12923,53.320541
172_29,,,-6.129169,53.321439
172_30,,,-6.129109,53.322336
172_31,,,-6.129049,53.323234
172_32,,,-6.128988,53.324132
172_33,,,-6.128928,53.32503
172_34,,,-6.128868,53.325927
172_35,,,-6.128807,53.326825
172_36,,,-6.128747,53.327723
172_37,,,-6.128687,53.328621
172_38,,,-6.128626,53.329518
172_39,,,-6.128566,53.330416
172_40,,,-6.128506,53.331314
172_41,,,-6.128445,53.332212
172_42,,,-6.128385,53.33311
172_43,,,-6.128325,53.334007
172_44,,,-6.128264,53.334905
172_45,,,-6.128204,53.335803
172_46,,,-6.128144,53.336701
172_47,,,-6.128083,53.337598
172_48,,,-6.128023,53.338496
172_49,,,-6.127963,53.339394
172_50,,,-6.127902,53.340292
172_51,,,-6.127842,53.341189
172_52,,,-6.127782,53.342087
172_53,,,-6.127721,53.342985
172_54,,,-6.127661,53.343883
172_55,,,-6.1276,53.34478
172_56,,,-6.12754,53.345678
172_57,,,-6.12748,53.346576
172_58,,,-6.127419,53.347474
172_59,,,-6.127359,53.348371
172_60,,,-6.127298,53.349269
172_61,,,-6.127238,53.350167
172_62,,,-6.127178,53.351065
172_63,,,-6.127117,53.351962
172_64,,,-6.127057,53.35286
172_65,,,-6.126996,53.353758
172_66,,,-6.126936,53.354656
172_67,,,-6.126876,53.355554
172_68,,,-6.126815,53.356451
172_69,,,-6.126755,53.357349
172_70,,,-6.126694,53.358247
172_71,,,-6.126634,53.359145
172_72,,,-6.126573,53.360042
172_73,,,-6.126513,53.36094
172_74,,,-6.126452,53.361838
172_75,,,-6.126392,53.362736
172_76,,,-6.126332,53.363633
172_77,,,-6.126271,53.364531
172_78,,,-6.126211,53.365429
172_79,,,-6.12615,53.366327
172_80,,,-6.12609,53.367224
172_81,,,-6.126029,53.368122
172_82,4.41,,-6.125969,53.36902
172_83,4.59,4.45,-6.125908,53.369918
172_84,4.69,4.63,-6.125848,53.370815
172_85,4.8,4.79,-6.125787,53.371713
172_86,4.92,4.76,-6.125727,53.372611
172_87,5.03,4.92,-6.125666,53.373509
172_88,5.13,5.08,-6.125606,53.374406
172_89,5.24,5.25,-6.125545,53.375304
172_90,5.34,5.21,-6.125485,53.376202
172_91,5.45,5.38,-6.125424,53.3771
172_92,5.55,5.54,-6.125364,53.377997
172_93,5.66,5.71,-6.125303,53.378895
172_94,5.76,5.67,-6.125243,53.379793
172_95,5.87,5.83,-6.125182,53.380691
172_96,6.05,6.05,-6.125122,53.381588
172_97,6.2,6.28,-6.125061,53.382486
172_98,6.38,6.31,-6.125001,53.383384
172_99,6.57,6.55,-6.12494,53.384282
172_100,6.74,6.78,-6.12488,53.385179
172_101,6.89,7.05,-6.124819,53.386077
172_102,7.24,7.16,-6.124759,53.386975
172_103,8.17,8.41,-6.124698,53.387873
172_104,8.44,8.69,-6.124638,53.38877
172_105,7.76,11.45,-6.124577,53.389668
172_106,7.66,10.05,-6.124516,53.390566
172_107,7.67,7.67,-6.124456,53.391464
172_108,7.77,9.48,-6.124395,53.392361
172_109,7.87,7.79,-6.124335,53.393259
172_110,7.95,7.84,-6.124274,53.394157
172_111,7.9,9.89,-6.124214,53.395055
172_112,8.08,10.83,-6.124153,53.395952
172_113,7.95,7.75,-6.124093,53.39685
172_114,7.71,7.65,-6.124032,53.397748
172_115,7.62,7.83,-6.123971,53.398646
172_116,7.21,7.5,-6.123911,53.399543
172_117,6.97,6.91,-6.12385,53.400441
172_118,6.76,6.77,-6.12379,53.401339
172_119,6.54,6.66,-6.123729,53.402237
172_120,6.4,6.54,-6.123668,53.403134
172_121,6.31,6.25,-6.123608,53.404032
172_122,6.23,6.24,-6.123547,53.40493
172_123,6.18,6.23,-6.123487,53.405828
172_124,6.09,5.98,-6.123426,53.406725
172_125,6.04,5.97,-6.123365,53.407623
172_126,5.96,5.96,-6.123305,53.408521
173_0,9.1,9,-6.129418,53.295367
173_1,8.38,8.28,-6.129358,53.296265
173_2,7.56,7.48,-6.129298,53.297163
173_3,6.7,6.49,-6.129238,53.298061
173_4,6.32,6.25,-6.129177,53.298958
173_5,6.07,6.01,-6.129117,53.299856
173_6,5.83,5.76,-6.129057,53.300754
173_7,5.53,5.39,-6.128997,53.301652
173_8,5.19,5.06,-6.128936,53.302549
173_9,4.88,5.06,-6.128876,53.303447
173_10,,4.69,-6.128816,53.304345
173_11,,,-6.128755,53.305243
173_12,,,-6.128695,53.30614
173_13,,,-6.128635,53.307038
173_14,,,-6.128575,53.307936
173_15,,,-6.128514,53.308834
173_16,,,-6.128454,53.309732
173_17,,,-6.128394,53.310629
173_18,,,-6.128333,53.311527
173_19,,,-6.128273,53.312425
173_20,,,-6.128213,53.313323
173_21,,,-6.128153,53.31422
173_22,,,-6.128092,53.315118
173_23,,,-6.128032,53.316016
173_24,,,-6.127972,53.316914
173_25,,,-6.127911,53.317811
173_26,,,-6.127851,53.318709
173_27,,,-6.127791,53.319607
173_28,,,-6.12773,53.320505
173_29,,,-6.12767,53.321402
173_30,,,-6.12761,53.3223
173_31,,,-6.127549,53.323198
173_32,,,-6.127489,53.324096
173_33,,,-6.127429,53.324994
173_34,,,-6.127368,53.325891
173_35,,,-6.127308,53.326789
173_36,,,-6.127248,53.327687
173_37,,,-6.127187,53.328585
173_38,,,-6.127127,53.329482
173_39,,,-6.127066,53.33038
173_40,,,-6.127006,53.331278
173_41,,,-6.126946,53.332176
173_42,,,-6.126885,53.333073
173_43,,,-6.126825,53.333971
173_44,,,-6.126765,53.334869
173_45,,,-6.126704,53.335767
173_46,,,-6.126644,53.336664
173_47,,,-6.126583,53.337562
173_48,,,-6.126523,53.33846
173_49,,,-6.126463,53.339358
173_50,,,-6.126402,53.340255
173_51,,,-6.126342,53.341153
173_52,,,-6.126281,53.342051
173_53,,,-6.126221,53.342949
173_54,,,-6.126161,53.343847
173_55,,,-6.1261,53.344744
173_56,,,-6.12604,53.345642
173_57,,,-6.125979,53.34654
173_58,,,-6.125919,53.347438
173_59,,,-6.125859,53.348335
173_60,,,-6.125798,53.349233
173_61,,,-6.125738,53.350131
173_62,,,-6.125677,53.351029
173_63,,,-6.125617,53.351926
173_64,,,-6.125556,53.352824
173_65,,,-6.125496,53.353722
173_66,,,-6.125435,53.35462
173_67,,,-6.125375,53.355517
173_68,,,-6.125315,53.356415
173_69,,,-6.125254,53.357313
173_70,,,-6.125194,53.358211
173_71,,,-6.125133,53.359108
173_72,,,-6.125073,53.360006
173_73,,,-6.125012,53.360904
173_74,,,-6.124952,53.361802
173_75,,,-6.124891,53.362699
173_76,,,-6.124831,53.363597
173_77,,,-6.12477,53.364495
173_78,,,-6.12471,53.365393
173_79,,,-6.124649,53.36629
173_80,,,-6.124589,53.367188
173_81,,,-6.124528,53.368086
173_82,,,-6.124468,53.368984
173_83,,,-6.124407,53.369881
173_84,4.46,4.43,-6.124347,53.370779
173_85,4.58,4.59,-6.124286,53.371677
173_86,4.67,4.76,-6.124226,53.372575
173_87,4.79,4.72,-6.124165,53.373472
173_88,4.9,4.88,-6.124105,53.37437
173_89,4.99,5.05,-6.124044,53.375268
173_90,5.11,5.01,-6.123984,53.376166
173_91,5.21,5.17,-6.123923,53.377063
173_92,5.3,5.34,-6.123863,53.377961
173_93,5.43,5.5,-6.123802,53.378859
173_94,5.53,5.46,-6.123741,53.379757
173_95,5.64,5.63,-6.123681,53.380654
173_96,5.77,5.84,-6.12362,53.381552
173_97,5.94,6.08,-6.12356,53.38245
173_98,6.14,6.1,-6.123499,53.383348
173_99,6.29,6.34,-6.123439,53.384245
173_100,6.46,6.57,-6.123378,53.385143
173_101,6.65,6.81,-6.123318,53.386041
173_102,6.88,6.88,-6.123257,53.386939
173_103,7.19,7.49,-6.123196,53.387836
173_104,7.79,7.82,-6.123136,53.388734
173_105,7.7,7.82,-6.123075,53.389632
173_106,7.61,7.53,-6.123015,53.39053
173_107,7.52,7.52,-6.122954,53.391427
173_108,7.42,7.49,-6.122894,53.392325
173_109,7.58,7.37,-6.122833,53.393223
173_110,10.05,7.56,-6.122772,53.394121
173_111,7.89,10.17,-6.122712,53.395018
173_112,7.6,7.79,-6.122651,53.395916
173_113,7.43,7.28,-6.122591,53.396814
173_114,7.43,7.35,-6.12253,53.397712
173_115,7.25,7.35,-6.122469,53.398609
173_116,6.98,7.12,-6.122409,53.399507
173_117,6.68,6.59,-6.122348,53.400405
173_118,6.48,6.46,-6.122287,53.401303
173_119,6.29,6.34,-6.122227,53.4022
173_120,6.16,6.26,-6.122166,53.403098
173_121,6.08,6.01,-6.122106,53.403996
173_122,6.02,6,-6.122045,53.404894
173_123,5.94,5.99,-6.121984,53.405791
173_124,5.88,5.98,-6.121924,53.406689
173_125,5.8,5.74,-6.121863,53.407587
173_126,5.76,5.76,-6.121802,53.408485
174_0,8.78,8.87,-6.12792,53.295331
174_1,8.31,8.6,-6.12786,53.296229
174_2,7.44,7.97,-6.127799,53.297127
174_3,6.55,6.86,-6.127739,53.298024
174_4,6.32,6.41,-6.127679,53.298922
174_5,6.05,6.17,-6.127618,53.29982
174_6,5.79,5.93,-6.127558,53.300718
174_7,5.56,5.6,-6.127498,53.301616
174_8,5.24,5.34,-6.127438,53.302513
174_9,4.9,5.01,-6.127377,53.303411
174_10,,4.69,-6.127317,53.304309
174_11,,,-6.127257,53.305207
174_12,,,-6.127196,53.306104
174_13,,,-6.127136,53.307002
174_14,,,-6.127076,53.3079
174_15,,,-6.127015,53.308798
174_16,,,-6.126955,53.309695
174_17,,,-6.126895,53.310593
174_18,,,-6.126834,53.311491
174_19,,,-6.126774,53.312389
174_20,,,-6.126714,53.313286
174_21,,,-6.126653,53.314184
174_22,,,-6.126593,53.315082
174_23,,,-6.126533,53.31598
174_24,,,-6.126472,53.316878
174_25,,,-6.126412,53.317775
174_26,,,-6.126352,53.318673
174_27,,,-6.126291,53.319571
174_28,,,-6.126231,53.320469
174_29,,,-6.126171,53.321366
174_30,,,-6.12611,53.322264
174_31,,,-6.12605,53.323162
174_32,,,-6.125989,53.32406
174_33,,,-6.125929,53.324957
174_34,,,-6.125869,53.325855
174_35,,,-6.125808,53.326753
174_36,,,-6.125748,53.327651
174_37,,,-6.125688,53.328548
174_38,,,-6.125627,53.329446
174_39,,,-6.125567,53.330344
174_40,,,-6.125506,53.331242
174_41,,,-6.125446,53.332139
174_42,,,-6.125386,53.333037
174_43,,,-6.125325,53.333935
174_44,,,-6.125265,53.334833
174_45,,,-6.125204,53.335731
174_46,,,-6.125144,53.336628
174_47,,,-6.125084,53.337526
174_48,,,-6.125023,53.338424
174_49,,,-6.124963,53.339322
174_50,,,-6.124902,53.340219
174_51,,,-6.124842,53.341117
174_52,,,-6.124781,53.342015
174_53,,,-6.124721,53.342913
174_54,,,-6.12466,53.34381
174_55,,,-6.1246,53.344708
174_56,,,-6.12454,53.345606
174_57,,,-6.124479,53.346504
174_58,,,-6.124419,53.347401
174_59,,,-6.124358,53.348299
174_60,,,-6.124298,53.349197
174_61,,,-6.124237,53.350095
174_62,,,-6.124177,53.350992
174_63,,,-6.124116,53.35189
174_64,,,-6.124056,53.352788
174_65,,,-6.123995,53.353686
174_66,,,-6.123935,53.354583
174_67,,,-6.123874,53.355481
174_68,,,-6.123814,53.356379
174_69,,,-6.123753,53.357277
174_70,,,-6.123693,53.358174
174_71,,,-6.123632,53.359072
174_72,,,-6.123572,53.35997
174_73,,,-6.123511,53.360868
174_74,,,-6.123451,53.361765
174_75,,,-6.12339,53.362663
174_76,,,-6.12333,53.363561
174_77,,,-6.123269,53.364459
174_78,,,-6.123209,53.365356
174_79,,,-6.123148,53.366254
174_80,,,-6.123088,53.367152
174_81,,,-6.123027,53.36805
174_82,,,-6.122967,53.368948
174_83,,,-6.122906,53.369845
174_84,,,-6.122846,53.370743
174_85,,4.39,-6.122785,53.371641
174_86,4.46,4.55,-6.122725,53.372539
174_87,4.54,4.51,-6.122664,53.373436
174_88,4.65,4.68,-6.122603,53.374334
174_89,4.77,4.84,-6.122543,53.375232
174_90,4.86,4.81,-6.122482,53.37613
174_91,4.96,4.97,-6.122422,53.377027
174_92,5.09,5.14,-6.122361,53.377925
174_93,5.17,5.3,-6.122301,53.378823
174_94,5.3,5.26,-6.12224,53.379721
174_95,5.4,5.43,-6.122179,53.380618
174_96,5.51,5.63,-6.122119,53.381516
174_97,5.68,5.63,-6.122058,53.382414
174_98,5.86,5.66,-6.121998,53.383312
174_99,6.05,5.89,-6.121937,53.384209
174_100,6.19,6.12,-6.121877,53.385107
174_101,6.36,6.35,-6.121816,53.386005
174_102,6.58,6.37,-6.121755,53.386903
174_103,6.63,6.6,-6.121695,53.3878
174_104,7.02,6.94,-6.121634,53.388698
174_105,7.45,7.57,-6.121574,53.389596
174_106,7.4,7.36,-6.121513,53.390494
174_107,7.35,7.34,-6.121452,53.391391
174_108,7.32,7.32,-6.121392,53.392289
174_109,7.38,7.37,-6.121331,53.393187
174_110,7.74,7.66,-6.12127,53.394085
174_111,7.47,7.49,-6.12121,53.394982
174_112,7.07,7.28,-6.121149,53.39588
174_113,7.08,6.88,-6.121089,53.396778
174_114,7.08,7.05,-6.121028,53.397676
174_115,7,7,-6.120967,53.398573
174_116,6.72,6.79,-6.120907,53.399471
174_117,6.41,6.26,-6.120846,53.400369
174_118,6.21,6.14,-6.120785,53.401266
174_119,6.01,6.03,-6.120725,53.402164
174_120,5.93,6.02,-6.120664,53.403062
174_121,5.87,5.77,-6.120603,53.40396
174_122,5.79,5.76,-6.120543,53.404857
174_123,5.73,5.75,-6.120482,53.405755
174_124,5.67,5.74,-6.120421,53.406653
174_125,5.65,5.62,-6.120361,53.407551
174_126,5.64,5.64,-6.1203,53.408448
175_0,8.43,8.47,-6.126421,53.295295
175_1,8.08,8.2,-6.126361,53.296193
175_2,7.37,7.66,-6.126301,53.297091
175_3,6.55,6.56,-6.12624,53.297988
175_4,6.28,6.32,-6.12618,53.298886
175_5,6.04,6.08,-6.12612,53.299784
175_6,5.78,5.84,-6.12606,53.300682
175_7,5.52,5.52,-6.125999,53.301579
175_8,5.28,5.28,-6.125939,53.302477
175_9,4.96,4.97,-6.125879,53.303375
175_10,,,-6.125818,53.304273
175_11,,,-6.125758,53.30517
175_12,,,-6.125698,53.306068
175_13,,,-6.125637,53.306966
175_14,,,-6.125577,53.307864
175_15,,,-6.125516,53.308761
175_16,,,-6.125456,53.309659
175_17,,,-6.125396,53.310557
175_18,,,-6.125335,53.311455
175_19,,,-6.125275,53.312353
175_20,,,-6.125215,53.31325
175_21,,,-6.125154,53.314148
175_22,,,-6.125094,53.315046
175_23,,,-6.125034,53.315944
175_24,,,-6.124973,53.316841
175_25,,,-6.124913,53.317739
175_26,,,-6.124852,53.318637
175_27,,,-6.124792,53.319535
175_28,,,-6.124732,53.320432
175_29,,,-6.124671,53.32133
175_30,,,-6.124611,53.322228
175_31,,,-6.12455,53.323126
175_32,,,-6.12449,53.324023
175_33,,,-6.12443,53.324921
175_34,,,-6.124369,53.325819
175_35,,,-6.124309,53.326717
175_36,,,-6.124248,53.327615
175_37,,,-6.124188,53.328512
175_38,,,-6.124128,53.32941
175_39,,,-6.124067,53.330308
175_40,,,-6.124007,53.331206
175_41,,,-6.123946,53.332103
175_42,,,-6.123886,53.333001
175_43,,,-6.123825,53.333899
175_44,,,-6.123765,53.334797
175_45,,,-6.123704,53.335694
175_46,,,-6.123644,53.336592
175_47,,,-6.123584,53.33749
175_48,,,-6.123523,53.338388
175_49,,,-6.123463,53.339285
175_50,,,-6.123402,53.340183
175_51,,,-6.123342,53.341081
175_52,,,-6.123281,53.341979
175_53,,,-6.123221,53.342876
175_54,,,-6.12316,53.343774
175_55,,,-6.1231,53.344672
175_56,,,-6.123039,53.34557
175_57,,,-6.122979,53.346467
175_58,,,-6.122918,53.347365
175_59,,,-6.122858,53.348263
175_60,,,-6.122797,53.349161
175_61,,,-6.122737,53.350058
175_62,,,-6.122676,53.350956
175_63,,,-6.122616,53.351854
175_64,,,-6.122555,53.352752
175_65,,,-6.122495,53.353649
175_66,,,-6.122434,53.354547
175_67,,,-6.122374,53.355445
175_68,,,-6.122313,53.356343
175_69,,,-6.122253,53.35724
175_70,,,-6.122192,53.358138
175_71,,,-6.122132,53.359036
175_72,,,-6.122071,53.359934
175_73,,,-6.122011,53.360832
175_74,,,-6.12195,53.361729
175_75,,,-6.12189,53.362627
175_76,,,-6.121829,53.363525
175_77,,,-6.121768,53.364423
175_78,,,-6.121708,53.36532
175_79,,,-6.121647,53.366218
175_80,,,-6.121587,53.367116
175_81,,,-6.121526,53.368014
175_82,,,-6.121466,53.368911
175_83,,,-6.121405,53.369809
175_84,,,-6.121345,53.370707
175_85,,,-6.121284,53.371605
175_86,,4.35,-6.121223,53.372502
175_87,4.31,4.31,-6.121163,53.3734
175_88,4.41,4.31,-6.121102,53.374298
175_89,4.52,4.48,-6.121042,53.375196
175_90,4.62,4.64,-6.120981,53.376093
175_91,4.75,4.6,-6.12092,53.376991
175_92,4.83,4.77,-6.12086,53.377889
175_93,4.96,4.93,-6.120799,53.378787
175_94,5.06,4.89,-6.120739,53.379684
175_95,5.15,5.06,-6.120678,53.380582
175_96,5.27,5.22,-6.120617,53.38148
175_97,5.43,5.42,-6.120557,53.382378
175_98,5.6,5.44,-6.120496,53.383275
175_99,5.76,5.68,-6.120436,53.384173
175_100,5.93,5.91,-6.120375,53.385071
175_101,6.1,6.14,-6.120314,53.385969
175_102,6.27,6.16,-6.120254,53.386866
175_103,6.35,6.33,-6.120193,53.387764
175_104,6.97,6.99,-6.120132,53.388662
175_105,7.44,7.46,-6.120072,53.38956
175_106,7.29,7.24,-6.120011,53.390457
175_107,7.23,7.22,-6.11995,53.391355
175_108,7.28,7.29,-6.11989,53.392253
175_109,7.37,7.42,-6.119829,53.393151
175_110,7.31,7,-6.119768,53.394048
175_111,6.68,6.68,-6.119708,53.394946
175_112,6.68,6.78,-6.119647,53.395844
175_113,6.77,6.65,-6.119587,53.396742
175_114,6.76,6.62,-6.119526,53.397639
175_115,6.61,6.6,-6.119465,53.398537
175_116,6.43,6.47,-6.119404,53.399435
175_117,6.18,5.94,-6.119344,53.400332
175_118,5.93,5.82,-6.119283,53.40123
175_119,5.77,5.79,-6.119222,53.402128
175_120,5.72,5.79,-6.119162,53.403026
175_121,5.63,5.55,-6.119101,53.403923
175_122,5.59,5.56,-6.11904,53.404821
175_123,5.57,5.58,-6.11898,53.405719
175_124,5.55,5.59,-6.118919,53.406617
175_125,5.54,5.49,-6.118858,53.407514
175_126,5.52,5.5,-6.118798,53.408412
176_0,8.1,8,-6.124923,53.295259
176_1,7.76,7.8,-6.124863,53.296157
176_2,7.25,7.35,-6.124802,53.297054
176_3,6.53,6.48,-6.124742,53.297952
176_4,6.27,6.24,-6.124682,53.29885
176_5,6.01,6,-6.124621,53.299748
176_6,5.77,5.76,-6.124561,53.300645
176_7,5.51,5.43,-6.124501,53.301543
176_8,5.25,5.19,-6.12444,53.302441
176_9,,,-6.12438,53.303339
176_10,,,-6.124319,53.304237
176_11,,,-6.124259,53.305134
176_12,,,-6.124199,53.306032
176_13,,,-6.124138,53.30693
176_14,,,-6.124078,53.307828
176_15,,,-6.124018,53.308725
176_16,,,-6.123957,53.309623
176_17,,,-6.123897,53.310521
176_18,,,-6.123836,53.311419
176_19,,,-6.123776,53.312316
176_20,,,-6.123716,53.313214
176_21,,,-6.123655,53.314112
176_22,,,-6.123595,53.31501
176_23,,,-6.123534,53.315907
176_24,,,-6.123474,53.316805
176_25,,,-6.123414,53.317703
176_26,,,-6.123353,53.318601
176_27,,,-6.123293,53.319498
176_28,,,-6.123232,53.320396
176_29,,,-6.123172,53.321294
176_30,,,-6.123111,53.322192
176_31,,,-6.123051,53.32309
176_32,,,-6.122991,53.323987
176_33,,,-6.12293,53.324885
176_34,,,-6.12287,53.325783
176_35,,,-6.122809,53.326681
176_36,,,-6.122749,53.327578
176_37,,,-6.122688,53.328476
176_38,,,-6.122628,53.329374
176_39,,,-6.122567,53.330272
176_40,,,-6.122507,53.331169
176_41,,,-6.122447,53.332067
176_42,,,-6.122386,53.332965
176_43,,,-6.122326,53.333863
176_44,,,-6.122265,53.33476
176_45,,,-6.122205,53.335658
176_46,,,-6.122144,53.336556
176_47,,,-6.122084,53.337454
176_48,,,-6.122023,53.338351
176_49,,,-6.121963,53.339249
176_50,,,-6.121902,53.340147
176_51,,,-6.121842,53.341045
176_52,,,-6.121781,53.341942
176_53,,,-6.121721,53.34284
176_54,,,-6.12166,53.343738
176_55,,,-6.1216,53.344636
176_56,,,-6.121539,53.345533
176_57,,,-6.121479,53.346431
176_58,,,-6.121418,53.347329
176_59,,,-6.121358,53.348227
176_60,,,-6.121297,53.349124
176_61,,,-6.121237,53.350022
176_62,,,-6.121176,53.35092
176_63,,,-6.121115,53.351818
176_64,,,-6.121055,53.352716
176_65,,,-6.120994,53.353613
176_66,,,-6.120934,53.354511
176_67,,,-6.120873,53.355409
176_68,,,-6.120813,53.356307
176_69,,,-6.120752,53.357204
176_70,,,-6.120692,53.358102
176_71,,,-6.120631,53.359
176_72,,,-6.12057,53.359898
176_73,,,-6.12051,53.360795
176_74,,,-6.120449,53.361693
176_75,,,-6.120389,53.362591
176_76,,,-6.120328,53.363489
176_77,,,-6.120268,53.364386
176_78,,,-6.120207,53.365284
176_79,,,-6.120146,53.366182
176_80,,,-6.120086,53.36708
176_81,,,-6.120025,53.367977
176_82,,,-6.119965,53.368875
176_83,,,-6.119904,53.369773
176_84,,,-6.119843,53.370671
176_85,,,-6.119783,53.371568
176_86,,,-6.119722,53.372466
176_87,,,-6.119662,53.373364
176_88,,,-6.119601,53.374262
176_89,4.3,4.27,-6.11954,53.375159
176_90,4.39,4.44,-6.11948,53.376057
176_91,4.49,4.4,-6.119419,53.376955
176_92,4.62,4.57,-6.119359,53.377853
176_93,4.71,4.73,-6.119298,53.37875
176_94,4.81,4.89,-6.119237,53.379648
176_95,4.93,4.86,-6.119177,53.380546
176_96,5.02,5.02,-6.119116,53.381444
176_97,5.17,5.21,-6.119055,53.382341
176_98,5.34,5.31,-6.118995,53.383239
176_99,5.48,5.48,-6.118934,53.384137
176_100,5.67,5.69,-6.118873,53.385035
176_101,5.84,5.93,-6.118813,53.385932
176_102,6.01,6.06,-6.118752,53.38683
176_103,6.25,6.34,-6.118691,53.387728
176_104,6.79,7.05,-6.118631,53.388626
176_105,7.43,7.42,-6.11857,53.389523
176_106,7.27,7.18,-6.118509,53.390421
176_107,7.11,7.11,-6.118449,53.391319
176_108,7.23,7.33,-6.118388,53.392217
176_109,7.2,7.31,-6.118327,53.393114
176_110,6.41,6.19,-6.118267,53.394012
176_111,6.29,6.35,-6.118206,53.39491
176_112,6.43,6.35,-6.118145,53.395807
176_113,6.49,6.55,-6.118085,53.396705
176_114,6.34,6.23,-6.118024,53.397603
176_115,6.19,6.2,-6.117963,53.398501
176_116,6.08,6.18,-6.117902,53.399398
176_117,5.89,5.73,-6.117842,53.400296
176_118,5.64,5.62,-6.117781,53.401194
176_119,5.56,5.57,-6.11772,53.402092
176_120,5.5,5.56,-6.11766,53.402989
176_121,5.49,5.43,-6.117599,53.403887
176_122,5.47,5.44,-6.117538,53.404785
176_123,5.45,5.46,-6.117477,53.405683
176_124,5.44,5.47,-6.117417,53.40658
176_125,5.42,5.37,-6.117356,53.407478
176_126,5.4,5.38,-6.117295,53.408376
177_0,7.65,7.52,-6.123424,53.295223
177_1,7.42,7.38,-6.123364,53.29612
177_2,7.09,7.03,-6.123304,53.297018
177_3,6.5,6.39,-6.123243,53.297916
177_4,6.26,6.15,-6.123183,53.298814
177_5,6,5.91,-6.123123,53.299712
177_6,5.74,5.67,-6.123062,53.300609
177_7,5.5,5.59,-6.123002,53.301507
177_8,,5.35,-6.122941,53.302405
177_9,,,-6.122881,53.303303
177_10,,,-6.122821,53.3042
177_11,,,-6.12276,53.305098
177_12,,,-6.1227,53.305996
177_13,,,-6.122639,53.306894
177_14,,,-6.122579,53.307791
177_15,,,-6.122519,53.308689
177_16,,,-6.122458,53.309587
177_17,,,-6.122398,53.310485
177_18,,,-6.122337,53.311382
177_19,,,-6.122277,53.31228
177_20,,,-6.122217,53.313178
177_21,,,-6.122156,53.314076
177_22,,,-6.122096,53.314973
177_23,,,-6.122035,53.315871
177_24,,,-6.121975,53.316769
177_25,,,-6.121914,53.317667
177_26,,,-6.121854,53.318565
177_27,,,-6.121793,53.319462
177_28,,,-6.121733,53.32036
177_29,,,-6.121673,53.321258
177_30,,,-6.121612,53.322156
177_31,,,-6.121552,53.323053
177_32,,,-6.121491,53.323951
177_33,,,-6.121431,53.324849
177_34,,,-6.12137,53.325747
177_35,,,-6.12131,53.326644
177_36,,,-6.121249,53.327542
177_37,,,-6.121189,53.32844
177_38,,,-6.121128,53.329338
177_39,,,-6.121068,53.330235
177_40,,,-6.121007,53.331133
177_41,,,-6.120947,53.332031
177_42,,,-6.120886,53.332929
177_43,,,-6.120826,53.333826
177_44,,,-6.120765,53.334724
177_45,,,-6.120705,53.335622
177_46,,,-6.120644,53.33652
177_47,,,-6.120584,53.337417
177_48,,,-6.120523,53.338315
177_49,,,-6.120463,53.339213
177_50,,,-6.120402,53.340111
177_51,,,-6.120342,53.341008
177_52,,,-6.120281,53.341906
177_53,,,-6.120221,53.342804
177_54,,,-6.12016,53.343702
177_55,,,-6.120099,53.344599
177_56,,,-6.120039,53.345497
177_57,,,-6.119978,53.346395
177_58,,,-6.119918,53.347293
177_59,,,-6.119857,53.348191
177_60,,,-6.119797,53.349088
177_61,,,-6.119736,53.349986
177_62,,,-6.119676,53.350884
177_63,,,-6.119615,53.351782
177_64,,,-6.119554,53.352679
177_65,,,-6.119494,53.353577
177_66,,,-6.119433,53.354475
177_67,,,-6.119373,53.355373
177_68,,,-6.119312,53.35627
177_69,,,-6.119252,53.357168
177_70,,,-6.119191,53.358066
177_71,,,-6.11913,53.358964
177_72,,,-6.11907,53.359861
177_73,,,-6.119009,53.360759
177_74,,,-6.118949,53.361657
177_75,,,-6.118888,53.362555
177_76,,,-6.118827,53.363452
177_77,,,-6.118767,53.36435
177_78,,,-6.118706,53.365248
177_79,,,-6.118646,53.366146
177_80,,,-6.118585,53.367043
177_81,,,-6.118524,53.367941
177_82,,,-6.118464,53.368839
177_83,,,-6.118403,53.369737
177_84,,,-6.118342,53.370634
177_85,,,-6.118282,53.371532
177_86,,,-6.118221,53.37243
177_87,,,-6.11816,53.373328
177_88,,,-6.1181,53.374225
177_89,,,-6.118039,53.375123
177_90,,,-6.117978,53.376021
177_91,,,-6.117918,53.376919
177_92,,,-6.117857,53.377816
177_93,,,-6.117797,53.378714
177_94,4.69,4.73,-6.117736,53.379612
177_95,4.8,4.81,-6.117675,53.38051
177_96,4.92,4.95,-6.117614,53.381407
177_97,4.99,5.07,-6.117554,53.382305
177_98,5.21,5.31,-6.117493,53.383203
177_99,5.46,5.52,-6.117432,53.384101
177_100,5.66,5.71,-6.117372,53.384998
177_101,5.83,5.89,-6.117311,53.385896
177_102,6.01,6.08,-6.11725,53.386794
177_103,6.17,6.29,-6.11719,53.387691
177_104,6.62,6.29,-6.117129,53.388589
177_105,7.3,7.26,-6.117068,53.389487
177_106,6.96,6.56,-6.117008,53.390385
177_107,6.38,6.42,-6.116947,53.391282
177_108,6.26,8.87,-6.116886,53.39218
177_109,6.02,6.48,-6.116825,53.393078
177_110,5.95,5.85,-6.116765,53.393976
177_111,6.12,6.05,-6.116704,53.394873
177_112,6.23,6.25,-6.116643,53.395771
177_113,6.08,6.25,-6.116583,53.396669
177_114,5.93,5.8,-6.116522,53.397567
177_115,5.82,5.78,-6.116461,53.398464
177_116,5.66,5.75,-6.1164,53.399362
177_117,5.51,5.73,-6.11634,53.40026
177_118,5.42,5.38,-6.116279,53.401158
177_119,5.4,5.4,-6.116218,53.402055
177_120,5.39,5.41,-6.116157,53.402953
177_121,5.37,5.31,-6.116097,53.403851
177_122,5.35,5.32,-6.116036,53.404749
177_123,5.34,5.34,-6.115975,53.405646
177_124,5.32,5.35,-6.115914,53.406544
177_125,5.3,5.25,-6.115853,53.407442
177_126,5.29,5.27,-6.115793,53.40834
178_0,7.26,7.19,-6.121926,53.295187
178_1,6.97,7.05,-6.121866,53.296084
178_2,6.7,6.9,-6.121805,53.296982
178_3,6.49,6.72,-6.121745,53.29788
178_4,6.23,6.31,-6.121684,53.298778
178_5,5.99,6.07,-6.121624,53.299675
178_6,5.73,5.83,-6.121564,53.300573
178_7,5.46,,-6.121503,53.301471
178_8,,,-6.121443,53.302369
178_9,,,-6.121382,53.303266
178_10,,,-6.121322,53.304164
178_11,,,-6.121261,53.305062
178_12,,,-6.121201,53.30596
178_13,,,-6.121141,53.306857
178_14,,,-6.12108,53.307755
178_15,,,-6.12102,53.308653
178_16,,,-6.120959,53.309551
178_17,,,-6.120899,53.310448
178_18,,,-6.120838,53.311346
178_19,,,-6.120778,53.312244
178_20,,,-6.120717,53.313142
178_21,,,-6.120657,53.31404
178_22,,,-6.120597,53.314937
178_23,,,-6.120536,53.315835
178_24,,,-6.120476,53.316733
178_25,,,-6.120415,53.317631
178_26,,,-6.120355,53.318528
178_27,,,-6.120294,53.319426
178_28,,,-6.120234,53.320324
178_29,,,-6.120173,53.321222
178_30,,,-6.120113,53.322119
178_31,,,-6.120052,53.323017
178_32,,,-6.119992,53.323915
178_33,,,-6.119931,53.324813
178_34,,,-6.119871,53.32571
178_35,,,-6.11981,53.326608
178_36,,,-6.11975,53.327506
178_37,,,-6.119689,53.328404
178_38,,,-6.119629,53.329301
178_39,,,-6.119568,53.330199
178_40,,,-6.119508,53.331097
178_41,,,-6.119447,53.331995
178_42,,,-6.119387,53.332892
178_43,,,-6.119326,53.33379
178_44,,,-6.119265,53.334688
178_45,,,-6.119205,53.335586
178_46,,,-6.119144,53.336483
178_47,,,-6.119084,53.337381
178_48,,,-6.119023,53.338279
178_49,,,-6.118963,53.339177
178_50,,,-6.118902,53.340074
178_51,,,-6.118842,53.340972
178_52,,,-6.118781,53.34187
178_53,,,-6.11872,53.342768
178_54,,,-6.11866,53.343665
178_55,,,-6.118599,53.344563
178_56,,,-6.118539,53.345461
178_57,,,-6.118478,53.346359
178_58,,,-6.118418,53.347257
178_59,,,-6.118357,53.348154
178_60,,,-6.118296,53.349052
178_61,,,-6.118236,53.34995
178_62,,,-6.118175,53.350848
178_63,,,-6.118115,53.351745
178_64,,,-6.118054,53.352643
178_65,,,-6.117993,53.353541
178_66,,,-6.117933,53.354439
178_67,,,-6.117872,53.355336
178_68,,,-6.117812,53.356234
178_69,,,-6.117751,53.357132
178_70,,,-6.11769,53.35803
178_71,,,-6.11763,53.358927
178_72,,,-6.117569,53.359825
178_73,,,-6.117508,53.360723
178_74,,,-6.117448,53.361621
178_75,,,-6.117387,53.362518
178_76,,,-6.117327,53.363416
178_77,,,-6.117266,53.364314
178_78,,,-6.117205,53.365212
178_79,,,-6.117145,53.366109
178_80,,,-6.117084,53.367007
178_81,,,-6.117023,53.367905
178_82,,,-6.116963,53.368803
178_83,,,-6.116902,53.3697
178_84,,,-6.116841,53.370598
178_85,,,-6.116781,53.371496
178_86,,,-6.11672,53.372394
178_87,,,-6.116659,53.373291
178_88,,,-6.116599,53.374189
178_89,4.07,,-6.116538,53.375087
178_90,4.19,,-6.116477,53.375985
178_91,4.3,4.32,-6.116417,53.376882
178_92,4.4,4.44,-6.116356,53.37778
178_93,4.51,4.57,-6.116295,53.378678
178_94,4.63,4.69,-6.116234,53.379575
178_95,4.73,4.65,-6.116174,53.380473
178_96,4.89,4.81,-6.116113,53.381371
178_97,4.91,4.91,-6.116052,53.382269
178_98,5.07,4.97,-6.115992,53.383166
178_99,5.28,5.14,-6.115931,53.384064
178_100,5.53,5.42,-6.11587,53.384962
178_101,5.78,5.69,-6.115809,53.38586
178_102,5.83,5.68,-6.115749,53.386757
178_103,6.01,5.81,-6.115688,53.387655
178_104,5.73,6.06,-6.115627,53.388553
178_105,6.17,8.59,-6.115567,53.389451
178_106,6.17,5.93,-6.115506,53.390348
178_107,8.64,8.48,-6.115445,53.391246
178_108,5.93,5.97,-6.115384,53.392144
178_109,5.81,5.85,-6.115324,53.393042
178_110,5.81,5.75,-6.115263,53.393939
178_111,5.96,5.88,-6.115202,53.394837
178_112,5.81,5.85,-6.115141,53.395735
178_113,5.66,5.83,-6.115081,53.396633
178_114,5.55,5.46,-6.11502,53.39753
178_115,5.46,5.44,-6.114959,53.398428
178_116,5.4,5.42,-6.114898,53.399326
178_117,5.35,5.4,-6.114837,53.400224
178_118,5.3,5.27,-6.114777,53.401121
178_119,5.28,5.28,-6.114716,53.402019
178_120,5.26,5.29,-6.114655,53.402917
178_121,5.24,5.19,-6.114594,53.403815
178_122,5.23,5.2,-6.114534,53.404712
178_123,5.21,5.22,-6.114473,53.40561
178_124,5.19,5.23,-6.114412,53.406508
178_125,5.18,5.13,-6.114351,53.407406
178_126,5.16,5.15,-6.11429,53.408303
179_0,6.9,6.85,-6.120428,53.29515
179_1,6.68,6.71,-6.120367,53.296048
179_2,6.49,6.57,-6.120307,53.296946
179_3,6.31,6.44,-6.120246,53.297844
179_4,6.15,6.1,-6.120186,53.298741
179_5,5.96,5.98,-6.120125,53.299639
179_6,,5.74,-6.120065,53.300537
179_7,,,-6.120005,53.301435
179_8,,,-6.119944,53.302332
179_9,,,-6.119884,53.30323
179_10,,,-6.119823,53.304128
179_11,,,-6.119763,53.305026
179_12,,,-6.119702,53.305923
179_13,,,-6.119642,53.306821
179_14,,,-6.119581,53.307719
179_15,,,-6.119521,53.308617
179_16,,,-6.11946,53.309515
179_17,,,-6.1194,53.310412
179_18,,,-6.119339,53.31131
179_19,,,-6.119279,53.312208
179_20,,,-6.119218,53.313106
179_21,,,-6.119158,53.314003
179_22,,,-6.119097,53.314901
179_23,,,-6.119037,53.315799
179_24,,,-6.118976,53.316697
179_25,,,-6.118916,53.317594
179_26,,,-6.118855,53.318492
179_27,,,-6.118795,53.31939
179_28,,,-6.118734,53.320288
179_29,,,-6.118674,53.321185
179_30,,,-6.118613,53.322083
179_31,,,-6.118553,53.322981
179_32,,,-6.118492,53.323879
179_33,,,-6.118432,53.324776
179_34,,,-6.118371,53.325674
179_35,,,-6.118311,53.326572
179_36,,,-6.11825,53.32747
179_37,,,-6.11819,53.328367
179_38,,,-6.118129,53.329265
179_39,,,-6.118068,53.330163
179_40,,,-6.118008,53.331061
179_41,,,-6.117947,53.331958
179_42,,,-6.117887,53.332856
179_43,,,-6.117826,53.333754
179_44,,,-6.117766,53.334652
179_45,,,-6.117705,53.335549
179_46,,,-6.117644,53.336447
179_47,,,-6.117584,53.337345
179_48,,,-6.117523,53.338243
179_49,,,-6.117463,53.33914
179_50,,,-6.117402,53.340038
179_51,,,-6.117342,53.340936
179_52,,,-6.117281,53.341834
179_53,,,-6.11722,53.342731
179_54,,,-6.11716,53.343629
179_55,,,-6.117099,53.344527
179_56,,,-6.117039,53.345425
179_57,,,-6.116978,53.346322
179_58,,,-6.116917,53.34722
179_59,,,-6.116857,53.348118
179_60,,,-6.116796,53.349016
179_61,,,-6.116735,53.349914
179_62,,,-6.116675,53.350811
179_63,,,-6.116614,53.351709
179_64,,,-6.116554,53.352607
179_65,,,-6.116493,53.353505
179_66,,,-6.116432,53.354402
179_67,,,-6.116372,53.3553
179_68,,,-6.116311,53.356198
179_69,,,-6.11625,53.357096
179_70,,,-6.11619,53.357993
179_71,,,-6.116129,53.358891
179_72,,,-6.116068,53.359789
179_73,,,-6.116008,53.360687
179_74,,,-6.115947,53.361584
179_75,,,-6.115886,53.362482
179_76,,,-6.115826,53.36338
179_77,,,-6.115765,53.364277
179_78,,,-6.115704,53.365175
179_79,,,-6.115644,53.366073
179_80,,,-6.115583,53.366971
179_81,,,-6.115522,53.367868
179_82,,,-6.115462,53.368766
179_83,,,-6.115401,53.369664
179_84,,,-6.11534,53.370562
179_85,,,-6.11528,53.371459
179_86,,,-6.115219,53.372357
179_87,3.79,,-6.115158,53.373255
179_88,3.9,3.83,-6.115097,53.374153
179_89,4.01,3.95,-6.115037,53.37505
179_90,4.11,4.07,-6.114976,53.375948
179_91,4.22,,-6.114915,53.376846
179_92,4.34,4.28,-6.114855,53.377744
179_93,4.44,4.4,-6.114794,53.378641
179_94,4.55,4.53,-6.114733,53.379539
179_95,4.71,4.67,-6.114672,53.380437
179_96,4.83,4.82,-6.114612,53.381335
179_97,4.83,4.84,-6.114551,53.382232
179_98,4.89,4.87,-6.11449,53.38313
179_99,5.13,5.04,-6.114429,53.384028
179_100,5.35,5.32,-6.114369,53.384926
179_101,5.6,5.59,-6.114308,53.385823
179_102,5.59,5.68,-6.114247,53.386721
179_103,5.6,5.53,-6.114186,53.387619
179_104,5.65,5.65,-6.114126,53.388517
179_105,5.84,5.84,-6.114065,53.389414
179_106,5.96,9.32,-6.114004,53.390312
179_107,6.13,6.1,-6.113943,53.39121
179_108,5.93,5.91,-6.113882,53.392108
179_109,5.75,5.74,-6.113822,53.393005
179_110,5.66,5.55,-6.113761,53.393903
179_111,5.56,5.53,-6.1137,53.394801
179_112,5.5,5.51,-6.113639,53.395699
179_113,5.46,5.49,-6.113579,53.396596
179_114,5.4,5.35,-6.113518,53.397494
179_115,5.34,5.33,-6.113457,53.398392
179_116,5.3,5.3,-6.113396,53.39929
179_117,5.24,5.28,-6.113335,53.400187
179_118,5.2,5.16,-6.113275,53.401085
179_119,5.16,5.16,-6.113214,53.401983
179_120,5.14,5.16,-6.113153,53.40288
179_121,5.13,5.17,-6.113092,53.403778
179_122,5.11,5.07,-6.113031,53.404676
179_123,5.09,5.08,-6.11297,53.405574
179_124,5.08,5.1,-6.11291,53.406471
179_125,5.06,,-6.112849,53.407369
179_126,5.05,5.01,-6.112788,53.408267
