station_id,grid_id,label,location,latitude,longitude,current_rating,timestamp_utc,epa_no2
AQG-0110-000180-000000-EPA,24_37,000180 (Currently off-line),"Kylemore, Dublin 10",53.333691,-6.350796,0.0,,
AQG-15960,85_65,15960,"Mountjoy Square, Dublin 1",53.356816,-6.256876,0.0,,
AQG-15966,70_43,15966,"Weaver Park, Dublin 8",53.337909,-6.281161,1.0,,
DM30-00530-EPA,114_38,DM30-00530,"Sandymount Green, Dublin 4",53.33192,-6.215766,2.0,,
EPA-11,76_51,Station 11,"Winetavern Street, Dublin 8",53.344201,-6.271563,2.0,2023-06-01 01:00:00,11.52
EPA-11,76_51,Station 11,"Winetavern Street, Dublin 8",53.344201,-6.271563,2.0,2023-06-01 02:00:00,16.63
EPA-11,76_51,Station 11,"Winetavern Street, Dublin 8",53.344201,-6.271563,2.0,2023-06-01 03:00:00,19.27
EPA-11,76_51,Station 11,"Winetavern Street, Dublin 8",53.344201,-6.271563,2.0,2023-06-01 04:00:00,5.52
EPA-11,76_51,Station 11,"Winetavern Street, Dublin 8",53.344201,-6.271563,2.0,2023-06-01 05:00:00,17.87
EPA-11,76_51,Station 11,"Winetavern Street, Dublin 8",53.344201,-6.271563,2.0,2023-06-01 06:00:00,28.27
EPA-11,76_51,Station 11,"Winetavern Street, Dublin 8",53.344201,-6.271563,2.0,2023-06-01 07:00:00,14.21
EPA-11,76_51,Station 11,"Winetavern Street, Dublin 8",53.344201,-6.271563,2.0,2023-06-01 08:00:00,13.22
EPA-11,76_51,Station 11,"Winetavern Street, Dublin 8",53.344201,-6.271563,2.0,2023-06-01 09:00:00,9.07
EPA-11,76_51,Station 11,"Winetavern Street, Dublin 8",53.344201,-6.271563,2.0,2023-06-01 10:00:00,7.91
EPA-11,76_51,Station 11,"Winetavern Street, Dublin 8",53.344201,-6.271563,2.0,2023-06-01 11:00:00,4.0
EPA-11,76_51,Station 11,"Winetavern Street, Dublin 8",53.344201,-6.271563,2.0,2023-06-01 12:00:00,3.5
EPA-11,76_51,Station 11,"Winetavern Street, Dublin 8",53.344201,-6.271563,2.0,2023-06-01 13:00:00,3.4
EPA-11,76_51,Station 11,"Winetavern Street, Dublin 8",53.344201,-6.271563,2.0,2023-06-01 14:00:00,1.75
EPA-11,76_51,Station 11,"Winetavern Street, Dublin 8",53.344201,-6.271563,2.0,2023-06-01 15:00:00,4.89
EPA-11,76_51,Station 11,"Winetavern Street, Dublin 8",53.344201,-6.271563,2.0,2023-06-01 16:00:00,2.98
EPA-11,76_51,Station 11,"Winetavern Street, Dublin 8",53.344201,-6.271563,2.0,2023-06-01 17:00:00,12.47
EPA-11,76_51,Station 11,"Winetavern Street, Dublin 8",53.344201,-6.271563,2.0,2023-06-01 18:00:00,7.97
EPA-11,76_51,Station 11,"Winetavern Street, Dublin 8",53.344201,-6.271563,2.0,2023-06-01 19:00:00,4.84
EPA-11,76_51,Station 11,"Winetavern Street, Dublin 8",53.344201,-6.271563,2.0,2023-06-01 20:00:00,4.26
EPA-11,76_51,Station 11,"Winetavern Street, Dublin 8",53.344201,-6.271563,2.0,2023-06-01 21:00:00,3.36
EPA-11,76_51,Station 11,"Winetavern Street, Dublin 8",53.344201,-6.271563,2.0,2023-06-01 22:00:00,6.8
EPA-11,76_51,Station 11,"Winetavern Street, Dublin 8",53.344201,-6.271563,2.0,2023-06-01 23:00:00,15.67
EPA-11,76_51,Station 11,"Winetavern Street, Dublin 8",53.344201,-6.271563,2.0,2023-06-02 00:00:00,4.84
EPA-11,76_51,Station 11,"Winetavern Street, Dublin 8",53.344201,-6.271563,2.0,2023-06-02 01:00:00,2.38
EPA-11,76_51,Station 11,"Winetavern Street, Dublin 8",53.344201,-6.271563,2.0,2023-06-02 02:00:00,11.29
EPA-11,76_51,Station 11,"Winetavern Street, Dublin 8",53.344201,-6.271563,2.0,2023-06-02 03:00:00,12.14
EPA-11,76_51,Station 11,"Winetavern Street, Dublin 8",53.344201,-6.271563,2.0,2023-06-02 04:00:00,6.91
EPA-11,76_51,Station 11,"Winetavern Street, Dublin 8",53.344201,-6.271563,2.0,2023-06-02 05:00:00,5.44
EPA-11,76_51,Station 11,"Winetavern Street, Dublin 8",53.344201,-6.271563,2.0,2023-06-02 06:00:00,8.03
EPA-11,76_51,Station 11,"Winetavern Street, Dublin 8",53.344201,-6.271563,2.0,2023-06-02 07:00:00,6.6
EPA-11,76_51,Station 11,"Winetavern Street, Dublin 8",53.344201,-6.271563,2.0,2023-06-02 08:00:00,8.12
EPA-11,76_51,Station 11,"Winetavern Street, Dublin 8",53.344201,-6.271563,2.0,2023-06-02 09:00:00,9.26
EPA-11,76_51,Station 11,"Winetavern Street, Dublin 8",53.344201,-6.271563,2.0,2023-06-02 10:00:00,7.5
EPA-11,76_51,Station 11,"Winetavern Street, Dublin 8",53.344201,-6.271563,2.0,2023-06-02 11:00:00,4.83
EPA-11,76_51,Station 11,"Winetavern Street, Dublin 8",53.344201,-6.271563,2.0,2023-06-02 12:00:00,3.96
EPA-11,76_51,Station 11,"Winetavern Street, Dublin 8",53.344201,-6.271563,2.0,2023-06-02 13:00:00,1.87
EPA-11,76_51,Station 11,"Winetavern Street, Dublin 8",53.344201,-6.271563,2.0,2023-06-02 14:00:00,1.05
EPA-11,76_51,Station 11,"Winetavern Street, Dublin 8",53.344201,-6.271563,2.0,2023-06-02 15:00:00,2.84
EPA-11,76_51,Station 11,"Winetavern Street, Dublin 8",53.344201,-6.271563,2.0,2023-06-02 16:00:00,3.08
EPA-11,76_51,Station 11,"Winetavern Street, Dublin 8",53.344201,-6.271563,2.0,2023-06-02 17:00:00,2.84
EPA-11,76_51,Station 11,"Winetavern Street, Dublin 8",53.344201,-6.271563,2.0,2023-06-02 18:00:00,2.98
EPA-11,76_51,Station 11,"Winetavern Street, Dublin 8",53.344201,-6.271563,2.0,2023-06-02 19:00:00,4.95
EPA-11,76_51,Station 11,"Winetavern Street, Dublin 8",53.344201,-6.271563,2.0,2023-06-02 20:00:00,3.96
EPA-11,76_51,Station 11,"Winetavern Street, Dublin 8",53.344201,-6.271563,2.0,2023-06-02 21:00:00,6.49
EPA-11,76_51,Station 11,"Winetavern Street, Dublin 8",53.344201,-6.271563,2.0,2023-06-02 22:00:00,9.04
EPA-11,76_51,Station 11,"Winetavern Street, Dublin 8",53.344201,-6.271563,2.0,2023-06-02 23:00:00,11.45
EPA-11,76_51,Station 11,"Winetavern Street, Dublin 8",53.344201,-6.271563,2.0,2023-06-03 00:00:00,19.83
EPA-11,76_51,Station 11,"Winetavern Street, Dublin 8",53.344201,-6.271563,2.0,2023-06-03 01:00:00,19.56
EPA-11,76_51,Station 11,"Winetavern Street, Dublin 8",53.344201,-6.271563,2.0,2023-06-03 02:00:00,40.33
EPA-11,76_51,Station 11,"Winetavern Street, Dublin 8",53.344201,-6.271563,2.0,2023-06-03 03:00:00,19.18
EPA-11,76_51,Station 11,"Winetavern Street, Dublin 8",53.344201,-6.271563,2.0,2023-06-03 04:00:00,36.32
EPA-11,76_51,Station 11,"Winetavern Street, Dublin 8",53.344201,-6.271563,2.0,2023-06-03 05:00:00,25.41
EPA-11,76_51,Station 11,"Winetavern Street, Dublin 8",53.344201,-6.271563,2.0,2023-06-03 06:00:00,32.85
EPA-11,76_51,Station 11,"Winetavern Street, Dublin 8",53.344201,-6.271563,2.0,2023-06-03 07:00:00,30.47
EPA-11,76_51,Station 11,"Winetavern Street, Dublin 8",53.344201,-6.271563,2.0,2023-06-03 08:00:00,15.58
EPA-11,76_51,Station 11,"Winetavern Street, Dublin 8",53.344201,-6.271563,2.0,2023-06-03 09:00:00,21.54
EPA-11,76_51,Station 11,"Winetavern Street, Dublin 8",53.344201,-6.271563,2.0,2023-06-03 10:00:00,18.59
EPA-11,76_51,Station 11,"Winetavern Street, Dublin 8",53.344201,-6.271563,2.0,2023-06-03 11:00:00,14.95
EPA-11,76_51,Station 11,"Winetavern Street, Dublin 8",53.344201,-6.271563,2.0,2023-06-03 12:00:00,13.83
EPA-11,76_51,Station 11,"Winetavern Street, Dublin 8",53.344201,-6.271563,2.0,2023-06-03 13:00:00,5.49
EPA-11,76_51,Station 11,"Winetavern Street, Dublin 8",53.344201,-6.271563,2.0,2023-06-03 14:00:00,4.82
EPA-11,76_51,Station 11,"Winetavern Street, Dublin 8",53.344201,-6.271563,2.0,2023-06-03 15:00:00,5.22
EPA-11,76_51,Station 11,"Winetavern Street, Dublin 8",53.344201,-6.271563,2.0,2023-06-03 16:00:00,4.94
EPA-11,76_51,Station 11,"Winetavern Street, Dublin 8",53.344201,-6.271563,2.0,2023-06-03 17:00:00,5.83
EPA-11,76_51,Station 11,"Winetavern Street, Dublin 8",53.344201,-6.271563,2.0,2023-06-03 18:00:00,2.8
EPA-11,76_51,Station 11,"Winetavern Street, Dublin 8",53.344201,-6.271563,2.0,2023-06-03 19:00:00,3.99
EPA-11,76_51,Station 11,"Winetavern Street, Dublin 8",53.344201,-6.271563,2.0,2023-06-03 20:00:00,5.3
EPA-11,76_51,Station 11,"Winetavern Street, Dublin 8",53.344201,-6.271563,2.0,2023-06-03 21:00:00,5.83
EPA-11,76_51,Station 11,"Winetavern Street, Dublin 8",53.344201,-6.271563,2.0,2023-06-03 22:00:00,7.46
EPA-11,76_51,Station 11,"Winetavern Street, Dublin 8",53.344201,-6.271563,2.0,2023-06-03 23:00:00,11.58
EPA-11,76_51,Station 11,"Winetavern Street, Dublin 8",53.344201,-6.271563,2.0,2023-06-04 00:00:00,33.64
EPA-11,76_51,Station 11,"Winetavern Street, Dublin 8",53.344201,-6.271563,2.0,2023-06-04 01:00:00,24.14
EPA-11,76_51,Station 11,"Winetavern Street, Dublin 8",53.344201,-6.271563,2.0,2023-06-04 02:00:00,52.1
EPA-11,76_51,Station 11,"Winetavern Street, Dublin 8",53.344201,-6.271563,2.0,2023-06-04 03:00:00,48.34
EPA-11,76_51,Station 11,"Winetavern Street, Dublin 8",53.344201,-6.271563,2.0,2023-06-04 04:00:00,38.93
EPA-11,76_51,Station 11,"Winetavern Street, Dublin 8",53.344201,-6.271563,2.0,2023-06-04 05:00:00,28.17
EPA-11,76_51,Station 11,"Winetavern Street, Dublin 8",53.344201,-6.271563,2.0,2023-06-04 06:00:00,7.98
EPA-11,76_51,Station 11,"Winetavern Street, Dublin 8",53.344201,-6.271563,2.0,2023-06-04 07:00:00,31.67
EPA-11,76_51,Station 11,"Winetavern Street, Dublin 8",53.344201,-6.271563,2.0,2023-06-04 08:00:00,36.86
EPA-11,76_51,Station 11,"Winetavern Street, Dublin 8",53.344201,-6.271563,2.0,2023-06-04 09:00:00,28.37
EPA-11,76_51,Station 11,"Winetavern Street, Dublin 8",53.344201,-6.271563,2.0,2023-06-04 10:00:00,13.39
EPA-11,76_51,Station 11,"Winetavern Street, Dublin 8",53.344201,-6.271563,2.0,2023-06-04 11:00:00,6.68
EPA-11,76_51,Station 11,"Winetavern Street, Dublin 8",53.344201,-6.271563,2.0,2023-06-04 12:00:00,7.7
EPA-11,76_51,Station 11,"Winetavern Street, Dublin 8",53.344201,-6.271563,2.0,2023-06-04 13:00:00,3.72
EPA-11,76_51,Station 11,"Winetavern Street, Dublin 8",53.344201,-6.271563,2.0,2023-06-04 14:00:00,7.4
EPA-11,76_51,Station 11,"Winetavern Street, Dublin 8",53.344201,-6.271563,2.0,2023-06-04 15:00:00,2.34
EPA-11,76_51,Station 11,"Winetavern Street, Dublin 8",53.344201,-6.271563,2.0,2023-06-04 16:00:00,5.4
EPA-11,76_51,Station 11,"Winetavern Street, Dublin 8",53.344201,-6.271563,2.0,2023-06-04 17:00:00,0.98
EPA-11,76_51,Station 11,"Winetavern Street, Dublin 8",53.344201,-6.271563,2.0,2023-06-04 18:00:00,1.33
EPA-11,76_51,Station 11,"Winetavern Street, Dublin 8",53.344201,-6.271563,2.0,2023-06-04 19:00:00,2.64
EPA-11,76_51,Station 11,"Winetavern Street, Dublin 8",53.344201,-6.271563,2.0,2023-06-04 20:00:00,3.4
EPA-11,76_51,Station 11,"Winetavern Street, Dublin 8",53.344201,-6.271563,2.0,2023-06-04 21:00:00,3.36
EPA-11,76_51,Station 11,"Winetavern Street, Dublin 8",53.344201,-6.271563,2.0,2023-06-04 22:00:00,7.88
EPA-11,76_51,Station 11,"Winetavern Street, Dublin 8",53.344201,-6.271563,2.0,2023-06-04 23:00:00,7.91
EPA-11,76_51,Station 11,"Winetavern Street, Dublin 8",53.344201,-6.271563,2.0,2023-06-05 00:00:00,12.72
EPA-11,76_51,Station 11,"Winetavern Street, Dublin 8",53.344201,-6.271563,2.0,2023-06-05 01:00:00,25.5
EPA-11,76_51,Station 11,"Winetavern Street, Dublin 8",53.344201,-6.271563,2.0,2023-06-05 02:00:00,37.16
EPA-11,76_51,Station 11,"Winetavern Street, Dublin 8",53.344201,-6.271563,2.0,2023-06-05 03:00:00,39.16
EPA-11,76_51,Station 11,"Winetavern Street, Dublin 8",53.344201,-6.271563,2.0,2023-06-05 04:00:00,31.51
EPA-11,76_51,Station 11,"Winetavern Street, Dublin 8",53.344201,-6.271563,2.0,2023-06-05 05:00:00,22.92
EPA-11,76_51,Station 11,"Winetavern Street, Dublin 8",53.344201,-6.271563,2.0,2023-06-05 06:00:00,15.63
EPA-11,76_51,Station 11,"Winetavern Street, Dublin 8",53.344201,-6.271563,2.0,2023-06-05 07:00:00,3.83
EPA-11,76_51,Station 11,"Winetavern Street, Dublin 8",53.344201,-6.271563,2.0,2023-06-05 08:00:00,3.78
EPA-11,76_51,Station 11,"Winetavern Street, Dublin 8",53.344201,-6.271563,2.0,2023-06-05 09:00:00,5.39
EPA-11,76_51,Station 11,"Winetavern Street, Dublin 8",53.344201,-6.271563,2.0,2023-06-05 10:00:00,5.98
EPA-11,76_51,Station 11,"Winetavern Street, Dublin 8",53.344201,-6.271563,2.0,2023-06-05 11:00:00,7.9
EPA-11,76_51,Station 11,"Winetavern Street, Dublin 8",53.344201,-6.271563,2.0,2023-06-05 12:00:00,4.8
EPA-11,76_51,Station 11,"Winetavern Street, Dublin 8",53.344201,-6.271563,2.0,2023-06-05 13:00:00,6.33
EPA-11,76_51,Station 11,"Winetavern Street, Dublin 8",53.344201,-6.271563,2.0,2023-06-05 14:00:00,1.04
EPA-11,76_51,Station 11,"Winetavern Street, Dublin 8",53.344201,-6.271563,2.0,2023-06-05 15:00:00,1.97
EPA-11,76_51,Station 11,"Winetavern Street, Dublin 8",53.344201,-6.271563,2.0,2023-06-05 16:00:00,1.47
EPA-11,76_51,Station 11,"Winetavern Street, Dublin 8",53.344201,-6.271563,2.0,2023-06-05 17:00:00,0.78
EPA-11,76_51,Station 11,"Winetavern Street, Dublin 8",53.344201,-6.271563,2.0,2023-06-05 18:00:00,-1.01
EPA-11,76_51,Station 11,"Winetavern Street, Dublin 8",53.344201,-6.271563,2.0,2023-06-05 19:00:00,2.9
EPA-11,76_51,Station 11,"Winetavern Street, Dublin 8",53.344201,-6.271563,2.0,2023-06-05 20:00:00,4.06
EPA-11,76_51,Station 11,"Winetavern Street, Dublin 8",53.344201,-6.271563,2.0,2023-06-05 21:00:00,6.96
EPA-11,76_51,Station 11,"Winetavern Street, Dublin 8",53.344201,-6.271563,2.0,2023-06-05 22:00:00,3.35
EPA-11,76_51,Station 11,"Winetavern Street, Dublin 8",53.344201,-6.271563,2.0,2023-06-05 23:00:00,4.48
EPA-11,76_51,Station 11,"Winetavern Street, Dublin 8",53.344201,-6.271563,2.0,2023-06-06 00:00:00,4.78
EPA-11,76_51,Station 11,"Winetavern Street, Dublin 8",53.344201,-6.271563,2.0,2023-06-06 01:00:00,5.15
EPA-11,76_51,Station 11,"Winetavern Street, Dublin 8",53.344201,-6.271563,2.0,2023-06-06 02:00:00,11.09
EPA-11,76_51,Station 11,"Winetavern Street, Dublin 8",53.344201,-6.271563,2.0,2023-06-06 03:00:00,13.13
EPA-11,76_51,Station 11,"Winetavern Street, Dublin 8",53.344201,-6.271563,2.0,2023-06-06 04:00:00,6.55
EPA-11,76_51,Station 11,"Winetavern Street, Dublin 8",53.344201,-6.271563,2.0,2023-06-06 05:00:00,31.38
EPA-11,76_51,Station 11,"Winetavern Street, Dublin 8",53.344201,-6.271563,2.0,2023-06-06 06:00:00,30.48
EPA-11,76_51,Station 11,"Winetavern Street, Dublin 8",53.344201,-6.271563,2.0,2023-06-06 07:00:00,18.73
EPA-11,76_51,Station 11,"Winetavern Street, Dublin 8",53.344201,-6.271563,2.0,2023-06-06 08:00:00,24.5
EPA-11,76_51,Station 11,"Winetavern Street, Dublin 8",53.344201,-6.271563,2.0,2023-06-06 09:00:00,27.61
EPA-11,76_51,Station 11,"Winetavern Street, Dublin 8",53.344201,-6.271563,2.0,2023-06-06 10:00:00,18.55
EPA-11,76_51,Station 11,"Winetavern Street, Dublin 8",53.344201,-6.271563,2.0,2023-06-06 11:00:00,14.79
EPA-11,76_51,Station 11,"Winetavern Street, Dublin 8",53.344201,-6.271563,2.0,2023-06-06 12:00:00,11.68
EPA-11,76_51,Station 11,"Winetavern Street, Dublin 8",53.344201,-6.271563,2.0,2023-06-06 13:00:00,11.7
EPA-11,76_51,Station 11,"Winetavern Street, Dublin 8",53.344201,-6.271563,2.0,2023-06-06 14:00:00,11.57
EPA-11,76_51,Station 11,"Winetavern Street, Dublin 8",53.344201,-6.271563,2.0,2023-06-06 15:00:00,9.62
EPA-11,76_51,Station 11,"Winetavern Street, Dublin 8",53.344201,-6.271563,2.0,2023-06-06 16:00:00,10.02
EPA-11,76_51,Station 11,"Winetavern Street, Dublin 8",53.344201,-6.271563,2.0,2023-06-06 17:00:00,6.14
EPA-11,76_51,Station 11,"Winetavern Street, Dublin 8",53.344201,-6.271563,2.0,2023-06-06 18:00:00,3.06
EPA-11,76_51,Station 11,"Winetavern Street, Dublin 8",53.344201,-6.271563,2.0,2023-06-06 19:00:00,2.8
EPA-11,76_51,Station 11,"Winetavern Street, Dublin 8",53.344201,-6.271563,2.0,2023-06-06 20:00:00,3.54
EPA-11,76_51,Station 11,"Winetavern Street, Dublin 8",53.344201,-6.271563,2.0,2023-06-06 21:00:00,4.25
EPA-11,76_51,Station 11,"Winetavern Street, Dublin 8",53.344201,-6.271563,2.0,2023-06-06 22:00:00,6.59
EPA-11,76_51,Station 11,"Winetavern Street, Dublin 8",53.344201,-6.271563,2.0,2023-06-06 23:00:00,7.5
EPA-11,76_51,Station 11,"Winetavern Street, Dublin 8",53.344201,-6.271563,2.0,2023-06-07 00:00:00,5.82
EPA-11,76_51,Station 11,"Winetavern Street, Dublin 8",53.344201,-6.271563,2.0,2023-06-07 01:00:00,9.47
EPA-11,76_51,Station 11,"Winetavern Street, Dublin 8",53.344201,-6.271563,2.0,2023-06-07 02:00:00,32.39
EPA-11,76_51,Station 11,"Winetavern Street, Dublin 8",53.344201,-6.271563,2.0,2023-06-07 03:00:00,36.57
EPA-11,76_51,Station 11,"Winetavern Street, Dublin 8",53.344201,-6.271563,2.0,2023-06-07 04:00:00,6.64
EPA-11,76_51,Station 11,"Winetavern Street, Dublin 8",53.344201,-6.271563,2.0,2023-06-07 05:00:00,19.18
EPA-11,76_51,Station 11,"Winetavern Street, Dublin 8",53.344201,-6.271563,2.0,2023-06-07 06:00:00,15.46
EPA-11,76_51,Station 11,"Winetavern Street, Dublin 8",53.344201,-6.271563,2.0,2023-06-07 07:00:00,13.11
EPA-11,76_51,Station 11,"Winetavern Street, Dublin 8",53.344201,-6.271563,2.0,2023-06-07 08:00:00,19.81
EPA-11,76_51,Station 11,"Winetavern Street, Dublin 8",53.344201,-6.271563,2.0,2023-06-07 09:00:00,13.93
EPA-11,76_51,Station 11,"Winetavern Street, Dublin 8",53.344201,-6.271563,2.0,2023-06-07 10:00:00,16.93
EPA-11,76_51,Station 11,"Winetavern Street, Dublin 8",53.344201,-6.271563,2.0,2023-06-07 11:00:00,11.12
EPA-11,76_51,Station 11,"Winetavern Street, Dublin 8",53.344201,-6.271563,2.0,2023-06-07 12:00:00,8.94
EPA-11,76_51,Station 11,"Winetavern Street, Dublin 8",53.344201,-6.271563,2.0,2023-06-07 13:00:00,7.63
EPA-11,76_51,Station 11,"Winetavern Street, Dublin 8",53.344201,-6.271563,2.0,2023-06-07 14:00:00,5.19
EPA-11,76_51,Station 11,"Winetavern Street, Dublin 8",53.344201,-6.271563,2.0,2023-06-07 15:00:00,6.91
EPA-11,76_51,Station 11,"Winetavern Street, Dublin 8",53.344201,-6.271563,2.0,2023-06-07 16:00:00,7.83
EPA-11,76_51,Station 11,"Winetavern Street, Dublin 8",53.344201,-6.271563,2.0,2023-06-07 17:00:00,6.57
EPA-11,76_51,Station 11,"Winetavern Street, Dublin 8",53.344201,-6.271563,2.0,2023-06-07 18:00:00,6.94
EPA-11,76_51,Station 11,"Winetavern Street, Dublin 8",53.344201,-6.271563,2.0,2023-06-07 19:00:00,5.48
EPA-11,76_51,Station 11,"Winetavern Street, Dublin 8",53.344201,-6.271563,2.0,2023-06-07 20:00:00,6.39
EPA-11,76_51,Station 11,"Winetavern Street, Dublin 8",53.344201,-6.271563,2.0,2023-06-07 21:00:00,8.84
EPA-11,76_51,Station 11,"Winetavern Street, Dublin 8",53.344201,-6.271563,2.0,2023-06-07 22:00:00,14.09
EPA-11,76_51,Station 11,"Winetavern Street, Dublin 8",53.344201,-6.271563,2.0,2023-06-08 01:00:00,17.31
EPA-11,76_51,Station 11,"Winetavern Street, Dublin 8",53.344201,-6.271563,2.0,2023-06-08 02:00:00,8.97
EPA-11,76_51,Station 11,"Winetavern Street, Dublin 8",53.344201,-6.271563,2.0,2023-06-08 03:00:00,17.62
EPA-11,76_51,Station 11,"Winetavern Street, Dublin 8",53.344201,-6.271563,2.0,2023-06-08 04:00:00,10.21
EPA-11,76_51,Station 11,"Winetavern Street, Dublin 8",53.344201,-6.271563,2.0,2023-06-08 05:00:00,18.24
EPA-11,76_51,Station 11,"Winetavern Street, Dublin 8",53.344201,-6.271563,2.0,2023-06-08 06:00:00,14.97
EPA-11,76_51,Station 11,"Winetavern Street, Dublin 8",53.344201,-6.271563,2.0,2023-06-08 07:00:00,14.67
EPA-11,76_51,Station 11,"Winetavern Street, Dublin 8",53.344201,-6.271563,2.0,2023-06-08 08:00:00,13.19
EPA-11,76_51,Station 11,"Winetavern Street, Dublin 8",53.344201,-6.271563,2.0,2023-06-08 09:00:00,15.02
EPA-11,76_51,Station 11,"Winetavern Street, Dublin 8",53.344201,-6.271563,2.0,2023-06-08 10:00:00,13.52
EPA-11,76_51,Station 11,"Winetavern Street, Dublin 8",53.344201,-6.271563,2.0,2023-06-08 11:00:00,9.44
EPA-11,76_51,Station 11,"Winetavern Street, Dublin 8",53.344201,-6.271563,2.0,2023-06-08 12:00:00,10.05
EPA-11,76_51,Station 11,"Winetavern Street, Dublin 8",53.344201,-6.271563,2.0,2023-06-08 13:00:00,10.25
EPA-11,76_51,Station 11,"Winetavern Street, Dublin 8",53.344201,-6.271563,2.0,2023-06-08 14:00:00,9.76
EPA-11,76_51,Station 11,"Winetavern Street, Dublin 8",53.344201,-6.271563,2.0,2023-06-08 15:00:00,8.93
EPA-11,76_51,Station 11,"Winetavern Street, Dublin 8",53.344201,-6.271563,2.0,2023-06-08 16:00:00,9.01
EPA-11,76_51,Station 11,"Winetavern Street, Dublin 8",53.344201,-6.271563,2.0,2023-06-08 17:00:00,7.99
EPA-11,76_51,Station 11,"Winetavern Street, Dublin 8",53.344201,-6.271563,2.0,2023-06-08 18:00:00,6.72
EPA-11,76_51,Station 11,"Winetavern Street, Dublin 8",53.344201,-6.271563,2.0,2023-06-08 19:00:00,9.13
EPA-11,76_51,Station 11,"Winetavern Street, Dublin 8",53.344201,-6.271563,2.0,2023-06-08 20:00:00,11.04
EPA-11,76_51,Station 11,"Winetavern Street, Dublin 8",53.344201,-6.271563,2.0,2023-06-08 21:00:00,11.46
EPA-11,76_51,Station 11,"Winetavern Street, Dublin 8",53.344201,-6.271563,2.0,2023-06-08 22:00:00,13.63
EPA-11,76_51,Station 11,"Winetavern Street, Dublin 8",53.344201,-6.271563,2.0,2023-06-08 23:00:00,10.54
EPA-11,76_51,Station 11,"Winetavern Street, Dublin 8",53.344201,-6.271563,2.0,2023-06-09 00:00:00,23.72
EPA-11,76_51,Station 11,"Winetavern Street, Dublin 8",53.344201,-6.271563,2.0,2023-06-09 01:00:00,29.09
EPA-11,76_51,Station 11,"Winetavern Street, Dublin 8",53.344201,-6.271563,2.0,2023-06-09 02:00:00,59.99
EPA-11,76_51,Station 11,"Winetavern Street, Dublin 8",53.344201,-6.271563,2.0,2023-06-09 03:00:00,22.59
EPA-11,76_51,Station 11,"Winetavern Street, Dublin 8",53.344201,-6.271563,2.0,2023-06-09 04:00:00,11.16
EPA-11,76_51,Station 11,"Winetavern Street, Dublin 8",53.344201,-6.271563,2.0,2023-06-09 05:00:00,10.53
EPA-11,76_51,Station 11,"Winetavern Street, Dublin 8",53.344201,-6.271563,2.0,2023-06-09 06:00:00,8.99
EPA-11,76_51,Station 11,"Winetavern Street, Dublin 8",53.344201,-6.271563,2.0,2023-06-09 07:00:00,5.08
EPA-11,76_51,Station 11,"Winetavern Street, Dublin 8",53.344201,-6.271563,2.0,2023-06-09 08:00:00,5.48
EPA-11,76_51,Station 11,"Winetavern Street, Dublin 8",53.344201,-6.271563,2.0,2023-06-09 09:00:00,4.78
EPA-11,76_51,Station 11,"Winetavern Street, Dublin 8",53.344201,-6.271563,2.0,2023-06-09 10:00:00,12.66
EPA-11,76_51,Station 11,"Winetavern Street, Dublin 8",53.344201,-6.271563,2.0,2023-06-09 11:00:00,4.17
EPA-11,76_51,Station 11,"Winetavern Street, Dublin 8",53.344201,-6.271563,2.0,2023-06-09 12:00:00,5.19
EPA-11,76_51,Station 11,"Winetavern Street, Dublin 8",53.344201,-6.271563,2.0,2023-06-09 13:00:00,7.33
EPA-11,76_51,Station 11,"Winetavern Street, Dublin 8",53.344201,-6.271563,2.0,2023-06-09 14:00:00,7.66
EPA-11,76_51,Station 11,"Winetavern Street, Dublin 8",53.344201,-6.271563,2.0,2023-06-09 15:00:00,8.99
EPA-11,76_51,Station 11,"Winetavern Street, Dublin 8",53.344201,-6.271563,2.0,2023-06-09 16:00:00,13.55
EPA-11,76_51,Station 11,"Winetavern Street, Dublin 8",53.344201,-6.271563,2.0,2023-06-09 17:00:00,9.68
EPA-11,76_51,Station 11,"Winetavern Street, Dublin 8",53.344201,-6.271563,2.0,2023-06-09 18:00:00,8.24
EPA-11,76_51,Station 11,"Winetavern Street, Dublin 8",53.344201,-6.271563,2.0,2023-06-09 19:00:00,8.26
EPA-11,76_51,Station 11,"Winetavern Street, Dublin 8",53.344201,-6.271563,2.0,2023-06-09 20:00:00,10.56
EPA-11,76_51,Station 11,"Winetavern Street, Dublin 8",53.344201,-6.271563,2.0,2023-06-09 21:00:00,8.1
EPA-11,76_51,Station 11,"Winetavern Street, Dublin 8",53.344201,-6.271563,2.0,2023-06-09 22:00:00,13.63
EPA-11,76_51,Station 11,"Winetavern Street, Dublin 8",53.344201,-6.271563,2.0,2023-06-09 23:00:00,17.1
EPA-11,76_51,Station 11,"Winetavern Street, Dublin 8",53.344201,-6.271563,2.0,2023-06-10 00:00:00,13.5
EPA-11,76_51,Station 11,"Winetavern Street, Dublin 8",53.344201,-6.271563,2.0,2023-06-10 01:00:00,10.83
EPA-11,76_51,Station 11,"Winetavern Street, Dublin 8",53.344201,-6.271563,2.0,2023-06-10 02:00:00,25.6
EPA-11,76_51,Station 11,"Winetavern Street, Dublin 8",53.344201,-6.271563,2.0,2023-06-10 03:00:00,9.76
EPA-11,76_51,Station 11,"Winetavern Street, Dublin 8",53.344201,-6.271563,2.0,2023-06-10 04:00:00,2.59
EPA-11,76_51,Station 11,"Winetavern Street, Dublin 8",53.344201,-6.271563,2.0,2023-06-10 05:00:00,1.05
EPA-11,76_51,Station 11,"Winetavern Street, Dublin 8",53.344201,-6.271563,2.0,2023-06-10 06:00:00,9.79
EPA-11,76_51,Station 11,"Winetavern Street, Dublin 8",53.344201,-6.271563,2.0,2023-06-10 07:00:00,12.97
EPA-11,76_51,Station 11,"Winetavern Street, Dublin 8",53.344201,-6.271563,2.0,2023-06-10 08:00:00,9.01
EPA-11,76_51,Station 11,"Winetavern Street, Dublin 8",53.344201,-6.271563,2.0,2023-06-10 09:00:00,12.51
EPA-11,76_51,Station 11,"Winetavern Street, Dublin 8",53.344201,-6.271563,2.0,2023-06-10 10:00:00,18.02
EPA-11,76_51,Station 11,"Winetavern Street, Dublin 8",53.344201,-6.271563,2.0,2023-06-10 11:00:00,16.82
EPA-11,76_51,Station 11,"Winetavern Street, Dublin 8",53.344201,-6.271563,2.0,2023-06-10 12:00:00,13.86
EPA-11,76_51,Station 11,"Winetavern Street, Dublin 8",53.344201,-6.271563,2.0,2023-06-10 13:00:00,13.79
EPA-11,76_51,Station 11,"Winetavern Street, Dublin 8",53.344201,-6.271563,2.0,2023-06-10 14:00:00,34.03
EPA-11,76_51,Station 11,"Winetavern Street, Dublin 8",53.344201,-6.271563,2.0,2023-06-10 15:00:00,56.49
EPA-11,76_51,Station 11,"Winetavern Street, Dublin 8",53.344201,-6.271563,2.0,2023-06-10 16:00:00,64.32
EPA-11,76_51,Station 11,"Winetavern Street, Dublin 8",53.344201,-6.271563,2.0,2023-06-10 17:00:00,39.28
EPA-11,76_51,Station 11,"Winetavern Street, Dublin 8",53.344201,-6.271563,2.0,2023-06-10 18:00:00,32.25
EPA-11,76_51,Station 11,"Winetavern Street, Dublin 8",53.344201,-6.271563,2.0,2023-06-10 19:00:00,27.8
EPA-11,76_51,Station 11,"Winetavern Street, Dublin 8",53.344201,-6.271563,2.0,2023-06-10 20:00:00,25.61
EPA-11,76_51,Station 11,"Winetavern Street, Dublin 8",53.344201,-6.271563,2.0,2023-06-10 21:00:00,44.68
EPA-11,76_51,Station 11,"Winetavern Street, Dublin 8",53.344201,-6.271563,2.0,2023-06-10 22:00:00,46.61
EPA-11,76_51,Station 11,"Winetavern Street, Dublin 8",53.344201,-6.271563,2.0,2023-06-10 23:00:00,30.79
EPA-11,76_51,Station 11,"Winetavern Street, Dublin 8",53.344201,-6.271563,2.0,2023-06-11 00:00:00,15.5
EPA-11,76_51,Station 11,"Winetavern Street, Dublin 8",53.344201,-6.271563,2.0,2023-06-11 01:00:00,13.9
EPA-11,76_51,Station 11,"Winetavern Street, Dublin 8",53.344201,-6.271563,2.0,2023-06-11 02:00:00,27.89
EPA-11,76_51,Station 11,"Winetavern Street, Dublin 8",53.344201,-6.271563,2.0,2023-06-11 03:00:00,23.88
EPA-11,76_51,Station 11,"Winetavern Street, Dublin 8",53.344201,-6.271563,2.0,2023-06-11 04:00:00,7.01
EPA-11,76_51,Station 11,"Winetavern Street, Dublin 8",53.344201,-6.271563,2.0,2023-06-11 05:00:00,13.56
EPA-11,76_51,Station 11,"Winetavern Street, Dublin 8",53.344201,-6.271563,2.0,2023-06-11 06:00:00,23.9
EPA-11,76_51,Station 11,"Winetavern Street, Dublin 8",53.344201,-6.271563,2.0,2023-06-11 07:00:00,25.38
EPA-11,76_51,Station 11,"Winetavern Street, Dublin 8",53.344201,-6.271563,2.0,2023-06-11 08:00:00,11.32
EPA-11,76_51,Station 11,"Winetavern Street, Dublin 8",53.344201,-6.271563,2.0,2023-06-11 09:00:00,17.64
EPA-11,76_51,Station 11,"Winetavern Street, Dublin 8",53.344201,-6.271563,2.0,2023-06-11 10:00:00,12.83
EPA-11,76_51,Station 11,"Winetavern Street, Dublin 8",53.344201,-6.271563,2.0,2023-06-11 11:00:00,12.67
EPA-11,76_51,Station 11,"Winetavern Street, Dublin 8",53.344201,-6.271563,2.0,2023-06-11 12:00:00,5.01
EPA-11,76_51,Station 11,"Winetavern Street, Dublin 8",53.344201,-6.271563,2.0,2023-06-11 13:00:00,4.8
EPA-11,76_51,Station 11,"Winetavern Street, Dublin 8",53.344201,-6.271563,2.0,2023-06-11 14:00:00,1.83
EPA-11,76_51,Station 11,"Winetavern Street, Dublin 8",53.344201,-6.271563,2.0,2023-06-11 15:00:00,0.51
EPA-11,76_51,Station 11,"Winetavern Street, Dublin 8",53.344201,-6.271563,2.0,2023-06-11 16:00:00,11.42
EPA-11,76_51,Station 11,"Winetavern Street, Dublin 8",53.344201,-6.271563,2.0,2023-06-11 17:00:00,10.94
EPA-11,76_51,Station 11,"Winetavern Street, Dublin 8",53.344201,-6.271563,2.0,2023-06-11 18:00:00,7.37
EPA-11,76_51,Station 11,"Winetavern Street, Dublin 8",53.344201,-6.271563,2.0,2023-06-11 19:00:00,17.05
EPA-11,76_51,Station 11,"Winetavern Street, Dublin 8",53.344201,-6.271563,2.0,2023-06-11 20:00:00,40.44
EPA-11,76_51,Station 11,"Winetavern Street, Dublin 8",53.344201,-6.271563,2.0,2023-06-11 21:00:00,54.8
EPA-11,76_51,Station 11,"Winetavern Street, Dublin 8",53.344201,-6.271563,2.0,2023-06-11 22:00:00,44.25
EPA-11,76_51,Station 11,"Winetavern Street, Dublin 8",53.344201,-6.271563,2.0,2023-06-11 23:00:00,19.26
EPA-11,76_51,Station 11,"Winetavern Street, Dublin 8",53.344201,-6.271563,2.0,2023-06-12 00:00:00,33.29
EPA-11,76_51,Station 11,"Winetavern Street, Dublin 8",53.344201,-6.271563,2.0,2023-06-12 01:00:00,17.78
EPA-11,76_51,Station 11,"Winetavern Street, Dublin 8",53.344201,-6.271563,2.0,2023-06-12 02:00:00,26.28
EPA-11,76_51,Station 11,"Winetavern Street, Dublin 8",53.344201,-6.271563,2.0,2023-06-12 03:00:00,11.92
EPA-11,76_51,Station 11,"Winetavern Street, Dublin 8",53.344201,-6.271563,2.0,2023-06-12 04:00:00,3.72
EPA-11,76_51,Station 11,"Winetavern Street, Dublin 8",53.344201,-6.271563,2.0,2023-06-12 05:00:00,4.51
EPA-11,76_51,Station 11,"Winetavern Street, Dublin 8",53.344201,-6.271563,2.0,2023-06-12 06:00:00,9.62
EPA-11,76_51,Station 11,"Winetavern Street, Dublin 8",53.344201,-6.271563,2.0,2023-06-12 07:00:00,12.87
EPA-11,76_51,Station 11,"Winetavern Street, Dublin 8",53.344201,-6.271563,2.0,2023-06-12 08:00:00,16.82
EPA-11,76_51,Station 11,"Winetavern Street, Dublin 8",53.344201,-6.271563,2.0,2023-06-12 09:00:00,21.47
EPA-11,76_51,Station 11,"Winetavern Street, Dublin 8",53.344201,-6.271563,2.0,2023-06-12 10:00:00,17.7
EPA-11,76_51,Station 11,"Winetavern Street, Dublin 8",53.344201,-6.271563,2.0,2023-06-12 11:00:00,13.66
EPA-11,76_51,Station 11,"Winetavern Street, Dublin 8",53.344201,-6.271563,2.0,2023-06-12 12:00:00,23.9
EPA-11,76_51,Station 11,"Winetavern Street, Dublin 8",53.344201,-6.271563,2.0,2023-06-12 13:00:00,12.24
EPA-11,76_51,Station 11,"Winetavern Street, Dublin 8",53.344201,-6.271563,2.0,2023-06-12 14:00:00,15.17
EPA-11,76_51,Station 11,"Winetavern Street, Dublin 8",53.344201,-6.271563,2.0,2023-06-12 15:00:00,21.92
EPA-11,76_51,Station 11,"Winetavern Street, Dublin 8",53.344201,-6.271563,2.0,2023-06-12 16:00:00,17.03
EPA-11,76_51,Station 11,"Winetavern Street, Dublin 8",53.344201,-6.271563,2.0,2023-06-12 17:00:00,18.47
EPA-11,76_51,Station 11,"Winetavern Street, Dublin 8",53.344201,-6.271563,2.0,2023-06-12 18:00:00,12.4
EPA-11,76_51,Station 11,"Winetavern Street, Dublin 8",53.344201,-6.271563,2.0,2023-06-12 19:00:00,12.3
EPA-11,76_51,Station 11,"Winetavern Street, Dublin 8",53.344201,-6.271563,2.0,2023-06-12 20:00:00,12.51
EPA-11,76_51,Station 11,"Winetavern Street, Dublin 8",53.344201,-6.271563,2.0,2023-06-12 21:00:00,15.75
EPA-11,76_51,Station 11,"Winetavern Street, Dublin 8",53.344201,-6.271563,2.0,2023-06-12 22:00:00,22.0
EPA-11,76_51,Station 11,"Winetavern Street, Dublin 8",53.344201,-6.271563,2.0,2023-06-12 23:00:00,18.05
EPA-11,76_51,Station 11,"Winetavern Street, Dublin 8",53.344201,-6.271563,2.0,2023-06-13 00:00:00,13.17
EPA-11,76_51,Station 11,"Winetavern Street, Dublin 8",53.344201,-6.271563,2.0,2023-06-13 01:00:00,25.41
EPA-11,76_51,Station 11,"Winetavern Street, Dublin 8",53.344201,-6.271563,2.0,2023-06-13 02:00:00,12.07
EPA-11,76_51,Station 11,"Winetavern Street, Dublin 8",53.344201,-6.271563,2.0,2023-06-13 03:00:00,4.04
EPA-11,76_51,Station 11,"Winetavern Street, Dublin 8",53.344201,-6.271563,2.0,2023-06-13 04:00:00,5.48
EPA-11,76_51,Station 11,"Winetavern Street, Dublin 8",53.344201,-6.271563,2.0,2023-06-13 05:00:00,8.89
EPA-11,76_51,Station 11,"Winetavern Street, Dublin 8",53.344201,-6.271563,2.0,2023-06-13 06:00:00,17.93
EPA-11,76_51,Station 11,"Winetavern Street, Dublin 8",53.344201,-6.271563,2.0,2023-06-13 07:00:00,33.62
EPA-11,76_51,Station 11,"Winetavern Street, Dublin 8",53.344201,-6.271563,2.0,2023-06-13 08:00:00,54.79
EPA-11,76_51,Station 11,"Winetavern Street, Dublin 8",53.344201,-6.271563,2.0,2023-06-13 09:00:00,21.4
EPA-11,76_51,Station 11,"Winetavern Street, Dublin 8",53.344201,-6.271563,2.0,2023-06-13 10:00:00,13.8
EPA-11,76_51,Station 11,"Winetavern Street, Dublin 8",53.344201,-6.271563,2.0,2023-06-13 11:00:00,16.43
EPA-11,76_51,Station 11,"Winetavern Street, Dublin 8",53.344201,-6.271563,2.0,2023-06-13 12:00:00,15.84
EPA-11,76_51,Station 11,"Winetavern Street, Dublin 8",53.344201,-6.271563,2.0,2023-06-13 13:00:00,30.42
EPA-11,76_51,Station 11,"Winetavern Street, Dublin 8",53.344201,-6.271563,2.0,2023-06-13 14:00:00,44.74
EPA-11,76_51,Station 11,"Winetavern Street, Dublin 8",53.344201,-6.271563,2.0,2023-06-13 15:00:00,42.59
EPA-11,76_51,Station 11,"Winetavern Street, Dublin 8",53.344201,-6.271563,2.0,2023-06-13 16:00:00,26.0
EPA-11,76_51,Station 11,"Winetavern Street, Dublin 8",53.344201,-6.271563,2.0,2023-06-13 17:00:00,31.36
EPA-11,76_51,Station 11,"Winetavern Street, Dublin 8",53.344201,-6.271563,2.0,2023-06-13 18:00:00,24.93
EPA-11,76_51,Station 11,"Winetavern Street, Dublin 8",53.344201,-6.271563,2.0,2023-06-13 19:00:00,22.0
EPA-11,76_51,Station 11,"Winetavern Street, Dublin 8",53.344201,-6.271563,2.0,2023-06-13 20:00:00,18.18
EPA-11,76_51,Station 11,"Winetavern Street, Dublin 8",53.344201,-6.271563,2.0,2023-06-13 21:00:00,19.62
EPA-11,76_51,Station 11,"Winetavern Street, Dublin 8",53.344201,-6.271563,2.0,2023-06-13 22:00:00,18.98
EPA-11,76_51,Station 11,"Winetavern Street, Dublin 8",53.344201,-6.271563,2.0,2023-06-13 23:00:00,6.51
EPA-11,76_51,Station 11,"Winetavern Street, Dublin 8",53.344201,-6.271563,2.0,2023-06-14 00:00:00,8.9
EPA-11,76_51,Station 11,"Winetavern Street, Dublin 8",53.344201,-6.271563,2.0,2023-06-14 01:00:00,23.55
EPA-11,76_51,Station 11,"Winetavern Street, Dublin 8",53.344201,-6.271563,2.0,2023-06-14 02:00:00,35.8
EPA-11,76_51,Station 11,"Winetavern Street, Dublin 8",53.344201,-6.271563,2.0,2023-06-14 03:00:00,54.88
EPA-11,76_51,Station 11,"Winetavern Street, Dublin 8",53.344201,-6.271563,2.0,2023-06-14 04:00:00,8.1
EPA-11,76_51,Station 11,"Winetavern Street, Dublin 8",53.344201,-6.271563,2.0,2023-06-14 05:00:00,6.84
EPA-11,76_51,Station 11,"Winetavern Street, Dublin 8",53.344201,-6.271563,2.0,2023-06-14 06:00:00,8.73
EPA-11,76_51,Station 11,"Winetavern Street, Dublin 8",53.344201,-6.271563,2.0,2023-06-14 07:00:00,29.45
EPA-11,76_51,Station 11,"Winetavern Street, Dublin 8",53.344201,-6.271563,2.0,2023-06-14 08:00:00,21.91
EPA-11,76_51,Station 11,"Winetavern Street, Dublin 8",53.344201,-6.271563,2.0,2023-06-14 09:00:00,44.32
EPA-11,76_51,Station 11,"Winetavern Street, Dublin 8",53.344201,-6.271563,2.0,2023-06-14 10:00:00,30.22
EPA-11,76_51,Station 11,"Winetavern Street, Dublin 8",53.344201,-6.271563,2.0,2023-06-14 11:00:00,17.21
EPA-11,76_51,Station 11,"Winetavern Street, Dublin 8",53.344201,-6.271563,2.0,2023-06-14 12:00:00,11.11
EPA-11,76_51,Station 11,"Winetavern Street, Dublin 8",53.344201,-6.271563,2.0,2023-06-14 13:00:00,6.92
EPA-11,76_51,Station 11,"Winetavern Street, Dublin 8",53.344201,-6.271563,2.0,2023-06-14 14:00:00,22.05
EPA-11,76_51,Station 11,"Winetavern Street, Dublin 8",53.344201,-6.271563,2.0,2023-06-14 15:00:00,18.29
EPA-11,76_51,Station 11,"Winetavern Street, Dublin 8",53.344201,-6.271563,2.0,2023-06-14 16:00:00,21.18
EPA-11,76_51,Station 11,"Winetavern Street, Dublin 8",53.344201,-6.271563,2.0,2023-06-14 17:00:00,28.75
EPA-11,76_51,Station 11,"Winetavern Street, Dublin 8",53.344201,-6.271563,2.0,2023-06-14 18:00:00,20.05
EPA-11,76_51,Station 11,"Winetavern Street, Dublin 8",53.344201,-6.271563,2.0,2023-06-14 19:00:00,14.21
EPA-11,76_51,Station 11,"Winetavern Street, Dublin 8",53.344201,-6.271563,2.0,2023-06-14 20:00:00,33.77
EPA-11,76_51,Station 11,"Winetavern Street, Dublin 8",53.344201,-6.271563,2.0,2023-06-14 21:00:00,65.78
EPA-11,76_51,Station 11,"Winetavern Street, Dublin 8",53.344201,-6.271563,2.0,2023-06-14 22:00:00,72.48
EPA-11,76_51,Station 11,"Winetavern Street, Dublin 8",53.344201,-6.271563,2.0,2023-06-15 01:00:00,66.19
EPA-11,76_51,Station 11,"Winetavern Street, Dublin 8",53.344201,-6.271563,2.0,2023-06-15 02:00:00,53.41
EPA-11,76_51,Station 11,"Winetavern Street, Dublin 8",53.344201,-6.271563,2.0,2023-06-15 03:00:00,55.31
EPA-11,76_51,Station 11,"Winetavern Street, Dublin 8",53.344201,-6.271563,2.0,2023-06-15 04:00:00,46.4
EPA-11,76_51,Station 11,"Winetavern Street, Dublin 8",53.344201,-6.271563,2.0,2023-06-15 05:00:00,38.56
EPA-11,76_51,Station 11,"Winetavern Street, Dublin 8",53.344201,-6.271563,2.0,2023-06-15 06:00:00,47.09
EPA-11,76_51,Station 11,"Winetavern Street, Dublin 8",53.344201,-6.271563,2.0,2023-06-15 07:00:00,58.01
EPA-11,76_51,Station 11,"Winetavern Street, Dublin 8",53.344201,-6.271563,2.0,2023-06-15 08:00:00,50.18
EPA-11,76_51,Station 11,"Winetavern Street, Dublin 8",53.344201,-6.271563,2.0,2023-06-15 09:00:00,51.83
EPA-11,76_51,Station 11,"Winetavern Street, Dublin 8",53.344201,-6.271563,2.0,2023-06-15 10:00:00,50.45
EPA-11,76_51,Station 11,"Winetavern Street, Dublin 8",53.344201,-6.271563,2.0,2023-06-15 11:00:00,25.05
EPA-11,76_51,Station 11,"Winetavern Street, Dublin 8",53.344201,-6.271563,2.0,2023-06-15 12:00:00,32.87
EPA-11,76_51,Station 11,"Winetavern Street, Dublin 8",53.344201,-6.271563,2.0,2023-06-15 13:00:00,19.82
EPA-11,76_51,Station 11,"Winetavern Street, Dublin 8",53.344201,-6.271563,2.0,2023-06-15 14:00:00,30.77
EPA-11,76_51,Station 11,"Winetavern Street, Dublin 8",53.344201,-6.271563,2.0,2023-06-15 15:00:00,42.15
EPA-11,76_51,Station 11,"Winetavern Street, Dublin 8",53.344201,-6.271563,2.0,2023-06-15 16:00:00,41.21
EPA-11,76_51,Station 11,"Winetavern Street, Dublin 8",53.344201,-6.271563,2.0,2023-06-15 17:00:00,47.29
EPA-11,76_51,Station 11,"Winetavern Street, Dublin 8",53.344201,-6.271563,2.0,2023-06-15 18:00:00,48.63
EPA-11,76_51,Station 11,"Winetavern Street, Dublin 8",53.344201,-6.271563,2.0,2023-06-15 19:00:00,27.66
EPA-11,76_51,Station 11,"Winetavern Street, Dublin 8",53.344201,-6.271563,2.0,2023-06-15 20:00:00,18.15
EPA-11,76_51,Station 11,"Winetavern Street, Dublin 8",53.344201,-6.271563,2.0,2023-06-15 21:00:00,15.25
EPA-11,76_51,Station 11,"Winetavern Street, Dublin 8",53.344201,-6.271563,2.0,2023-06-15 22:00:00,16.72
EPA-11,76_51,Station 11,"Winetavern Street, Dublin 8",53.344201,-6.271563,2.0,2023-06-15 23:00:00,20.94
EPA-11,76_51,Station 11,"Winetavern Street, Dublin 8",53.344201,-6.271563,2.0,2023-06-16 00:00:00,27.23
EPA-11,76_51,Station 11,"Winetavern Street, Dublin 8",53.344201,-6.271563,2.0,2023-06-16 01:00:00,25.03
EPA-11,76_51,Station 11,"Winetavern Street, Dublin 8",53.344201,-6.271563,2.0,2023-06-16 02:00:00,18.01
EPA-11,76_51,Station 11,"Winetavern Street, Dublin 8",53.344201,-6.271563,2.0,2023-06-16 03:00:00,32.29
EPA-11,76_51,Station 11,"Winetavern Street, Dublin 8",53.344201,-6.271563,2.0,2023-06-16 04:00:00,22.65
EPA-11,76_51,Station 11,"Winetavern Street, Dublin 8",53.344201,-6.271563,2.0,2023-06-16 05:00:00,25.56
EPA-11,76_51,Station 11,"Winetavern Street, Dublin 8",53.344201,-6.271563,2.0,2023-06-16 06:00:00,51.41
EPA-11,76_51,Station 11,"Winetavern Street, Dublin 8",53.344201,-6.271563,2.0,2023-06-16 07:00:00,50.98
EPA-11,76_51,Station 11,"Winetavern Street, Dublin 8",53.344201,-6.271563,2.0,2023-06-16 08:00:00,21.81
EPA-11,76_51,Station 11,"Winetavern Street, Dublin 8",53.344201,-6.271563,2.0,2023-06-16 09:00:00,18.77
EPA-11,76_51,Station 11,"Winetavern Street, Dublin 8",53.344201,-6.271563,2.0,2023-06-16 10:00:00,15.9
EPA-11,76_51,Station 11,"Winetavern Street, Dublin 8",53.344201,-6.271563,2.0,2023-06-16 11:00:00,23.82
EPA-11,76_51,Station 11,"Winetavern Street, Dublin 8",53.344201,-6.271563,2.0,2023-06-16 12:00:00,37.63
EPA-11,76_51,Station 11,"Winetavern Street, Dublin 8",53.344201,-6.271563,2.0,2023-06-16 13:00:00,28.54
EPA-11,76_51,Station 11,"Winetavern Street, Dublin 8",53.344201,-6.271563,2.0,2023-06-16 14:00:00,21.85
EPA-11,76_51,Station 11,"Winetavern Street, Dublin 8",53.344201,-6.271563,2.0,2023-06-16 15:00:00,38.57
EPA-11,76_51,Station 11,"Winetavern Street, Dublin 8",53.344201,-6.271563,2.0,2023-06-16 16:00:00,50.57
EPA-11,76_51,Station 11,"Winetavern Street, Dublin 8",53.344201,-6.271563,2.0,2023-06-16 17:00:00,53.33
EPA-11,76_51,Station 11,"Winetavern Street, Dublin 8",53.344201,-6.271563,2.0,2023-06-16 18:00:00,23.57
EPA-11,76_51,Station 11,"Winetavern Street, Dublin 8",53.344201,-6.271563,2.0,2023-06-16 19:00:00,18.55
EPA-11,76_51,Station 11,"Winetavern Street, Dublin 8",53.344201,-6.271563,2.0,2023-06-16 20:00:00,12.87
EPA-11,76_51,Station 11,"Winetavern Street, Dublin 8",53.344201,-6.271563,2.0,2023-06-16 21:00:00,15.59
EPA-11,76_51,Station 11,"Winetavern Street, Dublin 8",53.344201,-6.271563,2.0,2023-06-16 22:00:00,16.32
EPA-11,76_51,Station 11,"Winetavern Street, Dublin 8",53.344201,-6.271563,2.0,2023-06-16 23:00:00,6.09
EPA-11,76_51,Station 11,"Winetavern Street, Dublin 8",53.344201,-6.271563,2.0,2023-06-17 00:00:00,2.97
EPA-11,76_51,Station 11,"Winetavern Street, Dublin 8",53.344201,-6.271563,2.0,2023-06-17 01:00:00,0.86
EPA-11,76_51,Station 11,"Winetavern Street, Dublin 8",53.344201,-6.271563,2.0,2023-06-17 02:00:00,3.75
EPA-11,76_51,Station 11,"Winetavern Street, Dublin 8",53.344201,-6.271563,2.0,2023-06-17 03:00:00,0.63
EPA-11,76_51,Station 11,"Winetavern Street, Dublin 8",53.344201,-6.271563,2.0,2023-06-17 04:00:00,-0.6
EPA-11,76_51,Station 11,"Winetavern Street, Dublin 8",53.344201,-6.271563,2.0,2023-06-17 05:00:00,-2.17
EPA-11,76_51,Station 11,"Winetavern Street, Dublin 8",53.344201,-6.271563,2.0,2023-06-17 06:00:00,0.65
EPA-11,76_51,Station 11,"Winetavern Street, Dublin 8",53.344201,-6.271563,2.0,2023-06-17 07:00:00,2.85
EPA-11,76_51,Station 11,"Winetavern Street, Dublin 8",53.344201,-6.271563,2.0,2023-06-17 08:00:00,3.99
EPA-11,76_51,Station 11,"Winetavern Street, Dublin 8",53.344201,-6.271563,2.0,2023-06-17 09:00:00,11.38
EPA-11,76_51,Station 11,"Winetavern Street, Dublin 8",53.344201,-6.271563,2.0,2023-06-17 10:00:00,13.21
EPA-11,76_51,Station 11,"Winetavern Street, Dublin 8",53.344201,-6.271563,2.0,2023-06-17 11:00:00,9.51
EPA-11,76_51,Station 11,"Winetavern Street, Dublin 8",53.344201,-6.271563,2.0,2023-06-17 12:00:00,5.87
EPA-11,76_51,Station 11,"Winetavern Street, Dublin 8",53.344201,-6.271563,2.0,2023-06-17 13:00:00,7.75
EPA-11,76_51,Station 11,"Winetavern Street, Dublin 8",53.344201,-6.271563,2.0,2023-06-17 14:00:00,4.17
EPA-11,76_51,Station 11,"Winetavern Street, Dublin 8",53.344201,-6.271563,2.0,2023-06-17 15:00:00,2.73
EPA-11,76_51,Station 11,"Winetavern Street, Dublin 8",53.344201,-6.271563,2.0,2023-06-17 16:00:00,3.83
EPA-11,76_51,Station 11,"Winetavern Street, Dublin 8",53.344201,-6.271563,2.0,2023-06-17 17:00:00,6.71
EPA-11,76_51,Station 11,"Winetavern Street, Dublin 8",53.344201,-6.271563,2.0,2023-06-17 18:00:00,5.75
EPA-11,76_51,Station 11,"Winetavern Street, Dublin 8",53.344201,-6.271563,2.0,2023-06-17 19:00:00,12.33
EPA-11,76_51,Station 11,"Winetavern Street, Dublin 8",53.344201,-6.271563,2.0,2023-06-17 20:00:00,6.78
EPA-11,76_51,Station 11,"Winetavern Street, Dublin 8",53.344201,-6.271563,2.0,2023-06-17 21:00:00,10.72
EPA-11,76_51,Station 11,"Winetavern Street, Dublin 8",53.344201,-6.271563,2.0,2023-06-17 22:00:00,8.86
EPA-11,76_51,Station 11,"Winetavern Street, Dublin 8",53.344201,-6.271563,2.0,2023-06-17 23:00:00,7.52
EPA-11,76_51,Station 11,"Winetavern Street, Dublin 8",53.344201,-6.271563,2.0,2023-06-18 00:00:00,10.72
EPA-11,76_51,Station 11,"Winetavern Street, Dublin 8",53.344201,-6.271563,2.0,2023-06-18 01:00:00,2.78
EPA-11,76_51,Station 11,"Winetavern Street, Dublin 8",53.344201,-6.271563,2.0,2023-06-18 02:00:00,1.74
EPA-11,76_51,Station 11,"Winetavern Street, Dublin 8",53.344201,-6.271563,2.0,2023-06-18 03:00:00,0.71
EPA-11,76_51,Station 11,"Winetavern Street, Dublin 8",53.344201,-6.271563,2.0,2023-06-18 04:00:00,0.42
EPA-11,76_51,Station 11,"Winetavern Street, Dublin 8",53.344201,-6.271563,2.0,2023-06-18 05:00:00,0.47
EPA-11,76_51,Station 11,"Winetavern Street, Dublin 8",53.344201,-6.271563,2.0,2023-06-18 06:00:00,0.8
EPA-11,76_51,Station 11,"Winetavern Street, Dublin 8",53.344201,-6.271563,2.0,2023-06-18 07:00:00,2.6
EPA-11,76_51,Station 11,"Winetavern Street, Dublin 8",53.344201,-6.271563,2.0,2023-06-18 08:00:00,1.29
EPA-11,76_51,Station 11,"Winetavern Street, Dublin 8",53.344201,-6.271563,2.0,2023-06-18 09:00:00,0.88
EPA-11,76_51,Station 11,"Winetavern Street, Dublin 8",53.344201,-6.271563,2.0,2023-06-18 10:00:00,4.49
EPA-11,76_51,Station 11,"Winetavern Street, Dublin 8",53.344201,-6.271563,2.0,2023-06-18 11:00:00,5.93
EPA-11,76_51,Station 11,"Winetavern Street, Dublin 8",53.344201,-6.271563,2.0,2023-06-18 12:00:00,4.23
EPA-11,76_51,Station 11,"Winetavern Street, Dublin 8",53.344201,-6.271563,2.0,2023-06-18 13:00:00,6.46
EPA-11,76_51,Station 11,"Winetavern Street, Dublin 8",53.344201,-6.271563,2.0,2023-06-18 14:00:00,9.58
EPA-11,76_51,Station 11,"Winetavern Street, Dublin 8",53.344201,-6.271563,2.0,2023-06-18 15:00:00,3.16
EPA-11,76_51,Station 11,"Winetavern Street, Dublin 8",53.344201,-6.271563,2.0,2023-06-18 16:00:00,1.82
EPA-11,76_51,Station 11,"Winetavern Street, Dublin 8",53.344201,-6.271563,2.0,2023-06-18 17:00:00,3.67
EPA-11,76_51,Station 11,"Winetavern Street, Dublin 8",53.344201,-6.271563,2.0,2023-06-18 18:00:00,4.21
EPA-11,76_51,Station 11,"Winetavern Street, Dublin 8",53.344201,-6.271563,2.0,2023-06-18 19:00:00,3.71
EPA-11,76_51,Station 11,"Winetavern Street, Dublin 8",53.344201,-6.271563,2.0,2023-06-18 20:00:00,2.27
EPA-11,76_51,Station 11,"Winetavern Street, Dublin 8",53.344201,-6.271563,2.0,2023-06-18 21:00:00,11.14
EPA-11,76_51,Station 11,"Winetavern Street, Dublin 8",53.344201,-6.271563,2.0,2023-06-18 22:00:00,18.14
EPA-11,76_51,Station 11,"Winetavern Street, Dublin 8",53.344201,-6.271563,2.0,2023-06-18 23:00:00,15.65
EPA-11,76_51,Station 11,"Winetavern Street, Dublin 8",53.344201,-6.271563,2.0,2023-06-19 00:00:00,-0.18
EPA-11,76_51,Station 11,"Winetavern Street, Dublin 8",53.344201,-6.271563,2.0,2023-06-19 01:00:00,-3.4
EPA-11,76_51,Station 11,"Winetavern Street, Dublin 8",53.344201,-6.271563,2.0,2023-06-19 02:00:00,-3.79
EPA-11,76_51,Station 11,"Winetavern Street, Dublin 8",53.344201,-6.271563,2.0,2023-06-19 03:00:00,-5.7
EPA-11,76_51,Station 11,"Winetavern Street, Dublin 8",53.344201,-6.271563,2.0,2023-06-19 04:00:00,-4.15
EPA-11,76_51,Station 11,"Winetavern Street, Dublin 8",53.344201,-6.271563,2.0,2023-06-19 05:00:00,-3.04
EPA-11,76_51,Station 11,"Winetavern Street, Dublin 8",53.344201,-6.271563,2.0,2023-06-19 06:00:00,2.45
EPA-11,76_51,Station 11,"Winetavern Street, Dublin 8",53.344201,-6.271563,2.0,2023-06-19 07:00:00,3.62
EPA-11,76_51,Station 11,"Winetavern Street, Dublin 8",53.344201,-6.271563,2.0,2023-06-19 08:00:00,4.71
EPA-11,76_51,Station 11,"Winetavern Street, Dublin 8",53.344201,-6.271563,2.0,2023-06-19 09:00:00,3.67
EPA-11,76_51,Station 11,"Winetavern Street, Dublin 8",53.344201,-6.271563,2.0,2023-06-19 10:00:00,3.14
EPA-11,76_51,Station 11,"Winetavern Street, Dublin 8",53.344201,-6.271563,2.0,2023-06-19 11:00:00,1.52
EPA-11,76_51,Station 11,"Winetavern Street, Dublin 8",53.344201,-6.271563,2.0,2023-06-19 12:00:00,3.24
EPA-11,76_51,Station 11,"Winetavern Street, Dublin 8",53.344201,-6.271563,2.0,2023-06-19 13:00:00,7.82
EPA-11,76_51,Station 11,"Winetavern Street, Dublin 8",53.344201,-6.271563,2.0,2023-06-19 14:00:00,9.25
EPA-11,76_51,Station 11,"Winetavern Street, Dublin 8",53.344201,-6.271563,2.0,2023-06-19 15:00:00,9.85
EPA-11,76_51,Station 11,"Winetavern Street, Dublin 8",53.344201,-6.271563,2.0,2023-06-19 16:00:00,8.27
EPA-11,76_51,Station 11,"Winetavern Street, Dublin 8",53.344201,-6.271563,2.0,2023-06-19 17:00:00,9.06
EPA-11,76_51,Station 11,"Winetavern Street, Dublin 8",53.344201,-6.271563,2.0,2023-06-19 18:00:00,6.62
EPA-11,76_51,Station 11,"Winetavern Street, Dublin 8",53.344201,-6.271563,2.0,2023-06-19 19:00:00,0.08
EPA-11,76_51,Station 11,"Winetavern Street, Dublin 8",53.344201,-6.271563,2.0,2023-06-19 20:00:00,-0.79
EPA-11,76_51,Station 11,"Winetavern Street, Dublin 8",53.344201,-6.271563,2.0,2023-06-19 21:00:00,-1.56
EPA-11,76_51,Station 11,"Winetavern Street, Dublin 8",53.344201,-6.271563,2.0,2023-06-19 22:00:00,2.25
EPA-11,76_51,Station 11,"Winetavern Street, Dublin 8",53.344201,-6.271563,2.0,2023-06-19 23:00:00,2.75
EPA-11,76_51,Station 11,"Winetavern Street, Dublin 8",53.344201,-6.271563,2.0,2023-06-20 00:00:00,1.81
EPA-11,76_51,Station 11,"Winetavern Street, Dublin 8",53.344201,-6.271563,2.0,2023-06-20 01:00:00,0.27
EPA-11,76_51,Station 11,"Winetavern Street, Dublin 8",53.344201,-6.271563,2.0,2023-06-20 02:00:00,6.58
EPA-11,76_51,Station 11,"Winetavern Street, Dublin 8",53.344201,-6.271563,2.0,2023-06-20 03:00:00,26.1
EPA-11,76_51,Station 11,"Winetavern Street, Dublin 8",53.344201,-6.271563,2.0,2023-06-20 04:00:00,5.82
EPA-11,76_51,Station 11,"Winetavern Street, Dublin 8",53.344201,-6.271563,2.0,2023-06-20 05:00:00,10.87
EPA-11,76_51,Station 11,"Winetavern Street, Dublin 8",53.344201,-6.271563,2.0,2023-06-20 06:00:00,14.94
EPA-11,76_51,Station 11,"Winetavern Street, Dublin 8",53.344201,-6.271563,2.0,2023-06-20 07:00:00,22.75
EPA-11,76_51,Station 11,"Winetavern Street, Dublin 8",53.344201,-6.271563,2.0,2023-06-20 08:00:00,21.98
EPA-11,76_51,Station 11,"Winetavern Street, Dublin 8",53.344201,-6.271563,2.0,2023-06-20 09:00:00,13.65
EPA-11,76_51,Station 11,"Winetavern Street, Dublin 8",53.344201,-6.271563,2.0,2023-06-20 10:00:00,10.42
EPA-11,76_51,Station 11,"Winetavern Street, Dublin 8",53.344201,-6.271563,2.0,2023-06-20 11:00:00,5.98
EPA-11,76_51,Station 11,"Winetavern Street, Dublin 8",53.344201,-6.271563,2.0,2023-06-20 12:00:00,8.17
EPA-11,76_51,Station 11,"Winetavern Street, Dublin 8",53.344201,-6.271563,2.0,2023-06-20 13:00:00,11.48
EPA-11,76_51,Station 11,"Winetavern Street, Dublin 8",53.344201,-6.271563,2.0,2023-06-20 14:00:00,5.78
EPA-11,76_51,Station 11,"Winetavern Street, Dublin 8",53.344201,-6.271563,2.0,2023-06-20 15:00:00,14.52
EPA-11,76_51,Station 11,"Winetavern Street, Dublin 8",53.344201,-6.271563,2.0,2023-06-20 16:00:00,18.33
EPA-11,76_51,Station 11,"Winetavern Street, Dublin 8",53.344201,-6.271563,2.0,2023-06-20 17:00:00,22.02
EPA-11,76_51,Station 11,"Winetavern Street, Dublin 8",53.344201,-6.271563,2.0,2023-06-20 18:00:00,22.91
EPA-11,76_51,Station 11,"Winetavern Street, Dublin 8",53.344201,-6.271563,2.0,2023-06-20 19:00:00,9.08
EPA-11,76_51,Station 11,"Winetavern Street, Dublin 8",53.344201,-6.271563,2.0,2023-06-20 20:00:00,3.89
EPA-11,76_51,Station 11,"Winetavern Street, Dublin 8",53.344201,-6.271563,2.0,2023-06-20 21:00:00,3.72
EPA-11,76_51,Station 11,"Winetavern Street, Dublin 8",53.344201,-6.271563,2.0,2023-06-20 22:00:00,4.04
EPA-11,76_51,Station 11,"Winetavern Street, Dublin 8",53.344201,-6.271563,2.0,2023-06-20 23:00:00,-0.79
EPA-11,76_51,Station 11,"Winetavern Street, Dublin 8",53.344201,-6.271563,2.0,2023-06-21 00:00:00,-1.54
EPA-11,76_51,Station 11,"Winetavern Street, Dublin 8",53.344201,-6.271563,2.0,2023-06-21 01:00:00,-2.07
EPA-11,76_51,Station 11,"Winetavern Street, Dublin 8",53.344201,-6.271563,2.0,2023-06-21 02:00:00,-3.05
EPA-11,76_51,Station 11,"Winetavern Street, Dublin 8",53.344201,-6.271563,2.0,2023-06-21 03:00:00,-4.3
EPA-11,76_51,Station 11,"Winetavern Street, Dublin 8",53.344201,-6.271563,2.0,2023-06-21 04:00:00,-3.71
EPA-11,76_51,Station 11,"Winetavern Street, Dublin 8",53.344201,-6.271563,2.0,2023-06-21 05:00:00,-1.44
EPA-11,76_51,Station 11,"Winetavern Street, Dublin 8",53.344201,-6.271563,2.0,2023-06-21 06:00:00,9.63
EPA-11,76_51,Station 11,"Winetavern Street, Dublin 8",53.344201,-6.271563,2.0,2023-06-21 07:00:00,11.61
EPA-11,76_51,Station 11,"Winetavern Street, Dublin 8",53.344201,-6.271563,2.0,2023-06-21 08:00:00,14.65
EPA-11,76_51,Station 11,"Winetavern Street, Dublin 8",53.344201,-6.271563,2.0,2023-06-21 09:00:00,11.37
EPA-11,76_51,Station 11,"Winetavern Street, Dublin 8",53.344201,-6.271563,2.0,2023-06-21 10:00:00,5.37
EPA-11,76_51,Station 11,"Winetavern Street, Dublin 8",53.344201,-6.271563,2.0,2023-06-21 10:01:00,
EPA-11,76_51,Station 11,"Winetavern Street, Dublin 8",53.344201,-6.271563,2.0,2023-06-21 11:01:00,
EPA-11,76_51,Station 11,"Winetavern Street, Dublin 8",53.344201,-6.271563,2.0,2023-06-21 12:00:00,-3.33
EPA-11,76_51,Station 11,"Winetavern Street, Dublin 8",53.344201,-6.271563,2.0,2023-06-21 13:00:00,-0.51
EPA-11,76_51,Station 11,"Winetavern Street, Dublin 8",53.344201,-6.271563,2.0,2023-06-21 14:00:00,-1.06
EPA-11,76_51,Station 11,"Winetavern Street, Dublin 8",53.344201,-6.271563,2.0,2023-06-21 15:00:00,-1.53
EPA-11,76_51,Station 11,"Winetavern Street, Dublin 8",53.344201,-6.271563,2.0,2023-06-21 16:00:00,5.3
EPA-11,76_51,Station 11,"Winetavern Street, Dublin 8",53.344201,-6.271563,2.0,2023-06-21 17:00:00,2.61
EPA-11,76_51,Station 11,"Winetavern Street, Dublin 8",53.344201,-6.271563,2.0,2023-06-21 18:00:00,1.79
EPA-11,76_51,Station 11,"Winetavern Street, Dublin 8",53.344201,-6.271563,2.0,2023-06-21 19:00:00,-3.91
EPA-11,76_51,Station 11,"Winetavern Street, Dublin 8",53.344201,-6.271563,2.0,2023-06-21 20:00:00,-6.77
EPA-11,76_51,Station 11,"Winetavern Street, Dublin 8",53.344201,-6.271563,2.0,2023-06-21 21:00:00,-2.39
EPA-11,76_51,Station 11,"Winetavern Street, Dublin 8",53.344201,-6.271563,2.0,2023-06-21 22:00:00,14.63
EPA-11,76_51,Station 11,"Winetavern Street, Dublin 8",53.344201,-6.271563,2.0,2023-06-22 01:00:00,0.56
EPA-11,76_51,Station 11,"Winetavern Street, Dublin 8",53.344201,-6.271563,2.0,2023-06-22 02:00:00,-0.3
EPA-11,76_51,Station 11,"Winetavern Street, Dublin 8",53.344201,-6.271563,2.0,2023-06-22 03:00:00,4.42
EPA-11,76_51,Station 11,"Winetavern Street, Dublin 8",53.344201,-6.271563,2.0,2023-06-22 04:00:00,1.11
EPA-11,76_51,Station 11,"Winetavern Street, Dublin 8",53.344201,-6.271563,2.0,2023-06-22 05:00:00,15.66
EPA-11,76_51,Station 11,"Winetavern Street, Dublin 8",53.344201,-6.271563,2.0,2023-06-22 06:00:00,17.72
EPA-11,76_51,Station 11,"Winetavern Street, Dublin 8",53.344201,-6.271563,2.0,2023-06-22 07:00:00,7.55
EPA-11,76_51,Station 11,"Winetavern Street, Dublin 8",53.344201,-6.271563,2.0,2023-06-22 08:00:00,13.77
EPA-11,76_51,Station 11,"Winetavern Street, Dublin 8",53.344201,-6.271563,2.0,2023-06-22 09:00:00,14.59
EPA-11,76_51,Station 11,"Winetavern Street, Dublin 8",53.344201,-6.271563,2.0,2023-06-22 10:00:00,-3.21
EPA-11,76_51,Station 11,"Winetavern Street, Dublin 8",53.344201,-6.271563,2.0,2023-06-22 11:00:00,5.09
EPA-11,76_51,Station 11,"Winetavern Street, Dublin 8",53.344201,-6.271563,2.0,2023-06-22 12:00:00,13.71
EPA-11,76_51,Station 11,"Winetavern Street, Dublin 8",53.344201,-6.271563,2.0,2023-06-22 13:00:00,17.63
EPA-11,76_51,Station 11,"Winetavern Street, Dublin 8",53.344201,-6.271563,2.0,2023-06-22 14:00:00,10.13
EPA-11,76_51,Station 11,"Winetavern Street, Dublin 8",53.344201,-6.271563,2.0,2023-06-22 15:00:00,11.61
EPA-11,76_51,Station 11,"Winetavern Street, Dublin 8",53.344201,-6.271563,2.0,2023-06-22 16:00:00,25.62
EPA-11,76_51,Station 11,"Winetavern Street, Dublin 8",53.344201,-6.271563,2.0,2023-06-22 17:00:00,26.09
EPA-11,76_51,Station 11,"Winetavern Street, Dublin 8",53.344201,-6.271563,2.0,2023-06-22 18:00:00,17.38
EPA-11,76_51,Station 11,"Winetavern Street, Dublin 8",53.344201,-6.271563,2.0,2023-06-22 19:00:00,10.94
EPA-11,76_51,Station 11,"Winetavern Street, Dublin 8",53.344201,-6.271563,2.0,2023-06-22 20:00:00,28.48
EPA-11,76_51,Station 11,"Winetavern Street, Dublin 8",53.344201,-6.271563,2.0,2023-06-22 21:00:00,40.26
EPA-11,76_51,Station 11,"Winetavern Street, Dublin 8",53.344201,-6.271563,2.0,2023-06-22 22:00:00,27.03
EPA-11,76_51,Station 11,"Winetavern Street, Dublin 8",53.344201,-6.271563,2.0,2023-06-22 23:00:00,25.19
EPA-11,76_51,Station 11,"Winetavern Street, Dublin 8",53.344201,-6.271563,2.0,2023-06-23 00:00:00,5.45
EPA-11,76_51,Station 11,"Winetavern Street, Dublin 8",53.344201,-6.271563,2.0,2023-06-23 01:00:00,1.61
EPA-11,76_51,Station 11,"Winetavern Street, Dublin 8",53.344201,-6.271563,2.0,2023-06-23 02:00:00,0.57
EPA-11,76_51,Station 11,"Winetavern Street, Dublin 8",53.344201,-6.271563,2.0,2023-06-23 03:00:00,0.39
EPA-11,76_51,Station 11,"Winetavern Street, Dublin 8",53.344201,-6.271563,2.0,2023-06-23 04:00:00,1.62
EPA-11,76_51,Station 11,"Winetavern Street, Dublin 8",53.344201,-6.271563,2.0,2023-06-23 05:00:00,5.92
EPA-11,76_51,Station 11,"Winetavern Street, Dublin 8",53.344201,-6.271563,2.0,2023-06-23 06:00:00,11.23
EPA-11,76_51,Station 11,"Winetavern Street, Dublin 8",53.344201,-6.271563,2.0,2023-06-23 07:00:00,13.24
EPA-11,76_51,Station 11,"Winetavern Street, Dublin 8",53.344201,-6.271563,2.0,2023-06-23 08:00:00,8.52
EPA-11,76_51,Station 11,"Winetavern Street, Dublin 8",53.344201,-6.271563,2.0,2023-06-23 09:00:00,12.53
EPA-11,76_51,Station 11,"Winetavern Street, Dublin 8",53.344201,-6.271563,2.0,2023-06-23 10:00:00,12.15
EPA-11,76_51,Station 11,"Winetavern Street, Dublin 8",53.344201,-6.271563,2.0,2023-06-23 11:00:00,7.51
EPA-11,76_51,Station 11,"Winetavern Street, Dublin 8",53.344201,-6.271563,2.0,2023-06-23 12:00:00,11.62
EPA-11,76_51,Station 11,"Winetavern Street, Dublin 8",53.344201,-6.271563,2.0,2023-06-23 13:00:00,10.58
EPA-11,76_51,Station 11,"Winetavern Street, Dublin 8",53.344201,-6.271563,2.0,2023-06-23 14:00:00,8.77
EPA-11,76_51,Station 11,"Winetavern Street, Dublin 8",53.344201,-6.271563,2.0,2023-06-23 15:00:00,9.73
EPA-11,76_51,Station 11,"Winetavern Street, Dublin 8",53.344201,-6.271563,2.0,2023-06-23 16:00:00,6.95
EPA-11,76_51,Station 11,"Winetavern Street, Dublin 8",53.344201,-6.271563,2.0,2023-06-23 17:00:00,6.64
EPA-11,76_51,Station 11,"Winetavern Street, Dublin 8",53.344201,-6.271563,2.0,2023-06-23 18:00:00,3.07
EPA-11,76_51,Station 11,"Winetavern Street, Dublin 8",53.344201,-6.271563,2.0,2023-06-23 19:00:00,3.29
EPA-11,76_51,Station 11,"Winetavern Street, Dublin 8",53.344201,-6.271563,2.0,2023-06-23 20:00:00,1.63
EPA-11,76_51,Station 11,"Winetavern Street, Dublin 8",53.344201,-6.271563,2.0,2023-06-23 21:00:00,2.03
EPA-11,76_51,Station 11,"Winetavern Street, Dublin 8",53.344201,-6.271563,2.0,2023-06-23 22:00:00,0.56
EPA-11,76_51,Station 11,"Winetavern Street, Dublin 8",53.344201,-6.271563,2.0,2023-06-23 23:00:00,0.5
EPA-11,76_51,Station 11,"Winetavern Street, Dublin 8",53.344201,-6.271563,2.0,2023-06-24 00:00:00,1.79
EPA-11,76_51,Station 11,"Winetavern Street, Dublin 8",53.344201,-6.271563,2.0,2023-06-24 01:00:00,1.08
EPA-11,76_51,Station 11,"Winetavern Street, Dublin 8",53.344201,-6.271563,2.0,2023-06-24 02:00:00,0.93
EPA-11,76_51,Station 11,"Winetavern Street, Dublin 8",53.344201,-6.271563,2.0,2023-06-24 03:00:00,0.59
EPA-11,76_51,Station 11,"Winetavern Street, Dublin 8",53.344201,-6.271563,2.0,2023-06-24 04:00:00,-0.24
EPA-11,76_51,Station 11,"Winetavern Street, Dublin 8",53.344201,-6.271563,2.0,2023-06-24 05:00:00,0.09
EPA-11,76_51,Station 11,"Winetavern Street, Dublin 8",53.344201,-6.271563,2.0,2023-06-24 06:00:00,1.44
EPA-11,76_51,Station 11,"Winetavern Street, Dublin 8",53.344201,-6.271563,2.0,2023-06-24 07:00:00,0.15
EPA-11,76_51,Station 11,"Winetavern Street, Dublin 8",53.344201,-6.271563,2.0,2023-06-24 08:00:00,0.73
EPA-11,76_51,Station 11,"Winetavern Street, Dublin 8",53.344201,-6.271563,2.0,2023-06-24 09:00:00,0.91
EPA-11,76_51,Station 11,"Winetavern Street, Dublin 8",53.344201,-6.271563,2.0,2023-06-24 10:00:00,1.6
EPA-11,76_51,Station 11,"Winetavern Street, Dublin 8",53.344201,-6.271563,2.0,2023-06-24 11:00:00,1.98
EPA-11,76_51,Station 11,"Winetavern Street, Dublin 8",53.344201,-6.271563,2.0,2023-06-24 12:00:00,2.12
EPA-11,76_51,Station 11,"Winetavern Street, Dublin 8",53.344201,-6.271563,2.0,2023-06-24 13:00:00,2.23
EPA-11,76_51,Station 11,"Winetavern Street, Dublin 8",53.344201,-6.271563,2.0,2023-06-24 14:00:00,1.64
EPA-11,76_51,Station 11,"Winetavern Street, Dublin 8",53.344201,-6.271563,2.0,2023-06-24 15:00:00,1.33
EPA-11,76_51,Station 11,"Winetavern Street, Dublin 8",53.344201,-6.271563,2.0,2023-06-24 16:00:00,1.02
EPA-11,76_51,Station 11,"Winetavern Street, Dublin 8",53.344201,-6.271563,2.0,2023-06-24 17:00:00,1.56
EPA-11,76_51,Station 11,"Winetavern Street, Dublin 8",53.344201,-6.271563,2.0,2023-06-24 18:00:00,2.37
EPA-11,76_51,Station 11,"Winetavern Street, Dublin 8",53.344201,-6.271563,2.0,2023-06-24 19:00:00,1.62
EPA-11,76_51,Station 11,"Winetavern Street, Dublin 8",53.344201,-6.271563,2.0,2023-06-24 20:00:00,2.11
EPA-11,76_51,Station 11,"Winetavern Street, Dublin 8",53.344201,-6.271563,2.0,2023-06-24 21:00:00,2.94
EPA-11,76_51,Station 11,"Winetavern Street, Dublin 8",53.344201,-6.271563,2.0,2023-06-24 22:00:00,3.29
EPA-11,76_51,Station 11,"Winetavern Street, Dublin 8",53.344201,-6.271563,2.0,2023-06-24 23:00:00,4.53
EPA-11,76_51,Station 11,"Winetavern Street, Dublin 8",53.344201,-6.271563,2.0,2023-06-25 00:00:00,4.95
EPA-11,76_51,Station 11,"Winetavern Street, Dublin 8",53.344201,-6.271563,2.0,2023-06-25 01:00:00,2.2
EPA-11,76_51,Station 11,"Winetavern Street, Dublin 8",53.344201,-6.271563,2.0,2023-06-25 02:00:00,2.33
EPA-11,76_51,Station 11,"Winetavern Street, Dublin 8",53.344201,-6.271563,2.0,2023-06-25 03:00:00,1.77
EPA-11,76_51,Station 11,"Winetavern Street, Dublin 8",53.344201,-6.271563,2.0,2023-06-25 04:00:00,1.33
EPA-11,76_51,Station 11,"Winetavern Street, Dublin 8",53.344201,-6.271563,2.0,2023-06-25 05:00:00,0.24
EPA-11,76_51,Station 11,"Winetavern Street, Dublin 8",53.344201,-6.271563,2.0,2023-06-25 06:00:00,0.77
EPA-11,76_51,Station 11,"Winetavern Street, Dublin 8",53.344201,-6.271563,2.0,2023-06-25 07:00:00,0.74
EPA-11,76_51,Station 11,"Winetavern Street, Dublin 8",53.344201,-6.271563,2.0,2023-06-25 08:00:00,1.37
EPA-11,76_51,Station 11,"Winetavern Street, Dublin 8",53.344201,-6.271563,2.0,2023-06-25 09:00:00,5.65
EPA-11,76_51,Station 11,"Winetavern Street, Dublin 8",53.344201,-6.271563,2.0,2023-06-25 10:00:00,6.03
EPA-11,76_51,Station 11,"Winetavern Street, Dublin 8",53.344201,-6.271563,2.0,2023-06-25 11:00:00,2.95
EPA-11,76_51,Station 11,"Winetavern Street, Dublin 8",53.344201,-6.271563,2.0,2023-06-25 12:00:00,2.05
EPA-11,76_51,Station 11,"Winetavern Street, Dublin 8",53.344201,-6.271563,2.0,2023-06-25 13:00:00,1.71
EPA-11,76_51,Station 11,"Winetavern Street, Dublin 8",53.344201,-6.271563,2.0,2023-06-25 14:00:00,3.36
EPA-11,76_51,Station 11,"Winetavern Street, Dublin 8",53.344201,-6.271563,2.0,2023-06-25 15:00:00,3.55
EPA-11,76_51,Station 11,"Winetavern Street, Dublin 8",53.344201,-6.271563,2.0,2023-06-25 16:00:00,5.33
EPA-11,76_51,Station 11,"Winetavern Street, Dublin 8",53.344201,-6.271563,2.0,2023-06-25 17:00:00,3.96
EPA-11,76_51,Station 11,"Winetavern Street, Dublin 8",53.344201,-6.271563,2.0,2023-06-25 18:00:00,4.24
EPA-11,76_51,Station 11,"Winetavern Street, Dublin 8",53.344201,-6.271563,2.0,2023-06-25 19:00:00,3.61
EPA-11,76_51,Station 11,"Winetavern Street, Dublin 8",53.344201,-6.271563,2.0,2023-06-25 20:00:00,4.02
EPA-11,76_51,Station 11,"Winetavern Street, Dublin 8",53.344201,-6.271563,2.0,2023-06-25 21:00:00,6.05
EPA-11,76_51,Station 11,"Winetavern Street, Dublin 8",53.344201,-6.271563,2.0,2023-06-25 22:00:00,5.86
EPA-11,76_51,Station 11,"Winetavern Street, Dublin 8",53.344201,-6.271563,2.0,2023-06-25 23:00:00,4.81
EPA-11,76_51,Station 11,"Winetavern Street, Dublin 8",53.344201,-6.271563,2.0,2023-06-26 00:00:00,2.24
EPA-11,76_51,Station 11,"Winetavern Street, Dublin 8",53.344201,-6.271563,2.0,2023-06-26 01:00:00,0.4
EPA-11,76_51,Station 11,"Winetavern Street, Dublin 8",53.344201,-6.271563,2.0,2023-06-26 02:00:00,-0.98
EPA-11,76_51,Station 11,"Winetavern Street, Dublin 8",53.344201,-6.271563,2.0,2023-06-26 03:00:00,-1.53
EPA-11,76_51,Station 11,"Winetavern Street, Dublin 8",53.344201,-6.271563,2.0,2023-06-26 04:00:00,-0.92
EPA-11,76_51,Station 11,"Winetavern Street, Dublin 8",53.344201,-6.271563,2.0,2023-06-26 05:00:00,0.02
EPA-11,76_51,Station 11,"Winetavern Street, Dublin 8",53.344201,-6.271563,2.0,2023-06-26 06:00:00,3.78
EPA-11,76_51,Station 11,"Winetavern Street, Dublin 8",53.344201,-6.271563,2.0,2023-06-26 07:00:00,6.63
EPA-11,76_51,Station 11,"Winetavern Street, Dublin 8",53.344201,-6.271563,2.0,2023-06-26 08:00:00,6.15
EPA-11,76_51,Station 11,"Winetavern Street, Dublin 8",53.344201,-6.271563,2.0,2023-06-26 09:00:00,3.23
EPA-11,76_51,Station 11,"Winetavern Street, Dublin 8",53.344201,-6.271563,2.0,2023-06-26 10:00:00,3.73
EPA-11,76_51,Station 11,"Winetavern Street, Dublin 8",53.344201,-6.271563,2.0,2023-06-26 11:00:00,4.38
EPA-11,76_51,Station 11,"Winetavern Street, Dublin 8",53.344201,-6.271563,2.0,2023-06-26 12:00:00,5.07
EPA-11,76_51,Station 11,"Winetavern Street, Dublin 8",53.344201,-6.271563,2.0,2023-06-26 13:00:00,3.7
EPA-11,76_51,Station 11,"Winetavern Street, Dublin 8",53.344201,-6.271563,2.0,2023-06-26 14:00:00,1.85
EPA-11,76_51,Station 11,"Winetavern Street, Dublin 8",53.344201,-6.271563,2.0,2023-06-26 15:00:00,4.99
EPA-11,76_51,Station 11,"Winetavern Street, Dublin 8",53.344201,-6.271563,2.0,2023-06-26 16:00:00,7.06
EPA-11,76_51,Station 11,"Winetavern Street, Dublin 8",53.344201,-6.271563,2.0,2023-06-26 17:00:00,4.63
EPA-11,76_51,Station 11,"Winetavern Street, Dublin 8",53.344201,-6.271563,2.0,2023-06-26 18:00:00,3.43
EPA-11,76_51,Station 11,"Winetavern Street, Dublin 8",53.344201,-6.271563,2.0,2023-06-26 19:00:00,2.85
EPA-11,76_51,Station 11,"Winetavern Street, Dublin 8",53.344201,-6.271563,2.0,2023-06-26 20:00:00,2.38
EPA-11,76_51,Station 11,"Winetavern Street, Dublin 8",53.344201,-6.271563,2.0,2023-06-26 21:00:00,2.36
EPA-11,76_51,Station 11,"Winetavern Street, Dublin 8",53.344201,-6.271563,2.0,2023-06-26 22:00:00,2.1
EPA-11,76_51,Station 11,"Winetavern Street, Dublin 8",53.344201,-6.271563,2.0,2023-06-26 23:00:00,1.45
EPA-11,76_51,Station 11,"Winetavern Street, Dublin 8",53.344201,-6.271563,2.0,2023-06-27 00:00:00,2.69
EPA-11,76_51,Station 11,"Winetavern Street, Dublin 8",53.344201,-6.271563,2.0,2023-06-27 01:00:00,-0.13
EPA-11,76_51,Station 11,"Winetavern Street, Dublin 8",53.344201,-6.271563,2.0,2023-06-27 02:00:00,-0.88
EPA-11,76_51,Station 11,"Winetavern Street, Dublin 8",53.344201,-6.271563,2.0,2023-06-27 03:00:00,-0.73
EPA-11,76_51,Station 11,"Winetavern Street, Dublin 8",53.344201,-6.271563,2.0,2023-06-27 04:00:00,-0.25
EPA-11,76_51,Station 11,"Winetavern Street, Dublin 8",53.344201,-6.271563,2.0,2023-06-27 05:00:00,1.36
EPA-11,76_51,Station 11,"Winetavern Street, Dublin 8",53.344201,-6.271563,2.0,2023-06-27 06:00:00,5.71
EPA-11,76_51,Station 11,"Winetavern Street, Dublin 8",53.344201,-6.271563,2.0,2023-06-27 07:00:00,6.97
EPA-11,76_51,Station 11,"Winetavern Street, Dublin 8",53.344201,-6.271563,2.0,2023-06-27 08:00:00,6.53
EPA-11,76_51,Station 11,"Winetavern Street, Dublin 8",53.344201,-6.271563,2.0,2023-06-27 09:00:00,5.73
EPA-11,76_51,Station 11,"Winetavern Street, Dublin 8",53.344201,-6.271563,2.0,2023-06-27 10:00:00,6.46
EPA-11,76_51,Station 11,"Winetavern Street, Dublin 8",53.344201,-6.271563,2.0,2023-06-27 11:00:00,6.98
EPA-11,76_51,Station 11,"Winetavern Street, Dublin 8",53.344201,-6.271563,2.0,2023-06-27 12:00:00,6.97
EPA-11,76_51,Station 11,"Winetavern Street, Dublin 8",53.344201,-6.271563,2.0,2023-06-27 13:00:00,4.84
EPA-11,76_51,Station 11,"Winetavern Street, Dublin 8",53.344201,-6.271563,2.0,2023-06-27 14:00:00,4.9
EPA-11,76_51,Station 11,"Winetavern Street, Dublin 8",53.344201,-6.271563,2.0,2023-06-27 15:00:00,5.11
EPA-11,76_51,Station 11,"Winetavern Street, Dublin 8",53.344201,-6.271563,2.0,2023-06-27 16:00:00,9.39
EPA-11,76_51,Station 11,"Winetavern Street, Dublin 8",53.344201,-6.271563,2.0,2023-06-27 17:00:00,6.94
EPA-11,76_51,Station 11,"Winetavern Street, Dublin 8",53.344201,-6.271563,2.0,2023-06-27 18:00:00,5.98
EPA-11,76_51,Station 11,"Winetavern Street, Dublin 8",53.344201,-6.271563,2.0,2023-06-27 19:00:00,2.84
EPA-11,76_51,Station 11,"Winetavern Street, Dublin 8",53.344201,-6.271563,2.0,2023-06-27 20:00:00,3.47
EPA-11,76_51,Station 11,"Winetavern Street, Dublin 8",53.344201,-6.271563,2.0,2023-06-27 21:00:00,4.01
EPA-11,76_51,Station 11,"Winetavern Street, Dublin 8",53.344201,-6.271563,2.0,2023-06-27 22:00:00,2.27
EPA-11,76_51,Station 11,"Winetavern Street, Dublin 8",53.344201,-6.271563,2.0,2023-06-27 23:00:00,1.96
EPA-11,76_51,Station 11,"Winetavern Street, Dublin 8",53.344201,-6.271563,2.0,2023-06-28 00:00:00,2.72
EPA-11,76_51,Station 11,"Winetavern Street, Dublin 8",53.344201,-6.271563,2.0,2023-06-28 01:00:00,1.88
EPA-11,76_51,Station 11,"Winetavern Street, Dublin 8",53.344201,-6.271563,2.0,2023-06-28 02:00:00,0.57
EPA-11,76_51,Station 11,"Winetavern Street, Dublin 8",53.344201,-6.271563,2.0,2023-06-28 03:00:00,-1.36
EPA-11,76_51,Station 11,"Winetavern Street, Dublin 8",53.344201,-6.271563,2.0,2023-06-28 04:00:00,-0.2
EPA-11,76_51,Station 11,"Winetavern Street, Dublin 8",53.344201,-6.271563,2.0,2023-06-28 05:00:00,3.33
EPA-11,76_51,Station 11,"Winetavern Street, Dublin 8",53.344201,-6.271563,2.0,2023-06-28 06:00:00,9.86
EPA-11,76_51,Station 11,"Winetavern Street, Dublin 8",53.344201,-6.271563,2.0,2023-06-28 07:00:00,10.66
EPA-11,76_51,Station 11,"Winetavern Street, Dublin 8",53.344201,-6.271563,2.0,2023-06-28 08:00:00,11.05
EPA-11,76_51,Station 11,"Winetavern Street, Dublin 8",53.344201,-6.271563,2.0,2023-06-28 09:00:00,5.12
EPA-11,76_51,Station 11,"Winetavern Street, Dublin 8",53.344201,-6.271563,2.0,2023-06-28 10:00:00,9.19
EPA-11,76_51,Station 11,"Winetavern Street, Dublin 8",53.344201,-6.271563,2.0,2023-06-28 11:00:00,13.71
EPA-11,76_51,Station 11,"Winetavern Street, Dublin 8",53.344201,-6.271563,2.0,2023-06-28 12:00:00,11.06
EPA-11,76_51,Station 11,"Winetavern Street, Dublin 8",53.344201,-6.271563,2.0,2023-06-28 13:00:00,7.77
EPA-11,76_51,Station 11,"Winetavern Street, Dublin 8",53.344201,-6.271563,2.0,2023-06-28 14:00:00,5.17
EPA-11,76_51,Station 11,"Winetavern Street, Dublin 8",53.344201,-6.271563,2.0,2023-06-28 15:00:00,8.32
EPA-11,76_51,Station 11,"Winetavern Street, Dublin 8",53.344201,-6.271563,2.0,2023-06-28 16:00:00,8.96
EPA-11,76_51,Station 11,"Winetavern Street, Dublin 8",53.344201,-6.271563,2.0,2023-06-28 17:00:00,10.7
EPA-11,76_51,Station 11,"Winetavern Street, Dublin 8",53.344201,-6.271563,2.0,2023-06-28 18:00:00,8.09
EPA-11,76_51,Station 11,"Winetavern Street, Dublin 8",53.344201,-6.271563,2.0,2023-06-28 19:00:00,7.0
EPA-11,76_51,Station 11,"Winetavern Street, Dublin 8",53.344201,-6.271563,2.0,2023-06-28 20:00:00,4.26
EPA-11,76_51,Station 11,"Winetavern Street, Dublin 8",53.344201,-6.271563,2.0,2023-06-28 21:00:00,7.35
EPA-11,76_51,Station 11,"Winetavern Street, Dublin 8",53.344201,-6.271563,2.0,2023-06-28 22:00:00,3.3
EPA-11,76_51,Station 11,"Winetavern Street, Dublin 8",53.344201,-6.271563,2.0,2023-06-29 01:00:00,3.11
EPA-11,76_51,Station 11,"Winetavern Street, Dublin 8",53.344201,-6.271563,2.0,2023-06-29 02:00:00,2.94
EPA-11,76_51,Station 11,"Winetavern Street, Dublin 8",53.344201,-6.271563,2.0,2023-06-29 03:00:00,2.8
EPA-11,76_51,Station 11,"Winetavern Street, Dublin 8",53.344201,-6.271563,2.0,2023-06-29 04:00:00,4.14
EPA-11,76_51,Station 11,"Winetavern Street, Dublin 8",53.344201,-6.271563,2.0,2023-06-29 05:00:00,6.4
EPA-11,76_51,Station 11,"Winetavern Street, Dublin 8",53.344201,-6.271563,2.0,2023-06-29 06:00:00,12.29
EPA-11,76_51,Station 11,"Winetavern Street, Dublin 8",53.344201,-6.271563,2.0,2023-06-29 07:00:00,12.72
EPA-11,76_51,Station 11,"Winetavern Street, Dublin 8",53.344201,-6.271563,2.0,2023-06-29 08:00:00,9.18
EPA-11,76_51,Station 11,"Winetavern Street, Dublin 8",53.344201,-6.271563,2.0,2023-06-29 09:00:00,6.41
EPA-11,76_51,Station 11,"Winetavern Street, Dublin 8",53.344201,-6.271563,2.0,2023-06-29 10:00:00,5.55
EPA-11,76_51,Station 11,"Winetavern Street, Dublin 8",53.344201,-6.271563,2.0,2023-06-29 11:00:00,6.83
EPA-11,76_51,Station 11,"Winetavern Street, Dublin 8",53.344201,-6.271563,2.0,2023-06-29 12:00:00,6.47
EPA-11,76_51,Station 11,"Winetavern Street, Dublin 8",53.344201,-6.271563,2.0,2023-06-29 13:00:00,6.69
EPA-11,76_51,Station 11,"Winetavern Street, Dublin 8",53.344201,-6.271563,2.0,2023-06-29 14:00:00,6.81
EPA-11,76_51,Station 11,"Winetavern Street, Dublin 8",53.344201,-6.271563,2.0,2023-06-29 15:00:00,9.24
EPA-11,76_51,Station 11,"Winetavern Street, Dublin 8",53.344201,-6.271563,2.0,2023-06-29 16:00:00,8.98
EPA-11,76_51,Station 11,"Winetavern Street, Dublin 8",53.344201,-6.271563,2.0,2023-06-29 17:00:00,6.79
EPA-11,76_51,Station 11,"Winetavern Street, Dublin 8",53.344201,-6.271563,2.0,2023-06-29 18:00:00,5.29
EPA-11,76_51,Station 11,"Winetavern Street, Dublin 8",53.344201,-6.271563,2.0,2023-06-29 19:00:00,3.67
EPA-11,76_51,Station 11,"Winetavern Street, Dublin 8",53.344201,-6.271563,2.0,2023-06-29 20:00:00,3.25
EPA-11,76_51,Station 11,"Winetavern Street, Dublin 8",53.344201,-6.271563,2.0,2023-06-29 21:00:00,2.8
EPA-11,76_51,Station 11,"Winetavern Street, Dublin 8",53.344201,-6.271563,2.0,2023-06-29 22:00:00,2.64
EPA-11,76_51,Station 11,"Winetavern Street, Dublin 8",53.344201,-6.271563,2.0,2023-06-29 23:00:00,6.73
EPA-11,76_51,Station 11,"Winetavern Street, Dublin 8",53.344201,-6.271563,2.0,2023-06-30 00:00:00,4.09
EPA-11,76_51,Station 11,"Winetavern Street, Dublin 8",53.344201,-6.271563,2.0,2023-06-30 01:00:00,0.19
EPA-11,76_51,Station 11,"Winetavern Street, Dublin 8",53.344201,-6.271563,2.0,2023-06-30 02:00:00,-1.13
EPA-11,76_51,Station 11,"Winetavern Street, Dublin 8",53.344201,-6.271563,2.0,2023-06-30 03:00:00,-0.34
EPA-11,76_51,Station 11,"Winetavern Street, Dublin 8",53.344201,-6.271563,2.0,2023-06-30 04:00:00,0.55
EPA-11,76_51,Station 11,"Winetavern Street, Dublin 8",53.344201,-6.271563,2.0,2023-06-30 05:00:00,1.1
EPA-11,76_51,Station 11,"Winetavern Street, Dublin 8",53.344201,-6.271563,2.0,2023-06-30 06:00:00,4.1
EPA-11,76_51,Station 11,"Winetavern Street, Dublin 8",53.344201,-6.271563,2.0,2023-06-30 07:00:00,5.91
EPA-11,76_51,Station 11,"Winetavern Street, Dublin 8",53.344201,-6.271563,2.0,2023-06-30 08:00:00,5.84
EPA-11,76_51,Station 11,"Winetavern Street, Dublin 8",53.344201,-6.271563,2.0,2023-06-30 09:00:00,5.75
EPA-11,76_51,Station 11,"Winetavern Street, Dublin 8",53.344201,-6.271563,2.0,2023-06-30 10:00:00,5.01
EPA-11,76_51,Station 11,"Winetavern Street, Dublin 8",53.344201,-6.271563,2.0,2023-06-30 11:00:00,4.29
EPA-11,76_51,Station 11,"Winetavern Street, Dublin 8",53.344201,-6.271563,2.0,2023-06-30 12:00:00,5.72
EPA-11,76_51,Station 11,"Winetavern Street, Dublin 8",53.344201,-6.271563,2.0,2023-06-30 13:00:00,6.4
EPA-11,76_51,Station 11,"Winetavern Street, Dublin 8",53.344201,-6.271563,2.0,2023-06-30 14:00:00,4.84
EPA-11,76_51,Station 11,"Winetavern Street, Dublin 8",53.344201,-6.271563,2.0,2023-06-30 15:00:00,5.11
EPA-11,76_51,Station 11,"Winetavern Street, Dublin 8",53.344201,-6.271563,2.0,2023-06-30 16:00:00,5.21
EPA-11,76_51,Station 11,"Winetavern Street, Dublin 8",53.344201,-6.271563,2.0,2023-06-30 17:00:00,5.39
EPA-11,76_51,Station 11,"Winetavern Street, Dublin 8",53.344201,-6.271563,2.0,2023-06-30 18:00:00,2.73
EPA-11,76_51,Station 11,"Winetavern Street, Dublin 8",53.344201,-6.271563,2.0,2023-06-30 19:00:00,3.04
EPA-11,76_51,Station 11,"Winetavern Street, Dublin 8",53.344201,-6.271563,2.0,2023-06-30 20:00:00,2.81
EPA-11,76_51,Station 11,"Winetavern Street, Dublin 8",53.344201,-6.271563,2.0,2023-06-30 21:00:00,4.42
EPA-11,76_51,Station 11,"Winetavern Street, Dublin 8",53.344201,-6.271563,2.0,2023-06-30 22:00:00,3.84
EPA-17,115_50,Station 17,"Ringsend, Dublin 4",53.341938,-6.214116,1.0,2023-06-01 01:00:00,63.93
EPA-17,115_50,Station 17,"Ringsend, Dublin 4",53.341938,-6.214116,1.0,2023-06-01 02:00:00,41.45
EPA-17,115_50,Station 17,"Ringsend, Dublin 4",53.341938,-6.214116,1.0,2023-06-01 03:00:00,53.79
EPA-17,115_50,Station 17,"Ringsend, Dublin 4",53.341938,-6.214116,1.0,2023-06-01 04:00:00,56.47
EPA-17,115_50,Station 17,"Ringsend, Dublin 4",53.341938,-6.214116,1.0,2023-06-01 05:00:00,52.66
EPA-17,115_50,Station 17,"Ringsend, Dublin 4",53.341938,-6.214116,1.0,2023-06-01 06:00:00,43.14
EPA-17,115_50,Station 17,"Ringsend, Dublin 4",53.341938,-6.214116,1.0,2023-06-01 07:00:00,29.0
EPA-17,115_50,Station 17,"Ringsend, Dublin 4",53.341938,-6.214116,1.0,2023-06-01 08:00:00,40.26
EPA-17,115_50,Station 17,"Ringsend, Dublin 4",53.341938,-6.214116,1.0,2023-06-01 09:00:00,41.69
EPA-17,115_50,Station 17,"Ringsend, Dublin 4",53.341938,-6.214116,1.0,2023-06-01 10:00:00,41.19
EPA-17,115_50,Station 17,"Ringsend, Dublin 4",53.341938,-6.214116,1.0,2023-06-01 11:00:00,40.34
EPA-17,115_50,Station 17,"Ringsend, Dublin 4",53.341938,-6.214116,1.0,2023-06-01 12:00:00,35.08
EPA-17,115_50,Station 17,"Ringsend, Dublin 4",53.341938,-6.214116,1.0,2023-06-01 13:00:00,45.08
EPA-17,115_50,Station 17,"Ringsend, Dublin 4",53.341938,-6.214116,1.0,2023-06-01 14:00:00,51.49
EPA-17,115_50,Station 17,"Ringsend, Dublin 4",53.341938,-6.214116,1.0,2023-06-01 15:00:00,40.24
EPA-17,115_50,Station 17,"Ringsend, Dublin 4",53.341938,-6.214116,1.0,2023-06-01 16:00:00,43.26
EPA-17,115_50,Station 17,"Ringsend, Dublin 4",53.341938,-6.214116,1.0,2023-06-01 17:00:00,34.97
EPA-17,115_50,Station 17,"Ringsend, Dublin 4",53.341938,-6.214116,1.0,2023-06-01 18:00:00,37.9
EPA-17,115_50,Station 17,"Ringsend, Dublin 4",53.341938,-6.214116,1.0,2023-06-01 19:00:00,38.44
EPA-17,115_50,Station 17,"Ringsend, Dublin 4",53.341938,-6.214116,1.0,2023-06-01 20:00:00,37.44
EPA-17,115_50,Station 17,"Ringsend, Dublin 4",53.341938,-6.214116,1.0,2023-06-01 21:00:00,24.1
EPA-17,115_50,Station 17,"Ringsend, Dublin 4",53.341938,-6.214116,1.0,2023-06-01 22:00:00,25.76
EPA-17,115_50,Station 17,"Ringsend, Dublin 4",53.341938,-6.214116,1.0,2023-06-01 23:00:00,21.38
EPA-17,115_50,Station 17,"Ringsend, Dublin 4",53.341938,-6.214116,1.0,2023-06-02 00:00:00,39.71
EPA-17,115_50,Station 17,"Ringsend, Dublin 4",53.341938,-6.214116,1.0,2023-06-02 01:00:00,31.18
EPA-17,115_50,Station 17,"Ringsend, Dublin 4",53.341938,-6.214116,1.0,2023-06-02 02:00:00,33.05
EPA-17,115_50,Station 17,"Ringsend, Dublin 4",53.341938,-6.214116,1.0,2023-06-02 03:00:00,23.26
EPA-17,115_50,Station 17,"Ringsend, Dublin 4",53.341938,-6.214116,1.0,2023-06-02 04:00:00,16.31
EPA-17,115_50,Station 17,"Ringsend, Dublin 4",53.341938,-6.214116,1.0,2023-06-02 05:00:00,48.96
EPA-17,115_50,Station 17,"Ringsend, Dublin 4",53.341938,-6.214116,1.0,2023-06-02 06:00:00,60.47
EPA-17,115_50,Station 17,"Ringsend, Dublin 4",53.341938,-6.214116,1.0,2023-06-02 07:00:00,59.52
EPA-17,115_50,Station 17,"Ringsend, Dublin 4",53.341938,-6.214116,1.0,2023-06-02 08:00:00,58.26
EPA-17,115_50,Station 17,"Ringsend, Dublin 4",53.341938,-6.214116,1.0,2023-06-02 09:00:00,43.6
EPA-17,115_50,Station 17,"Ringsend, Dublin 4",53.341938,-6.214116,1.0,2023-06-02 10:00:00,43.07
EPA-17,115_50,Station 17,"Ringsend, Dublin 4",53.341938,-6.214116,1.0,2023-06-02 11:00:00,40.92
EPA-17,115_50,Station 17,"Ringsend, Dublin 4",53.341938,-6.214116,1.0,2023-06-02 12:00:00,43.04
EPA-17,115_50,Station 17,"Ringsend, Dublin 4",53.341938,-6.214116,1.0,2023-06-02 13:00:00,41.69
EPA-17,115_50,Station 17,"Ringsend, Dublin 4",53.341938,-6.214116,1.0,2023-06-02 14:00:00,31.27
EPA-17,115_50,Station 17,"Ringsend, Dublin 4",53.341938,-6.214116,1.0,2023-06-02 15:00:00,28.89
EPA-17,115_50,Station 17,"Ringsend, Dublin 4",53.341938,-6.214116,1.0,2023-06-02 16:00:00,25.46
EPA-17,115_50,Station 17,"Ringsend, Dublin 4",53.341938,-6.214116,1.0,2023-06-02 17:00:00,31.57
EPA-17,115_50,Station 17,"Ringsend, Dublin 4",53.341938,-6.214116,1.0,2023-06-02 18:00:00,28.75
EPA-17,115_50,Station 17,"Ringsend, Dublin 4",53.341938,-6.214116,1.0,2023-06-02 19:00:00,33.05
EPA-17,115_50,Station 17,"Ringsend, Dublin 4",53.341938,-6.214116,1.0,2023-06-02 20:00:00,23.55
EPA-17,115_50,Station 17,"Ringsend, Dublin 4",53.341938,-6.214116,1.0,2023-06-02 21:00:00,18.4
EPA-17,115_50,Station 17,"Ringsend, Dublin 4",53.341938,-6.214116,1.0,2023-06-02 22:00:00,19.46
EPA-17,115_50,Station 17,"Ringsend, Dublin 4",53.341938,-6.214116,1.0,2023-06-02 23:00:00,29.23
EPA-17,115_50,Station 17,"Ringsend, Dublin 4",53.341938,-6.214116,1.0,2023-06-03 00:00:00,31.19
EPA-17,115_50,Station 17,"Ringsend, Dublin 4",53.341938,-6.214116,1.0,2023-06-03 01:00:00,27.36
EPA-17,115_50,Station 17,"Ringsend, Dublin 4",53.341938,-6.214116,1.0,2023-06-03 02:00:00,30.85
EPA-17,115_50,Station 17,"Ringsend, Dublin 4",53.341938,-6.214116,1.0,2023-06-03 03:00:00,23.66
EPA-17,115_50,Station 17,"Ringsend, Dublin 4",53.341938,-6.214116,1.0,2023-06-03 04:00:00,25.72
EPA-17,115_50,Station 17,"Ringsend, Dublin 4",53.341938,-6.214116,1.0,2023-06-03 05:00:00,36.36
EPA-17,115_50,Station 17,"Ringsend, Dublin 4",53.341938,-6.214116,1.0,2023-06-03 06:00:00,37.95
EPA-17,115_50,Station 17,"Ringsend, Dublin 4",53.341938,-6.214116,1.0,2023-06-03 07:00:00,38.39
EPA-17,115_50,Station 17,"Ringsend, Dublin 4",53.341938,-6.214116,1.0,2023-06-03 08:00:00,61.9
EPA-17,115_50,Station 17,"Ringsend, Dublin 4",53.341938,-6.214116,1.0,2023-06-03 09:00:00,47.72
EPA-17,115_50,Station 17,"Ringsend, Dublin 4",53.341938,-6.214116,1.0,2023-06-03 10:00:00,42.2
EPA-17,115_50,Station 17,"Ringsend, Dublin 4",53.341938,-6.214116,1.0,2023-06-03 11:00:00,27.88
EPA-17,115_50,Station 17,"Ringsend, Dublin 4",53.341938,-6.214116,1.0,2023-06-03 12:00:00,20.74
EPA-17,115_50,Station 17,"Ringsend, Dublin 4",53.341938,-6.214116,1.0,2023-06-03 13:00:00,14.36
EPA-17,115_50,Station 17,"Ringsend, Dublin 4",53.341938,-6.214116,1.0,2023-06-03 14:00:00,19.39
EPA-17,115_50,Station 17,"Ringsend, Dublin 4",53.341938,-6.214116,1.0,2023-06-03 15:00:00,19.31
EPA-17,115_50,Station 17,"Ringsend, Dublin 4",53.341938,-6.214116,1.0,2023-06-03 16:00:00,16.12
EPA-17,115_50,Station 17,"Ringsend, Dublin 4",53.341938,-6.214116,1.0,2023-06-03 17:00:00,33.61
EPA-17,115_50,Station 17,"Ringsend, Dublin 4",53.341938,-6.214116,1.0,2023-06-03 18:00:00,41.87
EPA-17,115_50,Station 17,"Ringsend, Dublin 4",53.341938,-6.214116,1.0,2023-06-03 19:00:00,39.27
EPA-17,115_50,Station 17,"Ringsend, Dublin 4",53.341938,-6.214116,1.0,2023-06-03 20:00:00,36.49
EPA-17,115_50,Station 17,"Ringsend, Dublin 4",53.341938,-6.214116,1.0,2023-06-03 21:00:00,39.1
EPA-17,115_50,Station 17,"Ringsend, Dublin 4",53.341938,-6.214116,1.0,2023-06-03 22:00:00,33.0
EPA-17,115_50,Station 17,"Ringsend, Dublin 4",53.341938,-6.214116,1.0,2023-06-03 23:00:00,40.77
EPA-17,115_50,Station 17,"Ringsend, Dublin 4",53.341938,-6.214116,1.0,2023-06-04 00:00:00,48.38
EPA-17,115_50,Station 17,"Ringsend, Dublin 4",53.341938,-6.214116,1.0,2023-06-04 01:00:00,21.46
EPA-17,115_50,Station 17,"Ringsend, Dublin 4",53.341938,-6.214116,1.0,2023-06-04 02:00:00,23.12
EPA-17,115_50,Station 17,"Ringsend, Dublin 4",53.341938,-6.214116,1.0,2023-06-04 03:00:00,26.38
EPA-17,115_50,Station 17,"Ringsend, Dublin 4",53.341938,-6.214116,1.0,2023-06-04 04:00:00,26.12
EPA-17,115_50,Station 17,"Ringsend, Dublin 4",53.341938,-6.214116,1.0,2023-06-04 05:00:00,26.16
EPA-17,115_50,Station 17,"Ringsend, Dublin 4",53.341938,-6.214116,1.0,2023-06-04 06:00:00,27.95
EPA-17,115_50,Station 17,"Ringsend, Dublin 4",53.341938,-6.214116,1.0,2023-06-04 07:00:00,28.85
EPA-17,115_50,Station 17,"Ringsend, Dublin 4",53.341938,-6.214116,1.0,2023-06-04 08:00:00,19.73
EPA-17,115_50,Station 17,"Ringsend, Dublin 4",53.341938,-6.214116,1.0,2023-06-04 09:00:00,25.65
EPA-17,115_50,Station 17,"Ringsend, Dublin 4",53.341938,-6.214116,1.0,2023-06-04 10:00:00,27.79
EPA-17,115_50,Station 17,"Ringsend, Dublin 4",53.341938,-6.214116,1.0,2023-06-04 11:00:00,13.79
EPA-17,115_50,Station 17,"Ringsend, Dublin 4",53.341938,-6.214116,1.0,2023-06-04 12:00:00,22.97
EPA-17,115_50,Station 17,"Ringsend, Dublin 4",53.341938,-6.214116,1.0,2023-06-04 13:00:00,15.68
EPA-17,115_50,Station 17,"Ringsend, Dublin 4",53.341938,-6.214116,1.0,2023-06-04 14:00:00,18.2
EPA-17,115_50,Station 17,"Ringsend, Dublin 4",53.341938,-6.214116,1.0,2023-06-04 15:00:00,23.48
EPA-17,115_50,Station 17,"Ringsend, Dublin 4",53.341938,-6.214116,1.0,2023-06-04 16:00:00,15.85
EPA-17,115_50,Station 17,"Ringsend, Dublin 4",53.341938,-6.214116,1.0,2023-06-04 17:00:00,20.0
EPA-17,115_50,Station 17,"Ringsend, Dublin 4",53.341938,-6.214116,1.0,2023-06-04 18:00:00,22.85
EPA-17,115_50,Station 17,"Ringsend, Dublin 4",53.341938,-6.214116,1.0,2023-06-04 19:00:00,25.26
EPA-17,115_50,Station 17,"Ringsend, Dublin 4",53.341938,-6.214116,1.0,2023-06-04 20:00:00,48.19
EPA-17,115_50,Station 17,"Ringsend, Dublin 4",53.341938,-6.214116,1.0,2023-06-04 21:00:00,45.45
EPA-17,115_50,Station 17,"Ringsend, Dublin 4",53.341938,-6.214116,1.0,2023-06-04 22:00:00,46.89
EPA-17,115_50,Station 17,"Ringsend, Dublin 4",53.341938,-6.214116,1.0,2023-06-04 23:00:00,51.59
EPA-17,115_50,Station 17,"Ringsend, Dublin 4",53.341938,-6.214116,1.0,2023-06-05 00:00:00,47.59
EPA-17,115_50,Station 17,"Ringsend, Dublin 4",53.341938,-6.214116,1.0,2023-06-05 01:00:00,39.13
EPA-17,115_50,Station 17,"Ringsend, Dublin 4",53.341938,-6.214116,1.0,2023-06-05 02:00:00,22.87
EPA-17,115_50,Station 17,"Ringsend, Dublin 4",53.341938,-6.214116,1.0,2023-06-05 03:00:00,20.52
EPA-17,115_50,Station 17,"Ringsend, Dublin 4",53.341938,-6.214116,1.0,2023-06-05 04:00:00,28.4
EPA-17,115_50,Station 17,"Ringsend, Dublin 4",53.341938,-6.214116,1.0,2023-06-05 05:00:00,33.84
EPA-17,115_50,Station 17,"Ringsend, Dublin 4",53.341938,-6.214116,1.0,2023-06-05 06:00:00,30.36
EPA-17,115_50,Station 17,"Ringsend, Dublin 4",53.341938,-6.214116,1.0,2023-06-05 07:00:00,17.08
EPA-17,115_50,Station 17,"Ringsend, Dublin 4",53.341938,-6.214116,1.0,2023-06-05 08:00:00,21.98
EPA-17,115_50,Station 17,"Ringsend, Dublin 4",53.341938,-6.214116,1.0,2023-06-05 09:00:00,19.14
EPA-17,115_50,Station 17,"Ringsend, Dublin 4",53.341938,-6.214116,1.0,2023-06-05 10:00:00,20.48
EPA-17,115_50,Station 17,"Ringsend, Dublin 4",53.341938,-6.214116,1.0,2023-06-05 11:00:00,13.45
EPA-17,115_50,Station 17,"Ringsend, Dublin 4",53.341938,-6.214116,1.0,2023-06-05 12:00:00,16.9
EPA-17,115_50,Station 17,"Ringsend, Dublin 4",53.341938,-6.214116,1.0,2023-06-05 13:00:00,23.93
EPA-17,115_50,Station 17,"Ringsend, Dublin 4",53.341938,-6.214116,1.0,2023-06-05 14:00:00,21.61
EPA-17,115_50,Station 17,"Ringsend, Dublin 4",53.341938,-6.214116,1.0,2023-06-05 15:00:00,18.36
EPA-17,115_50,Station 17,"Ringsend, Dublin 4",53.341938,-6.214116,1.0,2023-06-05 16:00:00,19.45
EPA-17,115_50,Station 17,"Ringsend, Dublin 4",53.341938,-6.214116,1.0,2023-06-05 17:00:00,18.65
EPA-17,115_50,Station 17,"Ringsend, Dublin 4",53.341938,-6.214116,1.0,2023-06-05 18:00:00,15.84
EPA-17,115_50,Station 17,"Ringsend, Dublin 4",53.341938,-6.214116,1.0,2023-06-05 19:00:00,21.71
EPA-17,115_50,Station 17,"Ringsend, Dublin 4",53.341938,-6.214116,1.0,2023-06-05 20:00:00,17.98
EPA-17,115_50,Station 17,"Ringsend, Dublin 4",53.341938,-6.214116,1.0,2023-06-05 21:00:00,21.51
EPA-17,115_50,Station 17,"Ringsend, Dublin 4",53.341938,-6.214116,1.0,2023-06-05 22:00:00,21.66
EPA-17,115_50,Station 17,"Ringsend, Dublin 4",53.341938,-6.214116,1.0,2023-06-05 23:00:00,12.24
EPA-17,115_50,Station 17,"Ringsend, Dublin 4",53.341938,-6.214116,1.0,2023-06-06 00:00:00,13.09
EPA-17,115_50,Station 17,"Ringsend, Dublin 4",53.341938,-6.214116,1.0,2023-06-06 01:00:00,19.36
EPA-17,115_50,Station 17,"Ringsend, Dublin 4",53.341938,-6.214116,1.0,2023-06-06 02:00:00,30.41
EPA-17,115_50,Station 17,"Ringsend, Dublin 4",53.341938,-6.214116,1.0,2023-06-06 03:00:00,20.53
EPA-17,115_50,Station 17,"Ringsend, Dublin 4",53.341938,-6.214116,1.0,2023-06-06 04:00:00,23.36
EPA-17,115_50,Station 17,"Ringsend, Dublin 4",53.341938,-6.214116,1.0,2023-06-06 05:00:00,30.77
EPA-17,115_50,Station 17,"Ringsend, Dublin 4",53.341938,-6.214116,1.0,2023-06-06 06:00:00,52.83
EPA-17,115_50,Station 17,"Ringsend, Dublin 4",53.341938,-6.214116,1.0,2023-06-06 07:00:00,43.54
EPA-17,115_50,Station 17,"Ringsend, Dublin 4",53.341938,-6.214116,1.0,2023-06-06 08:00:00,45.99
EPA-17,115_50,Station 17,"Ringsend, Dublin 4",53.341938,-6.214116,1.0,2023-06-06 09:00:00,37.71
EPA-17,115_50,Station 17,"Ringsend, Dublin 4",53.341938,-6.214116,1.0,2023-06-06 10:00:00,28.12
EPA-17,115_50,Station 17,"Ringsend, Dublin 4",53.341938,-6.214116,1.0,2023-06-06 11:00:00,30.44
EPA-17,115_50,Station 17,"Ringsend, Dublin 4",53.341938,-6.214116,1.0,2023-06-06 12:00:00,22.66
EPA-17,115_50,Station 17,"Ringsend, Dublin 4",53.341938,-6.214116,1.0,2023-06-06 13:00:00,28.36
EPA-17,115_50,Station 17,"Ringsend, Dublin 4",53.341938,-6.214116,1.0,2023-06-06 14:00:00,37.02
EPA-17,115_50,Station 17,"Ringsend, Dublin 4",53.341938,-6.214116,1.0,2023-06-06 15:00:00,29.54
EPA-17,115_50,Station 17,"Ringsend, Dublin 4",53.341938,-6.214116,1.0,2023-06-06 16:00:00,36.27
EPA-17,115_50,Station 17,"Ringsend, Dublin 4",53.341938,-6.214116,1.0,2023-06-06 17:00:00,33.33
EPA-17,115_50,Station 17,"Ringsend, Dublin 4",53.341938,-6.214116,1.0,2023-06-06 18:00:00,28.23
EPA-17,115_50,Station 17,"Ringsend, Dublin 4",53.341938,-6.214116,1.0,2023-06-06 19:00:00,25.18
EPA-17,115_50,Station 17,"Ringsend, Dublin 4",53.341938,-6.214116,1.0,2023-06-06 20:00:00,31.53
EPA-17,115_50,Station 17,"Ringsend, Dublin 4",53.341938,-6.214116,1.0,2023-06-06 21:00:00,35.5
EPA-17,115_50,Station 17,"Ringsend, Dublin 4",53.341938,-6.214116,1.0,2023-06-06 22:00:00,35.2
EPA-17,115_50,Station 17,"Ringsend, Dublin 4",53.341938,-6.214116,1.0,2023-06-06 23:00:00,15.73
EPA-17,115_50,Station 17,"Ringsend, Dublin 4",53.341938,-6.214116,1.0,2023-06-07 00:00:00,55.41
EPA-17,115_50,Station 17,"Ringsend, Dublin 4",53.341938,-6.214116,1.0,2023-06-07 01:00:00,31.4
EPA-17,115_50,Station 17,"Ringsend, Dublin 4",53.341938,-6.214116,1.0,2023-06-07 02:00:00,40.72
EPA-17,115_50,Station 17,"Ringsend, Dublin 4",53.341938,-6.214116,1.0,2023-06-07 03:00:00,18.55
EPA-17,115_50,Station 17,"Ringsend, Dublin 4",53.341938,-6.214116,1.0,2023-06-07 04:00:00,11.97
EPA-17,115_50,Station 17,"Ringsend, Dublin 4",53.341938,-6.214116,1.0,2023-06-07 05:00:00,26.42
EPA-17,115_50,Station 17,"Ringsend, Dublin 4",53.341938,-6.214116,1.0,2023-06-07 06:00:00,35.56
EPA-17,115_50,Station 17,"Ringsend, Dublin 4",53.341938,-6.214116,1.0,2023-06-07 07:00:00,32.56
EPA-17,115_50,Station 17,"Ringsend, Dublin 4",53.341938,-6.214116,1.0,2023-06-07 08:00:00,46.43
EPA-17,115_50,Station 17,"Ringsend, Dublin 4",53.341938,-6.214116,1.0,2023-06-07 09:00:00,34.78
EPA-17,115_50,Station 17,"Ringsend, Dublin 4",53.341938,-6.214116,1.0,2023-06-07 10:00:00,31.98
EPA-17,115_50,Station 17,"Ringsend, Dublin 4",53.341938,-6.214116,1.0,2023-06-07 11:00:00,32.39
EPA-17,115_50,Station 17,"Ringsend, Dublin 4",53.341938,-6.214116,1.0,2023-06-07 12:00:00,27.99
EPA-17,115_50,Station 17,"Ringsend, Dublin 4",53.341938,-6.214116,1.0,2023-06-07 13:00:00,29.75
EPA-17,115_50,Station 17,"Ringsend, Dublin 4",53.341938,-6.214116,1.0,2023-06-07 14:00:00,35.17
EPA-17,115_50,Station 17,"Ringsend, Dublin 4",53.341938,-6.214116,1.0,2023-06-07 15:00:00,36.0
EPA-17,115_50,Station 17,"Ringsend, Dublin 4",53.341938,-6.214116,1.0,2023-06-07 16:00:00,40.15
EPA-17,115_50,Station 17,"Ringsend, Dublin 4",53.341938,-6.214116,1.0,2023-06-07 17:00:00,44.82
EPA-17,115_50,Station 17,"Ringsend, Dublin 4",53.341938,-6.214116,1.0,2023-06-07 18:00:00,58.34
EPA-17,115_50,Station 17,"Ringsend, Dublin 4",53.341938,-6.214116,1.0,2023-06-07 19:00:00,54.01
EPA-17,115_50,Station 17,"Ringsend, Dublin 4",53.341938,-6.214116,1.0,2023-06-07 20:00:00,45.37
EPA-17,115_50,Station 17,"Ringsend, Dublin 4",53.341938,-6.214116,1.0,2023-06-07 21:00:00,45.38
EPA-17,115_50,Station 17,"Ringsend, Dublin 4",53.341938,-6.214116,1.0,2023-06-07 22:00:00,40.22
EPA-17,115_50,Station 17,"Ringsend, Dublin 4",53.341938,-6.214116,1.0,2023-06-08 01:00:00,15.89
EPA-17,115_50,Station 17,"Ringsend, Dublin 4",53.341938,-6.214116,1.0,2023-06-08 02:00:00,14.04
EPA-17,115_50,Station 17,"Ringsend, Dublin 4",53.341938,-6.214116,1.0,2023-06-08 03:00:00,9.04
EPA-17,115_50,Station 17,"Ringsend, Dublin 4",53.341938,-6.214116,1.0,2023-06-08 04:00:00,17.39
EPA-17,115_50,Station 17,"Ringsend, Dublin 4",53.341938,-6.214116,1.0,2023-06-08 05:00:00,21.89
EPA-17,115_50,Station 17,"Ringsend, Dublin 4",53.341938,-6.214116,1.0,2023-06-08 06:00:00,29.95
EPA-17,115_50,Station 17,"Ringsend, Dublin 4",53.341938,-6.214116,1.0,2023-06-08 07:00:00,40.02
EPA-17,115_50,Station 17,"Ringsend, Dublin 4",53.341938,-6.214116,1.0,2023-06-08 08:00:00,47.51
EPA-17,115_50,Station 17,"Ringsend, Dublin 4",53.341938,-6.214116,1.0,2023-06-08 09:00:00,30.29
EPA-17,115_50,Station 17,"Ringsend, Dublin 4",53.341938,-6.214116,1.0,2023-06-08 10:00:00,39.37
EPA-17,115_50,Station 17,"Ringsend, Dublin 4",53.341938,-6.214116,1.0,2023-06-08 11:00:00,49.15
EPA-17,115_50,Station 17,"Ringsend, Dublin 4",53.341938,-6.214116,1.0,2023-06-08 12:00:00,48.68
EPA-17,115_50,Station 17,"Ringsend, Dublin 4",53.341938,-6.214116,1.0,2023-06-08 13:00:00,49.29
EPA-17,115_50,Station 17,"Ringsend, Dublin 4",53.341938,-6.214116,1.0,2023-06-08 14:00:00,53.05
EPA-17,115_50,Station 17,"Ringsend, Dublin 4",53.341938,-6.214116,1.0,2023-06-08 15:00:00,45.12
EPA-17,115_50,Station 17,"Ringsend, Dublin 4",53.341938,-6.214116,1.0,2023-06-08 16:00:00,40.14
EPA-17,115_50,Station 17,"Ringsend, Dublin 4",53.341938,-6.214116,1.0,2023-06-08 17:00:00,38.81
EPA-17,115_50,Station 17,"Ringsend, Dublin 4",53.341938,-6.214116,1.0,2023-06-08 18:00:00,49.32
EPA-17,115_50,Station 17,"Ringsend, Dublin 4",53.341938,-6.214116,1.0,2023-06-08 19:00:00,48.37
EPA-17,115_50,Station 17,"Ringsend, Dublin 4",53.341938,-6.214116,1.0,2023-06-08 20:00:00,51.2
EPA-17,115_50,Station 17,"Ringsend, Dublin 4",53.341938,-6.214116,1.0,2023-06-08 21:00:00,33.89
EPA-17,115_50,Station 17,"Ringsend, Dublin 4",53.341938,-6.214116,1.0,2023-06-08 22:00:00,36.81
EPA-17,115_50,Station 17,"Ringsend, Dublin 4",53.341938,-6.214116,1.0,2023-06-08 23:00:00,28.36
EPA-17,115_50,Station 17,"Ringsend, Dublin 4",53.341938,-6.214116,1.0,2023-06-09 00:00:00,43.58
EPA-17,115_50,Station 17,"Ringsend, Dublin 4",53.341938,-6.214116,1.0,2023-06-09 01:00:00,38.35
EPA-17,115_50,Station 17,"Ringsend, Dublin 4",53.341938,-6.214116,1.0,2023-06-09 02:00:00,18.34
EPA-17,115_50,Station 17,"Ringsend, Dublin 4",53.341938,-6.214116,1.0,2023-06-09 03:00:00,27.12
EPA-17,115_50,Station 17,"Ringsend, Dublin 4",53.341938,-6.214116,1.0,2023-06-09 04:00:00,16.78
EPA-17,115_50,Station 17,"Ringsend, Dublin 4",53.341938,-6.214116,1.0,2023-06-09 05:00:00,55.63
EPA-17,115_50,Station 17,"Ringsend, Dublin 4",53.341938,-6.214116,1.0,2023-06-09 06:00:00,56.32
EPA-17,115_50,Station 17,"Ringsend, Dublin 4",53.341938,-6.214116,1.0,2023-06-09 07:00:00,44.54
EPA-17,115_50,Station 17,"Ringsend, Dublin 4",53.341938,-6.214116,1.0,2023-06-09 08:00:00,38.17
EPA-17,115_50,Station 17,"Ringsend, Dublin 4",53.341938,-6.214116,1.0,2023-06-09 09:00:00,34.61
EPA-17,115_50,Station 17,"Ringsend, Dublin 4",53.341938,-6.214116,1.0,2023-06-09 10:00:00,27.03
EPA-17,115_50,Station 17,"Ringsend, Dublin 4",53.341938,-6.214116,1.0,2023-06-09 11:00:00,42.19
EPA-17,115_50,Station 17,"Ringsend, Dublin 4",53.341938,-6.214116,1.0,2023-06-09 12:00:00,38.19
EPA-17,115_50,Station 17,"Ringsend, Dublin 4",53.341938,-6.214116,1.0,2023-06-09 13:00:00,32.39
EPA-17,115_50,Station 17,"Ringsend, Dublin 4",53.341938,-6.214116,1.0,2023-06-09 14:00:00,49.32
EPA-17,115_50,Station 17,"Ringsend, Dublin 4",53.341938,-6.214116,1.0,2023-06-09 15:00:00,37.54
EPA-17,115_50,Station 17,"Ringsend, Dublin 4",53.341938,-6.214116,1.0,2023-06-09 16:00:00,52.93
EPA-17,115_50,Station 17,"Ringsend, Dublin 4",53.341938,-6.214116,1.0,2023-06-09 17:00:00,42.55
EPA-17,115_50,Station 17,"Ringsend, Dublin 4",53.341938,-6.214116,1.0,2023-06-09 18:00:00,47.36
EPA-17,115_50,Station 17,"Ringsend, Dublin 4",53.341938,-6.214116,1.0,2023-06-09 19:00:00,67.68
EPA-17,115_50,Station 17,"Ringsend, Dublin 4",53.341938,-6.214116,1.0,2023-06-09 20:00:00,46.92
EPA-17,115_50,Station 17,"Ringsend, Dublin 4",53.341938,-6.214116,1.0,2023-06-09 21:00:00,30.91
EPA-17,115_50,Station 17,"Ringsend, Dublin 4",53.341938,-6.214116,1.0,2023-06-09 22:00:00,22.3
EPA-17,115_50,Station 17,"Ringsend, Dublin 4",53.341938,-6.214116,1.0,2023-06-09 23:00:00,23.95
EPA-17,115_50,Station 17,"Ringsend, Dublin 4",53.341938,-6.214116,1.0,2023-06-10 00:00:00,30.82
EPA-17,115_50,Station 17,"Ringsend, Dublin 4",53.341938,-6.214116,1.0,2023-06-10 01:00:00,42.38
EPA-17,115_50,Station 17,"Ringsend, Dublin 4",53.341938,-6.214116,1.0,2023-06-10 02:00:00,59.02
EPA-17,115_50,Station 17,"Ringsend, Dublin 4",53.341938,-6.214116,1.0,2023-06-10 03:00:00,76.3
EPA-17,115_50,Station 17,"Ringsend, Dublin 4",53.341938,-6.214116,1.0,2023-06-10 04:00:00,37.04
EPA-17,115_50,Station 17,"Ringsend, Dublin 4",53.341938,-6.214116,1.0,2023-06-10 05:00:00,58.52
EPA-17,115_50,Station 17,"Ringsend, Dublin 4",53.341938,-6.214116,1.0,2023-06-10 06:00:00,44.21
EPA-17,115_50,Station 17,"Ringsend, Dublin 4",53.341938,-6.214116,1.0,2023-06-10 07:00:00,55.01
EPA-17,115_50,Station 17,"Ringsend, Dublin 4",53.341938,-6.214116,1.0,2023-06-10 08:00:00,50.2
EPA-17,115_50,Station 17,"Ringsend, Dublin 4",53.341938,-6.214116,1.0,2023-06-10 09:00:00,44.94
EPA-17,115_50,Station 17,"Ringsend, Dublin 4",53.341938,-6.214116,1.0,2023-06-10 10:00:00,54.54
EPA-17,115_50,Station 17,"Ringsend, Dublin 4",53.341938,-6.214116,1.0,2023-06-10 11:00:00,45.63
EPA-17,115_50,Station 17,"Ringsend, Dublin 4",53.341938,-6.214116,1.0,2023-06-10 12:00:00,46.17
EPA-17,115_50,Station 17,"Ringsend, Dublin 4",53.341938,-6.214116,1.0,2023-06-10 13:00:00,36.22
EPA-17,115_50,Station 17,"Ringsend, Dublin 4",53.341938,-6.214116,1.0,2023-06-10 14:00:00,46.52
EPA-17,115_50,Station 17,"Ringsend, Dublin 4",53.341938,-6.214116,1.0,2023-06-10 15:00:00,57.84
EPA-17,115_50,Station 17,"Ringsend, Dublin 4",53.341938,-6.214116,1.0,2023-06-10 16:00:00,60.06
EPA-17,115_50,Station 17,"Ringsend, Dublin 4",53.341938,-6.214116,1.0,2023-06-10 17:00:00,32.35
EPA-17,115_50,Station 17,"Ringsend, Dublin 4",53.341938,-6.214116,1.0,2023-06-10 18:00:00,41.32
EPA-17,115_50,Station 17,"Ringsend, Dublin 4",53.341938,-6.214116,1.0,2023-06-10 19:00:00,27.6
EPA-17,115_50,Station 17,"Ringsend, Dublin 4",53.341938,-6.214116,1.0,2023-06-10 20:00:00,18.81
EPA-17,115_50,Station 17,"Ringsend, Dublin 4",53.341938,-6.214116,1.0,2023-06-10 21:00:00,13.56
EPA-17,115_50,Station 17,"Ringsend, Dublin 4",53.341938,-6.214116,1.0,2023-06-10 22:00:00,18.59
EPA-17,115_50,Station 17,"Ringsend, Dublin 4",53.341938,-6.214116,1.0,2023-06-10 23:00:00,13.06
EPA-17,115_50,Station 17,"Ringsend, Dublin 4",53.341938,-6.214116,1.0,2023-06-11 00:00:00,12.18
EPA-17,115_50,Station 17,"Ringsend, Dublin 4",53.341938,-6.214116,1.0,2023-06-11 01:00:00,8.67
EPA-17,115_50,Station 17,"Ringsend, Dublin 4",53.341938,-6.214116,1.0,2023-06-11 02:00:00,10.81
EPA-17,115_50,Station 17,"Ringsend, Dublin 4",53.341938,-6.214116,1.0,2023-06-11 03:00:00,10.95
EPA-17,115_50,Station 17,"Ringsend, Dublin 4",53.341938,-6.214116,1.0,2023-06-11 04:00:00,16.89
EPA-17,115_50,Station 17,"Ringsend, Dublin 4",53.341938,-6.214116,1.0,2023-06-11 05:00:00,25.69
EPA-17,115_50,Station 17,"Ringsend, Dublin 4",53.341938,-6.214116,1.0,2023-06-11 06:00:00,49.69
EPA-17,115_50,Station 17,"Ringsend, Dublin 4",53.341938,-6.214116,1.0,2023-06-11 07:00:00,15.61
EPA-17,115_50,Station 17,"Ringsend, Dublin 4",53.341938,-6.214116,1.0,2023-06-11 08:00:00,31.32
EPA-17,115_50,Station 17,"Ringsend, Dublin 4",53.341938,-6.214116,1.0,2023-06-11 09:00:00,34.26
EPA-17,115_50,Station 17,"Ringsend, Dublin 4",53.341938,-6.214116,1.0,2023-06-11 10:00:00,26.79
EPA-17,115_50,Station 17,"Ringsend, Dublin 4",53.341938,-6.214116,1.0,2023-06-11 11:00:00,17.15
EPA-17,115_50,Station 17,"Ringsend, Dublin 4",53.341938,-6.214116,1.0,2023-06-11 12:00:00,10.39
EPA-17,115_50,Station 17,"Ringsend, Dublin 4",53.341938,-6.214116,1.0,2023-06-11 13:00:00,14.73
EPA-17,115_50,Station 17,"Ringsend, Dublin 4",53.341938,-6.214116,1.0,2023-06-11 14:00:00,9.1
EPA-17,115_50,Station 17,"Ringsend, Dublin 4",53.341938,-6.214116,1.0,2023-06-11 15:00:00,9.0
EPA-17,115_50,Station 17,"Ringsend, Dublin 4",53.341938,-6.214116,1.0,2023-06-11 16:00:00,12.44
EPA-17,115_50,Station 17,"Ringsend, Dublin 4",53.341938,-6.214116,1.0,2023-06-11 17:00:00,10.53
EPA-17,115_50,Station 17,"Ringsend, Dublin 4",53.341938,-6.214116,1.0,2023-06-11 18:00:00,9.75
EPA-17,115_50,Station 17,"Ringsend, Dublin 4",53.341938,-6.214116,1.0,2023-06-11 19:00:00,23.38
EPA-17,115_50,Station 17,"Ringsend, Dublin 4",53.341938,-6.214116,1.0,2023-06-11 20:00:00,66.03
EPA-17,115_50,Station 17,"Ringsend, Dublin 4",53.341938,-6.214116,1.0,2023-06-11 21:00:00,56.83
EPA-17,115_50,Station 17,"Ringsend, Dublin 4",53.341938,-6.214116,1.0,2023-06-11 22:00:00,33.17
EPA-17,115_50,Station 17,"Ringsend, Dublin 4",53.341938,-6.214116,1.0,2023-06-11 23:00:00,48.34
EPA-17,115_50,Station 17,"Ringsend, Dublin 4",53.341938,-6.214116,1.0,2023-06-12 00:00:00,53.45
EPA-17,115_50,Station 17,"Ringsend, Dublin 4",53.341938,-6.214116,1.0,2023-06-12 01:00:00,23.58
EPA-17,115_50,Station 17,"Ringsend, Dublin 4",53.341938,-6.214116,1.0,2023-06-12 02:00:00,39.73
EPA-17,115_50,Station 17,"Ringsend, Dublin 4",53.341938,-6.214116,1.0,2023-06-12 03:00:00,33.58
EPA-17,115_50,Station 17,"Ringsend, Dublin 4",53.341938,-6.214116,1.0,2023-06-12 04:00:00,21.72
EPA-17,115_50,Station 17,"Ringsend, Dublin 4",53.341938,-6.214116,1.0,2023-06-12 05:00:00,13.97
EPA-17,115_50,Station 17,"Ringsend, Dublin 4",53.341938,-6.214116,1.0,2023-06-12 06:00:00,28.11
EPA-17,115_50,Station 17,"Ringsend, Dublin 4",53.341938,-6.214116,1.0,2023-06-12 07:00:00,37.06
EPA-17,115_50,Station 17,"Ringsend, Dublin 4",53.341938,-6.214116,1.0,2023-06-12 08:00:00,44.51
EPA-17,115_50,Station 17,"Ringsend, Dublin 4",53.341938,-6.214116,1.0,2023-06-12 09:00:00,47.85
EPA-17,115_50,Station 17,"Ringsend, Dublin 4",53.341938,-6.214116,1.0,2023-06-12 10:00:00,51.96
EPA-17,115_50,Station 17,"Ringsend, Dublin 4",53.341938,-6.214116,1.0,2023-06-12 11:00:00,50.18
EPA-17,115_50,Station 17,"Ringsend, Dublin 4",53.341938,-6.214116,1.0,2023-06-12 12:00:00,58.16
EPA-17,115_50,Station 17,"Ringsend, Dublin 4",53.341938,-6.214116,1.0,2023-06-12 13:00:00,44.62
EPA-17,115_50,Station 17,"Ringsend, Dublin 4",53.341938,-6.214116,1.0,2023-06-12 14:00:00,45.29
EPA-17,115_50,Station 17,"Ringsend, Dublin 4",53.341938,-6.214116,1.0,2023-06-12 15:00:00,52.96
EPA-17,115_50,Station 17,"Ringsend, Dublin 4",53.341938,-6.214116,1.0,2023-06-12 16:00:00,43.69
EPA-17,115_50,Station 17,"Ringsend, Dublin 4",53.341938,-6.214116,1.0,2023-06-12 17:00:00,34.69
EPA-17,115_50,Station 17,"Ringsend, Dublin 4",53.341938,-6.214116,1.0,2023-06-12 18:00:00,34.34
EPA-17,115_50,Station 17,"Ringsend, Dublin 4",53.341938,-6.214116,1.0,2023-06-12 19:00:00,40.45
EPA-17,115_50,Station 17,"Ringsend, Dublin 4",53.341938,-6.214116,1.0,2023-06-12 20:00:00,25.0
EPA-17,115_50,Station 17,"Ringsend, Dublin 4",53.341938,-6.214116,1.0,2023-06-12 21:00:00,31.25
EPA-17,115_50,Station 17,"Ringsend, Dublin 4",53.341938,-6.214116,1.0,2023-06-12 22:00:00,24.22
EPA-17,115_50,Station 17,"Ringsend, Dublin 4",53.341938,-6.214116,1.0,2023-06-12 23:00:00,24.48
EPA-17,115_50,Station 17,"Ringsend, Dublin 4",53.341938,-6.214116,1.0,2023-06-13 00:00:00,19.95
EPA-17,115_50,Station 17,"Ringsend, Dublin 4",53.341938,-6.214116,1.0,2023-06-13 01:00:00,22.1
EPA-17,115_50,Station 17,"Ringsend, Dublin 4",53.341938,-6.214116,1.0,2023-06-13 02:00:00,17.33
EPA-17,115_50,Station 17,"Ringsend, Dublin 4",53.341938,-6.214116,1.0,2023-06-13 03:00:00,15.26
EPA-17,115_50,Station 17,"Ringsend, Dublin 4",53.341938,-6.214116,1.0,2023-06-13 04:00:00,22.8
EPA-17,115_50,Station 17,"Ringsend, Dublin 4",53.341938,-6.214116,1.0,2023-06-13 05:00:00,47.25
EPA-17,115_50,Station 17,"Ringsend, Dublin 4",53.341938,-6.214116,1.0,2023-06-13 06:00:00,35.98
EPA-17,115_50,Station 17,"Ringsend, Dublin 4",53.341938,-6.214116,1.0,2023-06-13 07:00:00,35.04
EPA-17,115_50,Station 17,"Ringsend, Dublin 4",53.341938,-6.214116,1.0,2023-06-13 08:00:00,83.32
EPA-17,115_50,Station 17,"Ringsend, Dublin 4",53.341938,-6.214116,1.0,2023-06-13 09:00:00,44.47
EPA-17,115_50,Station 17,"Ringsend, Dublin 4",53.341938,-6.214116,1.0,2023-06-13 10:00:00,44.99
EPA-17,115_50,Station 17,"Ringsend, Dublin 4",53.341938,-6.214116,1.0,2023-06-13 11:00:00,49.22
EPA-17,115_50,Station 17,"Ringsend, Dublin 4",53.341938,-6.214116,1.0,2023-06-13 12:00:00,60.75
EPA-17,115_50,Station 17,"Ringsend, Dublin 4",53.341938,-6.214116,1.0,2023-06-13 13:00:00,62.39
EPA-17,115_50,Station 17,"Ringsend, Dublin 4",53.341938,-6.214116,1.0,2023-06-13 14:00:00,63.62
EPA-17,115_50,Station 17,"Ringsend, Dublin 4",53.341938,-6.214116,1.0,2023-06-13 15:00:00,76.56
EPA-17,115_50,Station 17,"Ringsend, Dublin 4",53.341938,-6.214116,1.0,2023-06-13 16:00:00,43.51
EPA-17,115_50,Station 17,"Ringsend, Dublin 4",53.341938,-6.214116,1.0,2023-06-13 17:00:00,36.63
EPA-17,115_50,Station 17,"Ringsend, Dublin 4",53.341938,-6.214116,1.0,2023-06-13 18:00:00,54.91
EPA-17,115_50,Station 17,"Ringsend, Dublin 4",53.341938,-6.214116,1.0,2023-06-13 19:00:00,51.54
EPA-17,115_50,Station 17,"Ringsend, Dublin 4",53.341938,-6.214116,1.0,2023-06-13 20:00:00,49.23
EPA-17,115_50,Station 17,"Ringsend, Dublin 4",53.341938,-6.214116,1.0,2023-06-13 21:00:00,34.52
EPA-17,115_50,Station 17,"Ringsend, Dublin 4",53.341938,-6.214116,1.0,2023-06-13 22:00:00,23.27
EPA-17,115_50,Station 17,"Ringsend, Dublin 4",53.341938,-6.214116,1.0,2023-06-13 23:00:00,15.49
EPA-17,115_50,Station 17,"Ringsend, Dublin 4",53.341938,-6.214116,1.0,2023-06-14 00:00:00,23.83
EPA-17,115_50,Station 17,"Ringsend, Dublin 4",53.341938,-6.214116,1.0,2023-06-14 01:00:00,62.89
EPA-17,115_50,Station 17,"Ringsend, Dublin 4",53.341938,-6.214116,1.0,2023-06-14 02:00:00,33.41
EPA-17,115_50,Station 17,"Ringsend, Dublin 4",53.341938,-6.214116,1.0,2023-06-14 03:00:00,35.98
EPA-17,115_50,Station 17,"Ringsend, Dublin 4",53.341938,-6.214116,1.0,2023-06-14 04:00:00,21.03
EPA-17,115_50,Station 17,"Ringsend, Dublin 4",53.341938,-6.214116,1.0,2023-06-14 05:00:00,30.45
EPA-17,115_50,Station 17,"Ringsend, Dublin 4",53.341938,-6.214116,1.0,2023-06-14 06:00:00,45.82
EPA-17,115_50,Station 17,"Ringsend, Dublin 4",53.341938,-6.214116,1.0,2023-06-14 07:00:00,44.0
EPA-17,115_50,Station 17,"Ringsend, Dublin 4",53.341938,-6.214116,1.0,2023-06-14 08:00:00,56.61
EPA-17,115_50,Station 17,"Ringsend, Dublin 4",53.341938,-6.214116,1.0,2023-06-14 09:00:00,61.69
EPA-17,115_50,Station 17,"Ringsend, Dublin 4",53.341938,-6.214116,1.0,2023-06-14 10:00:00,46.43
EPA-17,115_50,Station 17,"Ringsend, Dublin 4",53.341938,-6.214116,1.0,2023-06-14 11:00:00,43.2
EPA-17,115_50,Station 17,"Ringsend, Dublin 4",53.341938,-6.214116,1.0,2023-06-14 12:00:00,48.56
EPA-17,115_50,Station 17,"Ringsend, Dublin 4",53.341938,-6.214116,1.0,2023-06-14 13:00:00,47.94
EPA-17,115_50,Station 17,"Ringsend, Dublin 4",53.341938,-6.214116,1.0,2023-06-14 14:00:00,37.47
EPA-17,115_50,Station 17,"Ringsend, Dublin 4",53.341938,-6.214116,1.0,2023-06-14 15:00:00,65.01
EPA-17,115_50,Station 17,"Ringsend, Dublin 4",53.341938,-6.214116,1.0,2023-06-14 16:00:00,64.5
EPA-17,115_50,Station 17,"Ringsend, Dublin 4",53.341938,-6.214116,1.0,2023-06-14 17:00:00,66.43
EPA-17,115_50,Station 17,"Ringsend, Dublin 4",53.341938,-6.214116,1.0,2023-06-14 18:00:00,67.71
EPA-17,115_50,Station 17,"Ringsend, Dublin 4",53.341938,-6.214116,1.0,2023-06-14 19:00:00,34.24
EPA-17,115_50,Station 17,"Ringsend, Dublin 4",53.341938,-6.214116,1.0,2023-06-14 20:00:00,28.6
EPA-17,115_50,Station 17,"Ringsend, Dublin 4",53.341938,-6.214116,1.0,2023-06-14 21:00:00,70.14
EPA-17,115_50,Station 17,"Ringsend, Dublin 4",53.341938,-6.214116,1.0,2023-06-14 22:00:00,81.77
EPA-17,115_50,Station 17,"Ringsend, Dublin 4",53.341938,-6.214116,1.0,2023-06-15 01:00:00,48.4
EPA-17,115_50,Station 17,"Ringsend, Dublin 4",53.341938,-6.214116,1.0,2023-06-15 02:00:00,36.73
EPA-17,115_50,Station 17,"Ringsend, Dublin 4",53.341938,-6.214116,1.0,2023-06-15 03:00:00,29.21
EPA-17,115_50,Station 17,"Ringsend, Dublin 4",53.341938,-6.214116,1.0,2023-06-15 04:00:00,38.79
EPA-17,115_50,Station 17,"Ringsend, Dublin 4",53.341938,-6.214116,1.0,2023-06-15 05:00:00,34.48
EPA-17,115_50,Station 17,"Ringsend, Dublin 4",53.341938,-6.214116,1.0,2023-06-15 06:00:00,38.67
EPA-17,115_50,Station 17,"Ringsend, Dublin 4",53.341938,-6.214116,1.0,2023-06-15 07:00:00,70.67
EPA-17,115_50,Station 17,"Ringsend, Dublin 4",53.341938,-6.214116,1.0,2023-06-15 08:00:00,91.37
EPA-17,115_50,Station 17,"Ringsend, Dublin 4",53.341938,-6.214116,1.0,2023-06-15 09:00:00,80.3
EPA-17,115_50,Station 17,"Ringsend, Dublin 4",53.341938,-6.214116,1.0,2023-06-15 10:00:00,56.83
EPA-17,115_50,Station 17,"Ringsend, Dublin 4",53.341938,-6.214116,1.0,2023-06-15 11:00:00,51.65
EPA-17,115_50,Station 17,"Ringsend, Dublin 4",53.341938,-6.214116,1.0,2023-06-15 12:00:00,64.67
EPA-17,115_50,Station 17,"Ringsend, Dublin 4",53.341938,-6.214116,1.0,2023-06-15 13:00:00,53.13
EPA-17,115_50,Station 17,"Ringsend, Dublin 4",53.341938,-6.214116,1.0,2023-06-15 14:00:00,46.5
EPA-17,115_50,Station 17,"Ringsend, Dublin 4",53.341938,-6.214116,1.0,2023-06-15 15:00:00,38.02
EPA-17,115_50,Station 17,"Ringsend, Dublin 4",53.341938,-6.214116,1.0,2023-06-15 16:00:00,38.29
EPA-17,115_50,Station 17,"Ringsend, Dublin 4",53.341938,-6.214116,1.0,2023-06-15 17:00:00,29.39
EPA-17,115_50,Station 17,"Ringsend, Dublin 4",53.341938,-6.214116,1.0,2023-06-15 18:00:00,23.23
EPA-17,115_50,Station 17,"Ringsend, Dublin 4",53.341938,-6.214116,1.0,2023-06-15 19:00:00,16.49
EPA-17,115_50,Station 17,"Ringsend, Dublin 4",53.341938,-6.214116,1.0,2023-06-15 20:00:00,17.27
EPA-17,115_50,Station 17,"Ringsend, Dublin 4",53.341938,-6.214116,1.0,2023-06-15 21:00:00,17.0
EPA-17,115_50,Station 17,"Ringsend, Dublin 4",53.341938,-6.214116,1.0,2023-06-15 22:00:00,14.27
EPA-17,115_50,Station 17,"Ringsend, Dublin 4",53.341938,-6.214116,1.0,2023-06-15 23:00:00,22.21
EPA-17,115_50,Station 17,"Ringsend, Dublin 4",53.341938,-6.214116,1.0,2023-06-16 00:00:00,21.99
EPA-17,115_50,Station 17,"Ringsend, Dublin 4",53.341938,-6.214116,1.0,2023-06-16 01:00:00,19.33
EPA-17,115_50,Station 17,"Ringsend, Dublin 4",53.341938,-6.214116,1.0,2023-06-16 02:00:00,14.41
EPA-17,115_50,Station 17,"Ringsend, Dublin 4",53.341938,-6.214116,1.0,2023-06-16 03:00:00,15.96
EPA-17,115_50,Station 17,"Ringsend, Dublin 4",53.341938,-6.214116,1.0,2023-06-16 04:00:00,27.24
EPA-17,115_50,Station 17,"Ringsend, Dublin 4",53.341938,-6.214116,1.0,2023-06-16 05:00:00,43.27
EPA-17,115_50,Station 17,"Ringsend, Dublin 4",53.341938,-6.214116,1.0,2023-06-16 06:00:00,40.97
EPA-17,115_50,Station 17,"Ringsend, Dublin 4",53.341938,-6.214116,1.0,2023-06-16 07:00:00,46.33
EPA-17,115_50,Station 17,"Ringsend, Dublin 4",53.341938,-6.214116,1.0,2023-06-16 08:00:00,52.68
EPA-17,115_50,Station 17,"Ringsend, Dublin 4",53.341938,-6.214116,1.0,2023-06-16 09:00:00,33.84
EPA-17,115_50,Station 17,"Ringsend, Dublin 4",53.341938,-6.214116,1.0,2023-06-16 10:00:00,32.66
EPA-17,115_50,Station 17,"Ringsend, Dublin 4",53.341938,-6.214116,1.0,2023-06-16 11:00:00,38.22
EPA-17,115_50,Station 17,"Ringsend, Dublin 4",53.341938,-6.214116,1.0,2023-06-16 12:00:00,39.25
EPA-17,115_50,Station 17,"Ringsend, Dublin 4",53.341938,-6.214116,1.0,2023-06-16 13:00:00,36.58
EPA-17,115_50,Station 17,"Ringsend, Dublin 4",53.341938,-6.214116,1.0,2023-06-16 14:00:00,44.56
EPA-17,115_50,Station 17,"Ringsend, Dublin 4",53.341938,-6.214116,1.0,2023-06-16 15:00:00,41.72
EPA-17,115_50,Station 17,"Ringsend, Dublin 4",53.341938,-6.214116,1.0,2023-06-16 16:00:00,51.03
EPA-17,115_50,Station 17,"Ringsend, Dublin 4",53.341938,-6.214116,1.0,2023-06-16 17:00:00,46.12
EPA-17,115_50,Station 17,"Ringsend, Dublin 4",53.341938,-6.214116,1.0,2023-06-16 18:00:00,25.23
EPA-17,115_50,Station 17,"Ringsend, Dublin 4",53.341938,-6.214116,1.0,2023-06-16 19:00:00,11.0
EPA-17,115_50,Station 17,"Ringsend, Dublin 4",53.341938,-6.214116,1.0,2023-06-16 20:00:00,11.51
EPA-17,115_50,Station 17,"Ringsend, Dublin 4",53.341938,-6.214116,1.0,2023-06-16 21:00:00,11.62
EPA-17,115_50,Station 17,"Ringsend, Dublin 4",53.341938,-6.214116,1.0,2023-06-16 22:00:00,12.83
EPA-17,115_50,Station 17,"Ringsend, Dublin 4",53.341938,-6.214116,1.0,2023-06-16 23:00:00,9.37
EPA-17,115_50,Station 17,"Ringsend, Dublin 4",53.341938,-6.214116,1.0,2023-06-17 00:00:00,7.38
EPA-17,115_50,Station 17,"Ringsend, Dublin 4",53.341938,-6.214116,1.0,2023-06-17 01:00:00,8.06
EPA-17,115_50,Station 17,"Ringsend, Dublin 4",53.341938,-6.214116,1.0,2023-06-17 02:00:00,8.67
EPA-17,115_50,Station 17,"Ringsend, Dublin 4",53.341938,-6.214116,1.0,2023-06-17 03:00:00,5.45
EPA-17,115_50,Station 17,"Ringsend, Dublin 4",53.341938,-6.214116,1.0,2023-06-17 04:00:00,4.92
EPA-17,115_50,Station 17,"Ringsend, Dublin 4",53.341938,-6.214116,1.0,2023-06-17 05:00:00,5.92
EPA-17,115_50,Station 17,"Ringsend, Dublin 4",53.341938,-6.214116,1.0,2023-06-17 06:00:00,9.75
EPA-17,115_50,Station 17,"Ringsend, Dublin 4",53.341938,-6.214116,1.0,2023-06-17 07:00:00,13.93
EPA-17,115_50,Station 17,"Ringsend, Dublin 4",53.341938,-6.214116,1.0,2023-06-17 08:00:00,22.32
EPA-17,115_50,Station 17,"Ringsend, Dublin 4",53.341938,-6.214116,1.0,2023-06-17 09:00:00,19.41
EPA-17,115_50,Station 17,"Ringsend, Dublin 4",53.341938,-6.214116,1.0,2023-06-17 10:00:00,15.99
EPA-17,115_50,Station 17,"Ringsend, Dublin 4",53.341938,-6.214116,1.0,2023-06-17 11:00:00,16.07
EPA-17,115_50,Station 17,"Ringsend, Dublin 4",53.341938,-6.214116,1.0,2023-06-17 12:00:00,14.89
EPA-17,115_50,Station 17,"Ringsend, Dublin 4",53.341938,-6.214116,1.0,2023-06-17 13:00:00,14.03
EPA-17,115_50,Station 17,"Ringsend, Dublin 4",53.341938,-6.214116,1.0,2023-06-17 14:00:00,16.87
EPA-17,115_50,Station 17,"Ringsend, Dublin 4",53.341938,-6.214116,1.0,2023-06-17 15:00:00,11.59
EPA-17,115_50,Station 17,"Ringsend, Dublin 4",53.341938,-6.214116,1.0,2023-06-17 16:00:00,12.67
EPA-17,115_50,Station 17,"Ringsend, Dublin 4",53.341938,-6.214116,1.0,2023-06-17 17:00:00,10.56
EPA-17,115_50,Station 17,"Ringsend, Dublin 4",53.341938,-6.214116,1.0,2023-06-17 18:00:00,12.23
EPA-17,115_50,Station 17,"Ringsend, Dublin 4",53.341938,-6.214116,1.0,2023-06-17 19:00:00,12.25
EPA-17,115_50,Station 17,"Ringsend, Dublin 4",53.341938,-6.214116,1.0,2023-06-17 20:00:00,10.03
EPA-17,115_50,Station 17,"Ringsend, Dublin 4",53.341938,-6.214116,1.0,2023-06-17 21:00:00,18.11
EPA-17,115_50,Station 17,"Ringsend, Dublin 4",53.341938,-6.214116,1.0,2023-06-17 22:00:00,7.59
EPA-17,115_50,Station 17,"Ringsend, Dublin 4",53.341938,-6.214116,1.0,2023-06-17 23:00:00,6.72
EPA-17,115_50,Station 17,"Ringsend, Dublin 4",53.341938,-6.214116,1.0,2023-06-18 00:00:00,5.0
EPA-17,115_50,Station 17,"Ringsend, Dublin 4",53.341938,-6.214116,1.0,2023-06-18 01:00:00,8.0
EPA-17,115_50,Station 17,"Ringsend, Dublin 4",53.341938,-6.214116,1.0,2023-06-18 02:00:00,6.15
EPA-17,115_50,Station 17,"Ringsend, Dublin 4",53.341938,-6.214116,1.0,2023-06-18 03:00:00,5.76
EPA-17,115_50,Station 17,"Ringsend, Dublin 4",53.341938,-6.214116,1.0,2023-06-18 04:00:00,6.23
EPA-17,115_50,Station 17,"Ringsend, Dublin 4",53.341938,-6.214116,1.0,2023-06-18 05:00:00,6.21
EPA-17,115_50,Station 17,"Ringsend, Dublin 4",53.341938,-6.214116,1.0,2023-06-18 06:00:00,6.48
EPA-17,115_50,Station 17,"Ringsend, Dublin 4",53.341938,-6.214116,1.0,2023-06-18 07:00:00,8.38
EPA-17,115_50,Station 17,"Ringsend, Dublin 4",53.341938,-6.214116,1.0,2023-06-18 08:00:00,12.19
EPA-17,115_50,Station 17,"Ringsend, Dublin 4",53.341938,-6.214116,1.0,2023-06-18 09:00:00,8.63
EPA-17,115_50,Station 17,"Ringsend, Dublin 4",53.341938,-6.214116,1.0,2023-06-18 10:00:00,12.56
EPA-17,115_50,Station 17,"Ringsend, Dublin 4",53.341938,-6.214116,1.0,2023-06-18 11:00:00,17.15
EPA-17,115_50,Station 17,"Ringsend, Dublin 4",53.341938,-6.214116,1.0,2023-06-18 12:00:00,12.96
EPA-17,115_50,Station 17,"Ringsend, Dublin 4",53.341938,-6.214116,1.0,2023-06-18 13:00:00,12.81
EPA-17,115_50,Station 17,"Ringsend, Dublin 4",53.341938,-6.214116,1.0,2023-06-18 14:00:00,12.37
EPA-17,115_50,Station 17,"Ringsend, Dublin 4",53.341938,-6.214116,1.0,2023-06-18 15:00:00,10.55
EPA-17,115_50,Station 17,"Ringsend, Dublin 4",53.341938,-6.214116,1.0,2023-06-18 16:00:00,8.13
EPA-17,115_50,Station 17,"Ringsend, Dublin 4",53.341938,-6.214116,1.0,2023-06-18 17:00:00,8.4
EPA-17,115_50,Station 17,"Ringsend, Dublin 4",53.341938,-6.214116,1.0,2023-06-18 18:00:00,11.17
EPA-17,115_50,Station 17,"Ringsend, Dublin 4",53.341938,-6.214116,1.0,2023-06-18 19:00:00,11.25
EPA-17,115_50,Station 17,"Ringsend, Dublin 4",53.341938,-6.214116,1.0,2023-06-18 20:00:00,11.58
EPA-17,115_50,Station 17,"Ringsend, Dublin 4",53.341938,-6.214116,1.0,2023-06-18 21:00:00,11.57
EPA-17,115_50,Station 17,"Ringsend, Dublin 4",53.341938,-6.214116,1.0,2023-06-18 22:00:00,10.64
EPA-17,115_50,Station 17,"Ringsend, Dublin 4",53.341938,-6.214116,1.0,2023-06-18 23:00:00,17.44
EPA-17,115_50,Station 17,"Ringsend, Dublin 4",53.341938,-6.214116,1.0,2023-06-19 00:00:00,8.8
EPA-17,115_50,Station 17,"Ringsend, Dublin 4",53.341938,-6.214116,1.0,2023-06-19 01:00:00,8.03
EPA-17,115_50,Station 17,"Ringsend, Dublin 4",53.341938,-6.214116,1.0,2023-06-19 02:00:00,4.6
EPA-17,115_50,Station 17,"Ringsend, Dublin 4",53.341938,-6.214116,1.0,2023-06-19 03:00:00,6.61
EPA-17,115_50,Station 17,"Ringsend, Dublin 4",53.341938,-6.214116,1.0,2023-06-19 04:00:00,3.69
EPA-17,115_50,Station 17,"Ringsend, Dublin 4",53.341938,-6.214116,1.0,2023-06-19 05:00:00,10.9
EPA-17,115_50,Station 17,"Ringsend, Dublin 4",53.341938,-6.214116,1.0,2023-06-19 06:00:00,13.02
EPA-17,115_50,Station 17,"Ringsend, Dublin 4",53.341938,-6.214116,1.0,2023-06-19 07:00:00,7.19
EPA-17,115_50,Station 17,"Ringsend, Dublin 4",53.341938,-6.214116,1.0,2023-06-19 08:00:00,9.13
EPA-17,115_50,Station 17,"Ringsend, Dublin 4",53.341938,-6.214116,1.0,2023-06-19 09:00:00,9.24
EPA-17,115_50,Station 17,"Ringsend, Dublin 4",53.341938,-6.214116,1.0,2023-06-19 10:00:00,9.17
EPA-17,115_50,Station 17,"Ringsend, Dublin 4",53.341938,-6.214116,1.0,2023-06-19 11:00:00,11.81
EPA-17,115_50,Station 17,"Ringsend, Dublin 4",53.341938,-6.214116,1.0,2023-06-19 12:00:00,13.79
EPA-17,115_50,Station 17,"Ringsend, Dublin 4",53.341938,-6.214116,1.0,2023-06-19 13:00:00,26.07
EPA-17,115_50,Station 17,"Ringsend, Dublin 4",53.341938,-6.214116,1.0,2023-06-19 14:00:00,23.19
EPA-17,115_50,Station 17,"Ringsend, Dublin 4",53.341938,-6.214116,1.0,2023-06-19 15:00:00,18.91
EPA-17,115_50,Station 17,"Ringsend, Dublin 4",53.341938,-6.214116,1.0,2023-06-19 16:00:00,17.12
EPA-17,115_50,Station 17,"Ringsend, Dublin 4",53.341938,-6.214116,1.0,2023-06-19 17:00:00,16.32
EPA-17,115_50,Station 17,"Ringsend, Dublin 4",53.341938,-6.214116,1.0,2023-06-19 18:00:00,8.83
EPA-17,115_50,Station 17,"Ringsend, Dublin 4",53.341938,-6.214116,1.0,2023-06-19 19:00:00,9.12
EPA-17,115_50,Station 17,"Ringsend, Dublin 4",53.341938,-6.214116,1.0,2023-06-19 20:00:00,5.53
EPA-17,115_50,Station 17,"Ringsend, Dublin 4",53.341938,-6.214116,1.0,2023-06-19 21:00:00,19.1
EPA-17,115_50,Station 17,"Ringsend, Dublin 4",53.341938,-6.214116,1.0,2023-06-19 22:00:00,11.88
EPA-17,115_50,Station 17,"Ringsend, Dublin 4",53.341938,-6.214116,1.0,2023-06-19 23:00:00,6.84
EPA-17,115_50,Station 17,"Ringsend, Dublin 4",53.341938,-6.214116,1.0,2023-06-20 00:00:00,9.68
EPA-17,115_50,Station 17,"Ringsend, Dublin 4",53.341938,-6.214116,1.0,2023-06-20 01:00:00,4.72
EPA-17,115_50,Station 17,"Ringsend, Dublin 4",53.341938,-6.214116,1.0,2023-06-20 02:00:00,20.77
EPA-17,115_50,Station 17,"Ringsend, Dublin 4",53.341938,-6.214116,1.0,2023-06-20 03:00:00,14.74
EPA-17,115_50,Station 17,"Ringsend, Dublin 4",53.341938,-6.214116,1.0,2023-06-20 04:00:00,8.78
EPA-17,115_50,Station 17,"Ringsend, Dublin 4",53.341938,-6.214116,1.0,2023-06-20 05:00:00,17.76
EPA-17,115_50,Station 17,"Ringsend, Dublin 4",53.341938,-6.214116,1.0,2023-06-20 06:00:00,26.4
EPA-17,115_50,Station 17,"Ringsend, Dublin 4",53.341938,-6.214116,1.0,2023-06-20 07:00:00,34.39
EPA-17,115_50,Station 17,"Ringsend, Dublin 4",53.341938,-6.214116,1.0,2023-06-20 08:00:00,39.4
EPA-17,115_50,Station 17,"Ringsend, Dublin 4",53.341938,-6.214116,1.0,2023-06-20 09:00:00,22.76
EPA-17,115_50,Station 17,"Ringsend, Dublin 4",53.341938,-6.214116,1.0,2023-06-20 10:00:00,32.13
EPA-17,115_50,Station 17,"Ringsend, Dublin 4",53.341938,-6.214116,1.0,2023-06-20 11:00:00,34.7
EPA-17,115_50,Station 17,"Ringsend, Dublin 4",53.341938,-6.214116,1.0,2023-06-20 12:00:00,36.46
EPA-17,115_50,Station 17,"Ringsend, Dublin 4",53.341938,-6.214116,1.0,2023-06-20 13:00:00,43.25
EPA-17,115_50,Station 17,"Ringsend, Dublin 4",53.341938,-6.214116,1.0,2023-06-20 14:00:00,25.67
EPA-17,115_50,Station 17,"Ringsend, Dublin 4",53.341938,-6.214116,1.0,2023-06-20 15:00:00,21.26
EPA-17,115_50,Station 17,"Ringsend, Dublin 4",53.341938,-6.214116,1.0,2023-06-20 16:00:00,22.06
EPA-17,115_50,Station 17,"Ringsend, Dublin 4",53.341938,-6.214116,1.0,2023-06-20 17:00:00,31.7
EPA-17,115_50,Station 17,"Ringsend, Dublin 4",53.341938,-6.214116,1.0,2023-06-20 18:00:00,13.97
EPA-17,115_50,Station 17,"Ringsend, Dublin 4",53.341938,-6.214116,1.0,2023-06-20 19:00:00,16.84
EPA-17,115_50,Station 17,"Ringsend, Dublin 4",53.341938,-6.214116,1.0,2023-06-20 20:00:00,11.22
EPA-17,115_50,Station 17,"Ringsend, Dublin 4",53.341938,-6.214116,1.0,2023-06-20 21:00:00,11.62
EPA-17,115_50,Station 17,"Ringsend, Dublin 4",53.341938,-6.214116,1.0,2023-06-20 22:00:00,8.2
EPA-17,115_50,Station 17,"Ringsend, Dublin 4",53.341938,-6.214116,1.0,2023-06-20 23:00:00,6.66
EPA-17,115_50,Station 17,"Ringsend, Dublin 4",53.341938,-6.214116,1.0,2023-06-21 00:00:00,4.59
EPA-17,115_50,Station 17,"Ringsend, Dublin 4",53.341938,-6.214116,1.0,2023-06-21 01:00:00,4.23
EPA-17,115_50,Station 17,"Ringsend, Dublin 4",53.341938,-6.214116,1.0,2023-06-21 02:00:00,5.24
EPA-17,115_50,Station 17,"Ringsend, Dublin 4",53.341938,-6.214116,1.0,2023-06-21 03:00:00,4.1
EPA-17,115_50,Station 17,"Ringsend, Dublin 4",53.341938,-6.214116,1.0,2023-06-21 04:00:00,3.94
EPA-17,115_50,Station 17,"Ringsend, Dublin 4",53.341938,-6.214116,1.0,2023-06-21 05:00:00,4.72
EPA-17,115_50,Station 17,"Ringsend, Dublin 4",53.341938,-6.214116,1.0,2023-06-21 06:00:00,7.75
EPA-17,115_50,Station 17,"Ringsend, Dublin 4",53.341938,-6.214116,1.0,2023-06-21 07:00:00,15.75
EPA-17,115_50,Station 17,"Ringsend, Dublin 4",53.341938,-6.214116,1.0,2023-06-21 08:00:00,16.27
EPA-17,115_50,Station 17,"Ringsend, Dublin 4",53.341938,-6.214116,1.0,2023-06-21 09:00:00,17.83
EPA-17,115_50,Station 17,"Ringsend, Dublin 4",53.341938,-6.214116,1.0,2023-06-21 10:00:00,12.54
EPA-17,115_50,Station 17,"Ringsend, Dublin 4",53.341938,-6.214116,1.0,2023-06-21 11:00:00,13.34
EPA-17,115_50,Station 17,"Ringsend, Dublin 4",53.341938,-6.214116,1.0,2023-06-21 12:00:00,30.98
EPA-17,115_50,Station 17,"Ringsend, Dublin 4",53.341938,-6.214116,1.0,2023-06-21 13:00:00,29.6
EPA-17,115_50,Station 17,"Ringsend, Dublin 4",53.341938,-6.214116,1.0,2023-06-21 14:00:00,28.02
EPA-17,115_50,Station 17,"Ringsend, Dublin 4",53.341938,-6.214116,1.0,2023-06-21 15:00:00,22.45
EPA-17,115_50,Station 17,"Ringsend, Dublin 4",53.341938,-6.214116,1.0,2023-06-21 16:00:00,12.5
EPA-17,115_50,Station 17,"Ringsend, Dublin 4",53.341938,-6.214116,1.0,2023-06-21 17:00:00,13.94
EPA-17,115_50,Station 17,"Ringsend, Dublin 4",53.341938,-6.214116,1.0,2023-06-21 18:00:00,15.26
EPA-17,115_50,Station 17,"Ringsend, Dublin 4",53.341938,-6.214116,1.0,2023-06-21 19:00:00,12.36
EPA-17,115_50,Station 17,"Ringsend, Dublin 4",53.341938,-6.214116,1.0,2023-06-21 20:00:00,18.74
EPA-17,115_50,Station 17,"Ringsend, Dublin 4",53.341938,-6.214116,1.0,2023-06-21 21:00:00,47.7
EPA-17,115_50,Station 17,"Ringsend, Dublin 4",53.341938,-6.214116,1.0,2023-06-21 22:00:00,43.95
EPA-17,115_50,Station 17,"Ringsend, Dublin 4",53.341938,-6.214116,1.0,2023-06-22 01:00:00,15.39
EPA-17,115_50,Station 17,"Ringsend, Dublin 4",53.341938,-6.214116,1.0,2023-06-22 02:00:00,14.9
EPA-17,115_50,Station 17,"Ringsend, Dublin 4",53.341938,-6.214116,1.0,2023-06-22 03:00:00,17.0
EPA-17,115_50,Station 17,"Ringsend, Dublin 4",53.341938,-6.214116,1.0,2023-06-22 04:00:00,24.25
EPA-17,115_50,Station 17,"Ringsend, Dublin 4",53.341938,-6.214116,1.0,2023-06-22 05:00:00,22.6
EPA-17,115_50,Station 17,"Ringsend, Dublin 4",53.341938,-6.214116,1.0,2023-06-22 06:00:00,38.75
EPA-17,115_50,Station 17,"Ringsend, Dublin 4",53.341938,-6.214116,1.0,2023-06-22 07:00:00,48.88
EPA-17,115_50,Station 17,"Ringsend, Dublin 4",53.341938,-6.214116,1.0,2023-06-22 08:00:00,43.4
EPA-17,115_50,Station 17,"Ringsend, Dublin 4",53.341938,-6.214116,1.0,2023-06-22 09:00:00,24.5
EPA-17,115_50,Station 17,"Ringsend, Dublin 4",53.341938,-6.214116,1.0,2023-06-22 10:00:00,38.42
EPA-17,115_50,Station 17,"Ringsend, Dublin 4",53.341938,-6.214116,1.0,2023-06-22 11:00:00,33.58
EPA-17,115_50,Station 17,"Ringsend, Dublin 4",53.341938,-6.214116,1.0,2023-06-22 12:00:00,41.23
EPA-17,115_50,Station 17,"Ringsend, Dublin 4",53.341938,-6.214116,1.0,2023-06-22 13:00:00,39.9
EPA-17,115_50,Station 17,"Ringsend, Dublin 4",53.341938,-6.214116,1.0,2023-06-22 14:00:00,39.74
EPA-17,115_50,Station 17,"Ringsend, Dublin 4",53.341938,-6.214116,1.0,2023-06-22 15:00:00,41.47
EPA-17,115_50,Station 17,"Ringsend, Dublin 4",53.341938,-6.214116,1.0,2023-06-22 16:00:00,37.79
EPA-17,115_50,Station 17,"Ringsend, Dublin 4",53.341938,-6.214116,1.0,2023-06-22 17:00:00,30.2
EPA-17,115_50,Station 17,"Ringsend, Dublin 4",53.341938,-6.214116,1.0,2023-06-22 18:00:00,27.43
EPA-17,115_50,Station 17,"Ringsend, Dublin 4",53.341938,-6.214116,1.0,2023-06-22 19:00:00,14.62
EPA-17,115_50,Station 17,"Ringsend, Dublin 4",53.341938,-6.214116,1.0,2023-06-22 20:00:00,25.79
EPA-17,115_50,Station 17,"Ringsend, Dublin 4",53.341938,-6.214116,1.0,2023-06-22 21:00:00,18.33
EPA-17,115_50,Station 17,"Ringsend, Dublin 4",53.341938,-6.214116,1.0,2023-06-22 22:00:00,20.72
EPA-17,115_50,Station 17,"Ringsend, Dublin 4",53.341938,-6.214116,1.0,2023-06-22 23:00:00,19.34
EPA-17,115_50,Station 17,"Ringsend, Dublin 4",53.341938,-6.214116,1.0,2023-06-23 00:00:00,19.07
EPA-17,115_50,Station 17,"Ringsend, Dublin 4",53.341938,-6.214116,1.0,2023-06-23 01:00:00,4.75
EPA-17,115_50,Station 17,"Ringsend, Dublin 4",53.341938,-6.214116,1.0,2023-06-23 02:00:00,6.42
EPA-17,115_50,Station 17,"Ringsend, Dublin 4",53.341938,-6.214116,1.0,2023-06-23 03:00:00,4.12
EPA-17,115_50,Station 17,"Ringsend, Dublin 4",53.341938,-6.214116,1.0,2023-06-23 04:00:00,6.99
EPA-17,115_50,Station 17,"Ringsend, Dublin 4",53.341938,-6.214116,1.0,2023-06-23 05:00:00,7.18
EPA-17,115_50,Station 17,"Ringsend, Dublin 4",53.341938,-6.214116,1.0,2023-06-23 06:00:00,15.0
EPA-17,115_50,Station 17,"Ringsend, Dublin 4",53.341938,-6.214116,1.0,2023-06-23 07:00:00,30.11
EPA-17,115_50,Station 17,"Ringsend, Dublin 4",53.341938,-6.214116,1.0,2023-06-23 08:00:00,42.76
EPA-17,115_50,Station 17,"Ringsend, Dublin 4",53.341938,-6.214116,1.0,2023-06-23 09:00:00,21.14
EPA-17,115_50,Station 17,"Ringsend, Dublin 4",53.341938,-6.214116,1.0,2023-06-23 10:00:00,10.58
EPA-17,115_50,Station 17,"Ringsend, Dublin 4",53.341938,-6.214116,1.0,2023-06-23 11:00:00,15.47
EPA-17,115_50,Station 17,"Ringsend, Dublin 4",53.341938,-6.214116,1.0,2023-06-23 12:00:00,19.91
EPA-17,115_50,Station 17,"Ringsend, Dublin 4",53.341938,-6.214116,1.0,2023-06-23 13:00:00,24.8
EPA-17,115_50,Station 17,"Ringsend, Dublin 4",53.341938,-6.214116,1.0,2023-06-23 14:00:00,28.28
EPA-17,115_50,Station 17,"Ringsend, Dublin 4",53.341938,-6.214116,1.0,2023-06-23 15:00:00,16.55
EPA-17,115_50,Station 17,"Ringsend, Dublin 4",53.341938,-6.214116,1.0,2023-06-23 16:00:00,23.92
EPA-17,115_50,Station 17,"Ringsend, Dublin 4",53.341938,-6.214116,1.0,2023-06-23 17:00:00,8.64
EPA-17,115_50,Station 17,"Ringsend, Dublin 4",53.341938,-6.214116,1.0,2023-06-23 18:00:00,6.49
EPA-17,115_50,Station 17,"Ringsend, Dublin 4",53.341938,-6.214116,1.0,2023-06-23 19:00:00,5.87
EPA-17,115_50,Station 17,"Ringsend, Dublin 4",53.341938,-6.214116,1.0,2023-06-23 20:00:00,5.2
EPA-17,115_50,Station 17,"Ringsend, Dublin 4",53.341938,-6.214116,1.0,2023-06-23 21:00:00,4.37
EPA-17,115_50,Station 17,"Ringsend, Dublin 4",53.341938,-6.214116,1.0,2023-06-23 22:00:00,4.17
EPA-17,115_50,Station 17,"Ringsend, Dublin 4",53.341938,-6.214116,1.0,2023-06-23 23:00:00,4.39
EPA-17,115_50,Station 17,"Ringsend, Dublin 4",53.341938,-6.214116,1.0,2023-06-24 00:00:00,4.13
EPA-17,115_50,Station 17,"Ringsend, Dublin 4",53.341938,-6.214116,1.0,2023-06-24 01:00:00,3.22
EPA-17,115_50,Station 17,"Ringsend, Dublin 4",53.341938,-6.214116,1.0,2023-06-24 02:00:00,3.11
EPA-17,115_50,Station 17,"Ringsend, Dublin 4",53.341938,-6.214116,1.0,2023-06-24 03:00:00,2.91
EPA-17,115_50,Station 17,"Ringsend, Dublin 4",53.341938,-6.214116,1.0,2023-06-24 04:00:00,2.84
EPA-17,115_50,Station 17,"Ringsend, Dublin 4",53.341938,-6.214116,1.0,2023-06-24 05:00:00,4.31
EPA-17,115_50,Station 17,"Ringsend, Dublin 4",53.341938,-6.214116,1.0,2023-06-24 06:00:00,4.15
EPA-17,115_50,Station 17,"Ringsend, Dublin 4",53.341938,-6.214116,1.0,2023-06-24 07:00:00,4.39
EPA-17,115_50,Station 17,"Ringsend, Dublin 4",53.341938,-6.214116,1.0,2023-06-24 08:00:00,5.95
EPA-17,115_50,Station 17,"Ringsend, Dublin 4",53.341938,-6.214116,1.0,2023-06-24 09:00:00,6.48
EPA-17,115_50,Station 17,"Ringsend, Dublin 4",53.341938,-6.214116,1.0,2023-06-24 10:00:00,6.99
EPA-17,115_50,Station 17,"Ringsend, Dublin 4",53.341938,-6.214116,1.0,2023-06-24 11:00:00,8.62
EPA-17,115_50,Station 17,"Ringsend, Dublin 4",53.341938,-6.214116,1.0,2023-06-24 12:00:00,8.71
EPA-17,115_50,Station 17,"Ringsend, Dublin 4",53.341938,-6.214116,1.0,2023-06-24 13:00:00,8.78
EPA-17,115_50,Station 17,"Ringsend, Dublin 4",53.341938,-6.214116,1.0,2023-06-24 14:00:00,10.65
EPA-17,115_50,Station 17,"Ringsend, Dublin 4",53.341938,-6.214116,1.0,2023-06-24 15:00:00,10.13
EPA-17,115_50,Station 17,"Ringsend, Dublin 4",53.341938,-6.214116,1.0,2023-06-24 16:00:00,9.66
EPA-17,115_50,Station 17,"Ringsend, Dublin 4",53.341938,-6.214116,1.0,2023-06-24 17:00:00,8.61
EPA-17,115_50,Station 17,"Ringsend, Dublin 4",53.341938,-6.214116,1.0,2023-06-24 18:00:00,9.42
EPA-17,115_50,Station 17,"Ringsend, Dublin 4",53.341938,-6.214116,1.0,2023-06-24 19:00:00,7.3
EPA-17,115_50,Station 17,"Ringsend, Dublin 4",53.341938,-6.214116,1.0,2023-06-24 20:00:00,5.99
EPA-17,115_50,Station 17,"Ringsend, Dublin 4",53.341938,-6.214116,1.0,2023-06-24 21:00:00,6.11
EPA-17,115_50,Station 17,"Ringsend, Dublin 4",53.341938,-6.214116,1.0,2023-06-24 22:00:00,7.49
EPA-17,115_50,Station 17,"Ringsend, Dublin 4",53.341938,-6.214116,1.0,2023-06-24 23:00:00,9.89
EPA-17,115_50,Station 17,"Ringsend, Dublin 4",53.341938,-6.214116,1.0,2023-06-25 00:00:00,8.66
EPA-17,115_50,Station 17,"Ringsend, Dublin 4",53.341938,-6.214116,1.0,2023-06-25 01:00:00,4.3
EPA-17,115_50,Station 17,"Ringsend, Dublin 4",53.341938,-6.214116,1.0,2023-06-25 02:00:00,5.71
EPA-17,115_50,Station 17,"Ringsend, Dublin 4",53.341938,-6.214116,1.0,2023-06-25 03:00:00,6.36
EPA-17,115_50,Station 17,"Ringsend, Dublin 4",53.341938,-6.214116,1.0,2023-06-25 04:00:00,5.0
EPA-17,115_50,Station 17,"Ringsend, Dublin 4",53.341938,-6.214116,1.0,2023-06-25 05:00:00,4.34
EPA-17,115_50,Station 17,"Ringsend, Dublin 4",53.341938,-6.214116,1.0,2023-06-25 06:00:00,4.98
EPA-17,115_50,Station 17,"Ringsend, Dublin 4",53.341938,-6.214116,1.0,2023-06-25 07:00:00,4.66
EPA-17,115_50,Station 17,"Ringsend, Dublin 4",53.341938,-6.214116,1.0,2023-06-25 08:00:00,4.82
EPA-17,115_50,Station 17,"Ringsend, Dublin 4",53.341938,-6.214116,1.0,2023-06-25 09:00:00,11.35
EPA-17,115_50,Station 17,"Ringsend, Dublin 4",53.341938,-6.214116,1.0,2023-06-25 10:00:00,8.6
EPA-17,115_50,Station 17,"Ringsend, Dublin 4",53.341938,-6.214116,1.0,2023-06-25 11:00:00,8.25
EPA-17,115_50,Station 17,"Ringsend, Dublin 4",53.341938,-6.214116,1.0,2023-06-25 12:00:00,6.64
EPA-17,115_50,Station 17,"Ringsend, Dublin 4",53.341938,-6.214116,1.0,2023-06-25 13:00:00,9.78
EPA-17,115_50,Station 17,"Ringsend, Dublin 4",53.341938,-6.214116,1.0,2023-06-25 14:00:00,9.5
EPA-17,115_50,Station 17,"Ringsend, Dublin 4",53.341938,-6.214116,1.0,2023-06-25 15:00:00,8.68
EPA-17,115_50,Station 17,"Ringsend, Dublin 4",53.341938,-6.214116,1.0,2023-06-25 16:00:00,8.25
EPA-17,115_50,Station 17,"Ringsend, Dublin 4",53.341938,-6.214116,1.0,2023-06-25 17:00:00,7.86
EPA-17,115_50,Station 17,"Ringsend, Dublin 4",53.341938,-6.214116,1.0,2023-06-25 18:00:00,8.33
EPA-17,115_50,Station 17,"Ringsend, Dublin 4",53.341938,-6.214116,1.0,2023-06-25 19:00:00,7.57
EPA-17,115_50,Station 17,"Ringsend, Dublin 4",53.341938,-6.214116,1.0,2023-06-25 20:00:00,6.79
EPA-17,115_50,Station 17,"Ringsend, Dublin 4",53.341938,-6.214116,1.0,2023-06-25 21:00:00,11.2
EPA-17,115_50,Station 17,"Ringsend, Dublin 4",53.341938,-6.214116,1.0,2023-06-25 22:00:00,8.5
EPA-17,115_50,Station 17,"Ringsend, Dublin 4",53.341938,-6.214116,1.0,2023-06-25 23:00:00,8.2
EPA-17,115_50,Station 17,"Ringsend, Dublin 4",53.341938,-6.214116,1.0,2023-06-26 00:00:00,5.83
EPA-17,115_50,Station 17,"Ringsend, Dublin 4",53.341938,-6.214116,1.0,2023-06-26 01:00:00,3.71
EPA-17,115_50,Station 17,"Ringsend, Dublin 4",53.341938,-6.214116,1.0,2023-06-26 02:00:00,2.74
EPA-17,115_50,Station 17,"Ringsend, Dublin 4",53.341938,-6.214116,1.0,2023-06-26 03:00:00,2.56
EPA-17,115_50,Station 17,"Ringsend, Dublin 4",53.341938,-6.214116,1.0,2023-06-26 04:00:00,2.79
EPA-17,115_50,Station 17,"Ringsend, Dublin 4",53.341938,-6.214116,1.0,2023-06-26 05:00:00,3.65
EPA-17,115_50,Station 17,"Ringsend, Dublin 4",53.341938,-6.214116,1.0,2023-06-26 06:00:00,4.58
EPA-17,115_50,Station 17,"Ringsend, Dublin 4",53.341938,-6.214116,1.0,2023-06-26 07:00:00,7.77
EPA-17,115_50,Station 17,"Ringsend, Dublin 4",53.341938,-6.214116,1.0,2023-06-26 08:00:00,10.01
EPA-17,115_50,Station 17,"Ringsend, Dublin 4",53.341938,-6.214116,1.0,2023-06-26 09:00:00,11.27
EPA-17,115_50,Station 17,"Ringsend, Dublin 4",53.341938,-6.214116,1.0,2023-06-26 10:00:00,10.87
EPA-17,115_50,Station 17,"Ringsend, Dublin 4",53.341938,-6.214116,1.0,2023-06-26 11:00:00,10.5
EPA-17,115_50,Station 17,"Ringsend, Dublin 4",53.341938,-6.214116,1.0,2023-06-26 12:00:00,10.75
EPA-17,115_50,Station 17,"Ringsend, Dublin 4",53.341938,-6.214116,1.0,2023-06-26 13:00:00,12.51
EPA-17,115_50,Station 17,"Ringsend, Dublin 4",53.341938,-6.214116,1.0,2023-06-26 14:00:00,11.99
EPA-17,115_50,Station 17,"Ringsend, Dublin 4",53.341938,-6.214116,1.0,2023-06-26 15:00:00,9.57
EPA-17,115_50,Station 17,"Ringsend, Dublin 4",53.341938,-6.214116,1.0,2023-06-26 16:00:00,8.98
EPA-17,115_50,Station 17,"Ringsend, Dublin 4",53.341938,-6.214116,1.0,2023-06-26 17:00:00,9.41
EPA-17,115_50,Station 17,"Ringsend, Dublin 4",53.341938,-6.214116,1.0,2023-06-26 18:00:00,8.54
EPA-17,115_50,Station 17,"Ringsend, Dublin 4",53.341938,-6.214116,1.0,2023-06-26 19:00:00,7.02
EPA-17,115_50,Station 17,"Ringsend, Dublin 4",53.341938,-6.214116,1.0,2023-06-26 20:00:00,7.84
EPA-17,115_50,Station 17,"Ringsend, Dublin 4",53.341938,-6.214116,1.0,2023-06-26 21:00:00,6.82
EPA-17,115_50,Station 17,"Ringsend, Dublin 4",53.341938,-6.214116,1.0,2023-06-26 22:00:00,8.55
EPA-17,115_50,Station 17,"Ringsend, Dublin 4",53.341938,-6.214116,1.0,2023-06-26 23:00:00,6.11
EPA-17,115_50,Station 17,"Ringsend, Dublin 4",53.341938,-6.214116,1.0,2023-06-27 00:00:00,4.88
EPA-17,115_50,Station 17,"Ringsend, Dublin 4",53.341938,-6.214116,1.0,2023-06-27 01:00:00,4.31
EPA-17,115_50,Station 17,"Ringsend, Dublin 4",53.341938,-6.214116,1.0,2023-06-27 02:00:00,3.67
EPA-17,115_50,Station 17,"Ringsend, Dublin 4",53.341938,-6.214116,1.0,2023-06-27 03:00:00,3.19
EPA-17,115_50,Station 17,"Ringsend, Dublin 4",53.341938,-6.214116,1.0,2023-06-27 04:00:00,2.99
EPA-17,115_50,Station 17,"Ringsend, Dublin 4",53.341938,-6.214116,1.0,2023-06-27 05:00:00,6.63
EPA-17,115_50,Station 17,"Ringsend, Dublin 4",53.341938,-6.214116,1.0,2023-06-27 06:00:00,32.81
EPA-17,115_50,Station 17,"Ringsend, Dublin 4",53.341938,-6.214116,1.0,2023-06-27 07:00:00,27.15
EPA-17,115_50,Station 17,"Ringsend, Dublin 4",53.341938,-6.214116,1.0,2023-06-27 08:00:00,23.77
EPA-17,115_50,Station 17,"Ringsend, Dublin 4",53.341938,-6.214116,1.0,2023-06-27 09:00:00,9.52
EPA-17,115_50,Station 17,"Ringsend, Dublin 4",53.341938,-6.214116,1.0,2023-06-27 10:00:00,8.28
EPA-17,115_50,Station 17,"Ringsend, Dublin 4",53.341938,-6.214116,1.0,2023-06-27 11:00:00,8.58
EPA-17,115_50,Station 17,"Ringsend, Dublin 4",53.341938,-6.214116,1.0,2023-06-27 12:00:00,12.68
EPA-17,115_50,Station 17,"Ringsend, Dublin 4",53.341938,-6.214116,1.0,2023-06-27 13:00:00,10.11
EPA-17,115_50,Station 17,"Ringsend, Dublin 4",53.341938,-6.214116,1.0,2023-06-27 14:00:00,9.17
EPA-17,115_50,Station 17,"Ringsend, Dublin 4",53.341938,-6.214116,1.0,2023-06-27 15:00:00,8.54
EPA-17,115_50,Station 17,"Ringsend, Dublin 4",53.341938,-6.214116,1.0,2023-06-27 16:00:00,11.0
EPA-17,115_50,Station 17,"Ringsend, Dublin 4",53.341938,-6.214116,1.0,2023-06-27 17:00:00,9.6
EPA-17,115_50,Station 17,"Ringsend, Dublin 4",53.341938,-6.214116,1.0,2023-06-27 18:00:00,9.87
EPA-17,115_50,Station 17,"Ringsend, Dublin 4",53.341938,-6.214116,1.0,2023-06-27 19:00:00,9.14
EPA-17,115_50,Station 17,"Ringsend, Dublin 4",53.341938,-6.214116,1.0,2023-06-27 20:00:00,8.93
EPA-17,115_50,Station 17,"Ringsend, Dublin 4",53.341938,-6.214116,1.0,2023-06-27 21:00:00,9.22
EPA-17,115_50,Station 17,"Ringsend, Dublin 4",53.341938,-6.214116,1.0,2023-06-27 22:00:00,8.06
EPA-17,115_50,Station 17,"Ringsend, Dublin 4",53.341938,-6.214116,1.0,2023-06-27 23:00:00,6.86
EPA-17,115_50,Station 17,"Ringsend, Dublin 4",53.341938,-6.214116,1.0,2023-06-28 00:00:00,4.81
EPA-17,115_50,Station 17,"Ringsend, Dublin 4",53.341938,-6.214116,1.0,2023-06-28 01:00:00,4.18
EPA-17,115_50,Station 17,"Ringsend, Dublin 4",53.341938,-6.214116,1.0,2023-06-28 02:00:00,12.35
EPA-17,115_50,Station 17,"Ringsend, Dublin 4",53.341938,-6.214116,1.0,2023-06-28 03:00:00,3.82
EPA-17,115_50,Station 17,"Ringsend, Dublin 4",53.341938,-6.214116,1.0,2023-06-28 04:00:00,3.44
EPA-17,115_50,Station 17,"Ringsend, Dublin 4",53.341938,-6.214116,1.0,2023-06-28 05:00:00,4.85
EPA-17,115_50,Station 17,"Ringsend, Dublin 4",53.341938,-6.214116,1.0,2023-06-28 06:00:00,13.94
EPA-17,115_50,Station 17,"Ringsend, Dublin 4",53.341938,-6.214116,1.0,2023-06-28 07:00:00,27.31
EPA-17,115_50,Station 17,"Ringsend, Dublin 4",53.341938,-6.214116,1.0,2023-06-28 08:00:00,32.93
EPA-17,115_50,Station 17,"Ringsend, Dublin 4",53.341938,-6.214116,1.0,2023-06-28 09:00:00,17.53
EPA-17,115_50,Station 17,"Ringsend, Dublin 4",53.341938,-6.214116,1.0,2023-06-28 10:00:00,24.53
EPA-17,115_50,Station 17,"Ringsend, Dublin 4",53.341938,-6.214116,1.0,2023-06-28 11:00:00,26.24
EPA-17,115_50,Station 17,"Ringsend, Dublin 4",53.341938,-6.214116,1.0,2023-06-28 12:00:00,23.77
EPA-17,115_50,Station 17,"Ringsend, Dublin 4",53.341938,-6.214116,1.0,2023-06-28 13:00:00,15.69
EPA-17,115_50,Station 17,"Ringsend, Dublin 4",53.341938,-6.214116,1.0,2023-06-28 14:00:00,18.83
EPA-17,115_50,Station 17,"Ringsend, Dublin 4",53.341938,-6.214116,1.0,2023-06-28 15:00:00,22.97
EPA-17,115_50,Station 17,"Ringsend, Dublin 4",53.341938,-6.214116,1.0,2023-06-28 16:00:00,21.09
EPA-17,115_50,Station 17,"Ringsend, Dublin 4",53.341938,-6.214116,1.0,2023-06-28 17:00:00,18.12
EPA-17,115_50,Station 17,"Ringsend, Dublin 4",53.341938,-6.214116,1.0,2023-06-28 18:00:00,16.09
EPA-17,115_50,Station 17,"Ringsend, Dublin 4",53.341938,-6.214116,1.0,2023-06-28 19:00:00,14.96
EPA-17,115_50,Station 17,"Ringsend, Dublin 4",53.341938,-6.214116,1.0,2023-06-28 20:00:00,17.5
EPA-17,115_50,Station 17,"Ringsend, Dublin 4",53.341938,-6.214116,1.0,2023-06-28 21:00:00,11.61
EPA-17,115_50,Station 17,"Ringsend, Dublin 4",53.341938,-6.214116,1.0,2023-06-28 22:00:00,16.86
EPA-17,115_50,Station 17,"Ringsend, Dublin 4",53.341938,-6.214116,1.0,2023-06-29 01:00:00,13.0
EPA-17,115_50,Station 17,"Ringsend, Dublin 4",53.341938,-6.214116,1.0,2023-06-29 02:00:00,10.73
EPA-17,115_50,Station 17,"Ringsend, Dublin 4",53.341938,-6.214116,1.0,2023-06-29 03:00:00,6.1
EPA-17,115_50,Station 17,"Ringsend, Dublin 4",53.341938,-6.214116,1.0,2023-06-29 04:00:00,8.09
EPA-17,115_50,Station 17,"Ringsend, Dublin 4",53.341938,-6.214116,1.0,2023-06-29 05:00:00,10.17
EPA-17,115_50,Station 17,"Ringsend, Dublin 4",53.341938,-6.214116,1.0,2023-06-29 06:00:00,11.78
EPA-17,115_50,Station 17,"Ringsend, Dublin 4",53.341938,-6.214116,1.0,2023-06-29 07:00:00,19.4
EPA-17,115_50,Station 17,"Ringsend, Dublin 4",53.341938,-6.214116,1.0,2023-06-29 08:00:00,16.12
EPA-17,115_50,Station 17,"Ringsend, Dublin 4",53.341938,-6.214116,1.0,2023-06-29 09:00:00,13.07
EPA-17,115_50,Station 17,"Ringsend, Dublin 4",53.341938,-6.214116,1.0,2023-06-29 10:00:00,15.39
EPA-17,115_50,Station 17,"Ringsend, Dublin 4",53.341938,-6.214116,1.0,2023-06-29 11:00:00,16.92
EPA-17,115_50,Station 17,"Ringsend, Dublin 4",53.341938,-6.214116,1.0,2023-06-29 12:00:00,13.09
EPA-17,115_50,Station 17,"Ringsend, Dublin 4",53.341938,-6.214116,1.0,2023-06-29 13:00:00,15.88
EPA-17,115_50,Station 17,"Ringsend, Dublin 4",53.341938,-6.214116,1.0,2023-06-29 14:00:00,12.05
EPA-17,115_50,Station 17,"Ringsend, Dublin 4",53.341938,-6.214116,1.0,2023-06-29 15:00:00,14.94
EPA-17,115_50,Station 17,"Ringsend, Dublin 4",53.341938,-6.214116,1.0,2023-06-29 16:00:00,10.35
EPA-17,115_50,Station 17,"Ringsend, Dublin 4",53.341938,-6.214116,1.0,2023-06-29 17:00:00,11.02
EPA-17,115_50,Station 17,"Ringsend, Dublin 4",53.341938,-6.214116,1.0,2023-06-29 18:00:00,7.48
EPA-17,115_50,Station 17,"Ringsend, Dublin 4",53.341938,-6.214116,1.0,2023-06-29 19:00:00,6.28
EPA-17,115_50,Station 17,"Ringsend, Dublin 4",53.341938,-6.214116,1.0,2023-06-29 20:00:00,7.52
EPA-17,115_50,Station 17,"Ringsend, Dublin 4",53.341938,-6.214116,1.0,2023-06-29 21:00:00,7.61
EPA-17,115_50,Station 17,"Ringsend, Dublin 4",53.341938,-6.214116,1.0,2023-06-29 22:00:00,6.52
EPA-17,115_50,Station 17,"Ringsend, Dublin 4",53.341938,-6.214116,1.0,2023-06-29 23:00:00,5.62
EPA-17,115_50,Station 17,"Ringsend, Dublin 4",53.341938,-6.214116,1.0,2023-06-30 00:00:00,6.73
EPA-17,115_50,Station 17,"Ringsend, Dublin 4",53.341938,-6.214116,1.0,2023-06-30 01:00:00,3.74
EPA-17,115_50,Station 17,"Ringsend, Dublin 4",53.341938,-6.214116,1.0,2023-06-30 02:00:00,3.26
EPA-17,115_50,Station 17,"Ringsend, Dublin 4",53.341938,-6.214116,1.0,2023-06-30 03:00:00,2.7
EPA-17,115_50,Station 17,"Ringsend, Dublin 4",53.341938,-6.214116,1.0,2023-06-30 04:00:00,3.35
EPA-17,115_50,Station 17,"Ringsend, Dublin 4",53.341938,-6.214116,1.0,2023-06-30 05:00:00,3.52
EPA-17,115_50,Station 17,"Ringsend, Dublin 4",53.341938,-6.214116,1.0,2023-06-30 06:00:00,4.45
EPA-17,115_50,Station 17,"Ringsend, Dublin 4",53.341938,-6.214116,1.0,2023-06-30 07:00:00,7.31
EPA-17,115_50,Station 17,"Ringsend, Dublin 4",53.341938,-6.214116,1.0,2023-06-30 08:00:00,21.79
EPA-17,115_50,Station 17,"Ringsend, Dublin 4",53.341938,-6.214116,1.0,2023-06-30 09:00:00,11.11
EPA-17,115_50,Station 17,"Ringsend, Dublin 4",53.341938,-6.214116,1.0,2023-06-30 10:00:00,11.5
EPA-17,115_50,Station 17,"Ringsend, Dublin 4",53.341938,-6.214116,1.0,2023-06-30 11:00:00,9.36
EPA-17,115_50,Station 17,"Ringsend, Dublin 4",53.341938,-6.214116,1.0,2023-06-30 12:00:00,9.4
EPA-17,115_50,Station 17,"Ringsend, Dublin 4",53.341938,-6.214116,1.0,2023-06-30 13:00:00,11.35
EPA-17,115_50,Station 17,"Ringsend, Dublin 4",53.341938,-6.214116,1.0,2023-06-30 14:00:00,10.13
EPA-17,115_50,Station 17,"Ringsend, Dublin 4",53.341938,-6.214116,1.0,2023-06-30 15:00:00,8.83
EPA-17,115_50,Station 17,"Ringsend, Dublin 4",53.341938,-6.214116,1.0,2023-06-30 16:00:00,10.14
EPA-17,115_50,Station 17,"Ringsend, Dublin 4",53.341938,-6.214116,1.0,2023-06-30 17:00:00,8.34
EPA-17,115_50,Station 17,"Ringsend, Dublin 4",53.341938,-6.214116,1.0,2023-06-30 18:00:00,6.67
EPA-17,115_50,Station 17,"Ringsend, Dublin 4",53.341938,-6.214116,1.0,2023-06-30 19:00:00,6.71
EPA-17,115_50,Station 17,"Ringsend, Dublin 4",53.341938,-6.214116,1.0,2023-06-30 20:00:00,6.98
EPA-17,115_50,Station 17,"Ringsend, Dublin 4",53.341938,-6.214116,1.0,2023-06-30 21:00:00,7.56
EPA-17,115_50,Station 17,"Ringsend, Dublin 4",53.341938,-6.214116,1.0,2023-06-30 22:00:00,8.77
EPA-22,80_26,Station 22,"Rathmines, Dublin 6",53.322029,-6.267154,2.0,2023-06-01 01:00:00,13.45
EPA-22,80_26,Station 22,"Rathmines, Dublin 6",53.322029,-6.267154,2.0,2023-06-01 02:00:00,15.5
EPA-22,80_26,Station 22,"Rathmines, Dublin 6",53.322029,-6.267154,2.0,2023-06-01 03:00:00,11.93
EPA-22,80_26,Station 22,"Rathmines, Dublin 6",53.322029,-6.267154,2.0,2023-06-01 04:00:00,11.92
EPA-22,80_26,Station 22,"Rathmines, Dublin 6",53.322029,-6.267154,2.0,2023-06-01 05:00:00,24.44
EPA-22,80_26,Station 22,"Rathmines, Dublin 6",53.322029,-6.267154,2.0,2023-06-01 06:00:00,23.2
EPA-22,80_26,Station 22,"Rathmines, Dublin 6",53.322029,-6.267154,2.0,2023-06-01 07:00:00,30.97
EPA-22,80_26,Station 22,"Rathmines, Dublin 6",53.322029,-6.267154,2.0,2023-06-01 08:00:00,32.03
EPA-22,80_26,Station 22,"Rathmines, Dublin 6",53.322029,-6.267154,2.0,2023-06-01 09:00:00,18.69
EPA-22,80_26,Station 22,"Rathmines, Dublin 6",53.322029,-6.267154,2.0,2023-06-01 10:00:00,49.49
EPA-22,80_26,Station 22,"Rathmines, Dublin 6",53.322029,-6.267154,2.0,2023-06-01 11:00:00,16.95
EPA-22,80_26,Station 22,"Rathmines, Dublin 6",53.322029,-6.267154,2.0,2023-06-01 12:00:00,22.65
EPA-22,80_26,Station 22,"Rathmines, Dublin 6",53.322029,-6.267154,2.0,2023-06-01 13:00:00,16.69
EPA-22,80_26,Station 22,"Rathmines, Dublin 6",53.322029,-6.267154,2.0,2023-06-01 14:00:00,14.87
EPA-22,80_26,Station 22,"Rathmines, Dublin 6",53.322029,-6.267154,2.0,2023-06-01 15:00:00,18.87
EPA-22,80_26,Station 22,"Rathmines, Dublin 6",53.322029,-6.267154,2.0,2023-06-01 16:00:00,13.96
EPA-22,80_26,Station 22,"Rathmines, Dublin 6",53.322029,-6.267154,2.0,2023-06-01 17:00:00,21.23
EPA-22,80_26,Station 22,"Rathmines, Dublin 6",53.322029,-6.267154,2.0,2023-06-01 18:00:00,17.04
EPA-22,80_26,Station 22,"Rathmines, Dublin 6",53.322029,-6.267154,2.0,2023-06-01 19:00:00,21.88
EPA-22,80_26,Station 22,"Rathmines, Dublin 6",53.322029,-6.267154,2.0,2023-06-01 20:00:00,20.01
EPA-22,80_26,Station 22,"Rathmines, Dublin 6",53.322029,-6.267154,2.0,2023-06-01 21:00:00,14.38
EPA-22,80_26,Station 22,"Rathmines, Dublin 6",53.322029,-6.267154,2.0,2023-06-01 22:00:00,20.09
EPA-22,80_26,Station 22,"Rathmines, Dublin 6",53.322029,-6.267154,2.0,2023-06-01 22:01:00,
EPA-22,80_26,Station 22,"Rathmines, Dublin 6",53.322029,-6.267154,2.0,2023-06-01 23:01:00,
EPA-22,80_26,Station 22,"Rathmines, Dublin 6",53.322029,-6.267154,2.0,2023-06-02 17:00:00,15.61
EPA-22,80_26,Station 22,"Rathmines, Dublin 6",53.322029,-6.267154,2.0,2023-06-02 18:00:00,20.12
EPA-22,80_26,Station 22,"Rathmines, Dublin 6",53.322029,-6.267154,2.0,2023-06-02 19:00:00,24.76
EPA-22,80_26,Station 22,"Rathmines, Dublin 6",53.322029,-6.267154,2.0,2023-06-02 20:00:00,30.9
EPA-22,80_26,Station 22,"Rathmines, Dublin 6",53.322029,-6.267154,2.0,2023-06-02 21:00:00,39.96
EPA-22,80_26,Station 22,"Rathmines, Dublin 6",53.322029,-6.267154,2.0,2023-06-02 22:00:00,35.04
EPA-22,80_26,Station 22,"Rathmines, Dublin 6",53.322029,-6.267154,2.0,2023-06-02 23:00:00,32.56
EPA-22,80_26,Station 22,"Rathmines, Dublin 6",53.322029,-6.267154,2.0,2023-06-03 00:00:00,29.19
EPA-22,80_26,Station 22,"Rathmines, Dublin 6",53.322029,-6.267154,2.0,2023-06-03 01:00:00,25.52
EPA-22,80_26,Station 22,"Rathmines, Dublin 6",53.322029,-6.267154,2.0,2023-06-03 02:00:00,17.65
EPA-22,80_26,Station 22,"Rathmines, Dublin 6",53.322029,-6.267154,2.0,2023-06-03 03:00:00,14.52
EPA-22,80_26,Station 22,"Rathmines, Dublin 6",53.322029,-6.267154,2.0,2023-06-03 04:00:00,12.66
EPA-22,80_26,Station 22,"Rathmines, Dublin 6",53.322029,-6.267154,2.0,2023-06-03 05:00:00,16.29
EPA-22,80_26,Station 22,"Rathmines, Dublin 6",53.322029,-6.267154,2.0,2023-06-03 06:00:00,23.05
EPA-22,80_26,Station 22,"Rathmines, Dublin 6",53.322029,-6.267154,2.0,2023-06-03 07:00:00,29.49
EPA-22,80_26,Station 22,"Rathmines, Dublin 6",53.322029,-6.267154,2.0,2023-06-03 08:00:00,35.19
EPA-22,80_26,Station 22,"Rathmines, Dublin 6",53.322029,-6.267154,2.0,2023-06-03 09:00:00,32.48
EPA-22,80_26,Station 22,"Rathmines, Dublin 6",53.322029,-6.267154,2.0,2023-06-03 10:00:00,34.97
EPA-22,80_26,Station 22,"Rathmines, Dublin 6",53.322029,-6.267154,2.0,2023-06-03 11:00:00,16.99
EPA-22,80_26,Station 22,"Rathmines, Dublin 6",53.322029,-6.267154,2.0,2023-06-03 12:00:00,16.81
EPA-22,80_26,Station 22,"Rathmines, Dublin 6",53.322029,-6.267154,2.0,2023-06-03 13:00:00,12.34
EPA-22,80_26,Station 22,"Rathmines, Dublin 6",53.322029,-6.267154,2.0,2023-06-03 14:00:00,9.74
EPA-22,80_26,Station 22,"Rathmines, Dublin 6",53.322029,-6.267154,2.0,2023-06-03 15:00:00,10.66
EPA-22,80_26,Station 22,"Rathmines, Dublin 6",53.322029,-6.267154,2.0,2023-06-03 16:00:00,10.43
EPA-22,80_26,Station 22,"Rathmines, Dublin 6",53.322029,-6.267154,2.0,2023-06-03 17:00:00,19.34
EPA-22,80_26,Station 22,"Rathmines, Dublin 6",53.322029,-6.267154,2.0,2023-06-03 18:00:00,24.18
EPA-22,80_26,Station 22,"Rathmines, Dublin 6",53.322029,-6.267154,2.0,2023-06-03 19:00:00,21.09
EPA-22,80_26,Station 22,"Rathmines, Dublin 6",53.322029,-6.267154,2.0,2023-06-03 20:00:00,29.0
EPA-22,80_26,Station 22,"Rathmines, Dublin 6",53.322029,-6.267154,2.0,2023-06-03 21:00:00,32.36
EPA-22,80_26,Station 22,"Rathmines, Dublin 6",53.322029,-6.267154,2.0,2023-06-03 22:00:00,29.99
EPA-22,80_26,Station 22,"Rathmines, Dublin 6",53.322029,-6.267154,2.0,2023-06-03 23:00:00,17.28
EPA-22,80_26,Station 22,"Rathmines, Dublin 6",53.322029,-6.267154,2.0,2023-06-04 00:00:00,22.63
EPA-22,80_26,Station 22,"Rathmines, Dublin 6",53.322029,-6.267154,2.0,2023-06-04 01:00:00,22.08
EPA-22,80_26,Station 22,"Rathmines, Dublin 6",53.322029,-6.267154,2.0,2023-06-04 02:00:00,16.84
EPA-22,80_26,Station 22,"Rathmines, Dublin 6",53.322029,-6.267154,2.0,2023-06-04 03:00:00,20.07
EPA-22,80_26,Station 22,"Rathmines, Dublin 6",53.322029,-6.267154,2.0,2023-06-04 04:00:00,19.1
EPA-22,80_26,Station 22,"Rathmines, Dublin 6",53.322029,-6.267154,2.0,2023-06-04 05:00:00,14.93
EPA-22,80_26,Station 22,"Rathmines, Dublin 6",53.322029,-6.267154,2.0,2023-06-04 06:00:00,16.81
EPA-22,80_26,Station 22,"Rathmines, Dublin 6",53.322029,-6.267154,2.0,2023-06-04 07:00:00,21.56
EPA-22,80_26,Station 22,"Rathmines, Dublin 6",53.322029,-6.267154,2.0,2023-06-04 08:00:00,46.17
EPA-22,80_26,Station 22,"Rathmines, Dublin 6",53.322029,-6.267154,2.0,2023-06-04 09:00:00,27.48
EPA-22,80_26,Station 22,"Rathmines, Dublin 6",53.322029,-6.267154,2.0,2023-06-04 10:00:00,13.99
EPA-22,80_26,Station 22,"Rathmines, Dublin 6",53.322029,-6.267154,2.0,2023-06-04 11:00:00,12.76
EPA-22,80_26,Station 22,"Rathmines, Dublin 6",53.322029,-6.267154,2.0,2023-06-04 12:00:00,14.57
EPA-22,80_26,Station 22,"Rathmines, Dublin 6",53.322029,-6.267154,2.0,2023-06-04 13:00:00,8.59
EPA-22,80_26,Station 22,"Rathmines, Dublin 6",53.322029,-6.267154,2.0,2023-06-04 14:00:00,7.21
EPA-22,80_26,Station 22,"Rathmines, Dublin 6",53.322029,-6.267154,2.0,2023-06-04 15:00:00,12.38
EPA-22,80_26,Station 22,"Rathmines, Dublin 6",53.322029,-6.267154,2.0,2023-06-04 16:00:00,13.15
EPA-22,80_26,Station 22,"Rathmines, Dublin 6",53.322029,-6.267154,2.0,2023-06-04 17:00:00,14.53
EPA-22,80_26,Station 22,"Rathmines, Dublin 6",53.322029,-6.267154,2.0,2023-06-04 18:00:00,14.51
EPA-22,80_26,Station 22,"Rathmines, Dublin 6",53.322029,-6.267154,2.0,2023-06-04 19:00:00,21.96
EPA-22,80_26,Station 22,"Rathmines, Dublin 6",53.322029,-6.267154,2.0,2023-06-04 20:00:00,27.7
EPA-22,80_26,Station 22,"Rathmines, Dublin 6",53.322029,-6.267154,2.0,2023-06-04 21:00:00,21.28
EPA-22,80_26,Station 22,"Rathmines, Dublin 6",53.322029,-6.267154,2.0,2023-06-04 22:00:00,18.33
EPA-22,80_26,Station 22,"Rathmines, Dublin 6",53.322029,-6.267154,2.0,2023-06-04 23:00:00,12.8
EPA-22,80_26,Station 22,"Rathmines, Dublin 6",53.322029,-6.267154,2.0,2023-06-05 00:00:00,17.5
EPA-22,80_26,Station 22,"Rathmines, Dublin 6",53.322029,-6.267154,2.0,2023-06-05 01:00:00,21.76
EPA-22,80_26,Station 22,"Rathmines, Dublin 6",53.322029,-6.267154,2.0,2023-06-05 02:00:00,18.94
EPA-22,80_26,Station 22,"Rathmines, Dublin 6",53.322029,-6.267154,2.0,2023-06-05 03:00:00,18.6
EPA-22,80_26,Station 22,"Rathmines, Dublin 6",53.322029,-6.267154,2.0,2023-06-05 04:00:00,21.52
EPA-22,80_26,Station 22,"Rathmines, Dublin 6",53.322029,-6.267154,2.0,2023-06-05 05:00:00,21.52
EPA-22,80_26,Station 22,"Rathmines, Dublin 6",53.322029,-6.267154,2.0,2023-06-05 06:00:00,22.38
EPA-22,80_26,Station 22,"Rathmines, Dublin 6",53.322029,-6.267154,2.0,2023-06-05 07:00:00,24.99
EPA-22,80_26,Station 22,"Rathmines, Dublin 6",53.322029,-6.267154,2.0,2023-06-05 08:00:00,28.19
EPA-22,80_26,Station 22,"Rathmines, Dublin 6",53.322029,-6.267154,2.0,2023-06-05 09:00:00,15.97
EPA-22,80_26,Station 22,"Rathmines, Dublin 6",53.322029,-6.267154,2.0,2023-06-05 10:00:00,7.58
EPA-22,80_26,Station 22,"Rathmines, Dublin 6",53.322029,-6.267154,2.0,2023-06-05 11:00:00,7.26
EPA-22,80_26,Station 22,"Rathmines, Dublin 6",53.322029,-6.267154,2.0,2023-06-05 12:00:00,8.64
EPA-22,80_26,Station 22,"Rathmines, Dublin 6",53.322029,-6.267154,2.0,2023-06-05 13:00:00,8.34
EPA-22,80_26,Station 22,"Rathmines, Dublin 6",53.322029,-6.267154,2.0,2023-06-05 14:00:00,7.0
EPA-22,80_26,Station 22,"Rathmines, Dublin 6",53.322029,-6.267154,2.0,2023-06-05 15:00:00,14.86
EPA-22,80_26,Station 22,"Rathmines, Dublin 6",53.322029,-6.267154,2.0,2023-06-05 16:00:00,19.58
EPA-22,80_26,Station 22,"Rathmines, Dublin 6",53.322029,-6.267154,2.0,2023-06-05 17:00:00,10.36
EPA-22,80_26,Station 22,"Rathmines, Dublin 6",53.322029,-6.267154,2.0,2023-06-05 18:00:00,12.18
EPA-22,80_26,Station 22,"Rathmines, Dublin 6",53.322029,-6.267154,2.0,2023-06-05 19:00:00,18.03
EPA-22,80_26,Station 22,"Rathmines, Dublin 6",53.322029,-6.267154,2.0,2023-06-05 20:00:00,32.6
EPA-22,80_26,Station 22,"Rathmines, Dublin 6",53.322029,-6.267154,2.0,2023-06-05 21:00:00,40.14
EPA-22,80_26,Station 22,"Rathmines, Dublin 6",53.322029,-6.267154,2.0,2023-06-05 22:00:00,21.18
EPA-22,80_26,Station 22,"Rathmines, Dublin 6",53.322029,-6.267154,2.0,2023-06-05 23:00:00,21.67
EPA-22,80_26,Station 22,"Rathmines, Dublin 6",53.322029,-6.267154,2.0,2023-06-06 00:00:00,19.07
EPA-22,80_26,Station 22,"Rathmines, Dublin 6",53.322029,-6.267154,2.0,2023-06-06 01:00:00,16.99
EPA-22,80_26,Station 22,"Rathmines, Dublin 6",53.322029,-6.267154,2.0,2023-06-06 02:00:00,8.65
EPA-22,80_26,Station 22,"Rathmines, Dublin 6",53.322029,-6.267154,2.0,2023-06-06 03:00:00,6.92
EPA-22,80_26,Station 22,"Rathmines, Dublin 6",53.322029,-6.267154,2.0,2023-06-06 04:00:00,10.95
EPA-22,80_26,Station 22,"Rathmines, Dublin 6",53.322029,-6.267154,2.0,2023-06-06 05:00:00,11.77
EPA-22,80_26,Station 22,"Rathmines, Dublin 6",53.322029,-6.267154,2.0,2023-06-06 06:00:00,19.83
EPA-22,80_26,Station 22,"Rathmines, Dublin 6",53.322029,-6.267154,2.0,2023-06-06 07:00:00,32.93
EPA-22,80_26,Station 22,"Rathmines, Dublin 6",53.322029,-6.267154,2.0,2023-06-06 08:00:00,29.91
EPA-22,80_26,Station 22,"Rathmines, Dublin 6",53.322029,-6.267154,2.0,2023-06-06 09:00:00,19.29
EPA-22,80_26,Station 22,"Rathmines, Dublin 6",53.322029,-6.267154,2.0,2023-06-06 10:00:00,21.49
EPA-22,80_26,Station 22,"Rathmines, Dublin 6",53.322029,-6.267154,2.0,2023-06-06 11:00:00,16.1
EPA-22,80_26,Station 22,"Rathmines, Dublin 6",53.322029,-6.267154,2.0,2023-06-06 12:00:00,19.61
EPA-22,80_26,Station 22,"Rathmines, Dublin 6",53.322029,-6.267154,2.0,2023-06-06 13:00:00,12.12
EPA-22,80_26,Station 22,"Rathmines, Dublin 6",53.322029,-6.267154,2.0,2023-06-06 14:00:00,11.35
EPA-22,80_26,Station 22,"Rathmines, Dublin 6",53.322029,-6.267154,2.0,2023-06-06 15:00:00,16.72
EPA-22,80_26,Station 22,"Rathmines, Dublin 6",53.322029,-6.267154,2.0,2023-06-06 16:00:00,10.98
EPA-22,80_26,Station 22,"Rathmines, Dublin 6",53.322029,-6.267154,2.0,2023-06-06 17:00:00,11.58
EPA-22,80_26,Station 22,"Rathmines, Dublin 6",53.322029,-6.267154,2.0,2023-06-06 18:00:00,12.73
EPA-22,80_26,Station 22,"Rathmines, Dublin 6",53.322029,-6.267154,2.0,2023-06-06 19:00:00,15.66
EPA-22,80_26,Station 22,"Rathmines, Dublin 6",53.322029,-6.267154,2.0,2023-06-06 20:00:00,11.47
EPA-22,80_26,Station 22,"Rathmines, Dublin 6",53.322029,-6.267154,2.0,2023-06-06 21:00:00,11.58
EPA-22,80_26,Station 22,"Rathmines, Dublin 6",53.322029,-6.267154,2.0,2023-06-06 22:00:00,15.13
EPA-22,80_26,Station 22,"Rathmines, Dublin 6",53.322029,-6.267154,2.0,2023-06-06 23:00:00,11.01
EPA-22,80_26,Station 22,"Rathmines, Dublin 6",53.322029,-6.267154,2.0,2023-06-07 00:00:00,13.4
EPA-22,80_26,Station 22,"Rathmines, Dublin 6",53.322029,-6.267154,2.0,2023-06-07 01:00:00,11.77
EPA-22,80_26,Station 22,"Rathmines, Dublin 6",53.322029,-6.267154,2.0,2023-06-07 02:00:00,9.62
EPA-22,80_26,Station 22,"Rathmines, Dublin 6",53.322029,-6.267154,2.0,2023-06-07 03:00:00,17.77
EPA-22,80_26,Station 22,"Rathmines, Dublin 6",53.322029,-6.267154,2.0,2023-06-07 04:00:00,16.47
EPA-22,80_26,Station 22,"Rathmines, Dublin 6",53.322029,-6.267154,2.0,2023-06-07 05:00:00,8.46
EPA-22,80_26,Station 22,"Rathmines, Dublin 6",53.322029,-6.267154,2.0,2023-06-07 06:00:00,12.27
EPA-22,80_26,Station 22,"Rathmines, Dublin 6",53.322029,-6.267154,2.0,2023-06-07 07:00:00,16.15
EPA-22,80_26,Station 22,"Rathmines, Dublin 6",53.322029,-6.267154,2.0,2023-06-07 08:00:00,21.93
EPA-22,80_26,Station 22,"Rathmines, Dublin 6",53.322029,-6.267154,2.0,2023-06-07 09:00:00,15.56
EPA-22,80_26,Station 22,"Rathmines, Dublin 6",53.322029,-6.267154,2.0,2023-06-07 10:00:00,11.48
EPA-22,80_26,Station 22,"Rathmines, Dublin 6",53.322029,-6.267154,2.0,2023-06-07 11:00:00,9.4
EPA-22,80_26,Station 22,"Rathmines, Dublin 6",53.322029,-6.267154,2.0,2023-06-07 12:00:00,11.77
EPA-22,80_26,Station 22,"Rathmines, Dublin 6",53.322029,-6.267154,2.0,2023-06-07 13:00:00,24.39
EPA-22,80_26,Station 22,"Rathmines, Dublin 6",53.322029,-6.267154,2.0,2023-06-07 14:00:00,22.79
EPA-22,80_26,Station 22,"Rathmines, Dublin 6",53.322029,-6.267154,2.0,2023-06-07 15:00:00,10.69
EPA-22,80_26,Station 22,"Rathmines, Dublin 6",53.322029,-6.267154,2.0,2023-06-07 16:00:00,13.02
EPA-22,80_26,Station 22,"Rathmines, Dublin 6",53.322029,-6.267154,2.0,2023-06-07 17:00:00,18.94
EPA-22,80_26,Station 22,"Rathmines, Dublin 6",53.322029,-6.267154,2.0,2023-06-07 18:00:00,11.19
EPA-22,80_26,Station 22,"Rathmines, Dublin 6",53.322029,-6.267154,2.0,2023-06-07 19:00:00,15.98
EPA-22,80_26,Station 22,"Rathmines, Dublin 6",53.322029,-6.267154,2.0,2023-06-07 20:00:00,23.4
EPA-22,80_26,Station 22,"Rathmines, Dublin 6",53.322029,-6.267154,2.0,2023-06-07 21:00:00,26.75
EPA-22,80_26,Station 22,"Rathmines, Dublin 6",53.322029,-6.267154,2.0,2023-06-07 22:00:00,21.52
EPA-22,80_26,Station 22,"Rathmines, Dublin 6",53.322029,-6.267154,2.0,2023-06-08 01:00:00,14.23
EPA-22,80_26,Station 22,"Rathmines, Dublin 6",53.322029,-6.267154,2.0,2023-06-08 02:00:00,13.48
EPA-22,80_26,Station 22,"Rathmines, Dublin 6",53.322029,-6.267154,2.0,2023-06-08 03:00:00,7.71
EPA-22,80_26,Station 22,"Rathmines, Dublin 6",53.322029,-6.267154,2.0,2023-06-08 04:00:00,6.7
EPA-22,80_26,Station 22,"Rathmines, Dublin 6",53.322029,-6.267154,2.0,2023-06-08 05:00:00,15.82
EPA-22,80_26,Station 22,"Rathmines, Dublin 6",53.322029,-6.267154,2.0,2023-06-08 06:00:00,9.86
EPA-22,80_26,Station 22,"Rathmines, Dublin 6",53.322029,-6.267154,2.0,2023-06-08 07:00:00,15.6
EPA-22,80_26,Station 22,"Rathmines, Dublin 6",53.322029,-6.267154,2.0,2023-06-08 08:00:00,15.83
EPA-22,80_26,Station 22,"Rathmines, Dublin 6",53.322029,-6.267154,2.0,2023-06-08 09:00:00,17.86
EPA-22,80_26,Station 22,"Rathmines, Dublin 6",53.322029,-6.267154,2.0,2023-06-08 10:00:00,24.39
EPA-22,80_26,Station 22,"Rathmines, Dublin 6",53.322029,-6.267154,2.0,2023-06-08 11:00:00,18.99
EPA-22,80_26,Station 22,"Rathmines, Dublin 6",53.322029,-6.267154,2.0,2023-06-08 12:00:00,22.74
EPA-22,80_26,Station 22,"Rathmines, Dublin 6",53.322029,-6.267154,2.0,2023-06-08 13:00:00,21.2
EPA-22,80_26,Station 22,"Rathmines, Dublin 6",53.322029,-6.267154,2.0,2023-06-08 14:00:00,19.1
EPA-22,80_26,Station 22,"Rathmines, Dublin 6",53.322029,-6.267154,2.0,2023-06-08 15:00:00,27.64
EPA-22,80_26,Station 22,"Rathmines, Dublin 6",53.322029,-6.267154,2.0,2023-06-08 16:00:00,25.7
EPA-22,80_26,Station 22,"Rathmines, Dublin 6",53.322029,-6.267154,2.0,2023-06-08 17:00:00,22.74
EPA-22,80_26,Station 22,"Rathmines, Dublin 6",53.322029,-6.267154,2.0,2023-06-08 18:00:00,17.98
EPA-22,80_26,Station 22,"Rathmines, Dublin 6",53.322029,-6.267154,2.0,2023-06-08 19:00:00,24.02
EPA-22,80_26,Station 22,"Rathmines, Dublin 6",53.322029,-6.267154,2.0,2023-06-08 20:00:00,42.02
EPA-22,80_26,Station 22,"Rathmines, Dublin 6",53.322029,-6.267154,2.0,2023-06-08 21:00:00,39.99
EPA-22,80_26,Station 22,"Rathmines, Dublin 6",53.322029,-6.267154,2.0,2023-06-08 22:00:00,30.73
EPA-22,80_26,Station 22,"Rathmines, Dublin 6",53.322029,-6.267154,2.0,2023-06-08 23:00:00,33.58
EPA-22,80_26,Station 22,"Rathmines, Dublin 6",53.322029,-6.267154,2.0,2023-06-09 00:00:00,33.88
EPA-22,80_26,Station 22,"Rathmines, Dublin 6",53.322029,-6.267154,2.0,2023-06-09 01:00:00,32.65
EPA-22,80_26,Station 22,"Rathmines, Dublin 6",53.322029,-6.267154,2.0,2023-06-09 02:00:00,20.14
EPA-22,80_26,Station 22,"Rathmines, Dublin 6",53.322029,-6.267154,2.0,2023-06-09 03:00:00,11.26
EPA-22,80_26,Station 22,"Rathmines, Dublin 6",53.322029,-6.267154,2.0,2023-06-09 04:00:00,10.53
EPA-22,80_26,Station 22,"Rathmines, Dublin 6",53.322029,-6.267154,2.0,2023-06-09 05:00:00,12.86
EPA-22,80_26,Station 22,"Rathmines, Dublin 6",53.322029,-6.267154,2.0,2023-06-09 06:00:00,26.15
EPA-22,80_26,Station 22,"Rathmines, Dublin 6",53.322029,-6.267154,2.0,2023-06-09 07:00:00,73.82
EPA-22,80_26,Station 22,"Rathmines, Dublin 6",53.322029,-6.267154,2.0,2023-06-09 08:00:00,60.64
EPA-22,80_26,Station 22,"Rathmines, Dublin 6",53.322029,-6.267154,2.0,2023-06-09 09:00:00,43.82
EPA-22,80_26,Station 22,"Rathmines, Dublin 6",53.322029,-6.267154,2.0,2023-06-09 10:00:00,47.34
EPA-22,80_26,Station 22,"Rathmines, Dublin 6",53.322029,-6.267154,2.0,2023-06-09 11:00:00,60.37
EPA-22,80_26,Station 22,"Rathmines, Dublin 6",53.322029,-6.267154,2.0,2023-06-09 12:00:00,46.16
EPA-22,80_26,Station 22,"Rathmines, Dublin 6",53.322029,-6.267154,2.0,2023-06-09 13:00:00,46.59
EPA-22,80_26,Station 22,"Rathmines, Dublin 6",53.322029,-6.267154,2.0,2023-06-09 14:00:00,29.54
EPA-22,80_26,Station 22,"Rathmines, Dublin 6",53.322029,-6.267154,2.0,2023-06-09 15:00:00,34.6
EPA-22,80_26,Station 22,"Rathmines, Dublin 6",53.322029,-6.267154,2.0,2023-06-09 16:00:00,32.08
EPA-22,80_26,Station 22,"Rathmines, Dublin 6",53.322029,-6.267154,2.0,2023-06-09 17:00:00,28.68
EPA-22,80_26,Station 22,"Rathmines, Dublin 6",53.322029,-6.267154,2.0,2023-06-09 18:00:00,36.57
EPA-22,80_26,Station 22,"Rathmines, Dublin 6",53.322029,-6.267154,2.0,2023-06-09 19:00:00,37.92
EPA-22,80_26,Station 22,"Rathmines, Dublin 6",53.322029,-6.267154,2.0,2023-06-09 20:00:00,41.47
EPA-22,80_26,Station 22,"Rathmines, Dublin 6",53.322029,-6.267154,2.0,2023-06-09 21:00:00,24.28
EPA-22,80_26,Station 22,"Rathmines, Dublin 6",53.322029,-6.267154,2.0,2023-06-09 22:00:00,21.06
EPA-22,80_26,Station 22,"Rathmines, Dublin 6",53.322029,-6.267154,2.0,2023-06-09 23:00:00,23.58
EPA-22,80_26,Station 22,"Rathmines, Dublin 6",53.322029,-6.267154,2.0,2023-06-10 00:00:00,30.72
EPA-22,80_26,Station 22,"Rathmines, Dublin 6",53.322029,-6.267154,2.0,2023-06-10 01:00:00,28.85
EPA-22,80_26,Station 22,"Rathmines, Dublin 6",53.322029,-6.267154,2.0,2023-06-10 02:00:00,38.68
EPA-22,80_26,Station 22,"Rathmines, Dublin 6",53.322029,-6.267154,2.0,2023-06-10 03:00:00,51.39
EPA-22,80_26,Station 22,"Rathmines, Dublin 6",53.322029,-6.267154,2.0,2023-06-10 04:00:00,42.79
EPA-22,80_26,Station 22,"Rathmines, Dublin 6",53.322029,-6.267154,2.0,2023-06-10 05:00:00,23.46
EPA-22,80_26,Station 22,"Rathmines, Dublin 6",53.322029,-6.267154,2.0,2023-06-10 06:00:00,39.93
EPA-22,80_26,Station 22,"Rathmines, Dublin 6",53.322029,-6.267154,2.0,2023-06-10 07:00:00,39.46
EPA-22,80_26,Station 22,"Rathmines, Dublin 6",53.322029,-6.267154,2.0,2023-06-10 08:00:00,32.09
EPA-22,80_26,Station 22,"Rathmines, Dublin 6",53.322029,-6.267154,2.0,2023-06-10 09:00:00,27.9
EPA-22,80_26,Station 22,"Rathmines, Dublin 6",53.322029,-6.267154,2.0,2023-06-10 10:00:00,27.16
EPA-22,80_26,Station 22,"Rathmines, Dublin 6",53.322029,-6.267154,2.0,2023-06-10 11:00:00,43.37
EPA-22,80_26,Station 22,"Rathmines, Dublin 6",53.322029,-6.267154,2.0,2023-06-10 12:00:00,31.52
EPA-22,80_26,Station 22,"Rathmines, Dublin 6",53.322029,-6.267154,2.0,2023-06-10 13:00:00,26.25
EPA-22,80_26,Station 22,"Rathmines, Dublin 6",53.322029,-6.267154,2.0,2023-06-10 14:00:00,25.9
EPA-22,80_26,Station 22,"Rathmines, Dublin 6",53.322029,-6.267154,2.0,2023-06-10 15:00:00,36.07
EPA-22,80_26,Station 22,"Rathmines, Dublin 6",53.322029,-6.267154,2.0,2023-06-10 16:00:00,47.96
EPA-22,80_26,Station 22,"Rathmines, Dublin 6",53.322029,-6.267154,2.0,2023-06-10 17:00:00,53.95
EPA-22,80_26,Station 22,"Rathmines, Dublin 6",53.322029,-6.267154,2.0,2023-06-10 18:00:00,29.2
EPA-22,80_26,Station 22,"Rathmines, Dublin 6",53.322029,-6.267154,2.0,2023-06-10 19:00:00,22.63
EPA-22,80_26,Station 22,"Rathmines, Dublin 6",53.322029,-6.267154,2.0,2023-06-10 20:00:00,24.14
EPA-22,80_26,Station 22,"Rathmines, Dublin 6",53.322029,-6.267154,2.0,2023-06-10 21:00:00,23.6
EPA-22,80_26,Station 22,"Rathmines, Dublin 6",53.322029,-6.267154,2.0,2023-06-10 22:00:00,29.3
EPA-22,80_26,Station 22,"Rathmines, Dublin 6",53.322029,-6.267154,2.0,2023-06-10 23:00:00,28.4
EPA-22,80_26,Station 22,"Rathmines, Dublin 6",53.322029,-6.267154,2.0,2023-06-11 00:00:00,18.99
EPA-22,80_26,Station 22,"Rathmines, Dublin 6",53.322029,-6.267154,2.0,2023-06-11 01:00:00,15.52
EPA-22,80_26,Station 22,"Rathmines, Dublin 6",53.322029,-6.267154,2.0,2023-06-11 02:00:00,13.32
EPA-22,80_26,Station 22,"Rathmines, Dublin 6",53.322029,-6.267154,2.0,2023-06-11 03:00:00,13.47
EPA-22,80_26,Station 22,"Rathmines, Dublin 6",53.322029,-6.267154,2.0,2023-06-11 04:00:00,13.34
EPA-22,80_26,Station 22,"Rathmines, Dublin 6",53.322029,-6.267154,2.0,2023-06-11 05:00:00,12.32
EPA-22,80_26,Station 22,"Rathmines, Dublin 6",53.322029,-6.267154,2.0,2023-06-11 06:00:00,11.04
EPA-22,80_26,Station 22,"Rathmines, Dublin 6",53.322029,-6.267154,2.0,2023-06-11 07:00:00,9.92
EPA-22,80_26,Station 22,"Rathmines, Dublin 6",53.322029,-6.267154,2.0,2023-06-11 08:00:00,9.85
EPA-22,80_26,Station 22,"Rathmines, Dublin 6",53.322029,-6.267154,2.0,2023-06-11 09:00:00,8.87
EPA-22,80_26,Station 22,"Rathmines, Dublin 6",53.322029,-6.267154,2.0,2023-06-11 10:00:00,10.24
EPA-22,80_26,Station 22,"Rathmines, Dublin 6",53.322029,-6.267154,2.0,2023-06-11 11:00:00,12.42
EPA-22,80_26,Station 22,"Rathmines, Dublin 6",53.322029,-6.267154,2.0,2023-06-11 12:00:00,12.8
EPA-22,80_26,Station 22,"Rathmines, Dublin 6",53.322029,-6.267154,2.0,2023-06-11 13:00:00,11.14
EPA-22,80_26,Station 22,"Rathmines, Dublin 6",53.322029,-6.267154,2.0,2023-06-11 14:00:00,8.54
EPA-22,80_26,Station 22,"Rathmines, Dublin 6",53.322029,-6.267154,2.0,2023-06-11 15:00:00,10.28
EPA-22,80_26,Station 22,"Rathmines, Dublin 6",53.322029,-6.267154,2.0,2023-06-11 16:00:00,8.78
EPA-22,80_26,Station 22,"Rathmines, Dublin 6",53.322029,-6.267154,2.0,2023-06-11 17:00:00,9.98
EPA-22,80_26,Station 22,"Rathmines, Dublin 6",53.322029,-6.267154,2.0,2023-06-11 18:00:00,11.69
EPA-22,80_26,Station 22,"Rathmines, Dublin 6",53.322029,-6.267154,2.0,2023-06-11 19:00:00,12.03
EPA-22,80_26,Station 22,"Rathmines, Dublin 6",53.322029,-6.267154,2.0,2023-06-11 20:00:00,15.46
EPA-22,80_26,Station 22,"Rathmines, Dublin 6",53.322029,-6.267154,2.0,2023-06-11 21:00:00,19.82
EPA-22,80_26,Station 22,"Rathmines, Dublin 6",53.322029,-6.267154,2.0,2023-06-11 22:00:00,38.54
EPA-22,80_26,Station 22,"Rathmines, Dublin 6",53.322029,-6.267154,2.0,2023-06-11 23:00:00,34.29
EPA-22,80_26,Station 22,"Rathmines, Dublin 6",53.322029,-6.267154,2.0,2023-06-12 00:00:00,38.93
EPA-22,80_26,Station 22,"Rathmines, Dublin 6",53.322029,-6.267154,2.0,2023-06-12 01:00:00,47.9
EPA-22,80_26,Station 22,"Rathmines, Dublin 6",53.322029,-6.267154,2.0,2023-06-12 02:00:00,40.45
EPA-22,80_26,Station 22,"Rathmines, Dublin 6",53.322029,-6.267154,2.0,2023-06-12 03:00:00,41.19
EPA-22,80_26,Station 22,"Rathmines, Dublin 6",53.322029,-6.267154,2.0,2023-06-12 04:00:00,26.74
EPA-22,80_26,Station 22,"Rathmines, Dublin 6",53.322029,-6.267154,2.0,2023-06-12 05:00:00,7.19
EPA-22,80_26,Station 22,"Rathmines, Dublin 6",53.322029,-6.267154,2.0,2023-06-12 06:00:00,10.76
EPA-22,80_26,Station 22,"Rathmines, Dublin 6",53.322029,-6.267154,2.0,2023-06-12 07:00:00,19.76
EPA-22,80_26,Station 22,"Rathmines, Dublin 6",53.322029,-6.267154,2.0,2023-06-12 08:00:00,22.06
EPA-22,80_26,Station 22,"Rathmines, Dublin 6",53.322029,-6.267154,2.0,2023-06-12 09:00:00,29.41
EPA-22,80_26,Station 22,"Rathmines, Dublin 6",53.322029,-6.267154,2.0,2023-06-12 10:00:00,49.09
EPA-22,80_26,Station 22,"Rathmines, Dublin 6",53.322029,-6.267154,2.0,2023-06-12 11:00:00,39.31
EPA-22,80_26,Station 22,"Rathmines, Dublin 6",53.322029,-6.267154,2.0,2023-06-12 12:00:00,30.64
EPA-22,80_26,Station 22,"Rathmines, Dublin 6",53.322029,-6.267154,2.0,2023-06-12 13:00:00,38.34
EPA-22,80_26,Station 22,"Rathmines, Dublin 6",53.322029,-6.267154,2.0,2023-06-12 14:00:00,32.17
EPA-22,80_26,Station 22,"Rathmines, Dublin 6",53.322029,-6.267154,2.0,2023-06-12 15:00:00,26.0
EPA-22,80_26,Station 22,"Rathmines, Dublin 6",53.322029,-6.267154,2.0,2023-06-12 16:00:00,23.78
EPA-22,80_26,Station 22,"Rathmines, Dublin 6",53.322029,-6.267154,2.0,2023-06-12 17:00:00,19.71
EPA-22,80_26,Station 22,"Rathmines, Dublin 6",53.322029,-6.267154,2.0,2023-06-12 18:00:00,16.91
EPA-22,80_26,Station 22,"Rathmines, Dublin 6",53.322029,-6.267154,2.0,2023-06-12 19:00:00,13.47
EPA-22,80_26,Station 22,"Rathmines, Dublin 6",53.322029,-6.267154,2.0,2023-06-12 20:00:00,16.34
EPA-22,80_26,Station 22,"Rathmines, Dublin 6",53.322029,-6.267154,2.0,2023-06-12 21:00:00,16.47
EPA-22,80_26,Station 22,"Rathmines, Dublin 6",53.322029,-6.267154,2.0,2023-06-12 22:00:00,15.28
EPA-22,80_26,Station 22,"Rathmines, Dublin 6",53.322029,-6.267154,2.0,2023-06-12 23:00:00,19.39
EPA-22,80_26,Station 22,"Rathmines, Dublin 6",53.322029,-6.267154,2.0,2023-06-13 00:00:00,13.28
EPA-22,80_26,Station 22,"Rathmines, Dublin 6",53.322029,-6.267154,2.0,2023-06-13 01:00:00,12.22
EPA-22,80_26,Station 22,"Rathmines, Dublin 6",53.322029,-6.267154,2.0,2023-06-13 02:00:00,13.25
EPA-22,80_26,Station 22,"Rathmines, Dublin 6",53.322029,-6.267154,2.0,2023-06-13 03:00:00,9.0
EPA-22,80_26,Station 22,"Rathmines, Dublin 6",53.322029,-6.267154,2.0,2023-06-13 04:00:00,8.72
EPA-22,80_26,Station 22,"Rathmines, Dublin 6",53.322029,-6.267154,2.0,2023-06-13 05:00:00,13.41
EPA-22,80_26,Station 22,"Rathmines, Dublin 6",53.322029,-6.267154,2.0,2023-06-13 06:00:00,14.22
EPA-22,80_26,Station 22,"Rathmines, Dublin 6",53.322029,-6.267154,2.0,2023-06-13 07:00:00,16.93
EPA-22,80_26,Station 22,"Rathmines, Dublin 6",53.322029,-6.267154,2.0,2023-06-13 08:00:00,45.59
EPA-22,80_26,Station 22,"Rathmines, Dublin 6",53.322029,-6.267154,2.0,2023-06-13 09:00:00,37.91
EPA-22,80_26,Station 22,"Rathmines, Dublin 6",53.322029,-6.267154,2.0,2023-06-13 10:00:00,34.92
EPA-22,80_26,Station 22,"Rathmines, Dublin 6",53.322029,-6.267154,2.0,2023-06-13 11:00:00,22.41
EPA-22,80_26,Station 22,"Rathmines, Dublin 6",53.322029,-6.267154,2.0,2023-06-13 12:00:00,24.98
EPA-22,80_26,Station 22,"Rathmines, Dublin 6",53.322029,-6.267154,2.0,2023-06-13 13:00:00,31.34
EPA-22,80_26,Station 22,"Rathmines, Dublin 6",53.322029,-6.267154,2.0,2023-06-13 14:00:00,21.22
EPA-22,80_26,Station 22,"Rathmines, Dublin 6",53.322029,-6.267154,2.0,2023-06-13 15:00:00,21.5
EPA-22,80_26,Station 22,"Rathmines, Dublin 6",53.322029,-6.267154,2.0,2023-06-13 16:00:00,26.55
EPA-22,80_26,Station 22,"Rathmines, Dublin 6",53.322029,-6.267154,2.0,2023-06-13 17:00:00,25.8
EPA-22,80_26,Station 22,"Rathmines, Dublin 6",53.322029,-6.267154,2.0,2023-06-13 18:00:00,52.11
EPA-22,80_26,Station 22,"Rathmines, Dublin 6",53.322029,-6.267154,2.0,2023-06-13 19:00:00,36.96
EPA-22,80_26,Station 22,"Rathmines, Dublin 6",53.322029,-6.267154,2.0,2023-06-13 20:00:00,24.15
EPA-22,80_26,Station 22,"Rathmines, Dublin 6",53.322029,-6.267154,2.0,2023-06-13 21:00:00,24.97
EPA-22,80_26,Station 22,"Rathmines, Dublin 6",53.322029,-6.267154,2.0,2023-06-13 22:00:00,30.83
EPA-22,80_26,Station 22,"Rathmines, Dublin 6",53.322029,-6.267154,2.0,2023-06-13 23:00:00,36.55
EPA-22,80_26,Station 22,"Rathmines, Dublin 6",53.322029,-6.267154,2.0,2023-06-14 00:00:00,26.55
EPA-22,80_26,Station 22,"Rathmines, Dublin 6",53.322029,-6.267154,2.0,2023-06-14 01:00:00,25.37
EPA-22,80_26,Station 22,"Rathmines, Dublin 6",53.322029,-6.267154,2.0,2023-06-14 02:00:00,12.76
EPA-22,80_26,Station 22,"Rathmines, Dublin 6",53.322029,-6.267154,2.0,2023-06-14 03:00:00,9.33
EPA-22,80_26,Station 22,"Rathmines, Dublin 6",53.322029,-6.267154,2.0,2023-06-14 04:00:00,10.64
EPA-22,80_26,Station 22,"Rathmines, Dublin 6",53.322029,-6.267154,2.0,2023-06-14 05:00:00,10.06
EPA-22,80_26,Station 22,"Rathmines, Dublin 6",53.322029,-6.267154,2.0,2023-06-14 06:00:00,18.72
EPA-22,80_26,Station 22,"Rathmines, Dublin 6",53.322029,-6.267154,2.0,2023-06-14 07:00:00,23.77
EPA-22,80_26,Station 22,"Rathmines, Dublin 6",53.322029,-6.267154,2.0,2023-06-14 08:00:00,28.68
EPA-22,80_26,Station 22,"Rathmines, Dublin 6",53.322029,-6.267154,2.0,2023-06-14 09:00:00,17.72
EPA-22,80_26,Station 22,"Rathmines, Dublin 6",53.322029,-6.267154,2.0,2023-06-14 10:00:00,14.93
EPA-22,80_26,Station 22,"Rathmines, Dublin 6",53.322029,-6.267154,2.0,2023-06-14 11:00:00,19.7
EPA-22,80_26,Station 22,"Rathmines, Dublin 6",53.322029,-6.267154,2.0,2023-06-14 12:00:00,18.22
EPA-22,80_26,Station 22,"Rathmines, Dublin 6",53.322029,-6.267154,2.0,2023-06-14 13:00:00,19.42
EPA-22,80_26,Station 22,"Rathmines, Dublin 6",53.322029,-6.267154,2.0,2023-06-14 14:00:00,13.52
EPA-22,80_26,Station 22,"Rathmines, Dublin 6",53.322029,-6.267154,2.0,2023-06-14 15:00:00,58.83
EPA-22,80_26,Station 22,"Rathmines, Dublin 6",53.322029,-6.267154,2.0,2023-06-14 16:00:00,80.01
EPA-22,80_26,Station 22,"Rathmines, Dublin 6",53.322029,-6.267154,2.0,2023-06-14 17:00:00,20.12
EPA-22,80_26,Station 22,"Rathmines, Dublin 6",53.322029,-6.267154,2.0,2023-06-14 18:00:00,36.39
EPA-22,80_26,Station 22,"Rathmines, Dublin 6",53.322029,-6.267154,2.0,2023-06-14 19:00:00,25.71
EPA-22,80_26,Station 22,"Rathmines, Dublin 6",53.322029,-6.267154,2.0,2023-06-14 20:00:00,21.25
EPA-22,80_26,Station 22,"Rathmines, Dublin 6",53.322029,-6.267154,2.0,2023-06-14 21:00:00,27.39
EPA-22,80_26,Station 22,"Rathmines, Dublin 6",53.322029,-6.267154,2.0,2023-06-14 22:00:00,46.31
EPA-22,80_26,Station 22,"Rathmines, Dublin 6",53.322029,-6.267154,2.0,2023-06-15 01:00:00,27.14
EPA-22,80_26,Station 22,"Rathmines, Dublin 6",53.322029,-6.267154,2.0,2023-06-15 02:00:00,19.81
EPA-22,80_26,Station 22,"Rathmines, Dublin 6",53.322029,-6.267154,2.0,2023-06-15 03:00:00,20.55
EPA-22,80_26,Station 22,"Rathmines, Dublin 6",53.322029,-6.267154,2.0,2023-06-15 04:00:00,15.97
EPA-22,80_26,Station 22,"Rathmines, Dublin 6",53.322029,-6.267154,2.0,2023-06-15 05:00:00,18.36
EPA-22,80_26,Station 22,"Rathmines, Dublin 6",53.322029,-6.267154,2.0,2023-06-15 06:00:00,21.28
EPA-22,80_26,Station 22,"Rathmines, Dublin 6",53.322029,-6.267154,2.0,2023-06-15 07:00:00,33.61
EPA-22,80_26,Station 22,"Rathmines, Dublin 6",53.322029,-6.267154,2.0,2023-06-15 08:00:00,50.27
EPA-22,80_26,Station 22,"Rathmines, Dublin 6",53.322029,-6.267154,2.0,2023-06-15 09:00:00,46.78
EPA-22,80_26,Station 22,"Rathmines, Dublin 6",53.322029,-6.267154,2.0,2023-06-15 10:00:00,65.86
EPA-22,80_26,Station 22,"Rathmines, Dublin 6",53.322029,-6.267154,2.0,2023-06-15 11:00:00,33.71
EPA-22,80_26,Station 22,"Rathmines, Dublin 6",53.322029,-6.267154,2.0,2023-06-15 12:00:00,27.91
EPA-22,80_26,Station 22,"Rathmines, Dublin 6",53.322029,-6.267154,2.0,2023-06-15 13:00:00,34.01
EPA-22,80_26,Station 22,"Rathmines, Dublin 6",53.322029,-6.267154,2.0,2023-06-15 14:00:00,33.41
EPA-22,80_26,Station 22,"Rathmines, Dublin 6",53.322029,-6.267154,2.0,2023-06-15 15:00:00,11.76
EPA-22,80_26,Station 22,"Rathmines, Dublin 6",53.322029,-6.267154,2.0,2023-06-15 16:00:00,15.77
EPA-22,80_26,Station 22,"Rathmines, Dublin 6",53.322029,-6.267154,2.0,2023-06-15 17:00:00,14.81
EPA-22,80_26,Station 22,"Rathmines, Dublin 6",53.322029,-6.267154,2.0,2023-06-15 18:00:00,14.01
EPA-22,80_26,Station 22,"Rathmines, Dublin 6",53.322029,-6.267154,2.0,2023-06-15 19:00:00,13.62
EPA-22,80_26,Station 22,"Rathmines, Dublin 6",53.322029,-6.267154,2.0,2023-06-15 20:00:00,17.6
EPA-22,80_26,Station 22,"Rathmines, Dublin 6",53.322029,-6.267154,2.0,2023-06-15 21:00:00,21.12
EPA-22,80_26,Station 22,"Rathmines, Dublin 6",53.322029,-6.267154,2.0,2023-06-15 22:00:00,23.86
EPA-22,80_26,Station 22,"Rathmines, Dublin 6",53.322029,-6.267154,2.0,2023-06-15 23:00:00,23.38
EPA-22,80_26,Station 22,"Rathmines, Dublin 6",53.322029,-6.267154,2.0,2023-06-16 00:00:00,21.75
EPA-22,80_26,Station 22,"Rathmines, Dublin 6",53.322029,-6.267154,2.0,2023-06-16 01:00:00,10.59
EPA-22,80_26,Station 22,"Rathmines, Dublin 6",53.322029,-6.267154,2.0,2023-06-16 02:00:00,11.11
EPA-22,80_26,Station 22,"Rathmines, Dublin 6",53.322029,-6.267154,2.0,2023-06-16 03:00:00,11.41
EPA-22,80_26,Station 22,"Rathmines, Dublin 6",53.322029,-6.267154,2.0,2023-06-16 04:00:00,23.87
EPA-22,80_26,Station 22,"Rathmines, Dublin 6",53.322029,-6.267154,2.0,2023-06-16 05:00:00,31.44
EPA-22,80_26,Station 22,"Rathmines, Dublin 6",53.322029,-6.267154,2.0,2023-06-16 06:00:00,39.49
EPA-22,80_26,Station 22,"Rathmines, Dublin 6",53.322029,-6.267154,2.0,2023-06-16 07:00:00,44.28
EPA-22,80_26,Station 22,"Rathmines, Dublin 6",53.322029,-6.267154,2.0,2023-06-16 08:00:00,37.11
EPA-22,80_26,Station 22,"Rathmines, Dublin 6",53.322029,-6.267154,2.0,2023-06-16 09:00:00,32.28
EPA-22,80_26,Station 22,"Rathmines, Dublin 6",53.322029,-6.267154,2.0,2023-06-16 10:00:00,149.46
EPA-22,80_26,Station 22,"Rathmines, Dublin 6",53.322029,-6.267154,2.0,2023-06-16 11:00:00,201.03
EPA-22,80_26,Station 22,"Rathmines, Dublin 6",53.322029,-6.267154,2.0,2023-06-16 12:00:00,132.37
EPA-22,80_26,Station 22,"Rathmines, Dublin 6",53.322029,-6.267154,2.0,2023-06-16 13:00:00,229.07
EPA-22,80_26,Station 22,"Rathmines, Dublin 6",53.322029,-6.267154,2.0,2023-06-16 14:00:00,127.58
EPA-22,80_26,Station 22,"Rathmines, Dublin 6",53.322029,-6.267154,2.0,2023-06-16 15:00:00,122.14
EPA-22,80_26,Station 22,"Rathmines, Dublin 6",53.322029,-6.267154,2.0,2023-06-16 16:00:00,197.94
EPA-22,80_26,Station 22,"Rathmines, Dublin 6",53.322029,-6.267154,2.0,2023-06-16 17:00:00,27.91
EPA-22,80_26,Station 22,"Rathmines, Dublin 6",53.322029,-6.267154,2.0,2023-06-16 18:00:00,34.08
EPA-22,80_26,Station 22,"Rathmines, Dublin 6",53.322029,-6.267154,2.0,2023-06-16 19:00:00,27.68
EPA-22,80_26,Station 22,"Rathmines, Dublin 6",53.322029,-6.267154,2.0,2023-06-16 20:00:00,21.91
EPA-22,80_26,Station 22,"Rathmines, Dublin 6",53.322029,-6.267154,2.0,2023-06-16 21:00:00,18.28
EPA-22,80_26,Station 22,"Rathmines, Dublin 6",53.322029,-6.267154,2.0,2023-06-16 22:00:00,18.12
EPA-22,80_26,Station 22,"Rathmines, Dublin 6",53.322029,-6.267154,2.0,2023-06-16 23:00:00,15.27
EPA-22,80_26,Station 22,"Rathmines, Dublin 6",53.322029,-6.267154,2.0,2023-06-17 00:00:00,9.66
EPA-22,80_26,Station 22,"Rathmines, Dublin 6",53.322029,-6.267154,2.0,2023-06-17 01:00:00,7.6
EPA-22,80_26,Station 22,"Rathmines, Dublin 6",53.322029,-6.267154,2.0,2023-06-17 02:00:00,8.88
EPA-22,80_26,Station 22,"Rathmines, Dublin 6",53.322029,-6.267154,2.0,2023-06-17 03:00:00,5.85
EPA-22,80_26,Station 22,"Rathmines, Dublin 6",53.322029,-6.267154,2.0,2023-06-17 04:00:00,4.5
EPA-22,80_26,Station 22,"Rathmines, Dublin 6",53.322029,-6.267154,2.0,2023-06-17 05:00:00,5.95
EPA-22,80_26,Station 22,"Rathmines, Dublin 6",53.322029,-6.267154,2.0,2023-06-17 06:00:00,5.54
EPA-22,80_26,Station 22,"Rathmines, Dublin 6",53.322029,-6.267154,2.0,2023-06-17 07:00:00,7.65
EPA-22,80_26,Station 22,"Rathmines, Dublin 6",53.322029,-6.267154,2.0,2023-06-17 08:00:00,6.87
EPA-22,80_26,Station 22,"Rathmines, Dublin 6",53.322029,-6.267154,2.0,2023-06-17 09:00:00,14.53
EPA-22,80_26,Station 22,"Rathmines, Dublin 6",53.322029,-6.267154,2.0,2023-06-17 10:00:00,14.54
EPA-22,80_26,Station 22,"Rathmines, Dublin 6",53.322029,-6.267154,2.0,2023-06-17 11:00:00,17.54
EPA-22,80_26,Station 22,"Rathmines, Dublin 6",53.322029,-6.267154,2.0,2023-06-17 12:00:00,14.06
EPA-22,80_26,Station 22,"Rathmines, Dublin 6",53.322029,-6.267154,2.0,2023-06-17 13:00:00,13.73
EPA-22,80_26,Station 22,"Rathmines, Dublin 6",53.322029,-6.267154,2.0,2023-06-17 14:00:00,10.33
EPA-22,80_26,Station 22,"Rathmines, Dublin 6",53.322029,-6.267154,2.0,2023-06-17 15:00:00,11.5
EPA-22,80_26,Station 22,"Rathmines, Dublin 6",53.322029,-6.267154,2.0,2023-06-17 16:00:00,10.29
EPA-22,80_26,Station 22,"Rathmines, Dublin 6",53.322029,-6.267154,2.0,2023-06-17 17:00:00,10.82
EPA-22,80_26,Station 22,"Rathmines, Dublin 6",53.322029,-6.267154,2.0,2023-06-17 18:00:00,14.52
EPA-22,80_26,Station 22,"Rathmines, Dublin 6",53.322029,-6.267154,2.0,2023-06-17 19:00:00,15.49
EPA-22,80_26,Station 22,"Rathmines, Dublin 6",53.322029,-6.267154,2.0,2023-06-17 20:00:00,13.21
EPA-22,80_26,Station 22,"Rathmines, Dublin 6",53.322029,-6.267154,2.0,2023-06-17 21:00:00,13.04
EPA-22,80_26,Station 22,"Rathmines, Dublin 6",53.322029,-6.267154,2.0,2023-06-17 22:00:00,11.61
EPA-22,80_26,Station 22,"Rathmines, Dublin 6",53.322029,-6.267154,2.0,2023-06-17 23:00:00,12.08
EPA-22,80_26,Station 22,"Rathmines, Dublin 6",53.322029,-6.267154,2.0,2023-06-18 00:00:00,7.05
EPA-22,80_26,Station 22,"Rathmines, Dublin 6",53.322029,-6.267154,2.0,2023-06-18 01:00:00,7.5
EPA-22,80_26,Station 22,"Rathmines, Dublin 6",53.322029,-6.267154,2.0,2023-06-18 02:00:00,7.8
EPA-22,80_26,Station 22,"Rathmines, Dublin 6",53.322029,-6.267154,2.0,2023-06-18 03:00:00,7.13
EPA-22,80_26,Station 22,"Rathmines, Dublin 6",53.322029,-6.267154,2.0,2023-06-18 04:00:00,6.42
EPA-22,80_26,Station 22,"Rathmines, Dublin 6",53.322029,-6.267154,2.0,2023-06-18 05:00:00,5.65
EPA-22,80_26,Station 22,"Rathmines, Dublin 6",53.322029,-6.267154,2.0,2023-06-18 06:00:00,5.65
EPA-22,80_26,Station 22,"Rathmines, Dublin 6",53.322029,-6.267154,2.0,2023-06-18 07:00:00,7.02
EPA-22,80_26,Station 22,"Rathmines, Dublin 6",53.322029,-6.267154,2.0,2023-06-18 08:00:00,8.24
EPA-22,80_26,Station 22,"Rathmines, Dublin 6",53.322029,-6.267154,2.0,2023-06-18 09:00:00,7.78
EPA-22,80_26,Station 22,"Rathmines, Dublin 6",53.322029,-6.267154,2.0,2023-06-18 10:00:00,7.78
EPA-22,80_26,Station 22,"Rathmines, Dublin 6",53.322029,-6.267154,2.0,2023-06-18 11:00:00,10.63
EPA-22,80_26,Station 22,"Rathmines, Dublin 6",53.322029,-6.267154,2.0,2023-06-18 12:00:00,7.65
EPA-22,80_26,Station 22,"Rathmines, Dublin 6",53.322029,-6.267154,2.0,2023-06-18 13:00:00,7.42
EPA-22,80_26,Station 22,"Rathmines, Dublin 6",53.322029,-6.267154,2.0,2023-06-18 14:00:00,6.57
EPA-22,80_26,Station 22,"Rathmines, Dublin 6",53.322029,-6.267154,2.0,2023-06-18 15:00:00,7.66
EPA-22,80_26,Station 22,"Rathmines, Dublin 6",53.322029,-6.267154,2.0,2023-06-18 16:00:00,9.05
EPA-22,80_26,Station 22,"Rathmines, Dublin 6",53.322029,-6.267154,2.0,2023-06-18 17:00:00,10.45
EPA-22,80_26,Station 22,"Rathmines, Dublin 6",53.322029,-6.267154,2.0,2023-06-18 18:00:00,9.19
EPA-22,80_26,Station 22,"Rathmines, Dublin 6",53.322029,-6.267154,2.0,2023-06-18 19:00:00,8.15
EPA-22,80_26,Station 22,"Rathmines, Dublin 6",53.322029,-6.267154,2.0,2023-06-18 20:00:00,10.33
EPA-22,80_26,Station 22,"Rathmines, Dublin 6",53.322029,-6.267154,2.0,2023-06-18 21:00:00,15.07
EPA-22,80_26,Station 22,"Rathmines, Dublin 6",53.322029,-6.267154,2.0,2023-06-18 22:00:00,11.99
EPA-22,80_26,Station 22,"Rathmines, Dublin 6",53.322029,-6.267154,2.0,2023-06-18 23:00:00,8.7
EPA-22,80_26,Station 22,"Rathmines, Dublin 6",53.322029,-6.267154,2.0,2023-06-19 00:00:00,6.06
EPA-22,80_26,Station 22,"Rathmines, Dublin 6",53.322029,-6.267154,2.0,2023-06-19 01:00:00,2.91
EPA-22,80_26,Station 22,"Rathmines, Dublin 6",53.322029,-6.267154,2.0,2023-06-19 02:00:00,2.57
EPA-22,80_26,Station 22,"Rathmines, Dublin 6",53.322029,-6.267154,2.0,2023-06-19 03:00:00,2.88
EPA-22,80_26,Station 22,"Rathmines, Dublin 6",53.322029,-6.267154,2.0,2023-06-19 04:00:00,2.31
EPA-22,80_26,Station 22,"Rathmines, Dublin 6",53.322029,-6.267154,2.0,2023-06-19 05:00:00,1.93
EPA-22,80_26,Station 22,"Rathmines, Dublin 6",53.322029,-6.267154,2.0,2023-06-19 06:00:00,4.34
EPA-22,80_26,Station 22,"Rathmines, Dublin 6",53.322029,-6.267154,2.0,2023-06-19 07:00:00,7.06
EPA-22,80_26,Station 22,"Rathmines, Dublin 6",53.322029,-6.267154,2.0,2023-06-19 08:00:00,10.01
EPA-22,80_26,Station 22,"Rathmines, Dublin 6",53.322029,-6.267154,2.0,2023-06-19 09:00:00,11.99
EPA-22,80_26,Station 22,"Rathmines, Dublin 6",53.322029,-6.267154,2.0,2023-06-19 10:00:00,8.41
EPA-22,80_26,Station 22,"Rathmines, Dublin 6",53.322029,-6.267154,2.0,2023-06-19 11:00:00,7.6
EPA-22,80_26,Station 22,"Rathmines, Dublin 6",53.322029,-6.267154,2.0,2023-06-19 12:00:00,19.78
EPA-22,80_26,Station 22,"Rathmines, Dublin 6",53.322029,-6.267154,2.0,2023-06-19 13:00:00,9.22
EPA-22,80_26,Station 22,"Rathmines, Dublin 6",53.322029,-6.267154,2.0,2023-06-19 14:00:00,8.95
EPA-22,80_26,Station 22,"Rathmines, Dublin 6",53.322029,-6.267154,2.0,2023-06-19 15:00:00,14.7
EPA-22,80_26,Station 22,"Rathmines, Dublin 6",53.322029,-6.267154,2.0,2023-06-19 16:00:00,12.91
EPA-22,80_26,Station 22,"Rathmines, Dublin 6",53.322029,-6.267154,2.0,2023-06-19 17:00:00,9.08
EPA-22,80_26,Station 22,"Rathmines, Dublin 6",53.322029,-6.267154,2.0,2023-06-19 18:00:00,7.02
EPA-22,80_26,Station 22,"Rathmines, Dublin 6",53.322029,-6.267154,2.0,2023-06-19 19:00:00,4.79
EPA-22,80_26,Station 22,"Rathmines, Dublin 6",53.322029,-6.267154,2.0,2023-06-19 20:00:00,4.39
EPA-22,80_26,Station 22,"Rathmines, Dublin 6",53.322029,-6.267154,2.0,2023-06-19 21:00:00,3.31
EPA-22,80_26,Station 22,"Rathmines, Dublin 6",53.322029,-6.267154,2.0,2023-06-19 22:00:00,10.03
EPA-22,80_26,Station 22,"Rathmines, Dublin 6",53.322029,-6.267154,2.0,2023-06-19 23:00:00,8.23
EPA-22,80_26,Station 22,"Rathmines, Dublin 6",53.322029,-6.267154,2.0,2023-06-20 00:00:00,3.84
EPA-22,80_26,Station 22,"Rathmines, Dublin 6",53.322029,-6.267154,2.0,2023-06-20 01:00:00,3.9
EPA-22,80_26,Station 22,"Rathmines, Dublin 6",53.322029,-6.267154,2.0,2023-06-20 02:00:00,7.79
EPA-22,80_26,Station 22,"Rathmines, Dublin 6",53.322029,-6.267154,2.0,2023-06-20 03:00:00,7.01
EPA-22,80_26,Station 22,"Rathmines, Dublin 6",53.322029,-6.267154,2.0,2023-06-20 04:00:00,8.42
EPA-22,80_26,Station 22,"Rathmines, Dublin 6",53.322029,-6.267154,2.0,2023-06-20 05:00:00,10.14
EPA-22,80_26,Station 22,"Rathmines, Dublin 6",53.322029,-6.267154,2.0,2023-06-20 06:00:00,12.66
EPA-22,80_26,Station 22,"Rathmines, Dublin 6",53.322029,-6.267154,2.0,2023-06-20 07:00:00,25.25
EPA-22,80_26,Station 22,"Rathmines, Dublin 6",53.322029,-6.267154,2.0,2023-06-20 08:00:00,20.44
EPA-22,80_26,Station 22,"Rathmines, Dublin 6",53.322029,-6.267154,2.0,2023-06-20 09:00:00,22.59
EPA-22,80_26,Station 22,"Rathmines, Dublin 6",53.322029,-6.267154,2.0,2023-06-20 10:00:00,23.69
EPA-22,80_26,Station 22,"Rathmines, Dublin 6",53.322029,-6.267154,2.0,2023-06-20 11:00:00,22.11
EPA-22,80_26,Station 22,"Rathmines, Dublin 6",53.322029,-6.267154,2.0,2023-06-20 12:00:00,20.62
EPA-22,80_26,Station 22,"Rathmines, Dublin 6",53.322029,-6.267154,2.0,2023-06-20 13:00:00,18.92
EPA-22,80_26,Station 22,"Rathmines, Dublin 6",53.322029,-6.267154,2.0,2023-06-20 14:00:00,23.19
EPA-22,80_26,Station 22,"Rathmines, Dublin 6",53.322029,-6.267154,2.0,2023-06-20 15:00:00,16.78
EPA-22,80_26,Station 22,"Rathmines, Dublin 6",53.322029,-6.267154,2.0,2023-06-20 16:00:00,14.02
EPA-22,80_26,Station 22,"Rathmines, Dublin 6",53.322029,-6.267154,2.0,2023-06-20 17:00:00,15.22
EPA-22,80_26,Station 22,"Rathmines, Dublin 6",53.322029,-6.267154,2.0,2023-06-20 18:00:00,13.41
EPA-22,80_26,Station 22,"Rathmines, Dublin 6",53.322029,-6.267154,2.0,2023-06-20 19:00:00,10.49
EPA-22,80_26,Station 22,"Rathmines, Dublin 6",53.322029,-6.267154,2.0,2023-06-20 20:00:00,9.53
EPA-22,80_26,Station 22,"Rathmines, Dublin 6",53.322029,-6.267154,2.0,2023-06-20 21:00:00,7.34
EPA-22,80_26,Station 22,"Rathmines, Dublin 6",53.322029,-6.267154,2.0,2023-06-20 22:00:00,6.46
EPA-22,80_26,Station 22,"Rathmines, Dublin 6",53.322029,-6.267154,2.0,2023-06-20 23:00:00,4.6
EPA-22,80_26,Station 22,"Rathmines, Dublin 6",53.322029,-6.267154,2.0,2023-06-21 00:00:00,2.76
EPA-22,80_26,Station 22,"Rathmines, Dublin 6",53.322029,-6.267154,2.0,2023-06-21 01:00:00,3.05
EPA-22,80_26,Station 22,"Rathmines, Dublin 6",53.322029,-6.267154,2.0,2023-06-21 02:00:00,3.24
EPA-22,80_26,Station 22,"Rathmines, Dublin 6",53.322029,-6.267154,2.0,2023-06-21 03:00:00,3.41
EPA-22,80_26,Station 22,"Rathmines, Dublin 6",53.322029,-6.267154,2.0,2023-06-21 04:00:00,2.17
EPA-22,80_26,Station 22,"Rathmines, Dublin 6",53.322029,-6.267154,2.0,2023-06-21 05:00:00,3.95
EPA-22,80_26,Station 22,"Rathmines, Dublin 6",53.322029,-6.267154,2.0,2023-06-21 06:00:00,10.38
EPA-22,80_26,Station 22,"Rathmines, Dublin 6",53.322029,-6.267154,2.0,2023-06-21 07:00:00,11.35
EPA-22,80_26,Station 22,"Rathmines, Dublin 6",53.322029,-6.267154,2.0,2023-06-21 08:00:00,22.0
EPA-22,80_26,Station 22,"Rathmines, Dublin 6",53.322029,-6.267154,2.0,2023-06-21 09:00:00,17.07
EPA-22,80_26,Station 22,"Rathmines, Dublin 6",53.322029,-6.267154,2.0,2023-06-21 10:00:00,12.78
EPA-22,80_26,Station 22,"Rathmines, Dublin 6",53.322029,-6.267154,2.0,2023-06-21 11:00:00,14.42
EPA-22,80_26,Station 22,"Rathmines, Dublin 6",53.322029,-6.267154,2.0,2023-06-21 12:00:00,21.74
EPA-22,80_26,Station 22,"Rathmines, Dublin 6",53.322029,-6.267154,2.0,2023-06-21 13:00:00,21.49
EPA-22,80_26,Station 22,"Rathmines, Dublin 6",53.322029,-6.267154,2.0,2023-06-21 14:00:00,12.17
EPA-22,80_26,Station 22,"Rathmines, Dublin 6",53.322029,-6.267154,2.0,2023-06-21 15:00:00,8.17
EPA-22,80_26,Station 22,"Rathmines, Dublin 6",53.322029,-6.267154,2.0,2023-06-21 16:00:00,17.12
EPA-22,80_26,Station 22,"Rathmines, Dublin 6",53.322029,-6.267154,2.0,2023-06-21 17:00:00,11.26
EPA-22,80_26,Station 22,"Rathmines, Dublin 6",53.322029,-6.267154,2.0,2023-06-21 18:00:00,5.76
EPA-22,80_26,Station 22,"Rathmines, Dublin 6",53.322029,-6.267154,2.0,2023-06-21 19:00:00,6.33
EPA-22,80_26,Station 22,"Rathmines, Dublin 6",53.322029,-6.267154,2.0,2023-06-21 20:00:00,7.69
EPA-22,80_26,Station 22,"Rathmines, Dublin 6",53.322029,-6.267154,2.0,2023-06-21 21:00:00,17.35
EPA-22,80_26,Station 22,"Rathmines, Dublin 6",53.322029,-6.267154,2.0,2023-06-21 22:00:00,31.64
EPA-22,80_26,Station 22,"Rathmines, Dublin 6",53.322029,-6.267154,2.0,2023-06-22 01:00:00,10.37
EPA-22,80_26,Station 22,"Rathmines, Dublin 6",53.322029,-6.267154,2.0,2023-06-22 02:00:00,11.43
EPA-22,80_26,Station 22,"Rathmines, Dublin 6",53.322029,-6.267154,2.0,2023-06-22 03:00:00,11.39
EPA-22,80_26,Station 22,"Rathmines, Dublin 6",53.322029,-6.267154,2.0,2023-06-22 04:00:00,12.08
EPA-22,80_26,Station 22,"Rathmines, Dublin 6",53.322029,-6.267154,2.0,2023-06-22 05:00:00,16.88
EPA-22,80_26,Station 22,"Rathmines, Dublin 6",53.322029,-6.267154,2.0,2023-06-22 06:00:00,22.77
EPA-22,80_26,Station 22,"Rathmines, Dublin 6",53.322029,-6.267154,2.0,2023-06-22 07:00:00,32.32
EPA-22,80_26,Station 22,"Rathmines, Dublin 6",53.322029,-6.267154,2.0,2023-06-22 08:00:00,17.14
EPA-22,80_26,Station 22,"Rathmines, Dublin 6",53.322029,-6.267154,2.0,2023-06-22 09:00:00,22.02
EPA-22,80_26,Station 22,"Rathmines, Dublin 6",53.322029,-6.267154,2.0,2023-06-22 10:00:00,14.57
EPA-22,80_26,Station 22,"Rathmines, Dublin 6",53.322029,-6.267154,2.0,2023-06-22 11:00:00,12.97
EPA-22,80_26,Station 22,"Rathmines, Dublin 6",53.322029,-6.267154,2.0,2023-06-22 12:00:00,11.77
EPA-22,80_26,Station 22,"Rathmines, Dublin 6",53.322029,-6.267154,2.0,2023-06-22 13:00:00,15.5
EPA-22,80_26,Station 22,"Rathmines, Dublin 6",53.322029,-6.267154,2.0,2023-06-22 14:00:00,14.31
EPA-22,80_26,Station 22,"Rathmines, Dublin 6",53.322029,-6.267154,2.0,2023-06-22 15:00:00,9.87
EPA-22,80_26,Station 22,"Rathmines, Dublin 6",53.322029,-6.267154,2.0,2023-06-22 16:00:00,14.97
EPA-22,80_26,Station 22,"Rathmines, Dublin 6",53.322029,-6.267154,2.0,2023-06-22 17:00:00,13.58
EPA-22,80_26,Station 22,"Rathmines, Dublin 6",53.322029,-6.267154,2.0,2023-06-22 18:00:00,14.5
EPA-22,80_26,Station 22,"Rathmines, Dublin 6",53.322029,-6.267154,2.0,2023-06-22 19:00:00,15.43
EPA-22,80_26,Station 22,"Rathmines, Dublin 6",53.322029,-6.267154,2.0,2023-06-22 20:00:00,18.62
EPA-22,80_26,Station 22,"Rathmines, Dublin 6",53.322029,-6.267154,2.0,2023-06-22 21:00:00,24.88
EPA-22,80_26,Station 22,"Rathmines, Dublin 6",53.322029,-6.267154,2.0,2023-06-22 22:00:00,23.54
EPA-22,80_26,Station 22,"Rathmines, Dublin 6",53.322029,-6.267154,2.0,2023-06-22 23:00:00,25.83
EPA-22,80_26,Station 22,"Rathmines, Dublin 6",53.322029,-6.267154,2.0,2023-06-23 00:00:00,8.54
EPA-22,80_26,Station 22,"Rathmines, Dublin 6",53.322029,-6.267154,2.0,2023-06-23 01:00:00,2.36
EPA-22,80_26,Station 22,"Rathmines, Dublin 6",53.322029,-6.267154,2.0,2023-06-23 02:00:00,1.89
EPA-22,80_26,Station 22,"Rathmines, Dublin 6",53.322029,-6.267154,2.0,2023-06-23 03:00:00,1.65
EPA-22,80_26,Station 22,"Rathmines, Dublin 6",53.322029,-6.267154,2.0,2023-06-23 04:00:00,4.16
EPA-22,80_26,Station 22,"Rathmines, Dublin 6",53.322029,-6.267154,2.0,2023-06-23 05:00:00,4.72
EPA-22,80_26,Station 22,"Rathmines, Dublin 6",53.322029,-6.267154,2.0,2023-06-23 06:00:00,7.47
EPA-22,80_26,Station 22,"Rathmines, Dublin 6",53.322029,-6.267154,2.0,2023-06-23 07:00:00,17.61
EPA-22,80_26,Station 22,"Rathmines, Dublin 6",53.322029,-6.267154,2.0,2023-06-23 08:00:00,23.42
EPA-22,80_26,Station 22,"Rathmines, Dublin 6",53.322029,-6.267154,2.0,2023-06-23 09:00:00,23.29
EPA-22,80_26,Station 22,"Rathmines, Dublin 6",53.322029,-6.267154,2.0,2023-06-23 10:00:00,18.4
EPA-22,80_26,Station 22,"Rathmines, Dublin 6",53.322029,-6.267154,2.0,2023-06-23 11:00:00,16.76
EPA-22,80_26,Station 22,"Rathmines, Dublin 6",53.322029,-6.267154,2.0,2023-06-23 12:00:00,21.1
EPA-22,80_26,Station 22,"Rathmines, Dublin 6",53.322029,-6.267154,2.0,2023-06-23 13:00:00,19.02
EPA-22,80_26,Station 22,"Rathmines, Dublin 6",53.322029,-6.267154,2.0,2023-06-23 14:00:00,11.28
EPA-22,80_26,Station 22,"Rathmines, Dublin 6",53.322029,-6.267154,2.0,2023-06-23 15:00:00,7.61
EPA-22,80_26,Station 22,"Rathmines, Dublin 6",53.322029,-6.267154,2.0,2023-06-23 16:00:00,9.39
EPA-22,80_26,Station 22,"Rathmines, Dublin 6",53.322029,-6.267154,2.0,2023-06-23 17:00:00,4.17
EPA-22,80_26,Station 22,"Rathmines, Dublin 6",53.322029,-6.267154,2.0,2023-06-23 18:00:00,3.54
EPA-22,80_26,Station 22,"Rathmines, Dublin 6",53.322029,-6.267154,2.0,2023-06-23 19:00:00,3.8
EPA-22,80_26,Station 22,"Rathmines, Dublin 6",53.322029,-6.267154,2.0,2023-06-23 20:00:00,3.15
EPA-22,80_26,Station 22,"Rathmines, Dublin 6",53.322029,-6.267154,2.0,2023-06-23 21:00:00,2.04
EPA-22,80_26,Station 22,"Rathmines, Dublin 6",53.322029,-6.267154,2.0,2023-06-23 22:00:00,2.11
EPA-22,80_26,Station 22,"Rathmines, Dublin 6",53.322029,-6.267154,2.0,2023-06-23 23:00:00,2.96
EPA-22,80_26,Station 22,"Rathmines, Dublin 6",53.322029,-6.267154,2.0,2023-06-24 00:00:00,2.15
EPA-22,80_26,Station 22,"Rathmines, Dublin 6",53.322029,-6.267154,2.0,2023-06-24 01:00:00,2.58
EPA-22,80_26,Station 22,"Rathmines, Dublin 6",53.322029,-6.267154,2.0,2023-06-24 02:00:00,1.37
EPA-22,80_26,Station 22,"Rathmines, Dublin 6",53.322029,-6.267154,2.0,2023-06-24 03:00:00,2.05
EPA-22,80_26,Station 22,"Rathmines, Dublin 6",53.322029,-6.267154,2.0,2023-06-24 04:00:00,2.03
EPA-22,80_26,Station 22,"Rathmines, Dublin 6",53.322029,-6.267154,2.0,2023-06-24 05:00:00,4.91
EPA-22,80_26,Station 22,"Rathmines, Dublin 6",53.322029,-6.267154,2.0,2023-06-24 06:00:00,2.7
EPA-22,80_26,Station 22,"Rathmines, Dublin 6",53.322029,-6.267154,2.0,2023-06-24 07:00:00,2.03
EPA-22,80_26,Station 22,"Rathmines, Dublin 6",53.322029,-6.267154,2.0,2023-06-24 08:00:00,2.26
EPA-22,80_26,Station 22,"Rathmines, Dublin 6",53.322029,-6.267154,2.0,2023-06-24 09:00:00,2.72
EPA-22,80_26,Station 22,"Rathmines, Dublin 6",53.322029,-6.267154,2.0,2023-06-24 10:00:00,2.83
EPA-22,80_26,Station 22,"Rathmines, Dublin 6",53.322029,-6.267154,2.0,2023-06-24 11:00:00,3.84
EPA-22,80_26,Station 22,"Rathmines, Dublin 6",53.322029,-6.267154,2.0,2023-06-24 12:00:00,3.36
EPA-22,80_26,Station 22,"Rathmines, Dublin 6",53.322029,-6.267154,2.0,2023-06-24 13:00:00,4.82
EPA-22,80_26,Station 22,"Rathmines, Dublin 6",53.322029,-6.267154,2.0,2023-06-24 14:00:00,3.0
EPA-22,80_26,Station 22,"Rathmines, Dublin 6",53.322029,-6.267154,2.0,2023-06-24 15:00:00,4.08
EPA-22,80_26,Station 22,"Rathmines, Dublin 6",53.322029,-6.267154,2.0,2023-06-24 16:00:00,2.83
EPA-22,80_26,Station 22,"Rathmines, Dublin 6",53.322029,-6.267154,2.0,2023-06-24 17:00:00,4.26
EPA-22,80_26,Station 22,"Rathmines, Dublin 6",53.322029,-6.267154,2.0,2023-06-24 18:00:00,6.85
EPA-22,80_26,Station 22,"Rathmines, Dublin 6",53.322029,-6.267154,2.0,2023-06-24 19:00:00,5.2
EPA-22,80_26,Station 22,"Rathmines, Dublin 6",53.322029,-6.267154,2.0,2023-06-24 20:00:00,4.61
EPA-22,80_26,Station 22,"Rathmines, Dublin 6",53.322029,-6.267154,2.0,2023-06-24 21:00:00,4.88
EPA-22,80_26,Station 22,"Rathmines, Dublin 6",53.322029,-6.267154,2.0,2023-06-24 22:00:00,5.4
EPA-22,80_26,Station 22,"Rathmines, Dublin 6",53.322029,-6.267154,2.0,2023-06-24 23:00:00,6.34
EPA-22,80_26,Station 22,"Rathmines, Dublin 6",53.322029,-6.267154,2.0,2023-06-25 00:00:00,5.36
EPA-22,80_26,Station 22,"Rathmines, Dublin 6",53.322029,-6.267154,2.0,2023-06-25 01:00:00,3.32
EPA-22,80_26,Station 22,"Rathmines, Dublin 6",53.322029,-6.267154,2.0,2023-06-25 02:00:00,4.31
EPA-22,80_26,Station 22,"Rathmines, Dublin 6",53.322029,-6.267154,2.0,2023-06-25 03:00:00,4.34
EPA-22,80_26,Station 22,"Rathmines, Dublin 6",53.322029,-6.267154,2.0,2023-06-25 04:00:00,3.65
EPA-22,80_26,Station 22,"Rathmines, Dublin 6",53.322029,-6.267154,2.0,2023-06-25 05:00:00,2.98
EPA-22,80_26,Station 22,"Rathmines, Dublin 6",53.322029,-6.267154,2.0,2023-06-25 06:00:00,2.86
EPA-22,80_26,Station 22,"Rathmines, Dublin 6",53.322029,-6.267154,2.0,2023-06-25 07:00:00,2.3
EPA-22,80_26,Station 22,"Rathmines, Dublin 6",53.322029,-6.267154,2.0,2023-06-25 08:00:00,2.69
EPA-22,80_26,Station 22,"Rathmines, Dublin 6",53.322029,-6.267154,2.0,2023-06-25 09:00:00,7.52
EPA-22,80_26,Station 22,"Rathmines, Dublin 6",53.322029,-6.267154,2.0,2023-06-25 10:00:00,8.0
EPA-22,80_26,Station 22,"Rathmines, Dublin 6",53.322029,-6.267154,2.0,2023-06-25 11:00:00,4.58
EPA-22,80_26,Station 22,"Rathmines, Dublin 6",53.322029,-6.267154,2.0,2023-06-25 12:00:00,4.55
EPA-22,80_26,Station 22,"Rathmines, Dublin 6",53.322029,-6.267154,2.0,2023-06-25 13:00:00,3.97
EPA-22,80_26,Station 22,"Rathmines, Dublin 6",53.322029,-6.267154,2.0,2023-06-25 14:00:00,4.52
EPA-22,80_26,Station 22,"Rathmines, Dublin 6",53.322029,-6.267154,2.0,2023-06-25 15:00:00,4.97
EPA-22,80_26,Station 22,"Rathmines, Dublin 6",53.322029,-6.267154,2.0,2023-06-25 16:00:00,6.34
EPA-22,80_26,Station 22,"Rathmines, Dublin 6",53.322029,-6.267154,2.0,2023-06-25 17:00:00,5.73
EPA-22,80_26,Station 22,"Rathmines, Dublin 6",53.322029,-6.267154,2.0,2023-06-25 18:00:00,8.08
EPA-22,80_26,Station 22,"Rathmines, Dublin 6",53.322029,-6.267154,2.0,2023-06-25 19:00:00,3.34
EPA-22,80_26,Station 22,"Rathmines, Dublin 6",53.322029,-6.267154,2.0,2023-06-25 20:00:00,5.86
EPA-22,80_26,Station 22,"Rathmines, Dublin 6",53.322029,-6.267154,2.0,2023-06-25 21:00:00,6.54
EPA-22,80_26,Station 22,"Rathmines, Dublin 6",53.322029,-6.267154,2.0,2023-06-25 22:00:00,6.57
EPA-22,80_26,Station 22,"Rathmines, Dublin 6",53.322029,-6.267154,2.0,2023-06-25 23:00:00,7.01
EPA-22,80_26,Station 22,"Rathmines, Dublin 6",53.322029,-6.267154,2.0,2023-06-26 00:00:00,5.25
EPA-22,80_26,Station 22,"Rathmines, Dublin 6",53.322029,-6.267154,2.0,2023-06-26 01:00:00,3.52
EPA-22,80_26,Station 22,"Rathmines, Dublin 6",53.322029,-6.267154,2.0,2023-06-26 02:00:00,2.46
EPA-22,80_26,Station 22,"Rathmines, Dublin 6",53.322029,-6.267154,2.0,2023-06-26 03:00:00,2.24
EPA-22,80_26,Station 22,"Rathmines, Dublin 6",53.322029,-6.267154,2.0,2023-06-26 04:00:00,1.86
EPA-22,80_26,Station 22,"Rathmines, Dublin 6",53.322029,-6.267154,2.0,2023-06-26 05:00:00,1.97
EPA-22,80_26,Station 22,"Rathmines, Dublin 6",53.322029,-6.267154,2.0,2023-06-26 06:00:00,3.11
EPA-22,80_26,Station 22,"Rathmines, Dublin 6",53.322029,-6.267154,2.0,2023-06-26 07:00:00,12.03
EPA-22,80_26,Station 22,"Rathmines, Dublin 6",53.322029,-6.267154,2.0,2023-06-26 08:00:00,13.15
EPA-22,80_26,Station 22,"Rathmines, Dublin 6",53.322029,-6.267154,2.0,2023-06-26 09:00:00,9.08
EPA-22,80_26,Station 22,"Rathmines, Dublin 6",53.322029,-6.267154,2.0,2023-06-26 10:00:00,13.48
EPA-22,80_26,Station 22,"Rathmines, Dublin 6",53.322029,-6.267154,2.0,2023-06-26 11:00:00,10.11
EPA-22,80_26,Station 22,"Rathmines, Dublin 6",53.322029,-6.267154,2.0,2023-06-26 12:00:00,14.26
EPA-22,80_26,Station 22,"Rathmines, Dublin 6",53.322029,-6.267154,2.0,2023-06-26 13:00:00,9.17
EPA-22,80_26,Station 22,"Rathmines, Dublin 6",53.322029,-6.267154,2.0,2023-06-26 14:00:00,6.44
EPA-22,80_26,Station 22,"Rathmines, Dublin 6",53.322029,-6.267154,2.0,2023-06-26 15:00:00,8.27
EPA-22,80_26,Station 22,"Rathmines, Dublin 6",53.322029,-6.267154,2.0,2023-06-26 16:00:00,9.18
EPA-22,80_26,Station 22,"Rathmines, Dublin 6",53.322029,-6.267154,2.0,2023-06-26 17:00:00,6.07
EPA-22,80_26,Station 22,"Rathmines, Dublin 6",53.322029,-6.267154,2.0,2023-06-26 18:00:00,5.46
EPA-22,80_26,Station 22,"Rathmines, Dublin 6",53.322029,-6.267154,2.0,2023-06-26 19:00:00,5.08
EPA-22,80_26,Station 22,"Rathmines, Dublin 6",53.322029,-6.267154,2.0,2023-06-26 20:00:00,4.89
EPA-22,80_26,Station 22,"Rathmines, Dublin 6",53.322029,-6.267154,2.0,2023-06-26 21:00:00,4.55
EPA-22,80_26,Station 22,"Rathmines, Dublin 6",53.322029,-6.267154,2.0,2023-06-26 22:00:00,5.67
EPA-22,80_26,Station 22,"Rathmines, Dublin 6",53.322029,-6.267154,2.0,2023-06-26 23:00:00,4.23
EPA-22,80_26,Station 22,"Rathmines, Dublin 6",53.322029,-6.267154,2.0,2023-06-27 00:00:00,3.35
EPA-22,80_26,Station 22,"Rathmines, Dublin 6",53.322029,-6.267154,2.0,2023-06-27 01:00:00,2.92
EPA-22,80_26,Station 22,"Rathmines, Dublin 6",53.322029,-6.267154,2.0,2023-06-27 02:00:00,1.89
EPA-22,80_26,Station 22,"Rathmines, Dublin 6",53.322029,-6.267154,2.0,2023-06-27 03:00:00,1.64
EPA-22,80_26,Station 22,"Rathmines, Dublin 6",53.322029,-6.267154,2.0,2023-06-27 04:00:00,1.61
EPA-22,80_26,Station 22,"Rathmines, Dublin 6",53.322029,-6.267154,2.0,2023-06-27 05:00:00,1.94
EPA-22,80_26,Station 22,"Rathmines, Dublin 6",53.322029,-6.267154,2.0,2023-06-27 06:00:00,5.01
EPA-22,80_26,Station 22,"Rathmines, Dublin 6",53.322029,-6.267154,2.0,2023-06-27 07:00:00,6.13
EPA-22,80_26,Station 22,"Rathmines, Dublin 6",53.322029,-6.267154,2.0,2023-06-27 08:00:00,6.95
EPA-22,80_26,Station 22,"Rathmines, Dublin 6",53.322029,-6.267154,2.0,2023-06-27 09:00:00,7.08
EPA-22,80_26,Station 22,"Rathmines, Dublin 6",53.322029,-6.267154,2.0,2023-06-27 10:00:00,7.39
EPA-22,80_26,Station 22,"Rathmines, Dublin 6",53.322029,-6.267154,2.0,2023-06-27 11:00:00,6.1
EPA-22,80_26,Station 22,"Rathmines, Dublin 6",53.322029,-6.267154,2.0,2023-06-27 12:00:00,9.95
EPA-22,80_26,Station 22,"Rathmines, Dublin 6",53.322029,-6.267154,2.0,2023-06-27 13:00:00,10.08
EPA-22,80_26,Station 22,"Rathmines, Dublin 6",53.322029,-6.267154,2.0,2023-06-27 14:00:00,8.87
EPA-22,80_26,Station 22,"Rathmines, Dublin 6",53.322029,-6.267154,2.0,2023-06-27 15:00:00,11.9
EPA-22,80_26,Station 22,"Rathmines, Dublin 6",53.322029,-6.267154,2.0,2023-06-27 16:00:00,10.19
EPA-22,80_26,Station 22,"Rathmines, Dublin 6",53.322029,-6.267154,2.0,2023-06-27 17:00:00,8.02
EPA-22,80_26,Station 22,"Rathmines, Dublin 6",53.322029,-6.267154,2.0,2023-06-27 18:00:00,6.55
EPA-22,80_26,Station 22,"Rathmines, Dublin 6",53.322029,-6.267154,2.0,2023-06-27 19:00:00,6.71
EPA-22,80_26,Station 22,"Rathmines, Dublin 6",53.322029,-6.267154,2.0,2023-06-27 20:00:00,5.75
EPA-22,80_26,Station 22,"Rathmines, Dublin 6",53.322029,-6.267154,2.0,2023-06-27 21:00:00,5.97
EPA-22,80_26,Station 22,"Rathmines, Dublin 6",53.322029,-6.267154,2.0,2023-06-27 22:00:00,6.05
EPA-22,80_26,Station 22,"Rathmines, Dublin 6",53.322029,-6.267154,2.0,2023-06-27 23:00:00,4.31
EPA-22,80_26,Station 22,"Rathmines, Dublin 6",53.322029,-6.267154,2.0,2023-06-28 00:00:00,3.76
EPA-22,80_26,Station 22,"Rathmines, Dublin 6",53.322029,-6.267154,2.0,2023-06-28 01:00:00,2.27
EPA-22,80_26,Station 22,"Rathmines, Dublin 6",53.322029,-6.267154,2.0,2023-06-28 02:00:00,3.28
EPA-22,80_26,Station 22,"Rathmines, Dublin 6",53.322029,-6.267154,2.0,2023-06-28 03:00:00,2.31
EPA-22,80_26,Station 22,"Rathmines, Dublin 6",53.322029,-6.267154,2.0,2023-06-28 04:00:00,3.52
EPA-22,80_26,Station 22,"Rathmines, Dublin 6",53.322029,-6.267154,2.0,2023-06-28 05:00:00,3.33
EPA-22,80_26,Station 22,"Rathmines, Dublin 6",53.322029,-6.267154,2.0,2023-06-28 06:00:00,11.86
EPA-22,80_26,Station 22,"Rathmines, Dublin 6",53.322029,-6.267154,2.0,2023-06-28 07:00:00,32.71
EPA-22,80_26,Station 22,"Rathmines, Dublin 6",53.322029,-6.267154,2.0,2023-06-28 08:00:00,18.15
EPA-22,80_26,Station 22,"Rathmines, Dublin 6",53.322029,-6.267154,2.0,2023-06-28 09:00:00,19.27
EPA-22,80_26,Station 22,"Rathmines, Dublin 6",53.322029,-6.267154,2.0,2023-06-28 10:00:00,41.47
EPA-22,80_26,Station 22,"Rathmines, Dublin 6",53.322029,-6.267154,2.0,2023-06-28 11:00:00,21.11
EPA-22,80_26,Station 22,"Rathmines, Dublin 6",53.322029,-6.267154,2.0,2023-06-28 12:00:00,25.03
EPA-22,80_26,Station 22,"Rathmines, Dublin 6",53.322029,-6.267154,2.0,2023-06-28 13:00:00,35.69
EPA-22,80_26,Station 22,"Rathmines, Dublin 6",53.322029,-6.267154,2.0,2023-06-28 14:00:00,23.36
EPA-22,80_26,Station 22,"Rathmines, Dublin 6",53.322029,-6.267154,2.0,2023-06-28 15:00:00,20.81
EPA-22,80_26,Station 22,"Rathmines, Dublin 6",53.322029,-6.267154,2.0,2023-06-28 16:00:00,25.38
EPA-22,80_26,Station 22,"Rathmines, Dublin 6",53.322029,-6.267154,2.0,2023-06-28 17:00:00,11.81
EPA-22,80_26,Station 22,"Rathmines, Dublin 6",53.322029,-6.267154,2.0,2023-06-28 18:00:00,10.08
EPA-22,80_26,Station 22,"Rathmines, Dublin 6",53.322029,-6.267154,2.0,2023-06-28 19:00:00,9.85
EPA-22,80_26,Station 22,"Rathmines, Dublin 6",53.322029,-6.267154,2.0,2023-06-28 20:00:00,5.65
EPA-22,80_26,Station 22,"Rathmines, Dublin 6",53.322029,-6.267154,2.0,2023-06-28 21:00:00,7.3
EPA-22,80_26,Station 22,"Rathmines, Dublin 6",53.322029,-6.267154,2.0,2023-06-28 22:00:00,6.03
EPA-22,80_26,Station 22,"Rathmines, Dublin 6",53.322029,-6.267154,2.0,2023-06-29 01:00:00,4.4
EPA-22,80_26,Station 22,"Rathmines, Dublin 6",53.322029,-6.267154,2.0,2023-06-29 02:00:00,2.78
EPA-22,80_26,Station 22,"Rathmines, Dublin 6",53.322029,-6.267154,2.0,2023-06-29 03:00:00,3.39
EPA-22,80_26,Station 22,"Rathmines, Dublin 6",53.322029,-6.267154,2.0,2023-06-29 04:00:00,5.49
EPA-22,80_26,Station 22,"Rathmines, Dublin 6",53.322029,-6.267154,2.0,2023-06-29 05:00:00,8.63
EPA-22,80_26,Station 22,"Rathmines, Dublin 6",53.322029,-6.267154,2.0,2023-06-29 06:00:00,10.74
EPA-22,80_26,Station 22,"Rathmines, Dublin 6",53.322029,-6.267154,2.0,2023-06-29 07:00:00,19.15
EPA-22,80_26,Station 22,"Rathmines, Dublin 6",53.322029,-6.267154,2.0,2023-06-29 08:00:00,28.99
EPA-22,80_26,Station 22,"Rathmines, Dublin 6",53.322029,-6.267154,2.0,2023-06-29 09:00:00,21.4
EPA-22,80_26,Station 22,"Rathmines, Dublin 6",53.322029,-6.267154,2.0,2023-06-29 10:00:00,20.2
EPA-22,80_26,Station 22,"Rathmines, Dublin 6",53.322029,-6.267154,2.0,2023-06-29 11:00:00,23.86
EPA-22,80_26,Station 22,"Rathmines, Dublin 6",53.322029,-6.267154,2.0,2023-06-29 12:00:00,21.57
EPA-22,80_26,Station 22,"Rathmines, Dublin 6",53.322029,-6.267154,2.0,2023-06-29 13:00:00,17.15
EPA-22,80_26,Station 22,"Rathmines, Dublin 6",53.322029,-6.267154,2.0,2023-06-29 14:00:00,18.73
EPA-22,80_26,Station 22,"Rathmines, Dublin 6",53.322029,-6.267154,2.0,2023-06-29 15:00:00,12.5
EPA-22,80_26,Station 22,"Rathmines, Dublin 6",53.322029,-6.267154,2.0,2023-06-29 16:00:00,12.46
EPA-22,80_26,Station 22,"Rathmines, Dublin 6",53.322029,-6.267154,2.0,2023-06-29 17:00:00,8.62
EPA-22,80_26,Station 22,"Rathmines, Dublin 6",53.322029,-6.267154,2.0,2023-06-29 18:00:00,8.23
EPA-22,80_26,Station 22,"Rathmines, Dublin 6",53.322029,-6.267154,2.0,2023-06-29 19:00:00,4.38
EPA-22,80_26,Station 22,"Rathmines, Dublin 6",53.322029,-6.267154,2.0,2023-06-29 20:00:00,6.63
EPA-22,80_26,Station 22,"Rathmines, Dublin 6",53.322029,-6.267154,2.0,2023-06-29 21:00:00,4.61
EPA-22,80_26,Station 22,"Rathmines, Dublin 6",53.322029,-6.267154,2.0,2023-06-29 22:00:00,4.43
EPA-22,80_26,Station 22,"Rathmines, Dublin 6",53.322029,-6.267154,2.0,2023-06-29 23:00:00,5.0
EPA-22,80_26,Station 22,"Rathmines, Dublin 6",53.322029,-6.267154,2.0,2023-06-30 00:00:00,3.79
EPA-22,80_26,Station 22,"Rathmines, Dublin 6",53.322029,-6.267154,2.0,2023-06-30 01:00:00,1.97
EPA-22,80_26,Station 22,"Rathmines, Dublin 6",53.322029,-6.267154,2.0,2023-06-30 02:00:00,1.58
EPA-22,80_26,Station 22,"Rathmines, Dublin 6",53.322029,-6.267154,2.0,2023-06-30 03:00:00,1.5
EPA-22,80_26,Station 22,"Rathmines, Dublin 6",53.322029,-6.267154,2.0,2023-06-30 04:00:00,1.7
EPA-22,80_26,Station 22,"Rathmines, Dublin 6",53.322029,-6.267154,2.0,2023-06-30 05:00:00,1.68
EPA-22,80_26,Station 22,"Rathmines, Dublin 6",53.322029,-6.267154,2.0,2023-06-30 06:00:00,5.31
EPA-22,80_26,Station 22,"Rathmines, Dublin 6",53.322029,-6.267154,2.0,2023-06-30 07:00:00,9.23
EPA-22,80_26,Station 22,"Rathmines, Dublin 6",53.322029,-6.267154,2.0,2023-06-30 08:00:00,8.49
EPA-22,80_26,Station 22,"Rathmines, Dublin 6",53.322029,-6.267154,2.0,2023-06-30 09:00:00,9.82
EPA-22,80_26,Station 22,"Rathmines, Dublin 6",53.322029,-6.267154,2.0,2023-06-30 10:00:00,10.28
EPA-22,80_26,Station 22,"Rathmines, Dublin 6",53.322029,-6.267154,2.0,2023-06-30 11:00:00,7.85
EPA-22,80_26,Station 22,"Rathmines, Dublin 6",53.322029,-6.267154,2.0,2023-06-30 12:00:00,9.2
EPA-22,80_26,Station 22,"Rathmines, Dublin 6",53.322029,-6.267154,2.0,2023-06-30 13:00:00,10.6
EPA-22,80_26,Station 22,"Rathmines, Dublin 6",53.322029,-6.267154,2.0,2023-06-30 14:00:00,10.93
EPA-22,80_26,Station 22,"Rathmines, Dublin 6",53.322029,-6.267154,2.0,2023-06-30 15:00:00,10.59
EPA-22,80_26,Station 22,"Rathmines, Dublin 6",53.322029,-6.267154,2.0,2023-06-30 16:00:00,16.87
EPA-22,80_26,Station 22,"Rathmines, Dublin 6",53.322029,-6.267154,2.0,2023-06-30 17:00:00,6.17
EPA-22,80_26,Station 22,"Rathmines, Dublin 6",53.322029,-6.267154,2.0,2023-06-30 18:00:00,5.81
EPA-22,80_26,Station 22,"Rathmines, Dublin 6",53.322029,-6.267154,2.0,2023-06-30 19:00:00,4.12
EPA-22,80_26,Station 22,"Rathmines, Dublin 6",53.322029,-6.267154,2.0,2023-06-30 20:00:00,4.25
EPA-22,80_26,Station 22,"Rathmines, Dublin 6",53.322029,-6.267154,2.0,2023-06-30 21:00:00,3.98
EPA-22,80_26,Station 22,"Rathmines, Dublin 6",53.322029,-6.267154,2.0,2023-06-30 22:00:00,3.69
EPA-29,10_94,Station 29 (Communication Issue),"Blanchardstown, Dublin 15",53.38539,-6.369211,0.0,2023-06-01 01:00:00,31.42
EPA-29,10_94,Station 29 (Communication Issue),"Blanchardstown, Dublin 15",53.38539,-6.369211,0.0,2023-06-01 02:00:00,28.93
EPA-29,10_94,Station 29 (Communication Issue),"Blanchardstown, Dublin 15",53.38539,-6.369211,0.0,2023-06-01 03:00:00,26.83
EPA-29,10_94,Station 29 (Communication Issue),"Blanchardstown, Dublin 15",53.38539,-6.369211,0.0,2023-06-01 04:00:00,30.59
EPA-29,10_94,Station 29 (Communication Issue),"Blanchardstown, Dublin 15",53.38539,-6.369211,0.0,2023-06-01 05:00:00,36.94
EPA-29,10_94,Station 29 (Communication Issue),"Blanchardstown, Dublin 15",53.38539,-6.369211,0.0,2023-06-01 06:00:00,50.09
EPA-29,10_94,Station 29 (Communication Issue),"Blanchardstown, Dublin 15",53.38539,-6.369211,0.0,2023-06-01 07:00:00,59.79
EPA-29,10_94,Station 29 (Communication Issue),"Blanchardstown, Dublin 15",53.38539,-6.369211,0.0,2023-06-01 08:00:00,41.98
EPA-29,10_94,Station 29 (Communication Issue),"Blanchardstown, Dublin 15",53.38539,-6.369211,0.0,2023-06-01 09:00:00,33.92
EPA-29,10_94,Station 29 (Communication Issue),"Blanchardstown, Dublin 15",53.38539,-6.369211,0.0,2023-06-01 10:00:00,29.39
EPA-29,10_94,Station 29 (Communication Issue),"Blanchardstown, Dublin 15",53.38539,-6.369211,0.0,2023-06-01 11:00:00,26.98
EPA-29,10_94,Station 29 (Communication Issue),"Blanchardstown, Dublin 15",53.38539,-6.369211,0.0,2023-06-01 12:00:00,27.76
EPA-29,10_94,Station 29 (Communication Issue),"Blanchardstown, Dublin 15",53.38539,-6.369211,0.0,2023-06-01 13:00:00,24.45
EPA-29,10_94,Station 29 (Communication Issue),"Blanchardstown, Dublin 15",53.38539,-6.369211,0.0,2023-06-01 14:00:00,26.77
EPA-29,10_94,Station 29 (Communication Issue),"Blanchardstown, Dublin 15",53.38539,-6.369211,0.0,2023-06-01 15:00:00,34.39
EPA-29,10_94,Station 29 (Communication Issue),"Blanchardstown, Dublin 15",53.38539,-6.369211,0.0,2023-06-01 16:00:00,30.26
EPA-29,10_94,Station 29 (Communication Issue),"Blanchardstown, Dublin 15",53.38539,-6.369211,0.0,2023-06-01 17:00:00,31.02
EPA-29,10_94,Station 29 (Communication Issue),"Blanchardstown, Dublin 15",53.38539,-6.369211,0.0,2023-06-01 18:00:00,31.06
EPA-29,10_94,Station 29 (Communication Issue),"Blanchardstown, Dublin 15",53.38539,-6.369211,0.0,2023-06-01 19:00:00,38.33
EPA-29,10_94,Station 29 (Communication Issue),"Blanchardstown, Dublin 15",53.38539,-6.369211,0.0,2023-06-01 20:00:00,30.84
EPA-29,10_94,Station 29 (Communication Issue),"Blanchardstown, Dublin 15",53.38539,-6.369211,0.0,2023-06-01 21:00:00,37.29
EPA-29,10_94,Station 29 (Communication Issue),"Blanchardstown, Dublin 15",53.38539,-6.369211,0.0,2023-06-01 22:00:00,34.23
EPA-29,10_94,Station 29 (Communication Issue),"Blanchardstown, Dublin 15",53.38539,-6.369211,0.0,2023-06-01 23:00:00,30.8
EPA-29,10_94,Station 29 (Communication Issue),"Blanchardstown, Dublin 15",53.38539,-6.369211,0.0,2023-06-02 00:00:00,24.85
EPA-29,10_94,Station 29 (Communication Issue),"Blanchardstown, Dublin 15",53.38539,-6.369211,0.0,2023-06-02 01:00:00,32.9
EPA-29,10_94,Station 29 (Communication Issue),"Blanchardstown, Dublin 15",53.38539,-6.369211,0.0,2023-06-02 02:00:00,14.53
EPA-29,10_94,Station 29 (Communication Issue),"Blanchardstown, Dublin 15",53.38539,-6.369211,0.0,2023-06-02 03:00:00,16.11
EPA-29,10_94,Station 29 (Communication Issue),"Blanchardstown, Dublin 15",53.38539,-6.369211,0.0,2023-06-02 04:00:00,16.5
EPA-29,10_94,Station 29 (Communication Issue),"Blanchardstown, Dublin 15",53.38539,-6.369211,0.0,2023-06-02 05:00:00,22.74
EPA-29,10_94,Station 29 (Communication Issue),"Blanchardstown, Dublin 15",53.38539,-6.369211,0.0,2023-06-02 06:00:00,34.54
EPA-29,10_94,Station 29 (Communication Issue),"Blanchardstown, Dublin 15",53.38539,-6.369211,0.0,2023-06-02 07:00:00,46.75
EPA-29,10_94,Station 29 (Communication Issue),"Blanchardstown, Dublin 15",53.38539,-6.369211,0.0,2023-06-02 08:00:00,39.78
EPA-29,10_94,Station 29 (Communication Issue),"Blanchardstown, Dublin 15",53.38539,-6.369211,0.0,2023-06-02 09:00:00,38.71
EPA-29,10_94,Station 29 (Communication Issue),"Blanchardstown, Dublin 15",53.38539,-6.369211,0.0,2023-06-02 10:00:00,31.77
EPA-29,10_94,Station 29 (Communication Issue),"Blanchardstown, Dublin 15",53.38539,-6.369211,0.0,2023-06-02 11:00:00,29.5
EPA-29,10_94,Station 29 (Communication Issue),"Blanchardstown, Dublin 15",53.38539,-6.369211,0.0,2023-06-02 12:00:00,30.53
EPA-29,10_94,Station 29 (Communication Issue),"Blanchardstown, Dublin 15",53.38539,-6.369211,0.0,2023-06-02 13:00:00,26.88
EPA-29,10_94,Station 29 (Communication Issue),"Blanchardstown, Dublin 15",53.38539,-6.369211,0.0,2023-06-02 14:00:00,34.03
EPA-29,10_94,Station 29 (Communication Issue),"Blanchardstown, Dublin 15",53.38539,-6.369211,0.0,2023-06-02 15:00:00,30.89
EPA-29,10_94,Station 29 (Communication Issue),"Blanchardstown, Dublin 15",53.38539,-6.369211,0.0,2023-06-02 16:00:00,30.96
EPA-29,10_94,Station 29 (Communication Issue),"Blanchardstown, Dublin 15",53.38539,-6.369211,0.0,2023-06-02 17:00:00,33.39
EPA-29,10_94,Station 29 (Communication Issue),"Blanchardstown, Dublin 15",53.38539,-6.369211,0.0,2023-06-02 18:00:00,41.13
EPA-29,10_94,Station 29 (Communication Issue),"Blanchardstown, Dublin 15",53.38539,-6.369211,0.0,2023-06-02 19:00:00,38.05
EPA-29,10_94,Station 29 (Communication Issue),"Blanchardstown, Dublin 15",53.38539,-6.369211,0.0,2023-06-02 20:00:00,43.35
EPA-29,10_94,Station 29 (Communication Issue),"Blanchardstown, Dublin 15",53.38539,-6.369211,0.0,2023-06-02 21:00:00,42.25
EPA-29,10_94,Station 29 (Communication Issue),"Blanchardstown, Dublin 15",53.38539,-6.369211,0.0,2023-06-02 22:00:00,50.97
EPA-29,10_94,Station 29 (Communication Issue),"Blanchardstown, Dublin 15",53.38539,-6.369211,0.0,2023-06-02 23:00:00,53.36
EPA-29,10_94,Station 29 (Communication Issue),"Blanchardstown, Dublin 15",53.38539,-6.369211,0.0,2023-06-03 00:00:00,54.3
EPA-29,10_94,Station 29 (Communication Issue),"Blanchardstown, Dublin 15",53.38539,-6.369211,0.0,2023-06-03 01:00:00,49.44
EPA-29,10_94,Station 29 (Communication Issue),"Blanchardstown, Dublin 15",53.38539,-6.369211,0.0,2023-06-03 02:00:00,48.1
EPA-29,10_94,Station 29 (Communication Issue),"Blanchardstown, Dublin 15",53.38539,-6.369211,0.0,2023-06-03 03:00:00,39.47
EPA-29,10_94,Station 29 (Communication Issue),"Blanchardstown, Dublin 15",53.38539,-6.369211,0.0,2023-06-03 04:00:00,42.25
EPA-29,10_94,Station 29 (Communication Issue),"Blanchardstown, Dublin 15",53.38539,-6.369211,0.0,2023-06-03 05:00:00,40.46
EPA-29,10_94,Station 29 (Communication Issue),"Blanchardstown, Dublin 15",53.38539,-6.369211,0.0,2023-06-03 06:00:00,36.86
EPA-29,10_94,Station 29 (Communication Issue),"Blanchardstown, Dublin 15",53.38539,-6.369211,0.0,2023-06-03 07:00:00,47.65
EPA-29,10_94,Station 29 (Communication Issue),"Blanchardstown, Dublin 15",53.38539,-6.369211,0.0,2023-06-03 08:00:00,47.99
EPA-29,10_94,Station 29 (Communication Issue),"Blanchardstown, Dublin 15",53.38539,-6.369211,0.0,2023-06-03 09:00:00,38.84
EPA-29,10_94,Station 29 (Communication Issue),"Blanchardstown, Dublin 15",53.38539,-6.369211,0.0,2023-06-03 10:00:00,31.23
EPA-29,10_94,Station 29 (Communication Issue),"Blanchardstown, Dublin 15",53.38539,-6.369211,0.0,2023-06-03 11:00:00,30.27
EPA-29,10_94,Station 29 (Communication Issue),"Blanchardstown, Dublin 15",53.38539,-6.369211,0.0,2023-06-03 12:00:00,27.52
EPA-29,10_94,Station 29 (Communication Issue),"Blanchardstown, Dublin 15",53.38539,-6.369211,0.0,2023-06-03 13:00:00,25.09
EPA-29,10_94,Station 29 (Communication Issue),"Blanchardstown, Dublin 15",53.38539,-6.369211,0.0,2023-06-03 14:00:00,26.47
EPA-29,10_94,Station 29 (Communication Issue),"Blanchardstown, Dublin 15",53.38539,-6.369211,0.0,2023-06-03 15:00:00,32.81
EPA-29,10_94,Station 29 (Communication Issue),"Blanchardstown, Dublin 15",53.38539,-6.369211,0.0,2023-06-03 16:00:00,29.92
EPA-29,10_94,Station 29 (Communication Issue),"Blanchardstown, Dublin 15",53.38539,-6.369211,0.0,2023-06-03 17:00:00,27.28
EPA-29,10_94,Station 29 (Communication Issue),"Blanchardstown, Dublin 15",53.38539,-6.369211,0.0,2023-06-03 18:00:00,28.81
EPA-29,10_94,Station 29 (Communication Issue),"Blanchardstown, Dublin 15",53.38539,-6.369211,0.0,2023-06-03 19:00:00,34.94
EPA-29,10_94,Station 29 (Communication Issue),"Blanchardstown, Dublin 15",53.38539,-6.369211,0.0,2023-06-03 20:00:00,43.06
EPA-29,10_94,Station 29 (Communication Issue),"Blanchardstown, Dublin 15",53.38539,-6.369211,0.0,2023-06-03 21:00:00,37.23
EPA-29,10_94,Station 29 (Communication Issue),"Blanchardstown, Dublin 15",53.38539,-6.369211,0.0,2023-06-03 22:00:00,51.65
EPA-29,10_94,Station 29 (Communication Issue),"Blanchardstown, Dublin 15",53.38539,-6.369211,0.0,2023-06-03 23:00:00,68.7
EPA-29,10_94,Station 29 (Communication Issue),"Blanchardstown, Dublin 15",53.38539,-6.369211,0.0,2023-06-04 00:00:00,64.3
EPA-29,10_94,Station 29 (Communication Issue),"Blanchardstown, Dublin 15",53.38539,-6.369211,0.0,2023-06-04 01:00:00,59.46
EPA-29,10_94,Station 29 (Communication Issue),"Blanchardstown, Dublin 15",53.38539,-6.369211,0.0,2023-06-04 02:00:00,51.42
EPA-29,10_94,Station 29 (Communication Issue),"Blanchardstown, Dublin 15",53.38539,-6.369211,0.0,2023-06-04 03:00:00,41.83
EPA-29,10_94,Station 29 (Communication Issue),"Blanchardstown, Dublin 15",53.38539,-6.369211,0.0,2023-06-04 04:00:00,43.02
EPA-29,10_94,Station 29 (Communication Issue),"Blanchardstown, Dublin 15",53.38539,-6.369211,0.0,2023-06-04 05:00:00,41.37
EPA-29,10_94,Station 29 (Communication Issue),"Blanchardstown, Dublin 15",53.38539,-6.369211,0.0,2023-06-04 06:00:00,32.64
EPA-29,10_94,Station 29 (Communication Issue),"Blanchardstown, Dublin 15",53.38539,-6.369211,0.0,2023-06-04 07:00:00,35.13
EPA-29,10_94,Station 29 (Communication Issue),"Blanchardstown, Dublin 15",53.38539,-6.369211,0.0,2023-06-04 08:00:00,21.58
EPA-29,10_94,Station 29 (Communication Issue),"Blanchardstown, Dublin 15",53.38539,-6.369211,0.0,2023-06-04 09:00:00,20.08
EPA-29,10_94,Station 29 (Communication Issue),"Blanchardstown, Dublin 15",53.38539,-6.369211,0.0,2023-06-04 10:00:00,20.9
EPA-29,10_94,Station 29 (Communication Issue),"Blanchardstown, Dublin 15",53.38539,-6.369211,0.0,2023-06-04 11:00:00,18.84
EPA-29,10_94,Station 29 (Communication Issue),"Blanchardstown, Dublin 15",53.38539,-6.369211,0.0,2023-06-04 12:00:00,21.17
EPA-29,10_94,Station 29 (Communication Issue),"Blanchardstown, Dublin 15",53.38539,-6.369211,0.0,2023-06-04 13:00:00,21.52
EPA-29,10_94,Station 29 (Communication Issue),"Blanchardstown, Dublin 15",53.38539,-6.369211,0.0,2023-06-04 14:00:00,21.91
EPA-29,10_94,Station 29 (Communication Issue),"Blanchardstown, Dublin 15",53.38539,-6.369211,0.0,2023-06-04 15:00:00,20.67
EPA-29,10_94,Station 29 (Communication Issue),"Blanchardstown, Dublin 15",53.38539,-6.369211,0.0,2023-06-04 16:00:00,20.6
EPA-29,10_94,Station 29 (Communication Issue),"Blanchardstown, Dublin 15",53.38539,-6.369211,0.0,2023-06-04 17:00:00,19.66
EPA-29,10_94,Station 29 (Communication Issue),"Blanchardstown, Dublin 15",53.38539,-6.369211,0.0,2023-06-04 18:00:00,27.33
EPA-29,10_94,Station 29 (Communication Issue),"Blanchardstown, Dublin 15",53.38539,-6.369211,0.0,2023-06-04 19:00:00,30.38
EPA-29,10_94,Station 29 (Communication Issue),"Blanchardstown, Dublin 15",53.38539,-6.369211,0.0,2023-06-04 20:00:00,39.08
EPA-29,10_94,Station 29 (Communication Issue),"Blanchardstown, Dublin 15",53.38539,-6.369211,0.0,2023-06-04 21:00:00,29.81
EPA-29,10_94,Station 29 (Communication Issue),"Blanchardstown, Dublin 15",53.38539,-6.369211,0.0,2023-06-04 22:00:00,38.3
EPA-29,10_94,Station 29 (Communication Issue),"Blanchardstown, Dublin 15",53.38539,-6.369211,0.0,2023-06-04 23:00:00,43.12
EPA-29,10_94,Station 29 (Communication Issue),"Blanchardstown, Dublin 15",53.38539,-6.369211,0.0,2023-06-05 00:00:00,68.74
EPA-29,10_94,Station 29 (Communication Issue),"Blanchardstown, Dublin 15",53.38539,-6.369211,0.0,2023-06-05 01:00:00,54.07
EPA-29,10_94,Station 29 (Communication Issue),"Blanchardstown, Dublin 15",53.38539,-6.369211,0.0,2023-06-05 02:00:00,46.37
EPA-29,10_94,Station 29 (Communication Issue),"Blanchardstown, Dublin 15",53.38539,-6.369211,0.0,2023-06-05 03:00:00,40.95
EPA-29,10_94,Station 29 (Communication Issue),"Blanchardstown, Dublin 15",53.38539,-6.369211,0.0,2023-06-05 04:00:00,39.37
EPA-29,10_94,Station 29 (Communication Issue),"Blanchardstown, Dublin 15",53.38539,-6.369211,0.0,2023-06-05 05:00:00,33.54
EPA-29,10_94,Station 29 (Communication Issue),"Blanchardstown, Dublin 15",53.38539,-6.369211,0.0,2023-06-05 06:00:00,37.27
EPA-29,10_94,Station 29 (Communication Issue),"Blanchardstown, Dublin 15",53.38539,-6.369211,0.0,2023-06-05 07:00:00,30.66
EPA-29,10_94,Station 29 (Communication Issue),"Blanchardstown, Dublin 15",53.38539,-6.369211,0.0,2023-06-05 08:00:00,27.98
EPA-29,10_94,Station 29 (Communication Issue),"Blanchardstown, Dublin 15",53.38539,-6.369211,0.0,2023-06-05 09:00:00,24.01
EPA-29,10_94,Station 29 (Communication Issue),"Blanchardstown, Dublin 15",53.38539,-6.369211,0.0,2023-06-05 10:00:00,15.35
EPA-29,10_94,Station 29 (Communication Issue),"Blanchardstown, Dublin 15",53.38539,-6.369211,0.0,2023-06-05 11:00:00,19.78
EPA-29,10_94,Station 29 (Communication Issue),"Blanchardstown, Dublin 15",53.38539,-6.369211,0.0,2023-06-05 12:00:00,13.63
EPA-29,10_94,Station 29 (Communication Issue),"Blanchardstown, Dublin 15",53.38539,-6.369211,0.0,2023-06-05 13:00:00,17.39
EPA-29,10_94,Station 29 (Communication Issue),"Blanchardstown, Dublin 15",53.38539,-6.369211,0.0,2023-06-05 14:00:00,19.94
EPA-29,10_94,Station 29 (Communication Issue),"Blanchardstown, Dublin 15",53.38539,-6.369211,0.0,2023-06-05 15:00:00,21.96
EPA-29,10_94,Station 29 (Communication Issue),"Blanchardstown, Dublin 15",53.38539,-6.369211,0.0,2023-06-05 16:00:00,25.45
EPA-29,10_94,Station 29 (Communication Issue),"Blanchardstown, Dublin 15",53.38539,-6.369211,0.0,2023-06-05 17:00:00,27.06
EPA-29,10_94,Station 29 (Communication Issue),"Blanchardstown, Dublin 15",53.38539,-6.369211,0.0,2023-06-05 18:00:00,27.52
EPA-29,10_94,Station 29 (Communication Issue),"Blanchardstown, Dublin 15",53.38539,-6.369211,0.0,2023-06-05 19:00:00,24.98
EPA-29,10_94,Station 29 (Communication Issue),"Blanchardstown, Dublin 15",53.38539,-6.369211,0.0,2023-06-05 20:00:00,35.0
EPA-29,10_94,Station 29 (Communication Issue),"Blanchardstown, Dublin 15",53.38539,-6.369211,0.0,2023-06-05 21:00:00,41.23
EPA-29,10_94,Station 29 (Communication Issue),"Blanchardstown, Dublin 15",53.38539,-6.369211,0.0,2023-06-05 22:00:00,40.62
EPA-29,10_94,Station 29 (Communication Issue),"Blanchardstown, Dublin 15",53.38539,-6.369211,0.0,2023-06-05 23:00:00,31.57
EPA-29,10_94,Station 29 (Communication Issue),"Blanchardstown, Dublin 15",53.38539,-6.369211,0.0,2023-06-06 00:00:00,35.06
EPA-29,10_94,Station 29 (Communication Issue),"Blanchardstown, Dublin 15",53.38539,-6.369211,0.0,2023-06-06 01:00:00,32.42
EPA-29,10_94,Station 29 (Communication Issue),"Blanchardstown, Dublin 15",53.38539,-6.369211,0.0,2023-06-06 02:00:00,30.59
EPA-29,10_94,Station 29 (Communication Issue),"Blanchardstown, Dublin 15",53.38539,-6.369211,0.0,2023-06-06 03:00:00,31.0
EPA-29,10_94,Station 29 (Communication Issue),"Blanchardstown, Dublin 15",53.38539,-6.369211,0.0,2023-06-06 04:00:00,28.31
EPA-29,10_94,Station 29 (Communication Issue),"Blanchardstown, Dublin 15",53.38539,-6.369211,0.0,2023-06-06 05:00:00,40.43
EPA-29,10_94,Station 29 (Communication Issue),"Blanchardstown, Dublin 15",53.38539,-6.369211,0.0,2023-06-06 06:00:00,60.45
EPA-29,10_94,Station 29 (Communication Issue),"Blanchardstown, Dublin 15",53.38539,-6.369211,0.0,2023-06-06 07:00:00,71.15
EPA-29,10_94,Station 29 (Communication Issue),"Blanchardstown, Dublin 15",53.38539,-6.369211,0.0,2023-06-06 08:00:00,67.74
EPA-29,10_94,Station 29 (Communication Issue),"Blanchardstown, Dublin 15",53.38539,-6.369211,0.0,2023-06-06 09:00:00,42.47
EPA-29,10_94,Station 29 (Communication Issue),"Blanchardstown, Dublin 15",53.38539,-6.369211,0.0,2023-06-06 10:00:00,31.18
EPA-29,10_94,Station 29 (Communication Issue),"Blanchardstown, Dublin 15",53.38539,-6.369211,0.0,2023-06-06 11:00:00,20.98
EPA-29,10_94,Station 29 (Communication Issue),"Blanchardstown, Dublin 15",53.38539,-6.369211,0.0,2023-06-06 12:00:00,25.78
EPA-29,10_94,Station 29 (Communication Issue),"Blanchardstown, Dublin 15",53.38539,-6.369211,0.0,2023-06-06 13:00:00,26.98
EPA-29,10_94,Station 29 (Communication Issue),"Blanchardstown, Dublin 15",53.38539,-6.369211,0.0,2023-06-06 14:00:00,28.29
EPA-29,10_94,Station 29 (Communication Issue),"Blanchardstown, Dublin 15",53.38539,-6.369211,0.0,2023-06-06 15:00:00,34.63
EPA-29,10_94,Station 29 (Communication Issue),"Blanchardstown, Dublin 15",53.38539,-6.369211,0.0,2023-06-06 16:00:00,33.76
EPA-29,10_94,Station 29 (Communication Issue),"Blanchardstown, Dublin 15",53.38539,-6.369211,0.0,2023-06-06 17:00:00,36.29
EPA-29,10_94,Station 29 (Communication Issue),"Blanchardstown, Dublin 15",53.38539,-6.369211,0.0,2023-06-06 18:00:00,30.08
EPA-29,10_94,Station 29 (Communication Issue),"Blanchardstown, Dublin 15",53.38539,-6.369211,0.0,2023-06-06 19:00:00,28.65
EPA-29,10_94,Station 29 (Communication Issue),"Blanchardstown, Dublin 15",53.38539,-6.369211,0.0,2023-06-06 20:00:00,35.62
EPA-29,10_94,Station 29 (Communication Issue),"Blanchardstown, Dublin 15",53.38539,-6.369211,0.0,2023-06-06 21:00:00,41.57
EPA-29,10_94,Station 29 (Communication Issue),"Blanchardstown, Dublin 15",53.38539,-6.369211,0.0,2023-06-06 22:00:00,39.85
EPA-29,10_94,Station 29 (Communication Issue),"Blanchardstown, Dublin 15",53.38539,-6.369211,0.0,2023-06-06 23:00:00,46.17
EPA-29,10_94,Station 29 (Communication Issue),"Blanchardstown, Dublin 15",53.38539,-6.369211,0.0,2023-06-07 00:00:00,48.98
EPA-29,10_94,Station 29 (Communication Issue),"Blanchardstown, Dublin 15",53.38539,-6.369211,0.0,2023-06-07 01:00:00,36.48
EPA-29,10_94,Station 29 (Communication Issue),"Blanchardstown, Dublin 15",53.38539,-6.369211,0.0,2023-06-07 02:00:00,36.16
EPA-29,10_94,Station 29 (Communication Issue),"Blanchardstown, Dublin 15",53.38539,-6.369211,0.0,2023-06-07 03:00:00,36.0
EPA-29,10_94,Station 29 (Communication Issue),"Blanchardstown, Dublin 15",53.38539,-6.369211,0.0,2023-06-07 04:00:00,30.65
EPA-29,10_94,Station 29 (Communication Issue),"Blanchardstown, Dublin 15",53.38539,-6.369211,0.0,2023-06-07 05:00:00,27.64
EPA-29,10_94,Station 29 (Communication Issue),"Blanchardstown, Dublin 15",53.38539,-6.369211,0.0,2023-06-07 06:00:00,36.17
EPA-29,10_94,Station 29 (Communication Issue),"Blanchardstown, Dublin 15",53.38539,-6.369211,0.0,2023-06-07 07:00:00,47.04
EPA-29,10_94,Station 29 (Communication Issue),"Blanchardstown, Dublin 15",53.38539,-6.369211,0.0,2023-06-07 08:00:00,40.41
EPA-29,10_94,Station 29 (Communication Issue),"Blanchardstown, Dublin 15",53.38539,-6.369211,0.0,2023-06-07 09:00:00,40.94
EPA-29,10_94,Station 29 (Communication Issue),"Blanchardstown, Dublin 15",53.38539,-6.369211,0.0,2023-06-07 10:00:00,38.31
EPA-29,10_94,Station 29 (Communication Issue),"Blanchardstown, Dublin 15",53.38539,-6.369211,0.0,2023-06-07 11:00:00,44.89
EPA-29,10_94,Station 29 (Communication Issue),"Blanchardstown, Dublin 15",53.38539,-6.369211,0.0,2023-06-07 12:00:00,24.32
EPA-29,10_94,Station 29 (Communication Issue),"Blanchardstown, Dublin 15",53.38539,-6.369211,0.0,2023-06-07 13:00:00,21.88
EPA-29,10_94,Station 29 (Communication Issue),"Blanchardstown, Dublin 15",53.38539,-6.369211,0.0,2023-06-07 14:00:00,25.04
EPA-29,10_94,Station 29 (Communication Issue),"Blanchardstown, Dublin 15",53.38539,-6.369211,0.0,2023-06-07 15:00:00,23.97
EPA-29,10_94,Station 29 (Communication Issue),"Blanchardstown, Dublin 15",53.38539,-6.369211,0.0,2023-06-07 16:00:00,30.88
EPA-29,10_94,Station 29 (Communication Issue),"Blanchardstown, Dublin 15",53.38539,-6.369211,0.0,2023-06-07 17:00:00,27.47
EPA-29,10_94,Station 29 (Communication Issue),"Blanchardstown, Dublin 15",53.38539,-6.369211,0.0,2023-06-07 18:00:00,32.52
EPA-29,10_94,Station 29 (Communication Issue),"Blanchardstown, Dublin 15",53.38539,-6.369211,0.0,2023-06-07 19:00:00,32.08
EPA-29,10_94,Station 29 (Communication Issue),"Blanchardstown, Dublin 15",53.38539,-6.369211,0.0,2023-06-07 20:00:00,32.45
EPA-29,10_94,Station 29 (Communication Issue),"Blanchardstown, Dublin 15",53.38539,-6.369211,0.0,2023-06-07 21:00:00,41.3
EPA-29,10_94,Station 29 (Communication Issue),"Blanchardstown, Dublin 15",53.38539,-6.369211,0.0,2023-06-07 22:00:00,46.44
EPA-29,10_94,Station 29 (Communication Issue),"Blanchardstown, Dublin 15",53.38539,-6.369211,0.0,2023-06-08 01:00:00,53.21
EPA-29,10_94,Station 29 (Communication Issue),"Blanchardstown, Dublin 15",53.38539,-6.369211,0.0,2023-06-08 02:00:00,40.66
EPA-29,10_94,Station 29 (Communication Issue),"Blanchardstown, Dublin 15",53.38539,-6.369211,0.0,2023-06-08 03:00:00,25.17
EPA-29,10_94,Station 29 (Communication Issue),"Blanchardstown, Dublin 15",53.38539,-6.369211,0.0,2023-06-08 04:00:00,16.71
EPA-29,10_94,Station 29 (Communication Issue),"Blanchardstown, Dublin 15",53.38539,-6.369211,0.0,2023-06-08 05:00:00,21.85
EPA-29,10_94,Station 29 (Communication Issue),"Blanchardstown, Dublin 15",53.38539,-6.369211,0.0,2023-06-08 06:00:00,43.82
EPA-29,10_94,Station 29 (Communication Issue),"Blanchardstown, Dublin 15",53.38539,-6.369211,0.0,2023-06-08 07:00:00,46.55
EPA-29,10_94,Station 29 (Communication Issue),"Blanchardstown, Dublin 15",53.38539,-6.369211,0.0,2023-06-08 08:00:00,40.56
EPA-29,10_94,Station 29 (Communication Issue),"Blanchardstown, Dublin 15",53.38539,-6.369211,0.0,2023-06-08 09:00:00,38.23
EPA-29,10_94,Station 29 (Communication Issue),"Blanchardstown, Dublin 15",53.38539,-6.369211,0.0,2023-06-08 10:00:00,39.08
EPA-29,10_94,Station 29 (Communication Issue),"Blanchardstown, Dublin 15",53.38539,-6.369211,0.0,2023-06-08 11:00:00,26.77
EPA-29,10_94,Station 29 (Communication Issue),"Blanchardstown, Dublin 15",53.38539,-6.369211,0.0,2023-06-08 12:00:00,34.31
EPA-29,10_94,Station 29 (Communication Issue),"Blanchardstown, Dublin 15",53.38539,-6.369211,0.0,2023-06-08 13:00:00,40.08
EPA-29,10_94,Station 29 (Communication Issue),"Blanchardstown, Dublin 15",53.38539,-6.369211,0.0,2023-06-08 14:00:00,43.33
EPA-29,10_94,Station 29 (Communication Issue),"Blanchardstown, Dublin 15",53.38539,-6.369211,0.0,2023-06-08 15:00:00,42.06
EPA-29,10_94,Station 29 (Communication Issue),"Blanchardstown, Dublin 15",53.38539,-6.369211,0.0,2023-06-08 16:00:00,36.54
EPA-29,10_94,Station 29 (Communication Issue),"Blanchardstown, Dublin 15",53.38539,-6.369211,0.0,2023-06-08 17:00:00,35.57
EPA-29,10_94,Station 29 (Communication Issue),"Blanchardstown, Dublin 15",53.38539,-6.369211,0.0,2023-06-08 18:00:00,39.1
EPA-29,10_94,Station 29 (Communication Issue),"Blanchardstown, Dublin 15",53.38539,-6.369211,0.0,2023-06-08 19:00:00,41.21
EPA-29,10_94,Station 29 (Communication Issue),"Blanchardstown, Dublin 15",53.38539,-6.369211,0.0,2023-06-08 20:00:00,50.64
EPA-29,10_94,Station 29 (Communication Issue),"Blanchardstown, Dublin 15",53.38539,-6.369211,0.0,2023-06-08 21:00:00,72.34
EPA-29,10_94,Station 29 (Communication Issue),"Blanchardstown, Dublin 15",53.38539,-6.369211,0.0,2023-06-08 22:00:00,51.04
EPA-29,10_94,Station 29 (Communication Issue),"Blanchardstown, Dublin 15",53.38539,-6.369211,0.0,2023-06-08 23:00:00,48.75
EPA-29,10_94,Station 29 (Communication Issue),"Blanchardstown, Dublin 15",53.38539,-6.369211,0.0,2023-06-09 00:00:00,31.85
EPA-29,10_94,Station 29 (Communication Issue),"Blanchardstown, Dublin 15",53.38539,-6.369211,0.0,2023-06-09 01:00:00,29.65
EPA-29,10_94,Station 29 (Communication Issue),"Blanchardstown, Dublin 15",53.38539,-6.369211,0.0,2023-06-09 02:00:00,30.61
EPA-29,10_94,Station 29 (Communication Issue),"Blanchardstown, Dublin 15",53.38539,-6.369211,0.0,2023-06-09 03:00:00,25.8
EPA-29,10_94,Station 29 (Communication Issue),"Blanchardstown, Dublin 15",53.38539,-6.369211,0.0,2023-06-09 04:00:00,20.39
EPA-29,10_94,Station 29 (Communication Issue),"Blanchardstown, Dublin 15",53.38539,-6.369211,0.0,2023-06-09 05:00:00,25.8
EPA-29,10_94,Station 29 (Communication Issue),"Blanchardstown, Dublin 15",53.38539,-6.369211,0.0,2023-06-09 06:00:00,40.04
EPA-29,10_94,Station 29 (Communication Issue),"Blanchardstown, Dublin 15",53.38539,-6.369211,0.0,2023-06-09 07:00:00,53.56
EPA-29,10_94,Station 29 (Communication Issue),"Blanchardstown, Dublin 15",53.38539,-6.369211,0.0,2023-06-09 08:00:00,52.41
EPA-29,10_94,Station 29 (Communication Issue),"Blanchardstown, Dublin 15",53.38539,-6.369211,0.0,2023-06-09 09:00:00,34.79
EPA-29,10_94,Station 29 (Communication Issue),"Blanchardstown, Dublin 15",53.38539,-6.369211,0.0,2023-06-09 10:00:00,34.44
EPA-29,10_94,Station 29 (Communication Issue),"Blanchardstown, Dublin 15",53.38539,-6.369211,0.0,2023-06-09 11:00:00,32.34
EPA-29,10_94,Station 29 (Communication Issue),"Blanchardstown, Dublin 15",53.38539,-6.369211,0.0,2023-06-09 12:00:00,35.03
EPA-29,10_94,Station 29 (Communication Issue),"Blanchardstown, Dublin 15",53.38539,-6.369211,0.0,2023-06-09 13:00:00,31.84
EPA-29,10_94,Station 29 (Communication Issue),"Blanchardstown, Dublin 15",53.38539,-6.369211,0.0,2023-06-09 14:00:00,34.48
EPA-29,10_94,Station 29 (Communication Issue),"Blanchardstown, Dublin 15",53.38539,-6.369211,0.0,2023-06-09 15:00:00,40.73
EPA-29,10_94,Station 29 (Communication Issue),"Blanchardstown, Dublin 15",53.38539,-6.369211,0.0,2023-06-09 16:00:00,38.17
EPA-29,10_94,Station 29 (Communication Issue),"Blanchardstown, Dublin 15",53.38539,-6.369211,0.0,2023-06-09 17:00:00,39.05
EPA-29,10_94,Station 29 (Communication Issue),"Blanchardstown, Dublin 15",53.38539,-6.369211,0.0,2023-06-09 18:00:00,38.45
EPA-29,10_94,Station 29 (Communication Issue),"Blanchardstown, Dublin 15",53.38539,-6.369211,0.0,2023-06-09 19:00:00,44.7
EPA-29,10_94,Station 29 (Communication Issue),"Blanchardstown, Dublin 15",53.38539,-6.369211,0.0,2023-06-09 20:00:00,49.11
EPA-29,10_94,Station 29 (Communication Issue),"Blanchardstown, Dublin 15",53.38539,-6.369211,0.0,2023-06-09 21:00:00,67.85
EPA-29,10_94,Station 29 (Communication Issue),"Blanchardstown, Dublin 15",53.38539,-6.369211,0.0,2023-06-09 22:00:00,58.81
EPA-29,10_94,Station 29 (Communication Issue),"Blanchardstown, Dublin 15",53.38539,-6.369211,0.0,2023-06-09 23:00:00,53.78
EPA-29,10_94,Station 29 (Communication Issue),"Blanchardstown, Dublin 15",53.38539,-6.369211,0.0,2023-06-10 00:00:00,47.92
EPA-29,10_94,Station 29 (Communication Issue),"Blanchardstown, Dublin 15",53.38539,-6.369211,0.0,2023-06-10 01:00:00,56.52
EPA-29,10_94,Station 29 (Communication Issue),"Blanchardstown, Dublin 15",53.38539,-6.369211,0.0,2023-06-10 02:00:00,43.29
EPA-29,10_94,Station 29 (Communication Issue),"Blanchardstown, Dublin 15",53.38539,-6.369211,0.0,2023-06-10 03:00:00,26.49
EPA-29,10_94,Station 29 (Communication Issue),"Blanchardstown, Dublin 15",53.38539,-6.369211,0.0,2023-06-10 04:00:00,19.45
EPA-29,10_94,Station 29 (Communication Issue),"Blanchardstown, Dublin 15",53.38539,-6.369211,0.0,2023-06-10 05:00:00,14.86
EPA-29,10_94,Station 29 (Communication Issue),"Blanchardstown, Dublin 15",53.38539,-6.369211,0.0,2023-06-10 06:00:00,24.84
EPA-29,10_94,Station 29 (Communication Issue),"Blanchardstown, Dublin 15",53.38539,-6.369211,0.0,2023-06-10 07:00:00,33.7
EPA-29,10_94,Station 29 (Communication Issue),"Blanchardstown, Dublin 15",53.38539,-6.369211,0.0,2023-06-10 08:00:00,32.7
EPA-29,10_94,Station 29 (Communication Issue),"Blanchardstown, Dublin 15",53.38539,-6.369211,0.0,2023-06-10 09:00:00,37.25
EPA-29,10_94,Station 29 (Communication Issue),"Blanchardstown, Dublin 15",53.38539,-6.369211,0.0,2023-06-10 10:00:00,36.01
EPA-29,10_94,Station 29 (Communication Issue),"Blanchardstown, Dublin 15",53.38539,-6.369211,0.0,2023-06-10 11:00:00,40.42
EPA-29,10_94,Station 29 (Communication Issue),"Blanchardstown, Dublin 15",53.38539,-6.369211,0.0,2023-06-10 12:00:00,46.57
EPA-29,10_94,Station 29 (Communication Issue),"Blanchardstown, Dublin 15",53.38539,-6.369211,0.0,2023-06-10 13:00:00,35.74
EPA-29,10_94,Station 29 (Communication Issue),"Blanchardstown, Dublin 15",53.38539,-6.369211,0.0,2023-06-10 14:00:00,33.73
EPA-29,10_94,Station 29 (Communication Issue),"Blanchardstown, Dublin 15",53.38539,-6.369211,0.0,2023-06-10 15:00:00,38.75
EPA-29,10_94,Station 29 (Communication Issue),"Blanchardstown, Dublin 15",53.38539,-6.369211,0.0,2023-06-10 16:00:00,57.05
EPA-29,10_94,Station 29 (Communication Issue),"Blanchardstown, Dublin 15",53.38539,-6.369211,0.0,2023-06-10 17:00:00,74.1
EPA-29,10_94,Station 29 (Communication Issue),"Blanchardstown, Dublin 15",53.38539,-6.369211,0.0,2023-06-10 18:00:00,56.42
EPA-29,10_94,Station 29 (Communication Issue),"Blanchardstown, Dublin 15",53.38539,-6.369211,0.0,2023-06-10 19:00:00,59.08
EPA-29,10_94,Station 29 (Communication Issue),"Blanchardstown, Dublin 15",53.38539,-6.369211,0.0,2023-06-10 20:00:00,60.47
EPA-29,10_94,Station 29 (Communication Issue),"Blanchardstown, Dublin 15",53.38539,-6.369211,0.0,2023-06-10 21:00:00,41.65
EPA-29,10_94,Station 29 (Communication Issue),"Blanchardstown, Dublin 15",53.38539,-6.369211,0.0,2023-06-10 22:00:00,58.05
EPA-29,10_94,Station 29 (Communication Issue),"Blanchardstown, Dublin 15",53.38539,-6.369211,0.0,2023-06-10 23:00:00,59.44
EPA-29,10_94,Station 29 (Communication Issue),"Blanchardstown, Dublin 15",53.38539,-6.369211,0.0,2023-06-11 00:00:00,51.45
EPA-29,10_94,Station 29 (Communication Issue),"Blanchardstown, Dublin 15",53.38539,-6.369211,0.0,2023-06-11 01:00:00,46.73
EPA-29,10_94,Station 29 (Communication Issue),"Blanchardstown, Dublin 15",53.38539,-6.369211,0.0,2023-06-11 02:00:00,37.62
EPA-29,10_94,Station 29 (Communication Issue),"Blanchardstown, Dublin 15",53.38539,-6.369211,0.0,2023-06-11 03:00:00,28.83
EPA-29,10_94,Station 29 (Communication Issue),"Blanchardstown, Dublin 15",53.38539,-6.369211,0.0,2023-06-11 04:00:00,22.36
EPA-29,10_94,Station 29 (Communication Issue),"Blanchardstown, Dublin 15",53.38539,-6.369211,0.0,2023-06-11 05:00:00,26.38
EPA-29,10_94,Station 29 (Communication Issue),"Blanchardstown, Dublin 15",53.38539,-6.369211,0.0,2023-06-11 06:00:00,30.77
EPA-29,10_94,Station 29 (Communication Issue),"Blanchardstown, Dublin 15",53.38539,-6.369211,0.0,2023-06-11 07:00:00,28.36
EPA-29,10_94,Station 29 (Communication Issue),"Blanchardstown, Dublin 15",53.38539,-6.369211,0.0,2023-06-11 08:00:00,26.67
EPA-29,10_94,Station 29 (Communication Issue),"Blanchardstown, Dublin 15",53.38539,-6.369211,0.0,2023-06-11 09:00:00,22.33
EPA-29,10_94,Station 29 (Communication Issue),"Blanchardstown, Dublin 15",53.38539,-6.369211,0.0,2023-06-11 10:00:00,24.0
EPA-29,10_94,Station 29 (Communication Issue),"Blanchardstown, Dublin 15",53.38539,-6.369211,0.0,2023-06-11 11:00:00,28.2
EPA-29,10_94,Station 29 (Communication Issue),"Blanchardstown, Dublin 15",53.38539,-6.369211,0.0,2023-06-11 12:00:00,29.7
EPA-29,10_94,Station 29 (Communication Issue),"Blanchardstown, Dublin 15",53.38539,-6.369211,0.0,2023-06-11 13:00:00,36.19
EPA-29,10_94,Station 29 (Communication Issue),"Blanchardstown, Dublin 15",53.38539,-6.369211,0.0,2023-06-11 14:00:00,33.95
EPA-29,10_94,Station 29 (Communication Issue),"Blanchardstown, Dublin 15",53.38539,-6.369211,0.0,2023-06-11 15:00:00,25.35
EPA-29,10_94,Station 29 (Communication Issue),"Blanchardstown, Dublin 15",53.38539,-6.369211,0.0,2023-06-11 16:00:00,19.48
EPA-29,10_94,Station 29 (Communication Issue),"Blanchardstown, Dublin 15",53.38539,-6.369211,0.0,2023-06-11 17:00:00,27.88
EPA-29,10_94,Station 29 (Communication Issue),"Blanchardstown, Dublin 15",53.38539,-6.369211,0.0,2023-06-11 18:00:00,27.94
EPA-29,10_94,Station 29 (Communication Issue),"Blanchardstown, Dublin 15",53.38539,-6.369211,0.0,2023-06-11 19:00:00,32.75
EPA-29,10_94,Station 29 (Communication Issue),"Blanchardstown, Dublin 15",53.38539,-6.369211,0.0,2023-06-11 20:00:00,50.28
EPA-29,10_94,Station 29 (Communication Issue),"Blanchardstown, Dublin 15",53.38539,-6.369211,0.0,2023-06-11 21:00:00,49.25
EPA-29,10_94,Station 29 (Communication Issue),"Blanchardstown, Dublin 15",53.38539,-6.369211,0.0,2023-06-11 22:00:00,61.63
EPA-29,10_94,Station 29 (Communication Issue),"Blanchardstown, Dublin 15",53.38539,-6.369211,0.0,2023-06-11 23:00:00,62.27
EPA-29,10_94,Station 29 (Communication Issue),"Blanchardstown, Dublin 15",53.38539,-6.369211,0.0,2023-06-12 00:00:00,47.75
EPA-29,10_94,Station 29 (Communication Issue),"Blanchardstown, Dublin 15",53.38539,-6.369211,0.0,2023-06-12 01:00:00,41.87
EPA-29,10_94,Station 29 (Communication Issue),"Blanchardstown, Dublin 15",53.38539,-6.369211,0.0,2023-06-12 02:00:00,36.02
EPA-29,10_94,Station 29 (Communication Issue),"Blanchardstown, Dublin 15",53.38539,-6.369211,0.0,2023-06-12 03:00:00,29.72
EPA-29,10_94,Station 29 (Communication Issue),"Blanchardstown, Dublin 15",53.38539,-6.369211,0.0,2023-06-12 04:00:00,19.15
EPA-29,10_94,Station 29 (Communication Issue),"Blanchardstown, Dublin 15",53.38539,-6.369211,0.0,2023-06-12 05:00:00,11.41
EPA-29,10_94,Station 29 (Communication Issue),"Blanchardstown, Dublin 15",53.38539,-6.369211,0.0,2023-06-12 06:00:00,16.11
EPA-29,10_94,Station 29 (Communication Issue),"Blanchardstown, Dublin 15",53.38539,-6.369211,0.0,2023-06-12 07:00:00,26.4
EPA-29,10_94,Station 29 (Communication Issue),"Blanchardstown, Dublin 15",53.38539,-6.369211,0.0,2023-06-12 08:00:00,42.01
EPA-29,10_94,Station 29 (Communication Issue),"Blanchardstown, Dublin 15",53.38539,-6.369211,0.0,2023-06-12 09:00:00,49.03
EPA-29,10_94,Station 29 (Communication Issue),"Blanchardstown, Dublin 15",53.38539,-6.369211,0.0,2023-06-12 10:00:00,57.32
EPA-29,10_94,Station 29 (Communication Issue),"Blanchardstown, Dublin 15",53.38539,-6.369211,0.0,2023-06-12 11:00:00,52.38
EPA-29,10_94,Station 29 (Communication Issue),"Blanchardstown, Dublin 15",53.38539,-6.369211,0.0,2023-06-12 12:00:00,51.41
EPA-29,10_94,Station 29 (Communication Issue),"Blanchardstown, Dublin 15",53.38539,-6.369211,0.0,2023-06-12 13:00:00,54.21
EPA-29,10_94,Station 29 (Communication Issue),"Blanchardstown, Dublin 15",53.38539,-6.369211,0.0,2023-06-12 14:00:00,54.25
EPA-29,10_94,Station 29 (Communication Issue),"Blanchardstown, Dublin 15",53.38539,-6.369211,0.0,2023-06-12 15:00:00,55.11
EPA-29,10_94,Station 29 (Communication Issue),"Blanchardstown, Dublin 15",53.38539,-6.369211,0.0,2023-06-12 16:00:00,59.25
EPA-29,10_94,Station 29 (Communication Issue),"Blanchardstown, Dublin 15",53.38539,-6.369211,0.0,2023-06-12 17:00:00,39.48
EPA-29,10_94,Station 29 (Communication Issue),"Blanchardstown, Dublin 15",53.38539,-6.369211,0.0,2023-06-12 18:00:00,47.32
EPA-29,10_94,Station 29 (Communication Issue),"Blanchardstown, Dublin 15",53.38539,-6.369211,0.0,2023-06-12 19:00:00,55.73
EPA-29,10_94,Station 29 (Communication Issue),"Blanchardstown, Dublin 15",53.38539,-6.369211,0.0,2023-06-12 20:00:00,53.69
EPA-29,10_94,Station 29 (Communication Issue),"Blanchardstown, Dublin 15",53.38539,-6.369211,0.0,2023-06-12 21:00:00,55.21
EPA-29,10_94,Station 29 (Communication Issue),"Blanchardstown, Dublin 15",53.38539,-6.369211,0.0,2023-06-12 22:00:00,62.21
EPA-29,10_94,Station 29 (Communication Issue),"Blanchardstown, Dublin 15",53.38539,-6.369211,0.0,2023-06-12 23:00:00,34.29
EPA-29,10_94,Station 29 (Communication Issue),"Blanchardstown, Dublin 15",53.38539,-6.369211,0.0,2023-06-13 00:00:00,26.96
EPA-29,10_94,Station 29 (Communication Issue),"Blanchardstown, Dublin 15",53.38539,-6.369211,0.0,2023-06-13 01:00:00,34.58
EPA-29,10_94,Station 29 (Communication Issue),"Blanchardstown, Dublin 15",53.38539,-6.369211,0.0,2023-06-13 02:00:00,18.08
EPA-29,10_94,Station 29 (Communication Issue),"Blanchardstown, Dublin 15",53.38539,-6.369211,0.0,2023-06-13 03:00:00,20.6
EPA-29,10_94,Station 29 (Communication Issue),"Blanchardstown, Dublin 15",53.38539,-6.369211,0.0,2023-06-13 04:00:00,20.15
EPA-29,10_94,Station 29 (Communication Issue),"Blanchardstown, Dublin 15",53.38539,-6.369211,0.0,2023-06-13 05:00:00,24.17
EPA-29,10_94,Station 29 (Communication Issue),"Blanchardstown, Dublin 15",53.38539,-6.369211,0.0,2023-06-13 06:00:00,38.81
EPA-29,10_94,Station 29 (Communication Issue),"Blanchardstown, Dublin 15",53.38539,-6.369211,0.0,2023-06-13 07:00:00,74.25
EPA-29,10_94,Station 29 (Communication Issue),"Blanchardstown, Dublin 15",53.38539,-6.369211,0.0,2023-06-13 08:00:00,63.11
EPA-29,10_94,Station 29 (Communication Issue),"Blanchardstown, Dublin 15",53.38539,-6.369211,0.0,2023-06-13 09:00:00,57.43
EPA-29,10_94,Station 29 (Communication Issue),"Blanchardstown, Dublin 15",53.38539,-6.369211,0.0,2023-06-13 10:00:00,37.66
EPA-29,10_94,Station 29 (Communication Issue),"Blanchardstown, Dublin 15",53.38539,-6.369211,0.0,2023-06-13 11:00:00,38.32
EPA-29,10_94,Station 29 (Communication Issue),"Blanchardstown, Dublin 15",53.38539,-6.369211,0.0,2023-06-13 12:00:00,39.31
EPA-29,10_94,Station 29 (Communication Issue),"Blanchardstown, Dublin 15",53.38539,-6.369211,0.0,2023-06-13 13:00:00,44.0
EPA-29,10_94,Station 29 (Communication Issue),"Blanchardstown, Dublin 15",53.38539,-6.369211,0.0,2023-06-13 14:00:00,50.35
EPA-29,10_94,Station 29 (Communication Issue),"Blanchardstown, Dublin 15",53.38539,-6.369211,0.0,2023-06-13 15:00:00,43.94
EPA-29,10_94,Station 29 (Communication Issue),"Blanchardstown, Dublin 15",53.38539,-6.369211,0.0,2023-06-13 16:00:00,50.74
EPA-29,10_94,Station 29 (Communication Issue),"Blanchardstown, Dublin 15",53.38539,-6.369211,0.0,2023-06-13 17:00:00,61.18
EPA-29,10_94,Station 29 (Communication Issue),"Blanchardstown, Dublin 15",53.38539,-6.369211,0.0,2023-06-13 18:00:00,72.33
EPA-29,10_94,Station 29 (Communication Issue),"Blanchardstown, Dublin 15",53.38539,-6.369211,0.0,2023-06-13 19:00:00,59.41
EPA-29,10_94,Station 29 (Communication Issue),"Blanchardstown, Dublin 15",53.38539,-6.369211,0.0,2023-06-13 20:00:00,66.47
EPA-29,10_94,Station 29 (Communication Issue),"Blanchardstown, Dublin 15",53.38539,-6.369211,0.0,2023-06-13 21:00:00,74.22
EPA-29,10_94,Station 29 (Communication Issue),"Blanchardstown, Dublin 15",53.38539,-6.369211,0.0,2023-06-13 22:00:00,79.07
EPA-29,10_94,Station 29 (Communication Issue),"Blanchardstown, Dublin 15",53.38539,-6.369211,0.0,2023-06-13 23:00:00,71.49
EPA-29,10_94,Station 29 (Communication Issue),"Blanchardstown, Dublin 15",53.38539,-6.369211,0.0,2023-06-14 00:00:00,66.74
EPA-29,10_94,Station 29 (Communication Issue),"Blanchardstown, Dublin 15",53.38539,-6.369211,0.0,2023-06-14 01:00:00,65.17
EPA-29,10_94,Station 29 (Communication Issue),"Blanchardstown, Dublin 15",53.38539,-6.369211,0.0,2023-06-14 02:00:00,47.84
EPA-29,10_94,Station 29 (Communication Issue),"Blanchardstown, Dublin 15",53.38539,-6.369211,0.0,2023-06-14 03:00:00,54.54
EPA-29,10_94,Station 29 (Communication Issue),"Blanchardstown, Dublin 15",53.38539,-6.369211,0.0,2023-06-14 04:00:00,32.29
EPA-29,10_94,Station 29 (Communication Issue),"Blanchardstown, Dublin 15",53.38539,-6.369211,0.0,2023-06-14 05:00:00,46.42
EPA-29,10_94,Station 29 (Communication Issue),"Blanchardstown, Dublin 15",53.38539,-6.369211,0.0,2023-06-14 06:00:00,66.06
EPA-29,10_94,Station 29 (Communication Issue),"Blanchardstown, Dublin 15",53.38539,-6.369211,0.0,2023-06-14 07:00:00,95.72
EPA-29,10_94,Station 29 (Communication Issue),"Blanchardstown, Dublin 15",53.38539,-6.369211,0.0,2023-06-14 08:00:00,57.93
EPA-29,10_94,Station 29 (Communication Issue),"Blanchardstown, Dublin 15",53.38539,-6.369211,0.0,2023-06-14 09:00:00,62.12
EPA-29,10_94,Station 29 (Communication Issue),"Blanchardstown, Dublin 15",53.38539,-6.369211,0.0,2023-06-14 10:00:00,41.34
EPA-29,10_94,Station 29 (Communication Issue),"Blanchardstown, Dublin 15",53.38539,-6.369211,0.0,2023-06-14 11:00:00,34.25
EPA-29,10_94,Station 29 (Communication Issue),"Blanchardstown, Dublin 15",53.38539,-6.369211,0.0,2023-06-14 12:00:00,33.78
EPA-29,10_94,Station 29 (Communication Issue),"Blanchardstown, Dublin 15",53.38539,-6.369211,0.0,2023-06-14 13:00:00,37.51
EPA-29,10_94,Station 29 (Communication Issue),"Blanchardstown, Dublin 15",53.38539,-6.369211,0.0,2023-06-14 14:00:00,34.12
EPA-29,10_94,Station 29 (Communication Issue),"Blanchardstown, Dublin 15",53.38539,-6.369211,0.0,2023-06-14 15:00:00,37.34
EPA-29,10_94,Station 29 (Communication Issue),"Blanchardstown, Dublin 15",53.38539,-6.369211,0.0,2023-06-14 16:00:00,41.61
EPA-29,10_94,Station 29 (Communication Issue),"Blanchardstown, Dublin 15",53.38539,-6.369211,0.0,2023-06-14 17:00:00,47.06
EPA-29,10_94,Station 29 (Communication Issue),"Blanchardstown, Dublin 15",53.38539,-6.369211,0.0,2023-06-14 18:00:00,41.85
EPA-29,10_94,Station 29 (Communication Issue),"Blanchardstown, Dublin 15",53.38539,-6.369211,0.0,2023-06-14 19:00:00,50.31
EPA-29,10_94,Station 29 (Communication Issue),"Blanchardstown, Dublin 15",53.38539,-6.369211,0.0,2023-06-14 20:00:00,56.55
EPA-29,10_94,Station 29 (Communication Issue),"Blanchardstown, Dublin 15",53.38539,-6.369211,0.0,2023-06-14 21:00:00,56.03
EPA-29,10_94,Station 29 (Communication Issue),"Blanchardstown, Dublin 15",53.38539,-6.369211,0.0,2023-06-14 22:00:00,70.77
EPA-29,10_94,Station 29 (Communication Issue),"Blanchardstown, Dublin 15",53.38539,-6.369211,0.0,2023-06-15 01:00:00,63.05
EPA-29,10_94,Station 29 (Communication Issue),"Blanchardstown, Dublin 15",53.38539,-6.369211,0.0,2023-06-15 02:00:00,53.16
EPA-29,10_94,Station 29 (Communication Issue),"Blanchardstown, Dublin 15",53.38539,-6.369211,0.0,2023-06-15 03:00:00,48.13
EPA-29,10_94,Station 29 (Communication Issue),"Blanchardstown, Dublin 15",53.38539,-6.369211,0.0,2023-06-15 04:00:00,41.54
EPA-29,10_94,Station 29 (Communication Issue),"Blanchardstown, Dublin 15",53.38539,-6.369211,0.0,2023-06-15 05:00:00,41.94
EPA-29,10_94,Station 29 (Communication Issue),"Blanchardstown, Dublin 15",53.38539,-6.369211,0.0,2023-06-15 06:00:00,57.51
EPA-29,10_94,Station 29 (Communication Issue),"Blanchardstown, Dublin 15",53.38539,-6.369211,0.0,2023-06-15 07:00:00,77.89
EPA-29,10_94,Station 29 (Communication Issue),"Blanchardstown, Dublin 15",53.38539,-6.369211,0.0,2023-06-15 08:00:00,74.64
EPA-29,10_94,Station 29 (Communication Issue),"Blanchardstown, Dublin 15",53.38539,-6.369211,0.0,2023-06-15 09:00:00,71.08
EPA-29,10_94,Station 29 (Communication Issue),"Blanchardstown, Dublin 15",53.38539,-6.369211,0.0,2023-06-15 10:00:00,61.15
EPA-29,10_94,Station 29 (Communication Issue),"Blanchardstown, Dublin 15",53.38539,-6.369211,0.0,2023-06-15 11:00:00,62.25
EPA-29,10_94,Station 29 (Communication Issue),"Blanchardstown, Dublin 15",53.38539,-6.369211,0.0,2023-06-15 12:00:00,45.52
EPA-29,10_94,Station 29 (Communication Issue),"Blanchardstown, Dublin 15",53.38539,-6.369211,0.0,2023-06-15 13:00:00,41.25
EPA-29,10_94,Station 29 (Communication Issue),"Blanchardstown, Dublin 15",53.38539,-6.369211,0.0,2023-06-15 14:00:00,54.52
EPA-29,10_94,Station 29 (Communication Issue),"Blanchardstown, Dublin 15",53.38539,-6.369211,0.0,2023-06-15 15:00:00,42.82
EPA-29,10_94,Station 29 (Communication Issue),"Blanchardstown, Dublin 15",53.38539,-6.369211,0.0,2023-06-15 16:00:00,40.61
EPA-29,10_94,Station 29 (Communication Issue),"Blanchardstown, Dublin 15",53.38539,-6.369211,0.0,2023-06-15 17:00:00,36.11
EPA-29,10_94,Station 29 (Communication Issue),"Blanchardstown, Dublin 15",53.38539,-6.369211,0.0,2023-06-15 18:00:00,48.42
EPA-29,10_94,Station 29 (Communication Issue),"Blanchardstown, Dublin 15",53.38539,-6.369211,0.0,2023-06-15 19:00:00,49.48
EPA-29,10_94,Station 29 (Communication Issue),"Blanchardstown, Dublin 15",53.38539,-6.369211,0.0,2023-06-15 20:00:00,52.44
EPA-29,10_94,Station 29 (Communication Issue),"Blanchardstown, Dublin 15",53.38539,-6.369211,0.0,2023-06-15 21:00:00,56.24
EPA-29,10_94,Station 29 (Communication Issue),"Blanchardstown, Dublin 15",53.38539,-6.369211,0.0,2023-06-15 22:00:00,57.4
EPA-29,10_94,Station 29 (Communication Issue),"Blanchardstown, Dublin 15",53.38539,-6.369211,0.0,2023-06-15 23:00:00,63.56
EPA-29,10_94,Station 29 (Communication Issue),"Blanchardstown, Dublin 15",53.38539,-6.369211,0.0,2023-06-16 00:00:00,72.04
EPA-29,10_94,Station 29 (Communication Issue),"Blanchardstown, Dublin 15",53.38539,-6.369211,0.0,2023-06-16 01:00:00,62.23
EPA-29,10_94,Station 29 (Communication Issue),"Blanchardstown, Dublin 15",53.38539,-6.369211,0.0,2023-06-16 02:00:00,44.63
EPA-29,10_94,Station 29 (Communication Issue),"Blanchardstown, Dublin 15",53.38539,-6.369211,0.0,2023-06-16 03:00:00,48.04
EPA-29,10_94,Station 29 (Communication Issue),"Blanchardstown, Dublin 15",53.38539,-6.369211,0.0,2023-06-16 04:00:00,48.66
EPA-29,10_94,Station 29 (Communication Issue),"Blanchardstown, Dublin 15",53.38539,-6.369211,0.0,2023-06-16 05:00:00,54.01
EPA-29,10_94,Station 29 (Communication Issue),"Blanchardstown, Dublin 15",53.38539,-6.369211,0.0,2023-06-16 06:00:00,62.64
EPA-29,10_94,Station 29 (Communication Issue),"Blanchardstown, Dublin 15",53.38539,-6.369211,0.0,2023-06-16 07:00:00,61.32
EPA-29,10_94,Station 29 (Communication Issue),"Blanchardstown, Dublin 15",53.38539,-6.369211,0.0,2023-06-16 08:00:00,73.81
EPA-29,10_94,Station 29 (Communication Issue),"Blanchardstown, Dublin 15",53.38539,-6.369211,0.0,2023-06-16 09:00:00,73.49
EPA-29,10_94,Station 29 (Communication Issue),"Blanchardstown, Dublin 15",53.38539,-6.369211,0.0,2023-06-16 10:00:00,52.76
EPA-29,10_94,Station 29 (Communication Issue),"Blanchardstown, Dublin 15",53.38539,-6.369211,0.0,2023-06-16 11:00:00,57.38
EPA-29,10_94,Station 29 (Communication Issue),"Blanchardstown, Dublin 15",53.38539,-6.369211,0.0,2023-06-16 12:00:00,60.46
EPA-29,10_94,Station 29 (Communication Issue),"Blanchardstown, Dublin 15",53.38539,-6.369211,0.0,2023-06-16 13:00:00,71.18
EPA-29,10_94,Station 29 (Communication Issue),"Blanchardstown, Dublin 15",53.38539,-6.369211,0.0,2023-06-16 14:00:00,70.42
EPA-29,10_94,Station 29 (Communication Issue),"Blanchardstown, Dublin 15",53.38539,-6.369211,0.0,2023-06-16 15:00:00,65.11
EPA-29,10_94,Station 29 (Communication Issue),"Blanchardstown, Dublin 15",53.38539,-6.369211,0.0,2023-06-16 16:00:00,76.77
EPA-29,10_94,Station 29 (Communication Issue),"Blanchardstown, Dublin 15",53.38539,-6.369211,0.0,2023-06-16 17:00:00,70.53
EPA-29,10_94,Station 29 (Communication Issue),"Blanchardstown, Dublin 15",53.38539,-6.369211,0.0,2023-06-16 18:00:00,80.07
EPA-29,10_94,Station 29 (Communication Issue),"Blanchardstown, Dublin 15",53.38539,-6.369211,0.0,2023-06-16 19:00:00,67.49
EPA-29,10_94,Station 29 (Communication Issue),"Blanchardstown, Dublin 15",53.38539,-6.369211,0.0,2023-06-16 20:00:00,56.24
EPA-29,10_94,Station 29 (Communication Issue),"Blanchardstown, Dublin 15",53.38539,-6.369211,0.0,2023-06-16 21:00:00,62.96
EPA-29,10_94,Station 29 (Communication Issue),"Blanchardstown, Dublin 15",53.38539,-6.369211,0.0,2023-06-16 22:00:00,59.78
EPA-29,10_94,Station 29 (Communication Issue),"Blanchardstown, Dublin 15",53.38539,-6.369211,0.0,2023-06-16 23:00:00,48.55
EPA-29,10_94,Station 29 (Communication Issue),"Blanchardstown, Dublin 15",53.38539,-6.369211,0.0,2023-06-17 00:00:00,31.52
EPA-29,10_94,Station 29 (Communication Issue),"Blanchardstown, Dublin 15",53.38539,-6.369211,0.0,2023-06-17 01:00:00,22.33
EPA-29,10_94,Station 29 (Communication Issue),"Blanchardstown, Dublin 15",53.38539,-6.369211,0.0,2023-06-17 02:00:00,19.3
EPA-29,10_94,Station 29 (Communication Issue),"Blanchardstown, Dublin 15",53.38539,-6.369211,0.0,2023-06-17 03:00:00,24.11
EPA-29,10_94,Station 29 (Communication Issue),"Blanchardstown, Dublin 15",53.38539,-6.369211,0.0,2023-06-17 04:00:00,20.02
EPA-29,10_94,Station 29 (Communication Issue),"Blanchardstown, Dublin 15",53.38539,-6.369211,0.0,2023-06-17 05:00:00,23.17
EPA-29,10_94,Station 29 (Communication Issue),"Blanchardstown, Dublin 15",53.38539,-6.369211,0.0,2023-06-17 06:00:00,14.57
EPA-29,10_94,Station 29 (Communication Issue),"Blanchardstown, Dublin 15",53.38539,-6.369211,0.0,2023-06-17 07:00:00,29.57
EPA-29,10_94,Station 29 (Communication Issue),"Blanchardstown, Dublin 15",53.38539,-6.369211,0.0,2023-06-17 08:00:00,34.62
EPA-29,10_94,Station 29 (Communication Issue),"Blanchardstown, Dublin 15",53.38539,-6.369211,0.0,2023-06-17 09:00:00,35.06
EPA-29,10_94,Station 29 (Communication Issue),"Blanchardstown, Dublin 15",53.38539,-6.369211,0.0,2023-06-17 10:00:00,36.58
EPA-29,10_94,Station 29 (Communication Issue),"Blanchardstown, Dublin 15",53.38539,-6.369211,0.0,2023-06-17 11:00:00,51.97
EPA-29,10_94,Station 29 (Communication Issue),"Blanchardstown, Dublin 15",53.38539,-6.369211,0.0,2023-06-17 12:00:00,40.13
EPA-29,10_94,Station 29 (Communication Issue),"Blanchardstown, Dublin 15",53.38539,-6.369211,0.0,2023-06-17 13:00:00,32.09
EPA-29,10_94,Station 29 (Communication Issue),"Blanchardstown, Dublin 15",53.38539,-6.369211,0.0,2023-06-17 14:00:00,30.4
EPA-29,10_94,Station 29 (Communication Issue),"Blanchardstown, Dublin 15",53.38539,-6.369211,0.0,2023-06-17 15:00:00,27.52
EPA-29,10_94,Station 29 (Communication Issue),"Blanchardstown, Dublin 15",53.38539,-6.369211,0.0,2023-06-17 16:00:00,28.69
EPA-29,10_94,Station 29 (Communication Issue),"Blanchardstown, Dublin 15",53.38539,-6.369211,0.0,2023-06-17 17:00:00,32.09
EPA-29,10_94,Station 29 (Communication Issue),"Blanchardstown, Dublin 15",53.38539,-6.369211,0.0,2023-06-17 18:00:00,30.65
EPA-29,10_94,Station 29 (Communication Issue),"Blanchardstown, Dublin 15",53.38539,-6.369211,0.0,2023-06-17 19:00:00,39.07
EPA-29,10_94,Station 29 (Communication Issue),"Blanchardstown, Dublin 15",53.38539,-6.369211,0.0,2023-06-17 20:00:00,46.96
EPA-29,10_94,Station 29 (Communication Issue),"Blanchardstown, Dublin 15",53.38539,-6.369211,0.0,2023-06-17 21:00:00,39.0
EPA-29,10_94,Station 29 (Communication Issue),"Blanchardstown, Dublin 15",53.38539,-6.369211,0.0,2023-06-17 22:00:00,50.6
EPA-29,10_94,Station 29 (Communication Issue),"Blanchardstown, Dublin 15",53.38539,-6.369211,0.0,2023-06-17 23:00:00,30.05
EPA-29,10_94,Station 29 (Communication Issue),"Blanchardstown, Dublin 15",53.38539,-6.369211,0.0,2023-06-18 00:00:00,29.57
EPA-29,10_94,Station 29 (Communication Issue),"Blanchardstown, Dublin 15",53.38539,-6.369211,0.0,2023-06-18 01:00:00,30.97
EPA-29,10_94,Station 29 (Communication Issue),"Blanchardstown, Dublin 15",53.38539,-6.369211,0.0,2023-06-18 02:00:00,20.74
EPA-29,10_94,Station 29 (Communication Issue),"Blanchardstown, Dublin 15",53.38539,-6.369211,0.0,2023-06-18 03:00:00,17.61
EPA-29,10_94,Station 29 (Communication Issue),"Blanchardstown, Dublin 15",53.38539,-6.369211,0.0,2023-06-18 04:00:00,16.14
EPA-29,10_94,Station 29 (Communication Issue),"Blanchardstown, Dublin 15",53.38539,-6.369211,0.0,2023-06-18 05:00:00,17.0
EPA-29,10_94,Station 29 (Communication Issue),"Blanchardstown, Dublin 15",53.38539,-6.369211,0.0,2023-06-18 06:00:00,14.26
EPA-29,10_94,Station 29 (Communication Issue),"Blanchardstown, Dublin 15",53.38539,-6.369211,0.0,2023-06-18 07:00:00,23.48
EPA-29,10_94,Station 29 (Communication Issue),"Blanchardstown, Dublin 15",53.38539,-6.369211,0.0,2023-06-18 08:00:00,27.26
EPA-29,10_94,Station 29 (Communication Issue),"Blanchardstown, Dublin 15",53.38539,-6.369211,0.0,2023-06-18 09:00:00,20.32
EPA-29,10_94,Station 29 (Communication Issue),"Blanchardstown, Dublin 15",53.38539,-6.369211,0.0,2023-06-18 10:00:00,31.15
EPA-29,10_94,Station 29 (Communication Issue),"Blanchardstown, Dublin 15",53.38539,-6.369211,0.0,2023-06-18 11:00:00,20.77
EPA-29,10_94,Station 29 (Communication Issue),"Blanchardstown, Dublin 15",53.38539,-6.369211,0.0,2023-06-18 12:00:00,26.17
EPA-29,10_94,Station 29 (Communication Issue),"Blanchardstown, Dublin 15",53.38539,-6.369211,0.0,2023-06-18 13:00:00,20.2
EPA-29,10_94,Station 29 (Communication Issue),"Blanchardstown, Dublin 15",53.38539,-6.369211,0.0,2023-06-18 14:00:00,21.97
EPA-29,10_94,Station 29 (Communication Issue),"Blanchardstown, Dublin 15",53.38539,-6.369211,0.0,2023-06-18 15:00:00,23.15
EPA-29,10_94,Station 29 (Communication Issue),"Blanchardstown, Dublin 15",53.38539,-6.369211,0.0,2023-06-18 16:00:00,20.78
EPA-29,10_94,Station 29 (Communication Issue),"Blanchardstown, Dublin 15",53.38539,-6.369211,0.0,2023-06-18 17:00:00,24.12
EPA-29,10_94,Station 29 (Communication Issue),"Blanchardstown, Dublin 15",53.38539,-6.369211,0.0,2023-06-18 18:00:00,25.05
EPA-29,10_94,Station 29 (Communication Issue),"Blanchardstown, Dublin 15",53.38539,-6.369211,0.0,2023-06-18 19:00:00,32.38
EPA-29,10_94,Station 29 (Communication Issue),"Blanchardstown, Dublin 15",53.38539,-6.369211,0.0,2023-06-18 20:00:00,19.76
EPA-29,10_94,Station 29 (Communication Issue),"Blanchardstown, Dublin 15",53.38539,-6.369211,0.0,2023-06-18 21:00:00,10.64
EPA-29,10_94,Station 29 (Communication Issue),"Blanchardstown, Dublin 15",53.38539,-6.369211,0.0,2023-06-18 22:00:00,10.96
EPA-29,10_94,Station 29 (Communication Issue),"Blanchardstown, Dublin 15",53.38539,-6.369211,0.0,2023-06-18 23:00:00,9.69
EPA-29,10_94,Station 29 (Communication Issue),"Blanchardstown, Dublin 15",53.38539,-6.369211,0.0,2023-06-19 00:00:00,11.03
EPA-29,10_94,Station 29 (Communication Issue),"Blanchardstown, Dublin 15",53.38539,-6.369211,0.0,2023-06-19 01:00:00,7.25
EPA-29,10_94,Station 29 (Communication Issue),"Blanchardstown, Dublin 15",53.38539,-6.369211,0.0,2023-06-19 02:00:00,7.48
EPA-29,10_94,Station 29 (Communication Issue),"Blanchardstown, Dublin 15",53.38539,-6.369211,0.0,2023-06-19 03:00:00,3.89
EPA-29,10_94,Station 29 (Communication Issue),"Blanchardstown, Dublin 15",53.38539,-6.369211,0.0,2023-06-19 04:00:00,4.35
EPA-29,10_94,Station 29 (Communication Issue),"Blanchardstown, Dublin 15",53.38539,-6.369211,0.0,2023-06-19 05:00:00,5.44
EPA-29,10_94,Station 29 (Communication Issue),"Blanchardstown, Dublin 15",53.38539,-6.369211,0.0,2023-06-19 06:00:00,11.5
EPA-29,10_94,Station 29 (Communication Issue),"Blanchardstown, Dublin 15",53.38539,-6.369211,0.0,2023-06-19 07:00:00,21.17
EPA-29,10_94,Station 29 (Communication Issue),"Blanchardstown, Dublin 15",53.38539,-6.369211,0.0,2023-06-19 08:00:00,16.21
EPA-29,10_94,Station 29 (Communication Issue),"Blanchardstown, Dublin 15",53.38539,-6.369211,0.0,2023-06-19 09:00:00,13.41
EPA-29,10_94,Station 29 (Communication Issue),"Blanchardstown, Dublin 15",53.38539,-6.369211,0.0,2023-06-19 10:00:00,10.45
EPA-29,10_94,Station 29 (Communication Issue),"Blanchardstown, Dublin 15",53.38539,-6.369211,0.0,2023-06-19 11:00:00,13.13
EPA-29,10_94,Station 29 (Communication Issue),"Blanchardstown, Dublin 15",53.38539,-6.369211,0.0,2023-06-19 12:00:00,9.53
EPA-29,10_94,Station 29 (Communication Issue),"Blanchardstown, Dublin 15",53.38539,-6.369211,0.0,2023-06-19 13:00:00,12.66
EPA-29,10_94,Station 29 (Communication Issue),"Blanchardstown, Dublin 15",53.38539,-6.369211,0.0,2023-06-19 14:00:00,14.55
EPA-29,10_94,Station 29 (Communication Issue),"Blanchardstown, Dublin 15",53.38539,-6.369211,0.0,2023-06-19 15:00:00,15.14
EPA-29,10_94,Station 29 (Communication Issue),"Blanchardstown, Dublin 15",53.38539,-6.369211,0.0,2023-06-19 16:00:00,12.75
EPA-29,10_94,Station 29 (Communication Issue),"Blanchardstown, Dublin 15",53.38539,-6.369211,0.0,2023-06-19 17:00:00,9.99
EPA-29,10_94,Station 29 (Communication Issue),"Blanchardstown, Dublin 15",53.38539,-6.369211,0.0,2023-06-19 18:00:00,12.82
EPA-29,10_94,Station 29 (Communication Issue),"Blanchardstown, Dublin 15",53.38539,-6.369211,0.0,2023-06-19 19:00:00,9.68
EPA-29,10_94,Station 29 (Communication Issue),"Blanchardstown, Dublin 15",53.38539,-6.369211,0.0,2023-06-19 20:00:00,10.46
EPA-29,10_94,Station 29 (Communication Issue),"Blanchardstown, Dublin 15",53.38539,-6.369211,0.0,2023-06-19 21:00:00,10.99
EPA-29,10_94,Station 29 (Communication Issue),"Blanchardstown, Dublin 15",53.38539,-6.369211,0.0,2023-06-19 22:00:00,16.21
EPA-29,10_94,Station 29 (Communication Issue),"Blanchardstown, Dublin 15",53.38539,-6.369211,0.0,2023-06-19 23:00:00,23.05
EPA-29,10_94,Station 29 (Communication Issue),"Blanchardstown, Dublin 15",53.38539,-6.369211,0.0,2023-06-20 00:00:00,9.3
EPA-29,10_94,Station 29 (Communication Issue),"Blanchardstown, Dublin 15",53.38539,-6.369211,0.0,2023-06-20 01:00:00,7.36
EPA-29,10_94,Station 29 (Communication Issue),"Blanchardstown, Dublin 15",53.38539,-6.369211,0.0,2023-06-20 02:00:00,7.84
EPA-29,10_94,Station 29 (Communication Issue),"Blanchardstown, Dublin 15",53.38539,-6.369211,0.0,2023-06-20 03:00:00,19.43
EPA-29,10_94,Station 29 (Communication Issue),"Blanchardstown, Dublin 15",53.38539,-6.369211,0.0,2023-06-20 04:00:00,20.02
EPA-29,10_94,Station 29 (Communication Issue),"Blanchardstown, Dublin 15",53.38539,-6.369211,0.0,2023-06-20 05:00:00,19.27
EPA-29,10_94,Station 29 (Communication Issue),"Blanchardstown, Dublin 15",53.38539,-6.369211,0.0,2023-06-20 06:00:00,53.12
EPA-29,10_94,Station 29 (Communication Issue),"Blanchardstown, Dublin 15",53.38539,-6.369211,0.0,2023-06-20 07:00:00,63.17
EPA-29,10_94,Station 29 (Communication Issue),"Blanchardstown, Dublin 15",53.38539,-6.369211,0.0,2023-06-20 08:00:00,49.67
EPA-29,10_94,Station 29 (Communication Issue),"Blanchardstown, Dublin 15",53.38539,-6.369211,0.0,2023-06-20 09:00:00,36.65
EPA-29,10_94,Station 29 (Communication Issue),"Blanchardstown, Dublin 15",53.38539,-6.369211,0.0,2023-06-20 10:00:00,31.34
EPA-29,10_94,Station 29 (Communication Issue),"Blanchardstown, Dublin 15",53.38539,-6.369211,0.0,2023-06-20 11:00:00,28.76
EPA-29,10_94,Station 29 (Communication Issue),"Blanchardstown, Dublin 15",53.38539,-6.369211,0.0,2023-06-20 12:00:00,23.67
EPA-29,10_94,Station 29 (Communication Issue),"Blanchardstown, Dublin 15",53.38539,-6.369211,0.0,2023-06-20 13:00:00,33.03
EPA-29,10_94,Station 29 (Communication Issue),"Blanchardstown, Dublin 15",53.38539,-6.369211,0.0,2023-06-20 14:00:00,47.82
EPA-29,10_94,Station 29 (Communication Issue),"Blanchardstown, Dublin 15",53.38539,-6.369211,0.0,2023-06-20 15:00:00,36.04
EPA-29,10_94,Station 29 (Communication Issue),"Blanchardstown, Dublin 15",53.38539,-6.369211,0.0,2023-06-20 16:00:00,17.42
EPA-29,10_94,Station 29 (Communication Issue),"Blanchardstown, Dublin 15",53.38539,-6.369211,0.0,2023-06-20 17:00:00,32.2
EPA-29,10_94,Station 29 (Communication Issue),"Blanchardstown, Dublin 15",53.38539,-6.369211,0.0,2023-06-20 18:00:00,37.37
EPA-29,10_94,Station 29 (Communication Issue),"Blanchardstown, Dublin 15",53.38539,-6.369211,0.0,2023-06-20 19:00:00,19.06
EPA-29,10_94,Station 29 (Communication Issue),"Blanchardstown, Dublin 15",53.38539,-6.369211,0.0,2023-06-20 20:00:00,25.26
EPA-29,10_94,Station 29 (Communication Issue),"Blanchardstown, Dublin 15",53.38539,-6.369211,0.0,2023-06-20 21:00:00,26.81
EPA-29,10_94,Station 29 (Communication Issue),"Blanchardstown, Dublin 15",53.38539,-6.369211,0.0,2023-06-20 22:00:00,22.25
EPA-29,10_94,Station 29 (Communication Issue),"Blanchardstown, Dublin 15",53.38539,-6.369211,0.0,2023-06-20 23:00:00,15.74
EPA-29,10_94,Station 29 (Communication Issue),"Blanchardstown, Dublin 15",53.38539,-6.369211,0.0,2023-06-21 00:00:00,10.08
EPA-29,10_94,Station 29 (Communication Issue),"Blanchardstown, Dublin 15",53.38539,-6.369211,0.0,2023-06-21 01:00:00,9.61
EPA-29,10_94,Station 29 (Communication Issue),"Blanchardstown, Dublin 15",53.38539,-6.369211,0.0,2023-06-21 02:00:00,7.74
EPA-29,10_94,Station 29 (Communication Issue),"Blanchardstown, Dublin 15",53.38539,-6.369211,0.0,2023-06-21 03:00:00,4.9
EPA-29,10_94,Station 29 (Communication Issue),"Blanchardstown, Dublin 15",53.38539,-6.369211,0.0,2023-06-21 04:00:00,7.82
EPA-29,10_94,Station 29 (Communication Issue),"Blanchardstown, Dublin 15",53.38539,-6.369211,0.0,2023-06-21 05:00:00,8.15
EPA-29,10_94,Station 29 (Communication Issue),"Blanchardstown, Dublin 15",53.38539,-6.369211,0.0,2023-06-21 06:00:00,17.88
EPA-29,10_94,Station 29 (Communication Issue),"Blanchardstown, Dublin 15",53.38539,-6.369211,0.0,2023-06-21 07:00:00,18.41
EPA-29,10_94,Station 29 (Communication Issue),"Blanchardstown, Dublin 15",53.38539,-6.369211,0.0,2023-06-21 08:00:00,19.81
EPA-29,10_94,Station 29 (Communication Issue),"Blanchardstown, Dublin 15",53.38539,-6.369211,0.0,2023-06-21 09:00:00,19.58
EPA-29,10_94,Station 29 (Communication Issue),"Blanchardstown, Dublin 15",53.38539,-6.369211,0.0,2023-06-21 10:00:00,19.02
EPA-29,10_94,Station 29 (Communication Issue),"Blanchardstown, Dublin 15",53.38539,-6.369211,0.0,2023-06-21 11:00:00,13.41
EPA-29,10_94,Station 29 (Communication Issue),"Blanchardstown, Dublin 15",53.38539,-6.369211,0.0,2023-06-21 12:00:00,11.7
EPA-29,10_94,Station 29 (Communication Issue),"Blanchardstown, Dublin 15",53.38539,-6.369211,0.0,2023-06-21 13:00:00,11.14
EPA-29,10_94,Station 29 (Communication Issue),"Blanchardstown, Dublin 15",53.38539,-6.369211,0.0,2023-06-21 14:00:00,9.74
EPA-29,10_94,Station 29 (Communication Issue),"Blanchardstown, Dublin 15",53.38539,-6.369211,0.0,2023-06-21 15:00:00,10.59
EPA-29,10_94,Station 29 (Communication Issue),"Blanchardstown, Dublin 15",53.38539,-6.369211,0.0,2023-06-21 16:00:00,22.22
EPA-29,10_94,Station 29 (Communication Issue),"Blanchardstown, Dublin 15",53.38539,-6.369211,0.0,2023-06-21 17:00:00,20.97
EPA-29,10_94,Station 29 (Communication Issue),"Blanchardstown, Dublin 15",53.38539,-6.369211,0.0,2023-06-21 18:00:00,23.55
EPA-29,10_94,Station 29 (Communication Issue),"Blanchardstown, Dublin 15",53.38539,-6.369211,0.0,2023-06-21 19:00:00,36.17
EPA-29,10_94,Station 29 (Communication Issue),"Blanchardstown, Dublin 15",53.38539,-6.369211,0.0,2023-06-21 20:00:00,37.92
EPA-29,10_94,Station 29 (Communication Issue),"Blanchardstown, Dublin 15",53.38539,-6.369211,0.0,2023-06-21 21:00:00,43.92
EPA-29,10_94,Station 29 (Communication Issue),"Blanchardstown, Dublin 15",53.38539,-6.369211,0.0,2023-06-21 22:00:00,52.26
EPA-29,10_94,Station 29 (Communication Issue),"Blanchardstown, Dublin 15",53.38539,-6.369211,0.0,2023-06-22 01:00:00,34.57
EPA-29,10_94,Station 29 (Communication Issue),"Blanchardstown, Dublin 15",53.38539,-6.369211,0.0,2023-06-22 02:00:00,38.17
EPA-29,10_94,Station 29 (Communication Issue),"Blanchardstown, Dublin 15",53.38539,-6.369211,0.0,2023-06-22 03:00:00,30.0
EPA-29,10_94,Station 29 (Communication Issue),"Blanchardstown, Dublin 15",53.38539,-6.369211,0.0,2023-06-22 04:00:00,26.1
EPA-29,10_94,Station 29 (Communication Issue),"Blanchardstown, Dublin 15",53.38539,-6.369211,0.0,2023-06-22 05:00:00,35.41
EPA-29,10_94,Station 29 (Communication Issue),"Blanchardstown, Dublin 15",53.38539,-6.369211,0.0,2023-06-22 06:00:00,61.66
EPA-29,10_94,Station 29 (Communication Issue),"Blanchardstown, Dublin 15",53.38539,-6.369211,0.0,2023-06-22 07:00:00,68.75
EPA-29,10_94,Station 29 (Communication Issue),"Blanchardstown, Dublin 15",53.38539,-6.369211,0.0,2023-06-22 08:00:00,60.18
EPA-29,10_94,Station 29 (Communication Issue),"Blanchardstown, Dublin 15",53.38539,-6.369211,0.0,2023-06-22 09:00:00,38.97
EPA-29,10_94,Station 29 (Communication Issue),"Blanchardstown, Dublin 15",53.38539,-6.369211,0.0,2023-06-22 10:00:00,34.41
EPA-29,10_94,Station 29 (Communication Issue),"Blanchardstown, Dublin 15",53.38539,-6.369211,0.0,2023-06-22 11:00:00,35.83
EPA-29,10_94,Station 29 (Communication Issue),"Blanchardstown, Dublin 15",53.38539,-6.369211,0.0,2023-06-22 12:00:00,32.8
EPA-29,10_94,Station 29 (Communication Issue),"Blanchardstown, Dublin 15",53.38539,-6.369211,0.0,2023-06-22 13:00:00,27.58
EPA-29,10_94,Station 29 (Communication Issue),"Blanchardstown, Dublin 15",53.38539,-6.369211,0.0,2023-06-22 14:00:00,29.59
EPA-29,10_94,Station 29 (Communication Issue),"Blanchardstown, Dublin 15",53.38539,-6.369211,0.0,2023-06-22 15:00:00,31.23
EPA-29,10_94,Station 29 (Communication Issue),"Blanchardstown, Dublin 15",53.38539,-6.369211,0.0,2023-06-22 16:00:00,37.69
EPA-29,10_94,Station 29 (Communication Issue),"Blanchardstown, Dublin 15",53.38539,-6.369211,0.0,2023-06-22 17:00:00,36.52
EPA-29,10_94,Station 29 (Communication Issue),"Blanchardstown, Dublin 15",53.38539,-6.369211,0.0,2023-06-22 18:00:00,37.09
EPA-29,10_94,Station 29 (Communication Issue),"Blanchardstown, Dublin 15",53.38539,-6.369211,0.0,2023-06-22 19:00:00,57.81
EPA-29,10_94,Station 29 (Communication Issue),"Blanchardstown, Dublin 15",53.38539,-6.369211,0.0,2023-06-22 20:00:00,56.67
EPA-29,10_94,Station 29 (Communication Issue),"Blanchardstown, Dublin 15",53.38539,-6.369211,0.0,2023-06-22 21:00:00,49.1
EPA-29,10_94,Station 29 (Communication Issue),"Blanchardstown, Dublin 15",53.38539,-6.369211,0.0,2023-06-22 22:00:00,46.68
EPA-29,10_94,Station 29 (Communication Issue),"Blanchardstown, Dublin 15",53.38539,-6.369211,0.0,2023-06-22 23:00:00,42.37
EPA-29,10_94,Station 29 (Communication Issue),"Blanchardstown, Dublin 15",53.38539,-6.369211,0.0,2023-06-23 00:00:00,30.71
EPA-29,10_94,Station 29 (Communication Issue),"Blanchardstown, Dublin 15",53.38539,-6.369211,0.0,2023-06-23 01:00:00,8.56
EPA-29,10_94,Station 29 (Communication Issue),"Blanchardstown, Dublin 15",53.38539,-6.369211,0.0,2023-06-23 02:00:00,2.99
EPA-29,10_94,Station 29 (Communication Issue),"Blanchardstown, Dublin 15",53.38539,-6.369211,0.0,2023-06-23 03:00:00,2.85
EPA-29,10_94,Station 29 (Communication Issue),"Blanchardstown, Dublin 15",53.38539,-6.369211,0.0,2023-06-23 04:00:00,3.29
EPA-29,10_94,Station 29 (Communication Issue),"Blanchardstown, Dublin 15",53.38539,-6.369211,0.0,2023-06-23 05:00:00,5.53
EPA-29,10_94,Station 29 (Communication Issue),"Blanchardstown, Dublin 15",53.38539,-6.369211,0.0,2023-06-23 06:00:00,10.76
EPA-29,10_94,Station 29 (Communication Issue),"Blanchardstown, Dublin 15",53.38539,-6.369211,0.0,2023-06-23 07:00:00,16.69
EPA-29,10_94,Station 29 (Communication Issue),"Blanchardstown, Dublin 15",53.38539,-6.369211,0.0,2023-06-23 08:00:00,23.73
EPA-29,10_94,Station 29 (Communication Issue),"Blanchardstown, Dublin 15",53.38539,-6.369211,0.0,2023-06-23 09:00:00,21.32
EPA-29,10_94,Station 29 (Communication Issue),"Blanchardstown, Dublin 15",53.38539,-6.369211,0.0,2023-06-23 10:00:00,19.5
EPA-29,10_94,Station 29 (Communication Issue),"Blanchardstown, Dublin 15",53.38539,-6.369211,0.0,2023-06-23 11:00:00,13.17
EPA-29,10_94,Station 29 (Communication Issue),"Blanchardstown, Dublin 15",53.38539,-6.369211,0.0,2023-06-23 12:00:00,9.47
EPA-29,10_94,Station 29 (Communication Issue),"Blanchardstown, Dublin 15",53.38539,-6.369211,0.0,2023-06-23 13:00:00,12.0
EPA-29,10_94,Station 29 (Communication Issue),"Blanchardstown, Dublin 15",53.38539,-6.369211,0.0,2023-06-23 14:00:00,10.62
EPA-29,10_94,Station 29 (Communication Issue),"Blanchardstown, Dublin 15",53.38539,-6.369211,0.0,2023-06-23 15:00:00,11.04
EPA-29,10_94,Station 29 (Communication Issue),"Blanchardstown, Dublin 15",53.38539,-6.369211,0.0,2023-06-23 16:00:00,11.35
EPA-29,10_94,Station 29 (Communication Issue),"Blanchardstown, Dublin 15",53.38539,-6.369211,0.0,2023-06-23 17:00:00,7.93
EPA-29,10_94,Station 29 (Communication Issue),"Blanchardstown, Dublin 15",53.38539,-6.369211,0.0,2023-06-23 18:00:00,8.18
EPA-29,10_94,Station 29 (Communication Issue),"Blanchardstown, Dublin 15",53.38539,-6.369211,0.0,2023-06-23 19:00:00,6.89
EPA-29,10_94,Station 29 (Communication Issue),"Blanchardstown, Dublin 15",53.38539,-6.369211,0.0,2023-06-23 20:00:00,4.31
EPA-29,10_94,Station 29 (Communication Issue),"Blanchardstown, Dublin 15",53.38539,-6.369211,0.0,2023-06-23 21:00:00,5.31
EPA-29,10_94,Station 29 (Communication Issue),"Blanchardstown, Dublin 15",53.38539,-6.369211,0.0,2023-06-23 22:00:00,6.79
EPA-29,10_94,Station 29 (Communication Issue),"Blanchardstown, Dublin 15",53.38539,-6.369211,0.0,2023-06-23 23:00:00,6.54
EPA-29,10_94,Station 29 (Communication Issue),"Blanchardstown, Dublin 15",53.38539,-6.369211,0.0,2023-06-24 00:00:00,4.92
EPA-29,10_94,Station 29 (Communication Issue),"Blanchardstown, Dublin 15",53.38539,-6.369211,0.0,2023-06-24 01:00:00,4.32
EPA-29,10_94,Station 29 (Communication Issue),"Blanchardstown, Dublin 15",53.38539,-6.369211,0.0,2023-06-24 02:00:00,3.78
EPA-29,10_94,Station 29 (Communication Issue),"Blanchardstown, Dublin 15",53.38539,-6.369211,0.0,2023-06-24 03:00:00,2.68
EPA-29,10_94,Station 29 (Communication Issue),"Blanchardstown, Dublin 15",53.38539,-6.369211,0.0,2023-06-24 04:00:00,3.05
EPA-29,10_94,Station 29 (Communication Issue),"Blanchardstown, Dublin 15",53.38539,-6.369211,0.0,2023-06-24 05:00:00,2.03
EPA-29,10_94,Station 29 (Communication Issue),"Blanchardstown, Dublin 15",53.38539,-6.369211,0.0,2023-06-24 06:00:00,2.38
EPA-29,10_94,Station 29 (Communication Issue),"Blanchardstown, Dublin 15",53.38539,-6.369211,0.0,2023-06-24 07:00:00,5.6
EPA-29,10_94,Station 29 (Communication Issue),"Blanchardstown, Dublin 15",53.38539,-6.369211,0.0,2023-06-24 08:00:00,5.4
EPA-29,10_94,Station 29 (Communication Issue),"Blanchardstown, Dublin 15",53.38539,-6.369211,0.0,2023-06-24 09:00:00,4.83
EPA-29,10_94,Station 29 (Communication Issue),"Blanchardstown, Dublin 15",53.38539,-6.369211,0.0,2023-06-24 10:00:00,4.79
EPA-29,10_94,Station 29 (Communication Issue),"Blanchardstown, Dublin 15",53.38539,-6.369211,0.0,2023-06-24 11:00:00,6.22
EPA-29,10_94,Station 29 (Communication Issue),"Blanchardstown, Dublin 15",53.38539,-6.369211,0.0,2023-06-24 12:00:00,8.32
EPA-29,10_94,Station 29 (Communication Issue),"Blanchardstown, Dublin 15",53.38539,-6.369211,0.0,2023-06-24 13:00:00,8.2
EPA-29,10_94,Station 29 (Communication Issue),"Blanchardstown, Dublin 15",53.38539,-6.369211,0.0,2023-06-24 14:00:00,6.05
EPA-29,10_94,Station 29 (Communication Issue),"Blanchardstown, Dublin 15",53.38539,-6.369211,0.0,2023-06-24 15:00:00,6.55
EPA-29,10_94,Station 29 (Communication Issue),"Blanchardstown, Dublin 15",53.38539,-6.369211,0.0,2023-06-24 16:00:00,5.32
EPA-29,10_94,Station 29 (Communication Issue),"Blanchardstown, Dublin 15",53.38539,-6.369211,0.0,2023-06-24 17:00:00,4.99
EPA-29,10_94,Station 29 (Communication Issue),"Blanchardstown, Dublin 15",53.38539,-6.369211,0.0,2023-06-24 18:00:00,5.69
EPA-29,10_94,Station 29 (Communication Issue),"Blanchardstown, Dublin 15",53.38539,-6.369211,0.0,2023-06-24 19:00:00,4.61
EPA-29,10_94,Station 29 (Communication Issue),"Blanchardstown, Dublin 15",53.38539,-6.369211,0.0,2023-06-24 20:00:00,7.29
EPA-29,10_94,Station 29 (Communication Issue),"Blanchardstown, Dublin 15",53.38539,-6.369211,0.0,2023-06-24 21:00:00,7.4
EPA-29,10_94,Station 29 (Communication Issue),"Blanchardstown, Dublin 15",53.38539,-6.369211,0.0,2023-06-24 22:00:00,7.55
EPA-29,10_94,Station 29 (Communication Issue),"Blanchardstown, Dublin 15",53.38539,-6.369211,0.0,2023-06-24 23:00:00,9.43
EPA-29,10_94,Station 29 (Communication Issue),"Blanchardstown, Dublin 15",53.38539,-6.369211,0.0,2023-06-25 00:00:00,7.01
EPA-29,10_94,Station 29 (Communication Issue),"Blanchardstown, Dublin 15",53.38539,-6.369211,0.0,2023-06-25 01:00:00,3.9
EPA-29,10_94,Station 29 (Communication Issue),"Blanchardstown, Dublin 15",53.38539,-6.369211,0.0,2023-06-25 02:00:00,2.87
EPA-29,10_94,Station 29 (Communication Issue),"Blanchardstown, Dublin 15",53.38539,-6.369211,0.0,2023-06-25 03:00:00,2.93
EPA-29,10_94,Station 29 (Communication Issue),"Blanchardstown, Dublin 15",53.38539,-6.369211,0.0,2023-06-25 04:00:00,2.52
EPA-29,10_94,Station 29 (Communication Issue),"Blanchardstown, Dublin 15",53.38539,-6.369211,0.0,2023-06-25 05:00:00,2.76
EPA-29,10_94,Station 29 (Communication Issue),"Blanchardstown, Dublin 15",53.38539,-6.369211,0.0,2023-06-25 06:00:00,3.13
EPA-29,10_94,Station 29 (Communication Issue),"Blanchardstown, Dublin 15",53.38539,-6.369211,0.0,2023-06-25 07:00:00,4.11
EPA-29,10_94,Station 29 (Communication Issue),"Blanchardstown, Dublin 15",53.38539,-6.369211,0.0,2023-06-25 08:00:00,5.29
EPA-29,10_94,Station 29 (Communication Issue),"Blanchardstown, Dublin 15",53.38539,-6.369211,0.0,2023-06-25 09:00:00,7.06
EPA-29,10_94,Station 29 (Communication Issue),"Blanchardstown, Dublin 15",53.38539,-6.369211,0.0,2023-06-25 10:00:00,15.6
EPA-29,10_94,Station 29 (Communication Issue),"Blanchardstown, Dublin 15",53.38539,-6.369211,0.0,2023-06-25 11:00:00,9.39
EPA-29,10_94,Station 29 (Communication Issue),"Blanchardstown, Dublin 15",53.38539,-6.369211,0.0,2023-06-25 12:00:00,21.08
EPA-29,10_94,Station 29 (Communication Issue),"Blanchardstown, Dublin 15",53.38539,-6.369211,0.0,2023-06-25 13:00:00,18.72
EPA-29,10_94,Station 29 (Communication Issue),"Blanchardstown, Dublin 15",53.38539,-6.369211,0.0,2023-06-25 14:00:00,21.69
EPA-29,10_94,Station 29 (Communication Issue),"Blanchardstown, Dublin 15",53.38539,-6.369211,0.0,2023-06-25 15:00:00,16.21
EPA-29,10_94,Station 29 (Communication Issue),"Blanchardstown, Dublin 15",53.38539,-6.369211,0.0,2023-06-25 16:00:00,13.17
EPA-29,10_94,Station 29 (Communication Issue),"Blanchardstown, Dublin 15",53.38539,-6.369211,0.0,2023-06-25 17:00:00,20.89
EPA-29,10_94,Station 29 (Communication Issue),"Blanchardstown, Dublin 15",53.38539,-6.369211,0.0,2023-06-25 18:00:00,24.24
EPA-29,10_94,Station 29 (Communication Issue),"Blanchardstown, Dublin 15",53.38539,-6.369211,0.0,2023-06-25 19:00:00,23.79
EPA-29,10_94,Station 29 (Communication Issue),"Blanchardstown, Dublin 15",53.38539,-6.369211,0.0,2023-06-25 20:00:00,23.58
EPA-29,10_94,Station 29 (Communication Issue),"Blanchardstown, Dublin 15",53.38539,-6.369211,0.0,2023-06-25 21:00:00,33.14
EPA-29,10_94,Station 29 (Communication Issue),"Blanchardstown, Dublin 15",53.38539,-6.369211,0.0,2023-06-25 22:00:00,20.61
EPA-29,10_94,Station 29 (Communication Issue),"Blanchardstown, Dublin 15",53.38539,-6.369211,0.0,2023-06-25 23:00:00,11.31
EPA-29,10_94,Station 29 (Communication Issue),"Blanchardstown, Dublin 15",53.38539,-6.369211,0.0,2023-06-26 00:00:00,11.04
EPA-29,10_94,Station 29 (Communication Issue),"Blanchardstown, Dublin 15",53.38539,-6.369211,0.0,2023-06-26 01:00:00,7.12
EPA-29,10_94,Station 29 (Communication Issue),"Blanchardstown, Dublin 15",53.38539,-6.369211,0.0,2023-06-26 02:00:00,5.87
EPA-29,10_94,Station 29 (Communication Issue),"Blanchardstown, Dublin 15",53.38539,-6.369211,0.0,2023-06-26 03:00:00,3.69
EPA-29,10_94,Station 29 (Communication Issue),"Blanchardstown, Dublin 15",53.38539,-6.369211,0.0,2023-06-26 04:00:00,2.92
EPA-29,10_94,Station 29 (Communication Issue),"Blanchardstown, Dublin 15",53.38539,-6.369211,0.0,2023-06-26 05:00:00,4.84
EPA-29,10_94,Station 29 (Communication Issue),"Blanchardstown, Dublin 15",53.38539,-6.369211,0.0,2023-06-26 06:00:00,11.51
EPA-29,10_94,Station 29 (Communication Issue),"Blanchardstown, Dublin 15",53.38539,-6.369211,0.0,2023-06-26 07:00:00,15.18
EPA-29,10_94,Station 29 (Communication Issue),"Blanchardstown, Dublin 15",53.38539,-6.369211,0.0,2023-06-26 08:00:00,15.89
EPA-29,10_94,Station 29 (Communication Issue),"Blanchardstown, Dublin 15",53.38539,-6.369211,0.0,2023-06-26 09:00:00,12.48
EPA-29,10_94,Station 29 (Communication Issue),"Blanchardstown, Dublin 15",53.38539,-6.369211,0.0,2023-06-26 10:00:00,10.02
EPA-29,10_94,Station 29 (Communication Issue),"Blanchardstown, Dublin 15",53.38539,-6.369211,0.0,2023-06-26 11:00:00,11.7
EPA-29,10_94,Station 29 (Communication Issue),"Blanchardstown, Dublin 15",53.38539,-6.369211,0.0,2023-06-26 12:00:00,10.63
EPA-29,10_94,Station 29 (Communication Issue),"Blanchardstown, Dublin 15",53.38539,-6.369211,0.0,2023-06-26 13:00:00,12.82
EPA-29,10_94,Station 29 (Communication Issue),"Blanchardstown, Dublin 15",53.38539,-6.369211,0.0,2023-06-26 14:00:00,14.42
EPA-29,10_94,Station 29 (Communication Issue),"Blanchardstown, Dublin 15",53.38539,-6.369211,0.0,2023-06-26 15:00:00,12.19
EPA-29,10_94,Station 29 (Communication Issue),"Blanchardstown, Dublin 15",53.38539,-6.369211,0.0,2023-06-26 16:00:00,16.78
EPA-29,10_94,Station 29 (Communication Issue),"Blanchardstown, Dublin 15",53.38539,-6.369211,0.0,2023-06-26 17:00:00,13.34
EPA-29,10_94,Station 29 (Communication Issue),"Blanchardstown, Dublin 15",53.38539,-6.369211,0.0,2023-06-26 18:00:00,14.09
EPA-29,10_94,Station 29 (Communication Issue),"Blanchardstown, Dublin 15",53.38539,-6.369211,0.0,2023-06-26 19:00:00,16.76
EPA-29,10_94,Station 29 (Communication Issue),"Blanchardstown, Dublin 15",53.38539,-6.369211,0.0,2023-06-26 20:00:00,16.69
EPA-29,10_94,Station 29 (Communication Issue),"Blanchardstown, Dublin 15",53.38539,-6.369211,0.0,2023-06-26 21:00:00,18.64
EPA-29,10_94,Station 29 (Communication Issue),"Blanchardstown, Dublin 15",53.38539,-6.369211,0.0,2023-06-26 22:00:00,18.37
EPA-29,10_94,Station 29 (Communication Issue),"Blanchardstown, Dublin 15",53.38539,-6.369211,0.0,2023-06-26 23:00:00,15.01
EPA-29,10_94,Station 29 (Communication Issue),"Blanchardstown, Dublin 15",53.38539,-6.369211,0.0,2023-06-27 00:00:00,11.15
EPA-29,10_94,Station 29 (Communication Issue),"Blanchardstown, Dublin 15",53.38539,-6.369211,0.0,2023-06-27 01:00:00,7.0
EPA-29,10_94,Station 29 (Communication Issue),"Blanchardstown, Dublin 15",53.38539,-6.369211,0.0,2023-06-27 02:00:00,3.67
EPA-29,10_94,Station 29 (Communication Issue),"Blanchardstown, Dublin 15",53.38539,-6.369211,0.0,2023-06-27 03:00:00,1.79
EPA-29,10_94,Station 29 (Communication Issue),"Blanchardstown, Dublin 15",53.38539,-6.369211,0.0,2023-06-27 04:00:00,1.45
EPA-29,10_94,Station 29 (Communication Issue),"Blanchardstown, Dublin 15",53.38539,-6.369211,0.0,2023-06-27 05:00:00,4.03
EPA-29,10_94,Station 29 (Communication Issue),"Blanchardstown, Dublin 15",53.38539,-6.369211,0.0,2023-06-27 06:00:00,11.18
EPA-29,10_94,Station 29 (Communication Issue),"Blanchardstown, Dublin 15",53.38539,-6.369211,0.0,2023-06-27 07:00:00,21.15
EPA-29,10_94,Station 29 (Communication Issue),"Blanchardstown, Dublin 15",53.38539,-6.369211,0.0,2023-06-27 08:00:00,11.96
EPA-29,10_94,Station 29 (Communication Issue),"Blanchardstown, Dublin 15",53.38539,-6.369211,0.0,2023-06-27 09:00:00,9.4
EPA-29,10_94,Station 29 (Communication Issue),"Blanchardstown, Dublin 15",53.38539,-6.369211,0.0,2023-06-27 10:00:00,9.03
EPA-29,10_94,Station 29 (Communication Issue),"Blanchardstown, Dublin 15",53.38539,-6.369211,0.0,2023-06-27 11:00:00,9.76
EPA-29,10_94,Station 29 (Communication Issue),"Blanchardstown, Dublin 15",53.38539,-6.369211,0.0,2023-06-27 12:00:00,9.51
EPA-29,10_94,Station 29 (Communication Issue),"Blanchardstown, Dublin 15",53.38539,-6.369211,0.0,2023-06-27 13:00:00,12.95
EPA-29,10_94,Station 29 (Communication Issue),"Blanchardstown, Dublin 15",53.38539,-6.369211,0.0,2023-06-27 14:00:00,13.35
EPA-29,10_94,Station 29 (Communication Issue),"Blanchardstown, Dublin 15",53.38539,-6.369211,0.0,2023-06-27 15:00:00,14.96
EPA-29,10_94,Station 29 (Communication Issue),"Blanchardstown, Dublin 15",53.38539,-6.369211,0.0,2023-06-27 16:00:00,12.8
EPA-29,10_94,Station 29 (Communication Issue),"Blanchardstown, Dublin 15",53.38539,-6.369211,0.0,2023-06-27 17:00:00,16.55
EPA-29,10_94,Station 29 (Communication Issue),"Blanchardstown, Dublin 15",53.38539,-6.369211,0.0,2023-06-27 18:00:00,16.76
EPA-29,10_94,Station 29 (Communication Issue),"Blanchardstown, Dublin 15",53.38539,-6.369211,0.0,2023-06-27 19:00:00,19.27
EPA-29,10_94,Station 29 (Communication Issue),"Blanchardstown, Dublin 15",53.38539,-6.369211,0.0,2023-06-27 20:00:00,10.75
EPA-29,10_94,Station 29 (Communication Issue),"Blanchardstown, Dublin 15",53.38539,-6.369211,0.0,2023-06-27 21:00:00,12.91
EPA-29,10_94,Station 29 (Communication Issue),"Blanchardstown, Dublin 15",53.38539,-6.369211,0.0,2023-06-27 22:00:00,12.47
EPA-29,10_94,Station 29 (Communication Issue),"Blanchardstown, Dublin 15",53.38539,-6.369211,0.0,2023-06-27 23:00:00,6.81
EPA-29,10_94,Station 29 (Communication Issue),"Blanchardstown, Dublin 15",53.38539,-6.369211,0.0,2023-06-28 00:00:00,7.59
EPA-29,10_94,Station 29 (Communication Issue),"Blanchardstown, Dublin 15",53.38539,-6.369211,0.0,2023-06-28 01:00:00,11.45
EPA-29,10_94,Station 29 (Communication Issue),"Blanchardstown, Dublin 15",53.38539,-6.369211,0.0,2023-06-28 02:00:00,6.65
EPA-29,10_94,Station 29 (Communication Issue),"Blanchardstown, Dublin 15",53.38539,-6.369211,0.0,2023-06-28 03:00:00,2.84
EPA-29,10_94,Station 29 (Communication Issue),"Blanchardstown, Dublin 15",53.38539,-6.369211,0.0,2023-06-28 04:00:00,3.91
EPA-29,10_94,Station 29 (Communication Issue),"Blanchardstown, Dublin 15",53.38539,-6.369211,0.0,2023-06-28 05:00:00,8.14
EPA-29,10_94,Station 29 (Communication Issue),"Blanchardstown, Dublin 15",53.38539,-6.369211,0.0,2023-06-28 06:00:00,14.48
EPA-29,10_94,Station 29 (Communication Issue),"Blanchardstown, Dublin 15",53.38539,-6.369211,0.0,2023-06-28 07:00:00,29.01
EPA-29,10_94,Station 29 (Communication Issue),"Blanchardstown, Dublin 15",53.38539,-6.369211,0.0,2023-06-28 08:00:00,25.08
EPA-29,10_94,Station 29 (Communication Issue),"Blanchardstown, Dublin 15",53.38539,-6.369211,0.0,2023-06-28 09:00:00,22.46
EPA-29,10_94,Station 29 (Communication Issue),"Blanchardstown, Dublin 15",53.38539,-6.369211,0.0,2023-06-28 10:00:00,29.94
EPA-29,10_94,Station 29 (Communication Issue),"Blanchardstown, Dublin 15",53.38539,-6.369211,0.0,2023-06-28 11:00:00,40.51
EPA-29,10_94,Station 29 (Communication Issue),"Blanchardstown, Dublin 15",53.38539,-6.369211,0.0,2023-06-28 12:00:00,28.77
EPA-29,10_94,Station 29 (Communication Issue),"Blanchardstown, Dublin 15",53.38539,-6.369211,0.0,2023-06-28 13:00:00,22.09
EPA-29,10_94,Station 29 (Communication Issue),"Blanchardstown, Dublin 15",53.38539,-6.369211,0.0,2023-06-28 14:00:00,25.09
EPA-29,10_94,Station 29 (Communication Issue),"Blanchardstown, Dublin 15",53.38539,-6.369211,0.0,2023-06-28 15:00:00,28.57
EPA-29,10_94,Station 29 (Communication Issue),"Blanchardstown, Dublin 15",53.38539,-6.369211,0.0,2023-06-28 16:00:00,27.93
EPA-29,10_94,Station 29 (Communication Issue),"Blanchardstown, Dublin 15",53.38539,-6.369211,0.0,2023-06-28 17:00:00,37.36
EPA-29,10_94,Station 29 (Communication Issue),"Blanchardstown, Dublin 15",53.38539,-6.369211,0.0,2023-06-28 18:00:00,37.05
EPA-29,10_94,Station 29 (Communication Issue),"Blanchardstown, Dublin 15",53.38539,-6.369211,0.0,2023-06-28 19:00:00,41.16
EPA-29,10_94,Station 29 (Communication Issue),"Blanchardstown, Dublin 15",53.38539,-6.369211,0.0,2023-06-28 20:00:00,33.11
EPA-29,10_94,Station 29 (Communication Issue),"Blanchardstown, Dublin 15",53.38539,-6.369211,0.0,2023-06-28 21:00:00,34.51
EPA-29,10_94,Station 29 (Communication Issue),"Blanchardstown, Dublin 15",53.38539,-6.369211,0.0,2023-06-28 22:00:00,43.4
EPA-29,10_94,Station 29 (Communication Issue),"Blanchardstown, Dublin 15",53.38539,-6.369211,0.0,2023-06-29 01:00:00,25.6
EPA-29,10_94,Station 29 (Communication Issue),"Blanchardstown, Dublin 15",53.38539,-6.369211,0.0,2023-06-29 02:00:00,17.03
EPA-29,10_94,Station 29 (Communication Issue),"Blanchardstown, Dublin 15",53.38539,-6.369211,0.0,2023-06-29 03:00:00,7.86
EPA-29,10_94,Station 29 (Communication Issue),"Blanchardstown, Dublin 15",53.38539,-6.369211,0.0,2023-06-29 04:00:00,6.16
EPA-29,10_94,Station 29 (Communication Issue),"Blanchardstown, Dublin 15",53.38539,-6.369211,0.0,2023-06-29 05:00:00,10.26
EPA-29,10_94,Station 29 (Communication Issue),"Blanchardstown, Dublin 15",53.38539,-6.369211,0.0,2023-06-29 06:00:00,16.98
EPA-29,10_94,Station 29 (Communication Issue),"Blanchardstown, Dublin 15",53.38539,-6.369211,0.0,2023-06-29 07:00:00,24.76
EPA-29,10_94,Station 29 (Communication Issue),"Blanchardstown, Dublin 15",53.38539,-6.369211,0.0,2023-06-29 08:00:00,25.1
EPA-29,10_94,Station 29 (Communication Issue),"Blanchardstown, Dublin 15",53.38539,-6.369211,0.0,2023-06-29 09:00:00,20.86
EPA-29,10_94,Station 29 (Communication Issue),"Blanchardstown, Dublin 15",53.38539,-6.369211,0.0,2023-06-29 10:00:00,22.07
EPA-29,10_94,Station 29 (Communication Issue),"Blanchardstown, Dublin 15",53.38539,-6.369211,0.0,2023-06-29 11:00:00,24.51
EPA-29,10_94,Station 29 (Communication Issue),"Blanchardstown, Dublin 15",53.38539,-6.369211,0.0,2023-06-29 12:00:00,17.69
EPA-29,10_94,Station 29 (Communication Issue),"Blanchardstown, Dublin 15",53.38539,-6.369211,0.0,2023-06-29 13:00:00,23.19
EPA-29,10_94,Station 29 (Communication Issue),"Blanchardstown, Dublin 15",53.38539,-6.369211,0.0,2023-06-29 14:00:00,19.41
EPA-29,10_94,Station 29 (Communication Issue),"Blanchardstown, Dublin 15",53.38539,-6.369211,0.0,2023-06-29 15:00:00,18.6
EPA-29,10_94,Station 29 (Communication Issue),"Blanchardstown, Dublin 15",53.38539,-6.369211,0.0,2023-06-29 16:00:00,18.16
EPA-29,10_94,Station 29 (Communication Issue),"Blanchardstown, Dublin 15",53.38539,-6.369211,0.0,2023-06-29 17:00:00,18.64
EPA-29,10_94,Station 29 (Communication Issue),"Blanchardstown, Dublin 15",53.38539,-6.369211,0.0,2023-06-29 18:00:00,18.55
EPA-29,10_94,Station 29 (Communication Issue),"Blanchardstown, Dublin 15",53.38539,-6.369211,0.0,2023-06-29 19:00:00,12.87
EPA-29,10_94,Station 29 (Communication Issue),"Blanchardstown, Dublin 15",53.38539,-6.369211,0.0,2023-06-29 20:00:00,12.28
EPA-29,10_94,Station 29 (Communication Issue),"Blanchardstown, Dublin 15",53.38539,-6.369211,0.0,2023-06-29 21:00:00,20.58
EPA-29,10_94,Station 29 (Communication Issue),"Blanchardstown, Dublin 15",53.38539,-6.369211,0.0,2023-06-29 22:00:00,14.93
EPA-29,10_94,Station 29 (Communication Issue),"Blanchardstown, Dublin 15",53.38539,-6.369211,0.0,2023-06-29 23:00:00,12.94
EPA-29,10_94,Station 29 (Communication Issue),"Blanchardstown, Dublin 15",53.38539,-6.369211,0.0,2023-06-30 00:00:00,8.26
EPA-29,10_94,Station 29 (Communication Issue),"Blanchardstown, Dublin 15",53.38539,-6.369211,0.0,2023-06-30 01:00:00,4.68
EPA-29,10_94,Station 29 (Communication Issue),"Blanchardstown, Dublin 15",53.38539,-6.369211,0.0,2023-06-30 02:00:00,4.14
EPA-29,10_94,Station 29 (Communication Issue),"Blanchardstown, Dublin 15",53.38539,-6.369211,0.0,2023-06-30 03:00:00,2.18
EPA-29,10_94,Station 29 (Communication Issue),"Blanchardstown, Dublin 15",53.38539,-6.369211,0.0,2023-06-30 04:00:00,2.37
EPA-29,10_94,Station 29 (Communication Issue),"Blanchardstown, Dublin 15",53.38539,-6.369211,0.0,2023-06-30 05:00:00,2.57
EPA-29,10_94,Station 29 (Communication Issue),"Blanchardstown, Dublin 15",53.38539,-6.369211,0.0,2023-06-30 06:00:00,6.58
EPA-29,10_94,Station 29 (Communication Issue),"Blanchardstown, Dublin 15",53.38539,-6.369211,0.0,2023-06-30 07:00:00,10.85
EPA-29,10_94,Station 29 (Communication Issue),"Blanchardstown, Dublin 15",53.38539,-6.369211,0.0,2023-06-30 08:00:00,22.65
EPA-29,10_94,Station 29 (Communication Issue),"Blanchardstown, Dublin 15",53.38539,-6.369211,0.0,2023-06-30 09:00:00,17.06
EPA-29,10_94,Station 29 (Communication Issue),"Blanchardstown, Dublin 15",53.38539,-6.369211,0.0,2023-06-30 10:00:00,15.39
EPA-29,10_94,Station 29 (Communication Issue),"Blanchardstown, Dublin 15",53.38539,-6.369211,0.0,2023-06-30 11:00:00,11.63
EPA-29,10_94,Station 29 (Communication Issue),"Blanchardstown, Dublin 15",53.38539,-6.369211,0.0,2023-06-30 12:00:00,15.78
EPA-29,10_94,Station 29 (Communication Issue),"Blanchardstown, Dublin 15",53.38539,-6.369211,0.0,2023-06-30 13:00:00,19.85
EPA-29,10_94,Station 29 (Communication Issue),"Blanchardstown, Dublin 15",53.38539,-6.369211,0.0,2023-06-30 14:00:00,17.07
EPA-29,10_94,Station 29 (Communication Issue),"Blanchardstown, Dublin 15",53.38539,-6.369211,0.0,2023-06-30 15:00:00,14.22
EPA-29,10_94,Station 29 (Communication Issue),"Blanchardstown, Dublin 15",53.38539,-6.369211,0.0,2023-06-30 16:00:00,14.92
EPA-29,10_94,Station 29 (Communication Issue),"Blanchardstown, Dublin 15",53.38539,-6.369211,0.0,2023-06-30 17:00:00,13.58
EPA-29,10_94,Station 29 (Communication Issue),"Blanchardstown, Dublin 15",53.38539,-6.369211,0.0,2023-06-30 18:00:00,11.9
EPA-29,10_94,Station 29 (Communication Issue),"Blanchardstown, Dublin 15",53.38539,-6.369211,0.0,2023-06-30 19:00:00,13.0
EPA-29,10_94,Station 29 (Communication Issue),"Blanchardstown, Dublin 15",53.38539,-6.369211,0.0,2023-06-30 20:00:00,9.19
EPA-29,10_94,Station 29 (Communication Issue),"Blanchardstown, Dublin 15",53.38539,-6.369211,0.0,2023-06-30 21:00:00,11.84
EPA-29,10_94,Station 29 (Communication Issue),"Blanchardstown, Dublin 15",53.38539,-6.369211,0.0,2023-06-30 22:00:00,10.68
EPA-33,102_15,Station 33,"Clonskeagh, Dublin 14",53.311783,-6.235325,2.0,,
EPA-46,52_101,Station 46,"Finglas, Dublin 11",53.390252,-6.305162,1.0,,
EPA-47,104_78,Station 47,"Marino, Dublin 3",53.368098,-6.22794,1.0,,
EPA-48,24_71,Station 48,"Phoenix Park, Dublin 8",53.364641,-6.348076,1.0,,
EPA-49,52_41,Station 49,"Davitt Road, Inchicore, Dublin 12",53.336258,-6.309002,1.0,2023-06-01 01:00:00,17.44
EPA-49,52_41,Station 49,"Davitt Road, Inchicore, Dublin 12",53.336258,-6.309002,1.0,2023-06-01 02:00:00,12.05
EPA-49,52_41,Station 49,"Davitt Road, Inchicore, Dublin 12",53.336258,-6.309002,1.0,2023-06-01 03:00:00,16.38
EPA-49,52_41,Station 49,"Davitt Road, Inchicore, Dublin 12",53.336258,-6.309002,1.0,2023-06-01 04:00:00,20.96
EPA-49,52_41,Station 49,"Davitt Road, Inchicore, Dublin 12",53.336258,-6.309002,1.0,2023-06-01 05:00:00,30.82
EPA-49,52_41,Station 49,"Davitt Road, Inchicore, Dublin 12",53.336258,-6.309002,1.0,2023-06-01 06:00:00,19.46
EPA-49,52_41,Station 49,"Davitt Road, Inchicore, Dublin 12",53.336258,-6.309002,1.0,2023-06-01 07:00:00,25.22
EPA-49,52_41,Station 49,"Davitt Road, Inchicore, Dublin 12",53.336258,-6.309002,1.0,2023-06-01 08:00:00,23.23
EPA-49,52_41,Station 49,"Davitt Road, Inchicore, Dublin 12",53.336258,-6.309002,1.0,2023-06-01 09:00:00,20.49
EPA-49,52_41,Station 49,"Davitt Road, Inchicore, Dublin 12",53.336258,-6.309002,1.0,2023-06-01 10:00:00,15.09
EPA-49,52_41,Station 49,"Davitt Road, Inchicore, Dublin 12",53.336258,-6.309002,1.0,2023-06-01 11:00:00,13.57
EPA-49,52_41,Station 49,"Davitt Road, Inchicore, Dublin 12",53.336258,-6.309002,1.0,2023-06-01 12:00:00,17.31
EPA-49,52_41,Station 49,"Davitt Road, Inchicore, Dublin 12",53.336258,-6.309002,1.0,2023-06-01 13:00:00,11.88
EPA-49,52_41,Station 49,"Davitt Road, Inchicore, Dublin 12",53.336258,-6.309002,1.0,2023-06-01 14:00:00,13.53
EPA-49,52_41,Station 49,"Davitt Road, Inchicore, Dublin 12",53.336258,-6.309002,1.0,2023-06-01 15:00:00,15.93
EPA-49,52_41,Station 49,"Davitt Road, Inchicore, Dublin 12",53.336258,-6.309002,1.0,2023-06-01 16:00:00,13.57
EPA-49,52_41,Station 49,"Davitt Road, Inchicore, Dublin 12",53.336258,-6.309002,1.0,2023-06-01 17:00:00,12.85
EPA-49,52_41,Station 49,"Davitt Road, Inchicore, Dublin 12",53.336258,-6.309002,1.0,2023-06-01 18:00:00,12.33
EPA-49,52_41,Station 49,"Davitt Road, Inchicore, Dublin 12",53.336258,-6.309002,1.0,2023-06-01 19:00:00,13.48
EPA-49,52_41,Station 49,"Davitt Road, Inchicore, Dublin 12",53.336258,-6.309002,1.0,2023-06-01 20:00:00,12.61
EPA-49,52_41,Station 49,"Davitt Road, Inchicore, Dublin 12",53.336258,-6.309002,1.0,2023-06-01 21:00:00,15.77
EPA-49,52_41,Station 49,"Davitt Road, Inchicore, Dublin 12",53.336258,-6.309002,1.0,2023-06-01 22:00:00,17.76
EPA-49,52_41,Station 49,"Davitt Road, Inchicore, Dublin 12",53.336258,-6.309002,1.0,2023-06-01 23:00:00,10.56
EPA-49,52_41,Station 49,"Davitt Road, Inchicore, Dublin 12",53.336258,-6.309002,1.0,2023-06-02 00:00:00,13.45
EPA-49,52_41,Station 49,"Davitt Road, Inchicore, Dublin 12",53.336258,-6.309002,1.0,2023-06-02 01:00:00,23.34
EPA-49,52_41,Station 49,"Davitt Road, Inchicore, Dublin 12",53.336258,-6.309002,1.0,2023-06-02 02:00:00,19.81
EPA-49,52_41,Station 49,"Davitt Road, Inchicore, Dublin 12",53.336258,-6.309002,1.0,2023-06-02 03:00:00,16.31
EPA-49,52_41,Station 49,"Davitt Road, Inchicore, Dublin 12",53.336258,-6.309002,1.0,2023-06-02 04:00:00,14.21
EPA-49,52_41,Station 49,"Davitt Road, Inchicore, Dublin 12",53.336258,-6.309002,1.0,2023-06-02 05:00:00,16.44
EPA-49,52_41,Station 49,"Davitt Road, Inchicore, Dublin 12",53.336258,-6.309002,1.0,2023-06-02 06:00:00,19.07
EPA-49,52_41,Station 49,"Davitt Road, Inchicore, Dublin 12",53.336258,-6.309002,1.0,2023-06-02 07:00:00,19.93
EPA-49,52_41,Station 49,"Davitt Road, Inchicore, Dublin 12",53.336258,-6.309002,1.0,2023-06-02 08:00:00,18.34
EPA-49,52_41,Station 49,"Davitt Road, Inchicore, Dublin 12",53.336258,-6.309002,1.0,2023-06-02 09:00:00,16.33
EPA-49,52_41,Station 49,"Davitt Road, Inchicore, Dublin 12",53.336258,-6.309002,1.0,2023-06-02 10:00:00,14.94
EPA-49,52_41,Station 49,"Davitt Road, Inchicore, Dublin 12",53.336258,-6.309002,1.0,2023-06-02 11:00:00,19.3
EPA-49,52_41,Station 49,"Davitt Road, Inchicore, Dublin 12",53.336258,-6.309002,1.0,2023-06-02 12:00:00,16.84
EPA-49,52_41,Station 49,"Davitt Road, Inchicore, Dublin 12",53.336258,-6.309002,1.0,2023-06-02 13:00:00,10.38
EPA-49,52_41,Station 49,"Davitt Road, Inchicore, Dublin 12",53.336258,-6.309002,1.0,2023-06-02 14:00:00,13.97
EPA-49,52_41,Station 49,"Davitt Road, Inchicore, Dublin 12",53.336258,-6.309002,1.0,2023-06-02 15:00:00,12.21
EPA-49,52_41,Station 49,"Davitt Road, Inchicore, Dublin 12",53.336258,-6.309002,1.0,2023-06-02 16:00:00,10.95
EPA-49,52_41,Station 49,"Davitt Road, Inchicore, Dublin 12",53.336258,-6.309002,1.0,2023-06-02 17:00:00,12.26
EPA-49,52_41,Station 49,"Davitt Road, Inchicore, Dublin 12",53.336258,-6.309002,1.0,2023-06-02 18:00:00,13.01
EPA-49,52_41,Station 49,"Davitt Road, Inchicore, Dublin 12",53.336258,-6.309002,1.0,2023-06-02 19:00:00,17.97
EPA-49,52_41,Station 49,"Davitt Road, Inchicore, Dublin 12",53.336258,-6.309002,1.0,2023-06-02 20:00:00,19.03
EPA-49,52_41,Station 49,"Davitt Road, Inchicore, Dublin 12",53.336258,-6.309002,1.0,2023-06-02 21:00:00,18.61
EPA-49,52_41,Station 49,"Davitt Road, Inchicore, Dublin 12",53.336258,-6.309002,1.0,2023-06-02 22:00:00,28.18
EPA-49,52_41,Station 49,"Davitt Road, Inchicore, Dublin 12",53.336258,-6.309002,1.0,2023-06-02 23:00:00,35.49
EPA-49,52_41,Station 49,"Davitt Road, Inchicore, Dublin 12",53.336258,-6.309002,1.0,2023-06-03 00:00:00,22.62
EPA-49,52_41,Station 49,"Davitt Road, Inchicore, Dublin 12",53.336258,-6.309002,1.0,2023-06-03 01:00:00,42.89
EPA-49,52_41,Station 49,"Davitt Road, Inchicore, Dublin 12",53.336258,-6.309002,1.0,2023-06-03 02:00:00,21.7
EPA-49,52_41,Station 49,"Davitt Road, Inchicore, Dublin 12",53.336258,-6.309002,1.0,2023-06-03 03:00:00,30.01
EPA-49,52_41,Station 49,"Davitt Road, Inchicore, Dublin 12",53.336258,-6.309002,1.0,2023-06-03 04:00:00,28.38
EPA-49,52_41,Station 49,"Davitt Road, Inchicore, Dublin 12",53.336258,-6.309002,1.0,2023-06-03 05:00:00,38.6
EPA-49,52_41,Station 49,"Davitt Road, Inchicore, Dublin 12",53.336258,-6.309002,1.0,2023-06-03 06:00:00,29.42
EPA-49,52_41,Station 49,"Davitt Road, Inchicore, Dublin 12",53.336258,-6.309002,1.0,2023-06-03 07:00:00,35.1
EPA-49,52_41,Station 49,"Davitt Road, Inchicore, Dublin 12",53.336258,-6.309002,1.0,2023-06-03 08:00:00,29.64
EPA-49,52_41,Station 49,"Davitt Road, Inchicore, Dublin 12",53.336258,-6.309002,1.0,2023-06-03 09:00:00,29.55
EPA-49,52_41,Station 49,"Davitt Road, Inchicore, Dublin 12",53.336258,-6.309002,1.0,2023-06-03 10:00:00,26.03
EPA-49,52_41,Station 49,"Davitt Road, Inchicore, Dublin 12",53.336258,-6.309002,1.0,2023-06-03 11:00:00,18.96
EPA-49,52_41,Station 49,"Davitt Road, Inchicore, Dublin 12",53.336258,-6.309002,1.0,2023-06-03 12:00:00,18.33
EPA-49,52_41,Station 49,"Davitt Road, Inchicore, Dublin 12",53.336258,-6.309002,1.0,2023-06-03 13:00:00,15.19
EPA-49,52_41,Station 49,"Davitt Road, Inchicore, Dublin 12",53.336258,-6.309002,1.0,2023-06-03 14:00:00,13.94
EPA-49,52_41,Station 49,"Davitt Road, Inchicore, Dublin 12",53.336258,-6.309002,1.0,2023-06-03 15:00:00,13.02
EPA-49,52_41,Station 49,"Davitt Road, Inchicore, Dublin 12",53.336258,-6.309002,1.0,2023-06-03 16:00:00,11.61
EPA-49,52_41,Station 49,"Davitt Road, Inchicore, Dublin 12",53.336258,-6.309002,1.0,2023-06-03 17:00:00,11.12
EPA-49,52_41,Station 49,"Davitt Road, Inchicore, Dublin 12",53.336258,-6.309002,1.0,2023-06-03 18:00:00,13.65
EPA-49,52_41,Station 49,"Davitt Road, Inchicore, Dublin 12",53.336258,-6.309002,1.0,2023-06-03 19:00:00,13.9
EPA-49,52_41,Station 49,"Davitt Road, Inchicore, Dublin 12",53.336258,-6.309002,1.0,2023-06-03 20:00:00,11.91
EPA-49,52_41,Station 49,"Davitt Road, Inchicore, Dublin 12",53.336258,-6.309002,1.0,2023-06-03 21:00:00,15.09
EPA-49,52_41,Station 49,"Davitt Road, Inchicore, Dublin 12",53.336258,-6.309002,1.0,2023-06-03 22:00:00,17.47
EPA-49,52_41,Station 49,"Davitt Road, Inchicore, Dublin 12",53.336258,-6.309002,1.0,2023-06-03 23:00:00,17.65
EPA-49,52_41,Station 49,"Davitt Road, Inchicore, Dublin 12",53.336258,-6.309002,1.0,2023-06-04 00:00:00,18.85
EPA-49,52_41,Station 49,"Davitt Road, Inchicore, Dublin 12",53.336258,-6.309002,1.0,2023-06-04 01:00:00,31.73
EPA-49,52_41,Station 49,"Davitt Road, Inchicore, Dublin 12",53.336258,-6.309002,1.0,2023-06-04 02:00:00,32.79
EPA-49,52_41,Station 49,"Davitt Road, Inchicore, Dublin 12",53.336258,-6.309002,1.0,2023-06-04 03:00:00,29.27
EPA-49,52_41,Station 49,"Davitt Road, Inchicore, Dublin 12",53.336258,-6.309002,1.0,2023-06-04 04:00:00,25.17
EPA-49,52_41,Station 49,"Davitt Road, Inchicore, Dublin 12",53.336258,-6.309002,1.0,2023-06-04 05:00:00,26.27
EPA-49,52_41,Station 49,"Davitt Road, Inchicore, Dublin 12",53.336258,-6.309002,1.0,2023-06-04 06:00:00,21.76
EPA-49,52_41,Station 49,"Davitt Road, Inchicore, Dublin 12",53.336258,-6.309002,1.0,2023-06-04 07:00:00,36.11
EPA-49,52_41,Station 49,"Davitt Road, Inchicore, Dublin 12",53.336258,-6.309002,1.0,2023-06-04 08:00:00,29.07
EPA-49,52_41,Station 49,"Davitt Road, Inchicore, Dublin 12",53.336258,-6.309002,1.0,2023-06-04 09:00:00,20.98
EPA-49,52_41,Station 49,"Davitt Road, Inchicore, Dublin 12",53.336258,-6.309002,1.0,2023-06-04 10:00:00,21.63
EPA-49,52_41,Station 49,"Davitt Road, Inchicore, Dublin 12",53.336258,-6.309002,1.0,2023-06-04 11:00:00,13.4
EPA-49,52_41,Station 49,"Davitt Road, Inchicore, Dublin 12",53.336258,-6.309002,1.0,2023-06-04 12:00:00,16.97
EPA-49,52_41,Station 49,"Davitt Road, Inchicore, Dublin 12",53.336258,-6.309002,1.0,2023-06-04 13:00:00,14.04
EPA-49,52_41,Station 49,"Davitt Road, Inchicore, Dublin 12",53.336258,-6.309002,1.0,2023-06-04 14:00:00,12.76
EPA-49,52_41,Station 49,"Davitt Road, Inchicore, Dublin 12",53.336258,-6.309002,1.0,2023-06-04 15:00:00,8.95
EPA-49,52_41,Station 49,"Davitt Road, Inchicore, Dublin 12",53.336258,-6.309002,1.0,2023-06-04 16:00:00,9.52
EPA-49,52_41,Station 49,"Davitt Road, Inchicore, Dublin 12",53.336258,-6.309002,1.0,2023-06-04 17:00:00,9.45
EPA-49,52_41,Station 49,"Davitt Road, Inchicore, Dublin 12",53.336258,-6.309002,1.0,2023-06-04 18:00:00,11.89
EPA-49,52_41,Station 49,"Davitt Road, Inchicore, Dublin 12",53.336258,-6.309002,1.0,2023-06-04 19:00:00,15.57
EPA-49,52_41,Station 49,"Davitt Road, Inchicore, Dublin 12",53.336258,-6.309002,1.0,2023-06-04 20:00:00,23.48
EPA-49,52_41,Station 49,"Davitt Road, Inchicore, Dublin 12",53.336258,-6.309002,1.0,2023-06-04 21:00:00,17.28
EPA-49,52_41,Station 49,"Davitt Road, Inchicore, Dublin 12",53.336258,-6.309002,1.0,2023-06-04 22:00:00,12.3
EPA-49,52_41,Station 49,"Davitt Road, Inchicore, Dublin 12",53.336258,-6.309002,1.0,2023-06-04 23:00:00,13.23
EPA-49,52_41,Station 49,"Davitt Road, Inchicore, Dublin 12",53.336258,-6.309002,1.0,2023-06-05 00:00:00,21.4
EPA-49,52_41,Station 49,"Davitt Road, Inchicore, Dublin 12",53.336258,-6.309002,1.0,2023-06-05 01:00:00,45.92
EPA-49,52_41,Station 49,"Davitt Road, Inchicore, Dublin 12",53.336258,-6.309002,1.0,2023-06-05 02:00:00,28.23
EPA-49,52_41,Station 49,"Davitt Road, Inchicore, Dublin 12",53.336258,-6.309002,1.0,2023-06-05 03:00:00,27.24
EPA-49,52_41,Station 49,"Davitt Road, Inchicore, Dublin 12",53.336258,-6.309002,1.0,2023-06-05 04:00:00,29.52
EPA-49,52_41,Station 49,"Davitt Road, Inchicore, Dublin 12",53.336258,-6.309002,1.0,2023-06-05 05:00:00,27.65
EPA-49,52_41,Station 49,"Davitt Road, Inchicore, Dublin 12",53.336258,-6.309002,1.0,2023-06-05 06:00:00,25.68
EPA-49,52_41,Station 49,"Davitt Road, Inchicore, Dublin 12",53.336258,-6.309002,1.0,2023-06-05 07:00:00,17.62
EPA-49,52_41,Station 49,"Davitt Road, Inchicore, Dublin 12",53.336258,-6.309002,1.0,2023-06-05 08:00:00,14.67
EPA-49,52_41,Station 49,"Davitt Road, Inchicore, Dublin 12",53.336258,-6.309002,1.0,2023-06-05 09:00:00,12.89
EPA-49,52_41,Station 49,"Davitt Road, Inchicore, Dublin 12",53.336258,-6.309002,1.0,2023-06-05 10:00:00,15.79
EPA-49,52_41,Station 49,"Davitt Road, Inchicore, Dublin 12",53.336258,-6.309002,1.0,2023-06-05 11:00:00,19.44
EPA-49,52_41,Station 49,"Davitt Road, Inchicore, Dublin 12",53.336258,-6.309002,1.0,2023-06-05 12:00:00,14.73
EPA-49,52_41,Station 49,"Davitt Road, Inchicore, Dublin 12",53.336258,-6.309002,1.0,2023-06-05 13:00:00,13.51
EPA-49,52_41,Station 49,"Davitt Road, Inchicore, Dublin 12",53.336258,-6.309002,1.0,2023-06-05 14:00:00,12.43
EPA-49,52_41,Station 49,"Davitt Road, Inchicore, Dublin 12",53.336258,-6.309002,1.0,2023-06-05 15:00:00,11.14
EPA-49,52_41,Station 49,"Davitt Road, Inchicore, Dublin 12",53.336258,-6.309002,1.0,2023-06-05 16:00:00,10.63
EPA-49,52_41,Station 49,"Davitt Road, Inchicore, Dublin 12",53.336258,-6.309002,1.0,2023-06-05 17:00:00,7.29
EPA-49,52_41,Station 49,"Davitt Road, Inchicore, Dublin 12",53.336258,-6.309002,1.0,2023-06-05 18:00:00,8.24
EPA-49,52_41,Station 49,"Davitt Road, Inchicore, Dublin 12",53.336258,-6.309002,1.0,2023-06-05 19:00:00,11.33
EPA-49,52_41,Station 49,"Davitt Road, Inchicore, Dublin 12",53.336258,-6.309002,1.0,2023-06-05 20:00:00,13.41
EPA-49,52_41,Station 49,"Davitt Road, Inchicore, Dublin 12",53.336258,-6.309002,1.0,2023-06-05 21:00:00,13.13
EPA-49,52_41,Station 49,"Davitt Road, Inchicore, Dublin 12",53.336258,-6.309002,1.0,2023-06-05 22:00:00,11.6
EPA-49,52_41,Station 49,"Davitt Road, Inchicore, Dublin 12",53.336258,-6.309002,1.0,2023-06-05 23:00:00,10.97
EPA-49,52_41,Station 49,"Davitt Road, Inchicore, Dublin 12",53.336258,-6.309002,1.0,2023-06-06 00:00:00,9.12
EPA-49,52_41,Station 49,"Davitt Road, Inchicore, Dublin 12",53.336258,-6.309002,1.0,2023-06-06 01:00:00,14.07
EPA-49,52_41,Station 49,"Davitt Road, Inchicore, Dublin 12",53.336258,-6.309002,1.0,2023-06-06 02:00:00,14.01
EPA-49,52_41,Station 49,"Davitt Road, Inchicore, Dublin 12",53.336258,-6.309002,1.0,2023-06-06 03:00:00,13.12
EPA-49,52_41,Station 49,"Davitt Road, Inchicore, Dublin 12",53.336258,-6.309002,1.0,2023-06-06 04:00:00,19.14
EPA-49,52_41,Station 49,"Davitt Road, Inchicore, Dublin 12",53.336258,-6.309002,1.0,2023-06-06 05:00:00,35.8
EPA-49,52_41,Station 49,"Davitt Road, Inchicore, Dublin 12",53.336258,-6.309002,1.0,2023-06-06 06:00:00,36.36
EPA-49,52_41,Station 49,"Davitt Road, Inchicore, Dublin 12",53.336258,-6.309002,1.0,2023-06-06 07:00:00,41.0
EPA-49,52_41,Station 49,"Davitt Road, Inchicore, Dublin 12",53.336258,-6.309002,1.0,2023-06-06 08:00:00,36.31
EPA-49,52_41,Station 49,"Davitt Road, Inchicore, Dublin 12",53.336258,-6.309002,1.0,2023-06-06 09:00:00,32.86
EPA-49,52_41,Station 49,"Davitt Road, Inchicore, Dublin 12",53.336258,-6.309002,1.0,2023-06-06 10:00:00,19.62
EPA-49,52_41,Station 49,"Davitt Road, Inchicore, Dublin 12",53.336258,-6.309002,1.0,2023-06-06 11:00:00,16.23
EPA-49,52_41,Station 49,"Davitt Road, Inchicore, Dublin 12",53.336258,-6.309002,1.0,2023-06-06 12:00:00,15.71
EPA-49,52_41,Station 49,"Davitt Road, Inchicore, Dublin 12",53.336258,-6.309002,1.0,2023-06-06 13:00:00,14.43
EPA-49,52_41,Station 49,"Davitt Road, Inchicore, Dublin 12",53.336258,-6.309002,1.0,2023-06-06 14:00:00,15.24
EPA-49,52_41,Station 49,"Davitt Road, Inchicore, Dublin 12",53.336258,-6.309002,1.0,2023-06-06 15:00:00,14.68
EPA-49,52_41,Station 49,"Davitt Road, Inchicore, Dublin 12",53.336258,-6.309002,1.0,2023-06-06 16:00:00,13.04
EPA-49,52_41,Station 49,"Davitt Road, Inchicore, Dublin 12",53.336258,-6.309002,1.0,2023-06-06 17:00:00,10.43
EPA-49,52_41,Station 49,"Davitt Road, Inchicore, Dublin 12",53.336258,-6.309002,1.0,2023-06-06 18:00:00,10.88
EPA-49,52_41,Station 49,"Davitt Road, Inchicore, Dublin 12",53.336258,-6.309002,1.0,2023-06-06 19:00:00,9.86
EPA-49,52_41,Station 49,"Davitt Road, Inchicore, Dublin 12",53.336258,-6.309002,1.0,2023-06-06 20:00:00,10.21
EPA-49,52_41,Station 49,"Davitt Road, Inchicore, Dublin 12",53.336258,-6.309002,1.0,2023-06-06 21:00:00,19.25
EPA-49,52_41,Station 49,"Davitt Road, Inchicore, Dublin 12",53.336258,-6.309002,1.0,2023-06-06 22:00:00,12.95
EPA-49,52_41,Station 49,"Davitt Road, Inchicore, Dublin 12",53.336258,-6.309002,1.0,2023-06-06 23:00:00,9.15
EPA-49,52_41,Station 49,"Davitt Road, Inchicore, Dublin 12",53.336258,-6.309002,1.0,2023-06-07 00:00:00,13.92
EPA-49,52_41,Station 49,"Davitt Road, Inchicore, Dublin 12",53.336258,-6.309002,1.0,2023-06-07 01:00:00,22.8
EPA-49,52_41,Station 49,"Davitt Road, Inchicore, Dublin 12",53.336258,-6.309002,1.0,2023-06-07 02:00:00,18.74
EPA-49,52_41,Station 49,"Davitt Road, Inchicore, Dublin 12",53.336258,-6.309002,1.0,2023-06-07 03:00:00,18.1
EPA-49,52_41,Station 49,"Davitt Road, Inchicore, Dublin 12",53.336258,-6.309002,1.0,2023-06-07 04:00:00,11.09
EPA-49,52_41,Station 49,"Davitt Road, Inchicore, Dublin 12",53.336258,-6.309002,1.0,2023-06-07 05:00:00,19.42
EPA-49,52_41,Station 49,"Davitt Road, Inchicore, Dublin 12",53.336258,-6.309002,1.0,2023-06-07 06:00:00,18.14
EPA-49,52_41,Station 49,"Davitt Road, Inchicore, Dublin 12",53.336258,-6.309002,1.0,2023-06-07 07:00:00,19.16
EPA-49,52_41,Station 49,"Davitt Road, Inchicore, Dublin 12",53.336258,-6.309002,1.0,2023-06-07 08:00:00,22.76
EPA-49,52_41,Station 49,"Davitt Road, Inchicore, Dublin 12",53.336258,-6.309002,1.0,2023-06-07 09:00:00,18.29
EPA-49,52_41,Station 49,"Davitt Road, Inchicore, Dublin 12",53.336258,-6.309002,1.0,2023-06-07 10:00:00,17.86
EPA-49,52_41,Station 49,"Davitt Road, Inchicore, Dublin 12",53.336258,-6.309002,1.0,2023-06-07 11:00:00,17.81
EPA-49,52_41,Station 49,"Davitt Road, Inchicore, Dublin 12",53.336258,-6.309002,1.0,2023-06-07 12:00:00,19.95
EPA-49,52_41,Station 49,"Davitt Road, Inchicore, Dublin 12",53.336258,-6.309002,1.0,2023-06-07 13:00:00,14.39
EPA-49,52_41,Station 49,"Davitt Road, Inchicore, Dublin 12",53.336258,-6.309002,1.0,2023-06-07 14:00:00,18.25
EPA-49,52_41,Station 49,"Davitt Road, Inchicore, Dublin 12",53.336258,-6.309002,1.0,2023-06-07 15:00:00,13.61
EPA-49,52_41,Station 49,"Davitt Road, Inchicore, Dublin 12",53.336258,-6.309002,1.0,2023-06-07 16:00:00,13.25
EPA-49,52_41,Station 49,"Davitt Road, Inchicore, Dublin 12",53.336258,-6.309002,1.0,2023-06-07 17:00:00,15.36
EPA-49,52_41,Station 49,"Davitt Road, Inchicore, Dublin 12",53.336258,-6.309002,1.0,2023-06-07 18:00:00,12.71
EPA-49,52_41,Station 49,"Davitt Road, Inchicore, Dublin 12",53.336258,-6.309002,1.0,2023-06-07 19:00:00,11.08
EPA-49,52_41,Station 49,"Davitt Road, Inchicore, Dublin 12",53.336258,-6.309002,1.0,2023-06-07 20:00:00,13.91
EPA-49,52_41,Station 49,"Davitt Road, Inchicore, Dublin 12",53.336258,-6.309002,1.0,2023-06-07 21:00:00,16.21
EPA-49,52_41,Station 49,"Davitt Road, Inchicore, Dublin 12",53.336258,-6.309002,1.0,2023-06-07 22:00:00,17.82
EPA-49,52_41,Station 49,"Davitt Road, Inchicore, Dublin 12",53.336258,-6.309002,1.0,2023-06-08 01:00:00,10.97
EPA-49,52_41,Station 49,"Davitt Road, Inchicore, Dublin 12",53.336258,-6.309002,1.0,2023-06-08 02:00:00,6.52
EPA-49,52_41,Station 49,"Davitt Road, Inchicore, Dublin 12",53.336258,-6.309002,1.0,2023-06-08 03:00:00,12.42
EPA-49,52_41,Station 49,"Davitt Road, Inchicore, Dublin 12",53.336258,-6.309002,1.0,2023-06-08 04:00:00,7.89
EPA-49,52_41,Station 49,"Davitt Road, Inchicore, Dublin 12",53.336258,-6.309002,1.0,2023-06-08 05:00:00,18.36
EPA-49,52_41,Station 49,"Davitt Road, Inchicore, Dublin 12",53.336258,-6.309002,1.0,2023-06-08 06:00:00,20.16
EPA-49,52_41,Station 49,"Davitt Road, Inchicore, Dublin 12",53.336258,-6.309002,1.0,2023-06-08 07:00:00,24.99
EPA-49,52_41,Station 49,"Davitt Road, Inchicore, Dublin 12",53.336258,-6.309002,1.0,2023-06-08 08:00:00,24.22
EPA-49,52_41,Station 49,"Davitt Road, Inchicore, Dublin 12",53.336258,-6.309002,1.0,2023-06-08 09:00:00,27.55
EPA-49,52_41,Station 49,"Davitt Road, Inchicore, Dublin 12",53.336258,-6.309002,1.0,2023-06-08 10:00:00,21.8
EPA-49,52_41,Station 49,"Davitt Road, Inchicore, Dublin 12",53.336258,-6.309002,1.0,2023-06-08 11:00:00,21.11
EPA-49,52_41,Station 49,"Davitt Road, Inchicore, Dublin 12",53.336258,-6.309002,1.0,2023-06-08 12:00:00,22.51
EPA-49,52_41,Station 49,"Davitt Road, Inchicore, Dublin 12",53.336258,-6.309002,1.0,2023-06-08 13:00:00,19.57
EPA-49,52_41,Station 49,"Davitt Road, Inchicore, Dublin 12",53.336258,-6.309002,1.0,2023-06-08 14:00:00,21.52
EPA-49,52_41,Station 49,"Davitt Road, Inchicore, Dublin 12",53.336258,-6.309002,1.0,2023-06-08 15:00:00,16.84
EPA-49,52_41,Station 49,"Davitt Road, Inchicore, Dublin 12",53.336258,-6.309002,1.0,2023-06-08 16:00:00,18.09
EPA-49,52_41,Station 49,"Davitt Road, Inchicore, Dublin 12",53.336258,-6.309002,1.0,2023-06-08 17:00:00,21.33
EPA-49,52_41,Station 49,"Davitt Road, Inchicore, Dublin 12",53.336258,-6.309002,1.0,2023-06-08 18:00:00,21.62
EPA-49,52_41,Station 49,"Davitt Road, Inchicore, Dublin 12",53.336258,-6.309002,1.0,2023-06-08 19:00:00,18.65
EPA-49,52_41,Station 49,"Davitt Road, Inchicore, Dublin 12",53.336258,-6.309002,1.0,2023-06-08 20:00:00,22.04
EPA-49,52_41,Station 49,"Davitt Road, Inchicore, Dublin 12",53.336258,-6.309002,1.0,2023-06-08 21:00:00,21.35
EPA-49,52_41,Station 49,"Davitt Road, Inchicore, Dublin 12",53.336258,-6.309002,1.0,2023-06-08 22:00:00,26.8
EPA-49,52_41,Station 49,"Davitt Road, Inchicore, Dublin 12",53.336258,-6.309002,1.0,2023-06-08 23:00:00,24.41
EPA-49,52_41,Station 49,"Davitt Road, Inchicore, Dublin 12",53.336258,-6.309002,1.0,2023-06-09 00:00:00,23.33
EPA-49,52_41,Station 49,"Davitt Road, Inchicore, Dublin 12",53.336258,-6.309002,1.0,2023-06-09 01:00:00,23.36
EPA-49,52_41,Station 49,"Davitt Road, Inchicore, Dublin 12",53.336258,-6.309002,1.0,2023-06-09 02:00:00,19.31
EPA-49,52_41,Station 49,"Davitt Road, Inchicore, Dublin 12",53.336258,-6.309002,1.0,2023-06-09 03:00:00,14.75
EPA-49,52_41,Station 49,"Davitt Road, Inchicore, Dublin 12",53.336258,-6.309002,1.0,2023-06-09 04:00:00,22.58
EPA-49,52_41,Station 49,"Davitt Road, Inchicore, Dublin 12",53.336258,-6.309002,1.0,2023-06-09 05:00:00,19.9
EPA-49,52_41,Station 49,"Davitt Road, Inchicore, Dublin 12",53.336258,-6.309002,1.0,2023-06-09 06:00:00,20.73
EPA-49,52_41,Station 49,"Davitt Road, Inchicore, Dublin 12",53.336258,-6.309002,1.0,2023-06-09 07:00:00,21.42
EPA-49,52_41,Station 49,"Davitt Road, Inchicore, Dublin 12",53.336258,-6.309002,1.0,2023-06-09 08:00:00,25.41
EPA-49,52_41,Station 49,"Davitt Road, Inchicore, Dublin 12",53.336258,-6.309002,1.0,2023-06-09 09:00:00,19.08
EPA-49,52_41,Station 49,"Davitt Road, Inchicore, Dublin 12",53.336258,-6.309002,1.0,2023-06-09 10:00:00,24.2
EPA-49,52_41,Station 49,"Davitt Road, Inchicore, Dublin 12",53.336258,-6.309002,1.0,2023-06-09 11:00:00,15.9
EPA-49,52_41,Station 49,"Davitt Road, Inchicore, Dublin 12",53.336258,-6.309002,1.0,2023-06-09 12:00:00,16.67
EPA-49,52_41,Station 49,"Davitt Road, Inchicore, Dublin 12",53.336258,-6.309002,1.0,2023-06-09 13:00:00,21.01
EPA-49,52_41,Station 49,"Davitt Road, Inchicore, Dublin 12",53.336258,-6.309002,1.0,2023-06-09 14:00:00,20.67
EPA-49,52_41,Station 49,"Davitt Road, Inchicore, Dublin 12",53.336258,-6.309002,1.0,2023-06-09 15:00:00,20.32
EPA-49,52_41,Station 49,"Davitt Road, Inchicore, Dublin 12",53.336258,-6.309002,1.0,2023-06-09 16:00:00,21.0
EPA-49,52_41,Station 49,"Davitt Road, Inchicore, Dublin 12",53.336258,-6.309002,1.0,2023-06-09 17:00:00,19.33
EPA-49,52_41,Station 49,"Davitt Road, Inchicore, Dublin 12",53.336258,-6.309002,1.0,2023-06-09 18:00:00,21.34
EPA-49,52_41,Station 49,"Davitt Road, Inchicore, Dublin 12",53.336258,-6.309002,1.0,2023-06-09 19:00:00,21.96
EPA-49,52_41,Station 49,"Davitt Road, Inchicore, Dublin 12",53.336258,-6.309002,1.0,2023-06-09 20:00:00,21.94
EPA-49,52_41,Station 49,"Davitt Road, Inchicore, Dublin 12",53.336258,-6.309002,1.0,2023-06-09 21:00:00,25.65
EPA-49,52_41,Station 49,"Davitt Road, Inchicore, Dublin 12",53.336258,-6.309002,1.0,2023-06-09 22:00:00,37.82
EPA-49,52_41,Station 49,"Davitt Road, Inchicore, Dublin 12",53.336258,-6.309002,1.0,2023-06-09 23:00:00,43.46
EPA-49,52_41,Station 49,"Davitt Road, Inchicore, Dublin 12",53.336258,-6.309002,1.0,2023-06-10 00:00:00,39.77
EPA-49,52_41,Station 49,"Davitt Road, Inchicore, Dublin 12",53.336258,-6.309002,1.0,2023-06-10 01:00:00,33.84
EPA-49,52_41,Station 49,"Davitt Road, Inchicore, Dublin 12",53.336258,-6.309002,1.0,2023-06-10 02:00:00,18.78
EPA-49,52_41,Station 49,"Davitt Road, Inchicore, Dublin 12",53.336258,-6.309002,1.0,2023-06-10 03:00:00,16.96
EPA-49,52_41,Station 49,"Davitt Road, Inchicore, Dublin 12",53.336258,-6.309002,1.0,2023-06-10 04:00:00,13.31
EPA-49,52_41,Station 49,"Davitt Road, Inchicore, Dublin 12",53.336258,-6.309002,1.0,2023-06-10 05:00:00,18.08
EPA-49,52_41,Station 49,"Davitt Road, Inchicore, Dublin 12",53.336258,-6.309002,1.0,2023-06-10 06:00:00,19.77
EPA-49,52_41,Station 49,"Davitt Road, Inchicore, Dublin 12",53.336258,-6.309002,1.0,2023-06-10 07:00:00,24.7
EPA-49,52_41,Station 49,"Davitt Road, Inchicore, Dublin 12",53.336258,-6.309002,1.0,2023-06-10 08:00:00,30.22
EPA-49,52_41,Station 49,"Davitt Road, Inchicore, Dublin 12",53.336258,-6.309002,1.0,2023-06-10 09:00:00,32.58
EPA-49,52_41,Station 49,"Davitt Road, Inchicore, Dublin 12",53.336258,-6.309002,1.0,2023-06-10 10:00:00,30.57
EPA-49,52_41,Station 49,"Davitt Road, Inchicore, Dublin 12",53.336258,-6.309002,1.0,2023-06-10 11:00:00,30.68
EPA-49,52_41,Station 49,"Davitt Road, Inchicore, Dublin 12",53.336258,-6.309002,1.0,2023-06-10 12:00:00,23.38
EPA-49,52_41,Station 49,"Davitt Road, Inchicore, Dublin 12",53.336258,-6.309002,1.0,2023-06-10 13:00:00,35.43
EPA-49,52_41,Station 49,"Davitt Road, Inchicore, Dublin 12",53.336258,-6.309002,1.0,2023-06-10 14:00:00,47.87
EPA-49,52_41,Station 49,"Davitt Road, Inchicore, Dublin 12",53.336258,-6.309002,1.0,2023-06-10 15:00:00,54.14
EPA-49,52_41,Station 49,"Davitt Road, Inchicore, Dublin 12",53.336258,-6.309002,1.0,2023-06-10 16:00:00,55.41
EPA-49,52_41,Station 49,"Davitt Road, Inchicore, Dublin 12",53.336258,-6.309002,1.0,2023-06-10 17:00:00,35.73
EPA-49,52_41,Station 49,"Davitt Road, Inchicore, Dublin 12",53.336258,-6.309002,1.0,2023-06-10 18:00:00,34.63
EPA-49,52_41,Station 49,"Davitt Road, Inchicore, Dublin 12",53.336258,-6.309002,1.0,2023-06-10 19:00:00,26.46
EPA-49,52_41,Station 49,"Davitt Road, Inchicore, Dublin 12",53.336258,-6.309002,1.0,2023-06-10 20:00:00,38.34
EPA-49,52_41,Station 49,"Davitt Road, Inchicore, Dublin 12",53.336258,-6.309002,1.0,2023-06-10 21:00:00,48.22
EPA-49,52_41,Station 49,"Davitt Road, Inchicore, Dublin 12",53.336258,-6.309002,1.0,2023-06-10 22:00:00,47.85
EPA-49,52_41,Station 49,"Davitt Road, Inchicore, Dublin 12",53.336258,-6.309002,1.0,2023-06-10 23:00:00,28.67
EPA-49,52_41,Station 49,"Davitt Road, Inchicore, Dublin 12",53.336258,-6.309002,1.0,2023-06-11 00:00:00,27.34
EPA-49,52_41,Station 49,"Davitt Road, Inchicore, Dublin 12",53.336258,-6.309002,1.0,2023-06-11 01:00:00,38.01
EPA-49,52_41,Station 49,"Davitt Road, Inchicore, Dublin 12",53.336258,-6.309002,1.0,2023-06-11 02:00:00,27.51
EPA-49,52_41,Station 49,"Davitt Road, Inchicore, Dublin 12",53.336258,-6.309002,1.0,2023-06-11 03:00:00,22.27
EPA-49,52_41,Station 49,"Davitt Road, Inchicore, Dublin 12",53.336258,-6.309002,1.0,2023-06-11 04:00:00,13.81
EPA-49,52_41,Station 49,"Davitt Road, Inchicore, Dublin 12",53.336258,-6.309002,1.0,2023-06-11 05:00:00,18.89
EPA-49,52_41,Station 49,"Davitt Road, Inchicore, Dublin 12",53.336258,-6.309002,1.0,2023-06-11 06:00:00,18.73
EPA-49,52_41,Station 49,"Davitt Road, Inchicore, Dublin 12",53.336258,-6.309002,1.0,2023-06-11 07:00:00,31.83
EPA-49,52_41,Station 49,"Davitt Road, Inchicore, Dublin 12",53.336258,-6.309002,1.0,2023-06-11 08:00:00,22.51
EPA-49,52_41,Station 49,"Davitt Road, Inchicore, Dublin 12",53.336258,-6.309002,1.0,2023-06-11 09:00:00,22.37
EPA-49,52_41,Station 49,"Davitt Road, Inchicore, Dublin 12",53.336258,-6.309002,1.0,2023-06-11 10:00:00,19.47
EPA-49,52_41,Station 49,"Davitt Road, Inchicore, Dublin 12",53.336258,-6.309002,1.0,2023-06-11 11:00:00,12.6
EPA-49,52_41,Station 49,"Davitt Road, Inchicore, Dublin 12",53.336258,-6.309002,1.0,2023-06-11 12:00:00,13.37
EPA-49,52_41,Station 49,"Davitt Road, Inchicore, Dublin 12",53.336258,-6.309002,1.0,2023-06-11 13:00:00,9.91
EPA-49,52_41,Station 49,"Davitt Road, Inchicore, Dublin 12",53.336258,-6.309002,1.0,2023-06-11 14:00:00,7.7
EPA-49,52_41,Station 49,"Davitt Road, Inchicore, Dublin 12",53.336258,-6.309002,1.0,2023-06-11 15:00:00,7.33
EPA-49,52_41,Station 49,"Davitt Road, Inchicore, Dublin 12",53.336258,-6.309002,1.0,2023-06-11 16:00:00,13.51
EPA-49,52_41,Station 49,"Davitt Road, Inchicore, Dublin 12",53.336258,-6.309002,1.0,2023-06-11 17:00:00,11.0
EPA-49,52_41,Station 49,"Davitt Road, Inchicore, Dublin 12",53.336258,-6.309002,1.0,2023-06-11 18:00:00,14.42
EPA-49,52_41,Station 49,"Davitt Road, Inchicore, Dublin 12",53.336258,-6.309002,1.0,2023-06-11 19:00:00,12.36
EPA-49,52_41,Station 49,"Davitt Road, Inchicore, Dublin 12",53.336258,-6.309002,1.0,2023-06-11 20:00:00,19.3
EPA-49,52_41,Station 49,"Davitt Road, Inchicore, Dublin 12",53.336258,-6.309002,1.0,2023-06-11 21:00:00,35.54
EPA-49,52_41,Station 49,"Davitt Road, Inchicore, Dublin 12",53.336258,-6.309002,1.0,2023-06-11 22:00:00,53.13
EPA-49,52_41,Station 49,"Davitt Road, Inchicore, Dublin 12",53.336258,-6.309002,1.0,2023-06-11 23:00:00,54.97
EPA-49,52_41,Station 49,"Davitt Road, Inchicore, Dublin 12",53.336258,-6.309002,1.0,2023-06-12 00:00:00,52.03
EPA-49,52_41,Station 49,"Davitt Road, Inchicore, Dublin 12",53.336258,-6.309002,1.0,2023-06-12 01:00:00,36.17
EPA-49,52_41,Station 49,"Davitt Road, Inchicore, Dublin 12",53.336258,-6.309002,1.0,2023-06-12 02:00:00,19.27
EPA-49,52_41,Station 49,"Davitt Road, Inchicore, Dublin 12",53.336258,-6.309002,1.0,2023-06-12 03:00:00,13.73
EPA-49,52_41,Station 49,"Davitt Road, Inchicore, Dublin 12",53.336258,-6.309002,1.0,2023-06-12 04:00:00,8.48
EPA-49,52_41,Station 49,"Davitt Road, Inchicore, Dublin 12",53.336258,-6.309002,1.0,2023-06-12 05:00:00,18.19
EPA-49,52_41,Station 49,"Davitt Road, Inchicore, Dublin 12",53.336258,-6.309002,1.0,2023-06-12 06:00:00,26.22
EPA-49,52_41,Station 49,"Davitt Road, Inchicore, Dublin 12",53.336258,-6.309002,1.0,2023-06-12 07:00:00,22.19
EPA-49,52_41,Station 49,"Davitt Road, Inchicore, Dublin 12",53.336258,-6.309002,1.0,2023-06-12 08:00:00,25.73
EPA-49,52_41,Station 49,"Davitt Road, Inchicore, Dublin 12",53.336258,-6.309002,1.0,2023-06-12 09:00:00,31.87
EPA-49,52_41,Station 49,"Davitt Road, Inchicore, Dublin 12",53.336258,-6.309002,1.0,2023-06-12 10:00:00,33.75
EPA-49,52_41,Station 49,"Davitt Road, Inchicore, Dublin 12",53.336258,-6.309002,1.0,2023-06-12 11:00:00,32.71
EPA-49,52_41,Station 49,"Davitt Road, Inchicore, Dublin 12",53.336258,-6.309002,1.0,2023-06-12 12:00:00,33.92
EPA-49,52_41,Station 49,"Davitt Road, Inchicore, Dublin 12",53.336258,-6.309002,1.0,2023-06-12 13:00:00,27.78
EPA-49,52_41,Station 49,"Davitt Road, Inchicore, Dublin 12",53.336258,-6.309002,1.0,2023-06-12 14:00:00,30.89
EPA-49,52_41,Station 49,"Davitt Road, Inchicore, Dublin 12",53.336258,-6.309002,1.0,2023-06-12 15:00:00,22.84
EPA-49,52_41,Station 49,"Davitt Road, Inchicore, Dublin 12",53.336258,-6.309002,1.0,2023-06-12 16:00:00,20.25
EPA-49,52_41,Station 49,"Davitt Road, Inchicore, Dublin 12",53.336258,-6.309002,1.0,2023-06-12 17:00:00,18.87
EPA-49,52_41,Station 49,"Davitt Road, Inchicore, Dublin 12",53.336258,-6.309002,1.0,2023-06-12 18:00:00,18.22
EPA-49,52_41,Station 49,"Davitt Road, Inchicore, Dublin 12",53.336258,-6.309002,1.0,2023-06-12 19:00:00,16.82
EPA-49,52_41,Station 49,"Davitt Road, Inchicore, Dublin 12",53.336258,-6.309002,1.0,2023-06-12 20:00:00,21.75
EPA-49,52_41,Station 49,"Davitt Road, Inchicore, Dublin 12",53.336258,-6.309002,1.0,2023-06-12 21:00:00,20.39
EPA-49,52_41,Station 49,"Davitt Road, Inchicore, Dublin 12",53.336258,-6.309002,1.0,2023-06-12 22:00:00,20.06
EPA-49,52_41,Station 49,"Davitt Road, Inchicore, Dublin 12",53.336258,-6.309002,1.0,2023-06-12 23:00:00,17.06
EPA-49,52_41,Station 49,"Davitt Road, Inchicore, Dublin 12",53.336258,-6.309002,1.0,2023-06-13 00:00:00,21.4
EPA-49,52_41,Station 49,"Davitt Road, Inchicore, Dublin 12",53.336258,-6.309002,1.0,2023-06-13 01:00:00,16.96
EPA-49,52_41,Station 49,"Davitt Road, Inchicore, Dublin 12",53.336258,-6.309002,1.0,2023-06-13 02:00:00,9.81
EPA-49,52_41,Station 49,"Davitt Road, Inchicore, Dublin 12",53.336258,-6.309002,1.0,2023-06-13 03:00:00,8.74
EPA-49,52_41,Station 49,"Davitt Road, Inchicore, Dublin 12",53.336258,-6.309002,1.0,2023-06-13 04:00:00,13.25
EPA-49,52_41,Station 49,"Davitt Road, Inchicore, Dublin 12",53.336258,-6.309002,1.0,2023-06-13 05:00:00,28.93
EPA-49,52_41,Station 49,"Davitt Road, Inchicore, Dublin 12",53.336258,-6.309002,1.0,2023-06-13 06:00:00,34.53
EPA-49,52_41,Station 49,"Davitt Road, Inchicore, Dublin 12",53.336258,-6.309002,1.0,2023-06-13 07:00:00,31.74
EPA-49,52_41,Station 49,"Davitt Road, Inchicore, Dublin 12",53.336258,-6.309002,1.0,2023-06-13 08:00:00,41.99
EPA-49,52_41,Station 49,"Davitt Road, Inchicore, Dublin 12",53.336258,-6.309002,1.0,2023-06-13 09:00:00,39.03
EPA-49,52_41,Station 49,"Davitt Road, Inchicore, Dublin 12",53.336258,-6.309002,1.0,2023-06-13 10:00:00,29.15
EPA-49,52_41,Station 49,"Davitt Road, Inchicore, Dublin 12",53.336258,-6.309002,1.0,2023-06-13 11:00:00,24.08
EPA-49,52_41,Station 49,"Davitt Road, Inchicore, Dublin 12",53.336258,-6.309002,1.0,2023-06-13 12:00:00,23.53
EPA-49,52_41,Station 49,"Davitt Road, Inchicore, Dublin 12",53.336258,-6.309002,1.0,2023-06-13 13:00:00,33.67
EPA-49,52_41,Station 49,"Davitt Road, Inchicore, Dublin 12",53.336258,-6.309002,1.0,2023-06-13 14:00:00,29.36
EPA-49,52_41,Station 49,"Davitt Road, Inchicore, Dublin 12",53.336258,-6.309002,1.0,2023-06-13 15:00:00,39.21
EPA-49,52_41,Station 49,"Davitt Road, Inchicore, Dublin 12",53.336258,-6.309002,1.0,2023-06-13 16:00:00,32.76
EPA-49,52_41,Station 49,"Davitt Road, Inchicore, Dublin 12",53.336258,-6.309002,1.0,2023-06-13 17:00:00,31.41
EPA-49,52_41,Station 49,"Davitt Road, Inchicore, Dublin 12",53.336258,-6.309002,1.0,2023-06-13 18:00:00,23.14
EPA-49,52_41,Station 49,"Davitt Road, Inchicore, Dublin 12",53.336258,-6.309002,1.0,2023-06-13 19:00:00,26.87
EPA-49,52_41,Station 49,"Davitt Road, Inchicore, Dublin 12",53.336258,-6.309002,1.0,2023-06-13 20:00:00,28.14
EPA-49,52_41,Station 49,"Davitt Road, Inchicore, Dublin 12",53.336258,-6.309002,1.0,2023-06-13 21:00:00,39.21
EPA-49,52_41,Station 49,"Davitt Road, Inchicore, Dublin 12",53.336258,-6.309002,1.0,2023-06-13 22:00:00,25.24
EPA-49,52_41,Station 49,"Davitt Road, Inchicore, Dublin 12",53.336258,-6.309002,1.0,2023-06-13 23:00:00,26.28
EPA-49,52_41,Station 49,"Davitt Road, Inchicore, Dublin 12",53.336258,-6.309002,1.0,2023-06-14 00:00:00,20.34
EPA-49,52_41,Station 49,"Davitt Road, Inchicore, Dublin 12",53.336258,-6.309002,1.0,2023-06-14 01:00:00,23.19
EPA-49,52_41,Station 49,"Davitt Road, Inchicore, Dublin 12",53.336258,-6.309002,1.0,2023-06-14 02:00:00,12.44
EPA-49,52_41,Station 49,"Davitt Road, Inchicore, Dublin 12",53.336258,-6.309002,1.0,2023-06-14 03:00:00,8.59
EPA-49,52_41,Station 49,"Davitt Road, Inchicore, Dublin 12",53.336258,-6.309002,1.0,2023-06-14 04:00:00,11.06
EPA-49,52_41,Station 49,"Davitt Road, Inchicore, Dublin 12",53.336258,-6.309002,1.0,2023-06-14 05:00:00,19.02
EPA-49,52_41,Station 49,"Davitt Road, Inchicore, Dublin 12",53.336258,-6.309002,1.0,2023-06-14 06:00:00,21.4
EPA-49,52_41,Station 49,"Davitt Road, Inchicore, Dublin 12",53.336258,-6.309002,1.0,2023-06-14 07:00:00,23.03
EPA-49,52_41,Station 49,"Davitt Road, Inchicore, Dublin 12",53.336258,-6.309002,1.0,2023-06-14 08:00:00,19.13
EPA-49,52_41,Station 49,"Davitt Road, Inchicore, Dublin 12",53.336258,-6.309002,1.0,2023-06-14 09:00:00,28.49
EPA-49,52_41,Station 49,"Davitt Road, Inchicore, Dublin 12",53.336258,-6.309002,1.0,2023-06-14 10:00:00,39.05
EPA-49,52_41,Station 49,"Davitt Road, Inchicore, Dublin 12",53.336258,-6.309002,1.0,2023-06-14 11:00:00,24.76
EPA-49,52_41,Station 49,"Davitt Road, Inchicore, Dublin 12",53.336258,-6.309002,1.0,2023-06-14 12:00:00,26.9
EPA-49,52_41,Station 49,"Davitt Road, Inchicore, Dublin 12",53.336258,-6.309002,1.0,2023-06-14 13:00:00,25.32
EPA-49,52_41,Station 49,"Davitt Road, Inchicore, Dublin 12",53.336258,-6.309002,1.0,2023-06-14 14:00:00,23.13
EPA-49,52_41,Station 49,"Davitt Road, Inchicore, Dublin 12",53.336258,-6.309002,1.0,2023-06-14 15:00:00,24.28
EPA-49,52_41,Station 49,"Davitt Road, Inchicore, Dublin 12",53.336258,-6.309002,1.0,2023-06-14 16:00:00,22.0
EPA-49,52_41,Station 49,"Davitt Road, Inchicore, Dublin 12",53.336258,-6.309002,1.0,2023-06-14 17:00:00,24.26
EPA-49,52_41,Station 49,"Davitt Road, Inchicore, Dublin 12",53.336258,-6.309002,1.0,2023-06-14 18:00:00,18.6
EPA-49,52_41,Station 49,"Davitt Road, Inchicore, Dublin 12",53.336258,-6.309002,1.0,2023-06-14 19:00:00,25.16
EPA-49,52_41,Station 49,"Davitt Road, Inchicore, Dublin 12",53.336258,-6.309002,1.0,2023-06-14 20:00:00,28.58
EPA-49,52_41,Station 49,"Davitt Road, Inchicore, Dublin 12",53.336258,-6.309002,1.0,2023-06-14 21:00:00,46.53
EPA-49,52_41,Station 49,"Davitt Road, Inchicore, Dublin 12",53.336258,-6.309002,1.0,2023-06-14 22:00:00,49.1
EPA-49,52_41,Station 49,"Davitt Road, Inchicore, Dublin 12",53.336258,-6.309002,1.0,2023-06-15 01:00:00,35.08
EPA-49,52_41,Station 49,"Davitt Road, Inchicore, Dublin 12",53.336258,-6.309002,1.0,2023-06-15 02:00:00,41.97
EPA-49,52_41,Station 49,"Davitt Road, Inchicore, Dublin 12",53.336258,-6.309002,1.0,2023-06-15 03:00:00,42.67
EPA-49,52_41,Station 49,"Davitt Road, Inchicore, Dublin 12",53.336258,-6.309002,1.0,2023-06-15 04:00:00,39.15
EPA-49,52_41,Station 49,"Davitt Road, Inchicore, Dublin 12",53.336258,-6.309002,1.0,2023-06-15 05:00:00,44.92
EPA-49,52_41,Station 49,"Davitt Road, Inchicore, Dublin 12",53.336258,-6.309002,1.0,2023-06-15 06:00:00,49.79
EPA-49,52_41,Station 49,"Davitt Road, Inchicore, Dublin 12",53.336258,-6.309002,1.0,2023-06-15 07:00:00,60.42
EPA-49,52_41,Station 49,"Davitt Road, Inchicore, Dublin 12",53.336258,-6.309002,1.0,2023-06-15 08:00:00,49.29
EPA-49,52_41,Station 49,"Davitt Road, Inchicore, Dublin 12",53.336258,-6.309002,1.0,2023-06-15 09:00:00,55.78
EPA-49,52_41,Station 49,"Davitt Road, Inchicore, Dublin 12",53.336258,-6.309002,1.0,2023-06-15 10:00:00,49.7
EPA-49,52_41,Station 49,"Davitt Road, Inchicore, Dublin 12",53.336258,-6.309002,1.0,2023-06-15 11:00:00,38.0
EPA-49,52_41,Station 49,"Davitt Road, Inchicore, Dublin 12",53.336258,-6.309002,1.0,2023-06-15 12:00:00,36.58
EPA-49,52_41,Station 49,"Davitt Road, Inchicore, Dublin 12",53.336258,-6.309002,1.0,2023-06-15 13:00:00,30.17
EPA-49,52_41,Station 49,"Davitt Road, Inchicore, Dublin 12",53.336258,-6.309002,1.0,2023-06-15 14:00:00,23.5
EPA-49,52_41,Station 49,"Davitt Road, Inchicore, Dublin 12",53.336258,-6.309002,1.0,2023-06-15 15:00:00,29.75
EPA-49,52_41,Station 49,"Davitt Road, Inchicore, Dublin 12",53.336258,-6.309002,1.0,2023-06-15 16:00:00,22.1
EPA-49,52_41,Station 49,"Davitt Road, Inchicore, Dublin 12",53.336258,-6.309002,1.0,2023-06-15 17:00:00,22.91
EPA-49,52_41,Station 49,"Davitt Road, Inchicore, Dublin 12",53.336258,-6.309002,1.0,2023-06-15 18:00:00,16.08
EPA-49,52_41,Station 49,"Davitt Road, Inchicore, Dublin 12",53.336258,-6.309002,1.0,2023-06-15 19:00:00,18.91
EPA-49,52_41,Station 49,"Davitt Road, Inchicore, Dublin 12",53.336258,-6.309002,1.0,2023-06-15 20:00:00,19.95
EPA-49,52_41,Station 49,"Davitt Road, Inchicore, Dublin 12",53.336258,-6.309002,1.0,2023-06-15 21:00:00,20.95
EPA-49,52_41,Station 49,"Davitt Road, Inchicore, Dublin 12",53.336258,-6.309002,1.0,2023-06-15 22:00:00,22.96
EPA-49,52_41,Station 49,"Davitt Road, Inchicore, Dublin 12",53.336258,-6.309002,1.0,2023-06-15 23:00:00,15.78
EPA-49,52_41,Station 49,"Davitt Road, Inchicore, Dublin 12",53.336258,-6.309002,1.0,2023-06-16 00:00:00,12.75
EPA-49,52_41,Station 49,"Davitt Road, Inchicore, Dublin 12",53.336258,-6.309002,1.0,2023-06-16 01:00:00,34.91
EPA-49,52_41,Station 49,"Davitt Road, Inchicore, Dublin 12",53.336258,-6.309002,1.0,2023-06-16 02:00:00,22.74
EPA-49,52_41,Station 49,"Davitt Road, Inchicore, Dublin 12",53.336258,-6.309002,1.0,2023-06-16 03:00:00,25.03
EPA-49,52_41,Station 49,"Davitt Road, Inchicore, Dublin 12",53.336258,-6.309002,1.0,2023-06-16 04:00:00,30.09
EPA-49,52_41,Station 49,"Davitt Road, Inchicore, Dublin 12",53.336258,-6.309002,1.0,2023-06-16 05:00:00,50.49
EPA-49,52_41,Station 49,"Davitt Road, Inchicore, Dublin 12",53.336258,-6.309002,1.0,2023-06-16 06:00:00,52.43
EPA-49,52_41,Station 49,"Davitt Road, Inchicore, Dublin 12",53.336258,-6.309002,1.0,2023-06-16 07:00:00,63.35
EPA-49,52_41,Station 49,"Davitt Road, Inchicore, Dublin 12",53.336258,-6.309002,1.0,2023-06-16 08:00:00,42.06
EPA-49,52_41,Station 49,"Davitt Road, Inchicore, Dublin 12",53.336258,-6.309002,1.0,2023-06-16 09:00:00,25.04
EPA-49,52_41,Station 49,"Davitt Road, Inchicore, Dublin 12",53.336258,-6.309002,1.0,2023-06-16 10:00:00,19.76
EPA-49,52_41,Station 49,"Davitt Road, Inchicore, Dublin 12",53.336258,-6.309002,1.0,2023-06-16 11:00:00,35.36
EPA-49,52_41,Station 49,"Davitt Road, Inchicore, Dublin 12",53.336258,-6.309002,1.0,2023-06-16 12:00:00,43.27
EPA-49,52_41,Station 49,"Davitt Road, Inchicore, Dublin 12",53.336258,-6.309002,1.0,2023-06-16 13:00:00,33.41
EPA-49,52_41,Station 49,"Davitt Road, Inchicore, Dublin 12",53.336258,-6.309002,1.0,2023-06-16 14:00:00,34.06
EPA-49,52_41,Station 49,"Davitt Road, Inchicore, Dublin 12",53.336258,-6.309002,1.0,2023-06-16 15:00:00,47.26
EPA-49,52_41,Station 49,"Davitt Road, Inchicore, Dublin 12",53.336258,-6.309002,1.0,2023-06-16 16:00:00,49.84
EPA-49,52_41,Station 49,"Davitt Road, Inchicore, Dublin 12",53.336258,-6.309002,1.0,2023-06-16 17:00:00,40.14
EPA-49,52_41,Station 49,"Davitt Road, Inchicore, Dublin 12",53.336258,-6.309002,1.0,2023-06-16 18:00:00,22.08
EPA-49,52_41,Station 49,"Davitt Road, Inchicore, Dublin 12",53.336258,-6.309002,1.0,2023-06-16 19:00:00,20.72
EPA-49,52_41,Station 49,"Davitt Road, Inchicore, Dublin 12",53.336258,-6.309002,1.0,2023-06-16 20:00:00,15.71
EPA-49,52_41,Station 49,"Davitt Road, Inchicore, Dublin 12",53.336258,-6.309002,1.0,2023-06-16 21:00:00,16.15
EPA-49,52_41,Station 49,"Davitt Road, Inchicore, Dublin 12",53.336258,-6.309002,1.0,2023-06-16 22:00:00,12.69
EPA-49,52_41,Station 49,"Davitt Road, Inchicore, Dublin 12",53.336258,-6.309002,1.0,2023-06-16 23:00:00,6.63
EPA-49,52_41,Station 49,"Davitt Road, Inchicore, Dublin 12",53.336258,-6.309002,1.0,2023-06-17 00:00:00,6.66
EPA-49,52_41,Station 49,"Davitt Road, Inchicore, Dublin 12",53.336258,-6.309002,1.0,2023-06-17 01:00:00,8.37
EPA-49,52_41,Station 49,"Davitt Road, Inchicore, Dublin 12",53.336258,-6.309002,1.0,2023-06-17 02:00:00,9.44
EPA-49,52_41,Station 49,"Davitt Road, Inchicore, Dublin 12",53.336258,-6.309002,1.0,2023-06-17 03:00:00,3.96
EPA-49,52_41,Station 49,"Davitt Road, Inchicore, Dublin 12",53.336258,-6.309002,1.0,2023-06-17 04:00:00,5.59
EPA-49,52_41,Station 49,"Davitt Road, Inchicore, Dublin 12",53.336258,-6.309002,1.0,2023-06-17 05:00:00,9.53
EPA-49,52_41,Station 49,"Davitt Road, Inchicore, Dublin 12",53.336258,-6.309002,1.0,2023-06-17 06:00:00,12.5
EPA-49,52_41,Station 49,"Davitt Road, Inchicore, Dublin 12",53.336258,-6.309002,1.0,2023-06-17 07:00:00,9.22
EPA-49,52_41,Station 49,"Davitt Road, Inchicore, Dublin 12",53.336258,-6.309002,1.0,2023-06-17 08:00:00,10.65
EPA-49,52_41,Station 49,"Davitt Road, Inchicore, Dublin 12",53.336258,-6.309002,1.0,2023-06-17 09:00:00,17.18
EPA-49,52_41,Station 49,"Davitt Road, Inchicore, Dublin 12",53.336258,-6.309002,1.0,2023-06-17 10:00:00,15.14
EPA-49,52_41,Station 49,"Davitt Road, Inchicore, Dublin 12",53.336258,-6.309002,1.0,2023-06-17 11:00:00,11.95
EPA-49,52_41,Station 49,"Davitt Road, Inchicore, Dublin 12",53.336258,-6.309002,1.0,2023-06-17 12:00:00,11.84
EPA-49,52_41,Station 49,"Davitt Road, Inchicore, Dublin 12",53.336258,-6.309002,1.0,2023-06-17 13:00:00,14.94
EPA-49,52_41,Station 49,"Davitt Road, Inchicore, Dublin 12",53.336258,-6.309002,1.0,2023-06-17 14:00:00,9.41
EPA-49,52_41,Station 49,"Davitt Road, Inchicore, Dublin 12",53.336258,-6.309002,1.0,2023-06-17 15:00:00,10.43
EPA-49,52_41,Station 49,"Davitt Road, Inchicore, Dublin 12",53.336258,-6.309002,1.0,2023-06-17 16:00:00,10.38
EPA-49,52_41,Station 49,"Davitt Road, Inchicore, Dublin 12",53.336258,-6.309002,1.0,2023-06-17 17:00:00,11.06
EPA-49,52_41,Station 49,"Davitt Road, Inchicore, Dublin 12",53.336258,-6.309002,1.0,2023-06-17 18:00:00,10.84
EPA-49,52_41,Station 49,"Davitt Road, Inchicore, Dublin 12",53.336258,-6.309002,1.0,2023-06-17 19:00:00,11.81
EPA-49,52_41,Station 49,"Davitt Road, Inchicore, Dublin 12",53.336258,-6.309002,1.0,2023-06-17 20:00:00,12.07
EPA-49,52_41,Station 49,"Davitt Road, Inchicore, Dublin 12",53.336258,-6.309002,1.0,2023-06-17 21:00:00,9.91
EPA-49,52_41,Station 49,"Davitt Road, Inchicore, Dublin 12",53.336258,-6.309002,1.0,2023-06-17 22:00:00,7.26
EPA-49,52_41,Station 49,"Davitt Road, Inchicore, Dublin 12",53.336258,-6.309002,1.0,2023-06-17 23:00:00,5.75
EPA-49,52_41,Station 49,"Davitt Road, Inchicore, Dublin 12",53.336258,-6.309002,1.0,2023-06-18 00:00:00,9.69
EPA-49,52_41,Station 49,"Davitt Road, Inchicore, Dublin 12",53.336258,-6.309002,1.0,2023-06-18 01:00:00,6.37
EPA-49,52_41,Station 49,"Davitt Road, Inchicore, Dublin 12",53.336258,-6.309002,1.0,2023-06-18 02:00:00,4.3
EPA-49,52_41,Station 49,"Davitt Road, Inchicore, Dublin 12",53.336258,-6.309002,1.0,2023-06-18 03:00:00,5.69
EPA-49,52_41,Station 49,"Davitt Road, Inchicore, Dublin 12",53.336258,-6.309002,1.0,2023-06-18 04:00:00,8.58
EPA-49,52_41,Station 49,"Davitt Road, Inchicore, Dublin 12",53.336258,-6.309002,1.0,2023-06-18 05:00:00,9.39
EPA-49,52_41,Station 49,"Davitt Road, Inchicore, Dublin 12",53.336258,-6.309002,1.0,2023-06-18 06:00:00,6.88
EPA-49,52_41,Station 49,"Davitt Road, Inchicore, Dublin 12",53.336258,-6.309002,1.0,2023-06-18 07:00:00,7.17
EPA-49,52_41,Station 49,"Davitt Road, Inchicore, Dublin 12",53.336258,-6.309002,1.0,2023-06-18 08:00:00,8.9
EPA-49,52_41,Station 49,"Davitt Road, Inchicore, Dublin 12",53.336258,-6.309002,1.0,2023-06-18 09:00:00,10.81
EPA-49,52_41,Station 49,"Davitt Road, Inchicore, Dublin 12",53.336258,-6.309002,1.0,2023-06-18 10:00:00,10.58
EPA-49,52_41,Station 49,"Davitt Road, Inchicore, Dublin 12",53.336258,-6.309002,1.0,2023-06-18 11:00:00,9.37
EPA-49,52_41,Station 49,"Davitt Road, Inchicore, Dublin 12",53.336258,-6.309002,1.0,2023-06-18 12:00:00,8.93
EPA-49,52_41,Station 49,"Davitt Road, Inchicore, Dublin 12",53.336258,-6.309002,1.0,2023-06-18 13:00:00,10.32
EPA-49,52_41,Station 49,"Davitt Road, Inchicore, Dublin 12",53.336258,-6.309002,1.0,2023-06-18 14:00:00,6.28
EPA-49,52_41,Station 49,"Davitt Road, Inchicore, Dublin 12",53.336258,-6.309002,1.0,2023-06-18 15:00:00,7.09
EPA-49,52_41,Station 49,"Davitt Road, Inchicore, Dublin 12",53.336258,-6.309002,1.0,2023-06-18 16:00:00,6.6
EPA-49,52_41,Station 49,"Davitt Road, Inchicore, Dublin 12",53.336258,-6.309002,1.0,2023-06-18 17:00:00,8.79
EPA-49,52_41,Station 49,"Davitt Road, Inchicore, Dublin 12",53.336258,-6.309002,1.0,2023-06-18 18:00:00,5.13
EPA-49,52_41,Station 49,"Davitt Road, Inchicore, Dublin 12",53.336258,-6.309002,1.0,2023-06-18 19:00:00,3.15
EPA-49,52_41,Station 49,"Davitt Road, Inchicore, Dublin 12",53.336258,-6.309002,1.0,2023-06-18 20:00:00,2.65
EPA-49,52_41,Station 49,"Davitt Road, Inchicore, Dublin 12",53.336258,-6.309002,1.0,2023-06-18 21:00:00,2.6
EPA-49,52_41,Station 49,"Davitt Road, Inchicore, Dublin 12",53.336258,-6.309002,1.0,2023-06-18 22:00:00,2.77
EPA-49,52_41,Station 49,"Davitt Road, Inchicore, Dublin 12",53.336258,-6.309002,1.0,2023-06-18 23:00:00,1.43
EPA-49,52_41,Station 49,"Davitt Road, Inchicore, Dublin 12",53.336258,-6.309002,1.0,2023-06-19 00:00:00,0.46
EPA-49,52_41,Station 49,"Davitt Road, Inchicore, Dublin 12",53.336258,-6.309002,1.0,2023-06-19 01:00:00,0.14
EPA-49,52_41,Station 49,"Davitt Road, Inchicore, Dublin 12",53.336258,-6.309002,1.0,2023-06-19 02:00:00,0.18
EPA-49,52_41,Station 49,"Davitt Road, Inchicore, Dublin 12",53.336258,-6.309002,1.0,2023-06-19 03:00:00,0.07
EPA-49,52_41,Station 49,"Davitt Road, Inchicore, Dublin 12",53.336258,-6.309002,1.0,2023-06-19 04:00:00,4.0
EPA-49,52_41,Station 49,"Davitt Road, Inchicore, Dublin 12",53.336258,-6.309002,1.0,2023-06-19 05:00:00,21.99
EPA-49,52_41,Station 49,"Davitt Road, Inchicore, Dublin 12",53.336258,-6.309002,1.0,2023-06-19 06:00:00,9.51
EPA-49,52_41,Station 49,"Davitt Road, Inchicore, Dublin 12",53.336258,-6.309002,1.0,2023-06-19 07:00:00,5.72
EPA-49,52_41,Station 49,"Davitt Road, Inchicore, Dublin 12",53.336258,-6.309002,1.0,2023-06-19 08:00:00,5.97
EPA-49,52_41,Station 49,"Davitt Road, Inchicore, Dublin 12",53.336258,-6.309002,1.0,2023-06-19 09:00:00,13.01
EPA-49,52_41,Station 49,"Davitt Road, Inchicore, Dublin 12",53.336258,-6.309002,1.0,2023-06-19 10:00:00,11.72
EPA-49,52_41,Station 49,"Davitt Road, Inchicore, Dublin 12",53.336258,-6.309002,1.0,2023-06-19 11:00:00,8.88
EPA-49,52_41,Station 49,"Davitt Road, Inchicore, Dublin 12",53.336258,-6.309002,1.0,2023-06-19 12:00:00,10.61
EPA-49,52_41,Station 49,"Davitt Road, Inchicore, Dublin 12",53.336258,-6.309002,1.0,2023-06-19 13:00:00,8.98
EPA-49,52_41,Station 49,"Davitt Road, Inchicore, Dublin 12",53.336258,-6.309002,1.0,2023-06-19 14:00:00,5.81
EPA-49,52_41,Station 49,"Davitt Road, Inchicore, Dublin 12",53.336258,-6.309002,1.0,2023-06-19 15:00:00,4.98
EPA-49,52_41,Station 49,"Davitt Road, Inchicore, Dublin 12",53.336258,-6.309002,1.0,2023-06-19 16:00:00,3.17
EPA-49,52_41,Station 49,"Davitt Road, Inchicore, Dublin 12",53.336258,-6.309002,1.0,2023-06-19 17:00:00,3.51
EPA-49,52_41,Station 49,"Davitt Road, Inchicore, Dublin 12",53.336258,-6.309002,1.0,2023-06-19 18:00:00,2.78
EPA-49,52_41,Station 49,"Davitt Road, Inchicore, Dublin 12",53.336258,-6.309002,1.0,2023-06-19 19:00:00,2.33
EPA-49,52_41,Station 49,"Davitt Road, Inchicore, Dublin 12",53.336258,-6.309002,1.0,2023-06-19 20:00:00,1.94
EPA-49,52_41,Station 49,"Davitt Road, Inchicore, Dublin 12",53.336258,-6.309002,1.0,2023-06-19 21:00:00,2.46
EPA-49,52_41,Station 49,"Davitt Road, Inchicore, Dublin 12",53.336258,-6.309002,1.0,2023-06-19 22:00:00,0.88
EPA-49,52_41,Station 49,"Davitt Road, Inchicore, Dublin 12",53.336258,-6.309002,1.0,2023-06-19 23:00:00,2.58
EPA-49,52_41,Station 49,"Davitt Road, Inchicore, Dublin 12",53.336258,-6.309002,1.0,2023-06-20 00:00:00,7.19
EPA-49,52_41,Station 49,"Davitt Road, Inchicore, Dublin 12",53.336258,-6.309002,1.0,2023-06-20 01:00:00,5.87
EPA-49,52_41,Station 49,"Davitt Road, Inchicore, Dublin 12",53.336258,-6.309002,1.0,2023-06-20 02:00:00,0.21
EPA-49,52_41,Station 49,"Davitt Road, Inchicore, Dublin 12",53.336258,-6.309002,1.0,2023-06-20 03:00:00,6.7
EPA-49,52_41,Station 49,"Davitt Road, Inchicore, Dublin 12",53.336258,-6.309002,1.0,2023-06-20 04:00:00,11.98
EPA-49,52_41,Station 49,"Davitt Road, Inchicore, Dublin 12",53.336258,-6.309002,1.0,2023-06-20 05:00:00,30.12
EPA-49,52_41,Station 49,"Davitt Road, Inchicore, Dublin 12",53.336258,-6.309002,1.0,2023-06-20 06:00:00,24.0
EPA-49,52_41,Station 49,"Davitt Road, Inchicore, Dublin 12",53.336258,-6.309002,1.0,2023-06-20 07:00:00,28.14
EPA-49,52_41,Station 49,"Davitt Road, Inchicore, Dublin 12",53.336258,-6.309002,1.0,2023-06-20 08:00:00,25.87
EPA-49,52_41,Station 49,"Davitt Road, Inchicore, Dublin 12",53.336258,-6.309002,1.0,2023-06-20 09:00:00,15.29
EPA-49,52_41,Station 49,"Davitt Road, Inchicore, Dublin 12",53.336258,-6.309002,1.0,2023-06-20 10:00:00,13.28
EPA-49,52_41,Station 49,"Davitt Road, Inchicore, Dublin 12",53.336258,-6.309002,1.0,2023-06-20 11:00:00,18.33
EPA-49,52_41,Station 49,"Davitt Road, Inchicore, Dublin 12",53.336258,-6.309002,1.0,2023-06-20 12:00:00,19.64
EPA-49,52_41,Station 49,"Davitt Road, Inchicore, Dublin 12",53.336258,-6.309002,1.0,2023-06-20 13:00:00,21.54
EPA-49,52_41,Station 49,"Davitt Road, Inchicore, Dublin 12",53.336258,-6.309002,1.0,2023-06-20 14:00:00,11.16
EPA-49,52_41,Station 49,"Davitt Road, Inchicore, Dublin 12",53.336258,-6.309002,1.0,2023-06-20 15:00:00,10.69
EPA-49,52_41,Station 49,"Davitt Road, Inchicore, Dublin 12",53.336258,-6.309002,1.0,2023-06-20 16:00:00,26.56
EPA-49,52_41,Station 49,"Davitt Road, Inchicore, Dublin 12",53.336258,-6.309002,1.0,2023-06-20 17:00:00,18.59
EPA-49,52_41,Station 49,"Davitt Road, Inchicore, Dublin 12",53.336258,-6.309002,1.0,2023-06-20 18:00:00,20.99
EPA-49,52_41,Station 49,"Davitt Road, Inchicore, Dublin 12",53.336258,-6.309002,1.0,2023-06-20 19:00:00,12.25
EPA-49,52_41,Station 49,"Davitt Road, Inchicore, Dublin 12",53.336258,-6.309002,1.0,2023-06-20 20:00:00,10.0
EPA-49,52_41,Station 49,"Davitt Road, Inchicore, Dublin 12",53.336258,-6.309002,1.0,2023-06-20 21:00:00,5.5
EPA-49,52_41,Station 49,"Davitt Road, Inchicore, Dublin 12",53.336258,-6.309002,1.0,2023-06-20 22:00:00,5.45
EPA-49,52_41,Station 49,"Davitt Road, Inchicore, Dublin 12",53.336258,-6.309002,1.0,2023-06-20 23:00:00,2.31
EPA-49,52_41,Station 49,"Davitt Road, Inchicore, Dublin 12",53.336258,-6.309002,1.0,2023-06-21 00:00:00,2.35
EPA-49,52_41,Station 49,"Davitt Road, Inchicore, Dublin 12",53.336258,-6.309002,1.0,2023-06-21 01:00:00,2.51
EPA-49,52_41,Station 49,"Davitt Road, Inchicore, Dublin 12",53.336258,-6.309002,1.0,2023-06-21 02:00:00,1.33
EPA-49,52_41,Station 49,"Davitt Road, Inchicore, Dublin 12",53.336258,-6.309002,1.0,2023-06-21 03:00:00,2.02
EPA-49,52_41,Station 49,"Davitt Road, Inchicore, Dublin 12",53.336258,-6.309002,1.0,2023-06-21 04:00:00,4.83
EPA-49,52_41,Station 49,"Davitt Road, Inchicore, Dublin 12",53.336258,-6.309002,1.0,2023-06-21 05:00:00,23.93
EPA-49,52_41,Station 49,"Davitt Road, Inchicore, Dublin 12",53.336258,-6.309002,1.0,2023-06-21 06:00:00,19.16
EPA-49,52_41,Station 49,"Davitt Road, Inchicore, Dublin 12",53.336258,-6.309002,1.0,2023-06-21 07:00:00,17.32
EPA-49,52_41,Station 49,"Davitt Road, Inchicore, Dublin 12",53.336258,-6.309002,1.0,2023-06-21 08:00:00,21.66
EPA-49,52_41,Station 49,"Davitt Road, Inchicore, Dublin 12",53.336258,-6.309002,1.0,2023-06-21 09:00:00,14.09
EPA-49,52_41,Station 49,"Davitt Road, Inchicore, Dublin 12",53.336258,-6.309002,1.0,2023-06-21 10:00:00,14.12
EPA-49,52_41,Station 49,"Davitt Road, Inchicore, Dublin 12",53.336258,-6.309002,1.0,2023-06-21 11:00:00,14.31
EPA-49,52_41,Station 49,"Davitt Road, Inchicore, Dublin 12",53.336258,-6.309002,1.0,2023-06-21 12:00:00,26.16
EPA-49,52_41,Station 49,"Davitt Road, Inchicore, Dublin 12",53.336258,-6.309002,1.0,2023-06-21 13:00:00,15.94
EPA-49,52_41,Station 49,"Davitt Road, Inchicore, Dublin 12",53.336258,-6.309002,1.0,2023-06-21 14:00:00,8.08
EPA-49,52_41,Station 49,"Davitt Road, Inchicore, Dublin 12",53.336258,-6.309002,1.0,2023-06-21 15:00:00,9.35
EPA-49,52_41,Station 49,"Davitt Road, Inchicore, Dublin 12",53.336258,-6.309002,1.0,2023-06-21 16:00:00,10.03
EPA-49,52_41,Station 49,"Davitt Road, Inchicore, Dublin 12",53.336258,-6.309002,1.0,2023-06-21 17:00:00,10.83
EPA-49,52_41,Station 49,"Davitt Road, Inchicore, Dublin 12",53.336258,-6.309002,1.0,2023-06-21 18:00:00,8.6
EPA-49,52_41,Station 49,"Davitt Road, Inchicore, Dublin 12",53.336258,-6.309002,1.0,2023-06-21 19:00:00,8.56
EPA-49,52_41,Station 49,"Davitt Road, Inchicore, Dublin 12",53.336258,-6.309002,1.0,2023-06-21 20:00:00,18.23
EPA-49,52_41,Station 49,"Davitt Road, Inchicore, Dublin 12",53.336258,-6.309002,1.0,2023-06-21 21:00:00,24.12
EPA-49,52_41,Station 49,"Davitt Road, Inchicore, Dublin 12",53.336258,-6.309002,1.0,2023-06-21 22:00:00,28.77
EPA-49,52_41,Station 49,"Davitt Road, Inchicore, Dublin 12",53.336258,-6.309002,1.0,2023-06-22 01:00:00,14.41
EPA-49,52_41,Station 49,"Davitt Road, Inchicore, Dublin 12",53.336258,-6.309002,1.0,2023-06-22 02:00:00,10.44
EPA-49,52_41,Station 49,"Davitt Road, Inchicore, Dublin 12",53.336258,-6.309002,1.0,2023-06-22 03:00:00,15.84
EPA-49,52_41,Station 49,"Davitt Road, Inchicore, Dublin 12",53.336258,-6.309002,1.0,2023-06-22 04:00:00,22.32
EPA-49,52_41,Station 49,"Davitt Road, Inchicore, Dublin 12",53.336258,-6.309002,1.0,2023-06-22 05:00:00,34.07
EPA-49,52_41,Station 49,"Davitt Road, Inchicore, Dublin 12",53.336258,-6.309002,1.0,2023-06-22 06:00:00,38.07
EPA-49,52_41,Station 49,"Davitt Road, Inchicore, Dublin 12",53.336258,-6.309002,1.0,2023-06-22 07:00:00,35.02
EPA-49,52_41,Station 49,"Davitt Road, Inchicore, Dublin 12",53.336258,-6.309002,1.0,2023-06-22 08:00:00,37.79
EPA-49,52_41,Station 49,"Davitt Road, Inchicore, Dublin 12",53.336258,-6.309002,1.0,2023-06-22 09:00:00,21.25
EPA-49,52_41,Station 49,"Davitt Road, Inchicore, Dublin 12",53.336258,-6.309002,1.0,2023-06-22 10:00:00,15.51
EPA-49,52_41,Station 49,"Davitt Road, Inchicore, Dublin 12",53.336258,-6.309002,1.0,2023-06-22 11:00:00,13.82
EPA-49,52_41,Station 49,"Davitt Road, Inchicore, Dublin 12",53.336258,-6.309002,1.0,2023-06-22 12:00:00,17.03
EPA-49,52_41,Station 49,"Davitt Road, Inchicore, Dublin 12",53.336258,-6.309002,1.0,2023-06-22 13:00:00,17.69
EPA-49,52_41,Station 49,"Davitt Road, Inchicore, Dublin 12",53.336258,-6.309002,1.0,2023-06-22 14:00:00,18.15
EPA-49,52_41,Station 49,"Davitt Road, Inchicore, Dublin 12",53.336258,-6.309002,1.0,2023-06-22 15:00:00,20.73
EPA-49,52_41,Station 49,"Davitt Road, Inchicore, Dublin 12",53.336258,-6.309002,1.0,2023-06-22 16:00:00,24.67
EPA-49,52_41,Station 49,"Davitt Road, Inchicore, Dublin 12",53.336258,-6.309002,1.0,2023-06-22 17:00:00,23.8
EPA-49,52_41,Station 49,"Davitt Road, Inchicore, Dublin 12",53.336258,-6.309002,1.0,2023-06-22 18:00:00,16.01
EPA-49,52_41,Station 49,"Davitt Road, Inchicore, Dublin 12",53.336258,-6.309002,1.0,2023-06-22 19:00:00,17.49
EPA-49,52_41,Station 49,"Davitt Road, Inchicore, Dublin 12",53.336258,-6.309002,1.0,2023-06-22 20:00:00,47.03
EPA-49,52_41,Station 49,"Davitt Road, Inchicore, Dublin 12",53.336258,-6.309002,1.0,2023-06-22 21:00:00,61.61
EPA-49,52_41,Station 49,"Davitt Road, Inchicore, Dublin 12",53.336258,-6.309002,1.0,2023-06-22 22:00:00,28.59
EPA-49,52_41,Station 49,"Davitt Road, Inchicore, Dublin 12",53.336258,-6.309002,1.0,2023-06-22 23:00:00,2.33
EPA-49,52_41,Station 49,"Davitt Road, Inchicore, Dublin 12",53.336258,-6.309002,1.0,2023-06-23 00:00:00,0.55
EPA-49,52_41,Station 49,"Davitt Road, Inchicore, Dublin 12",53.336258,-6.309002,1.0,2023-06-23 01:00:00,0.16
EPA-49,52_41,Station 49,"Davitt Road, Inchicore, Dublin 12",53.336258,-6.309002,1.0,2023-06-23 02:00:00,-0.28
EPA-49,52_41,Station 49,"Davitt Road, Inchicore, Dublin 12",53.336258,-6.309002,1.0,2023-06-23 03:00:00,0.14
EPA-49,52_41,Station 49,"Davitt Road, Inchicore, Dublin 12",53.336258,-6.309002,1.0,2023-06-23 04:00:00,7.45
EPA-49,52_41,Station 49,"Davitt Road, Inchicore, Dublin 12",53.336258,-6.309002,1.0,2023-06-23 05:00:00,14.81
EPA-49,52_41,Station 49,"Davitt Road, Inchicore, Dublin 12",53.336258,-6.309002,1.0,2023-06-23 06:00:00,9.17
EPA-49,52_41,Station 49,"Davitt Road, Inchicore, Dublin 12",53.336258,-6.309002,1.0,2023-06-23 07:00:00,10.27
EPA-49,52_41,Station 49,"Davitt Road, Inchicore, Dublin 12",53.336258,-6.309002,1.0,2023-06-23 08:00:00,15.51
EPA-49,52_41,Station 49,"Davitt Road, Inchicore, Dublin 12",53.336258,-6.309002,1.0,2023-06-23 09:00:00,14.34
EPA-49,52_41,Station 49,"Davitt Road, Inchicore, Dublin 12",53.336258,-6.309002,1.0,2023-06-23 10:00:00,15.55
EPA-49,52_41,Station 49,"Davitt Road, Inchicore, Dublin 12",53.336258,-6.309002,1.0,2023-06-23 11:00:00,17.66
EPA-49,52_41,Station 49,"Davitt Road, Inchicore, Dublin 12",53.336258,-6.309002,1.0,2023-06-23 12:00:00,16.83
EPA-49,52_41,Station 49,"Davitt Road, Inchicore, Dublin 12",53.336258,-6.309002,1.0,2023-06-23 13:00:00,14.38
EPA-49,52_41,Station 49,"Davitt Road, Inchicore, Dublin 12",53.336258,-6.309002,1.0,2023-06-23 14:00:00,11.81
EPA-49,52_41,Station 49,"Davitt Road, Inchicore, Dublin 12",53.336258,-6.309002,1.0,2023-06-23 15:00:00,7.35
EPA-49,52_41,Station 49,"Davitt Road, Inchicore, Dublin 12",53.336258,-6.309002,1.0,2023-06-23 16:00:00,6.12
EPA-49,52_41,Station 49,"Davitt Road, Inchicore, Dublin 12",53.336258,-6.309002,1.0,2023-06-23 17:00:00,5.17
EPA-49,52_41,Station 49,"Davitt Road, Inchicore, Dublin 12",53.336258,-6.309002,1.0,2023-06-23 18:00:00,4.74
EPA-49,52_41,Station 49,"Davitt Road, Inchicore, Dublin 12",53.336258,-6.309002,1.0,2023-06-23 19:00:00,4.16
EPA-49,52_41,Station 49,"Davitt Road, Inchicore, Dublin 12",53.336258,-6.309002,1.0,2023-06-23 20:00:00,1.61
EPA-49,52_41,Station 49,"Davitt Road, Inchicore, Dublin 12",53.336258,-6.309002,1.0,2023-06-23 21:00:00,1.13
EPA-49,52_41,Station 49,"Davitt Road, Inchicore, Dublin 12",53.336258,-6.309002,1.0,2023-06-23 22:00:00,0.66
EPA-49,52_41,Station 49,"Davitt Road, Inchicore, Dublin 12",53.336258,-6.309002,1.0,2023-06-23 23:00:00,0.51
EPA-49,52_41,Station 49,"Davitt Road, Inchicore, Dublin 12",53.336258,-6.309002,1.0,2023-06-24 00:00:00,0.06
EPA-49,52_41,Station 49,"Davitt Road, Inchicore, Dublin 12",53.336258,-6.309002,1.0,2023-06-24 01:00:00,0.17
EPA-49,52_41,Station 49,"Davitt Road, Inchicore, Dublin 12",53.336258,-6.309002,1.0,2023-06-24 02:00:00,-0.06
EPA-49,52_41,Station 49,"Davitt Road, Inchicore, Dublin 12",53.336258,-6.309002,1.0,2023-06-24 03:00:00,-0.14
EPA-49,52_41,Station 49,"Davitt Road, Inchicore, Dublin 12",53.336258,-6.309002,1.0,2023-06-24 04:00:00,0.73
EPA-49,52_41,Station 49,"Davitt Road, Inchicore, Dublin 12",53.336258,-6.309002,1.0,2023-06-24 05:00:00,3.38
EPA-49,52_41,Station 49,"Davitt Road, Inchicore, Dublin 12",53.336258,-6.309002,1.0,2023-06-24 06:00:00,0.91
EPA-49,52_41,Station 49,"Davitt Road, Inchicore, Dublin 12",53.336258,-6.309002,1.0,2023-06-24 07:00:00,1.5
EPA-49,52_41,Station 49,"Davitt Road, Inchicore, Dublin 12",53.336258,-6.309002,1.0,2023-06-24 08:00:00,5.18
EPA-49,52_41,Station 49,"Davitt Road, Inchicore, Dublin 12",53.336258,-6.309002,1.0,2023-06-24 09:00:00,4.16
EPA-49,52_41,Station 49,"Davitt Road, Inchicore, Dublin 12",53.336258,-6.309002,1.0,2023-06-24 10:00:00,3.75
EPA-49,52_41,Station 49,"Davitt Road, Inchicore, Dublin 12",53.336258,-6.309002,1.0,2023-06-24 11:00:00,2.78
EPA-49,52_41,Station 49,"Davitt Road, Inchicore, Dublin 12",53.336258,-6.309002,1.0,2023-06-24 12:00:00,4.67
EPA-49,52_41,Station 49,"Davitt Road, Inchicore, Dublin 12",53.336258,-6.309002,1.0,2023-06-24 13:00:00,4.74
EPA-49,52_41,Station 49,"Davitt Road, Inchicore, Dublin 12",53.336258,-6.309002,1.0,2023-06-24 14:00:00,3.39
EPA-49,52_41,Station 49,"Davitt Road, Inchicore, Dublin 12",53.336258,-6.309002,1.0,2023-06-24 15:00:00,2.28
EPA-49,52_41,Station 49,"Davitt Road, Inchicore, Dublin 12",53.336258,-6.309002,1.0,2023-06-24 16:00:00,1.78
EPA-49,52_41,Station 49,"Davitt Road, Inchicore, Dublin 12",53.336258,-6.309002,1.0,2023-06-24 17:00:00,1.74
EPA-49,52_41,Station 49,"Davitt Road, Inchicore, Dublin 12",53.336258,-6.309002,1.0,2023-06-24 18:00:00,1.6
EPA-49,52_41,Station 49,"Davitt Road, Inchicore, Dublin 12",53.336258,-6.309002,1.0,2023-06-24 19:00:00,0.91
EPA-49,52_41,Station 49,"Davitt Road, Inchicore, Dublin 12",53.336258,-6.309002,1.0,2023-06-24 20:00:00,1.01
EPA-49,52_41,Station 49,"Davitt Road, Inchicore, Dublin 12",53.336258,-6.309002,1.0,2023-06-24 21:00:00,0.6
EPA-49,52_41,Station 49,"Davitt Road, Inchicore, Dublin 12",53.336258,-6.309002,1.0,2023-06-24 22:00:00,0.57
EPA-49,52_41,Station 49,"Davitt Road, Inchicore, Dublin 12",53.336258,-6.309002,1.0,2023-06-24 23:00:00,1.41
EPA-49,52_41,Station 49,"Davitt Road, Inchicore, Dublin 12",53.336258,-6.309002,1.0,2023-06-25 00:00:00,0.79
EPA-49,52_41,Station 49,"Davitt Road, Inchicore, Dublin 12",53.336258,-6.309002,1.0,2023-06-25 01:00:00,0.92
EPA-49,52_41,Station 49,"Davitt Road, Inchicore, Dublin 12",53.336258,-6.309002,1.0,2023-06-25 02:00:00,2.22
EPA-49,52_41,Station 49,"Davitt Road, Inchicore, Dublin 12",53.336258,-6.309002,1.0,2023-06-25 03:00:00,0.85
EPA-49,52_41,Station 49,"Davitt Road, Inchicore, Dublin 12",53.336258,-6.309002,1.0,2023-06-25 04:00:00,1.79
EPA-49,52_41,Station 49,"Davitt Road, Inchicore, Dublin 12",53.336258,-6.309002,1.0,2023-06-25 05:00:00,5.31
EPA-49,52_41,Station 49,"Davitt Road, Inchicore, Dublin 12",53.336258,-6.309002,1.0,2023-06-25 06:00:00,2.2
EPA-49,52_41,Station 49,"Davitt Road, Inchicore, Dublin 12",53.336258,-6.309002,1.0,2023-06-25 07:00:00,1.19
EPA-49,52_41,Station 49,"Davitt Road, Inchicore, Dublin 12",53.336258,-6.309002,1.0,2023-06-25 08:00:00,3.85
EPA-49,52_41,Station 49,"Davitt Road, Inchicore, Dublin 12",53.336258,-6.309002,1.0,2023-06-25 09:00:00,9.84
EPA-49,52_41,Station 49,"Davitt Road, Inchicore, Dublin 12",53.336258,-6.309002,1.0,2023-06-25 10:00:00,5.11
EPA-49,52_41,Station 49,"Davitt Road, Inchicore, Dublin 12",53.336258,-6.309002,1.0,2023-06-25 11:00:00,7.02
EPA-49,52_41,Station 49,"Davitt Road, Inchicore, Dublin 12",53.336258,-6.309002,1.0,2023-06-25 12:00:00,8.15
EPA-49,52_41,Station 49,"Davitt Road, Inchicore, Dublin 12",53.336258,-6.309002,1.0,2023-06-25 13:00:00,6.11
EPA-49,52_41,Station 49,"Davitt Road, Inchicore, Dublin 12",53.336258,-6.309002,1.0,2023-06-25 14:00:00,5.94
EPA-49,52_41,Station 49,"Davitt Road, Inchicore, Dublin 12",53.336258,-6.309002,1.0,2023-06-25 15:00:00,8.75
EPA-49,52_41,Station 49,"Davitt Road, Inchicore, Dublin 12",53.336258,-6.309002,1.0,2023-06-25 16:00:00,7.29
EPA-49,52_41,Station 49,"Davitt Road, Inchicore, Dublin 12",53.336258,-6.309002,1.0,2023-06-25 17:00:00,6.81
EPA-49,52_41,Station 49,"Davitt Road, Inchicore, Dublin 12",53.336258,-6.309002,1.0,2023-06-25 18:00:00,5.49
EPA-49,52_41,Station 49,"Davitt Road, Inchicore, Dublin 12",53.336258,-6.309002,1.0,2023-06-25 19:00:00,6.81
EPA-49,52_41,Station 49,"Davitt Road, Inchicore, Dublin 12",53.336258,-6.309002,1.0,2023-06-25 20:00:00,5.61
EPA-49,52_41,Station 49,"Davitt Road, Inchicore, Dublin 12",53.336258,-6.309002,1.0,2023-06-25 21:00:00,6.2
EPA-49,52_41,Station 49,"Davitt Road, Inchicore, Dublin 12",53.336258,-6.309002,1.0,2023-06-25 22:00:00,8.12
EPA-49,52_41,Station 49,"Davitt Road, Inchicore, Dublin 12",53.336258,-6.309002,1.0,2023-06-25 23:00:00,5.95
EPA-49,52_41,Station 49,"Davitt Road, Inchicore, Dublin 12",53.336258,-6.309002,1.0,2023-06-26 00:00:00,2.59
EPA-49,52_41,Station 49,"Davitt Road, Inchicore, Dublin 12",53.336258,-6.309002,1.0,2023-06-26 01:00:00,0.49
EPA-49,52_41,Station 49,"Davitt Road, Inchicore, Dublin 12",53.336258,-6.309002,1.0,2023-06-26 02:00:00,0.2
EPA-49,52_41,Station 49,"Davitt Road, Inchicore, Dublin 12",53.336258,-6.309002,1.0,2023-06-26 03:00:00,-0.23
EPA-49,52_41,Station 49,"Davitt Road, Inchicore, Dublin 12",53.336258,-6.309002,1.0,2023-06-26 04:00:00,2.29
EPA-49,52_41,Station 49,"Davitt Road, Inchicore, Dublin 12",53.336258,-6.309002,1.0,2023-06-26 05:00:00,18.67
EPA-49,52_41,Station 49,"Davitt Road, Inchicore, Dublin 12",53.336258,-6.309002,1.0,2023-06-26 06:00:00,12.86
EPA-49,52_41,Station 49,"Davitt Road, Inchicore, Dublin 12",53.336258,-6.309002,1.0,2023-06-26 07:00:00,13.79
EPA-49,52_41,Station 49,"Davitt Road, Inchicore, Dublin 12",53.336258,-6.309002,1.0,2023-06-26 08:00:00,10.05
EPA-49,52_41,Station 49,"Davitt Road, Inchicore, Dublin 12",53.336258,-6.309002,1.0,2023-06-26 09:00:00,10.53
EPA-49,52_41,Station 49,"Davitt Road, Inchicore, Dublin 12",53.336258,-6.309002,1.0,2023-06-26 10:00:00,7.91
EPA-49,52_41,Station 49,"Davitt Road, Inchicore, Dublin 12",53.336258,-6.309002,1.0,2023-06-26 11:00:00,9.16
EPA-49,52_41,Station 49,"Davitt Road, Inchicore, Dublin 12",53.336258,-6.309002,1.0,2023-06-26 12:00:00,13.22
EPA-49,52_41,Station 49,"Davitt Road, Inchicore, Dublin 12",53.336258,-6.309002,1.0,2023-06-26 13:00:00,6.13
EPA-49,52_41,Station 49,"Davitt Road, Inchicore, Dublin 12",53.336258,-6.309002,1.0,2023-06-26 14:00:00,8.77
EPA-49,52_41,Station 49,"Davitt Road, Inchicore, Dublin 12",53.336258,-6.309002,1.0,2023-06-26 15:00:00,7.2
EPA-49,52_41,Station 49,"Davitt Road, Inchicore, Dublin 12",53.336258,-6.309002,1.0,2023-06-26 16:00:00,7.06
EPA-49,52_41,Station 49,"Davitt Road, Inchicore, Dublin 12",53.336258,-6.309002,1.0,2023-06-26 17:00:00,6.11
EPA-49,52_41,Station 49,"Davitt Road, Inchicore, Dublin 12",53.336258,-6.309002,1.0,2023-06-26 18:00:00,5.06
EPA-49,52_41,Station 49,"Davitt Road, Inchicore, Dublin 12",53.336258,-6.309002,1.0,2023-06-26 19:00:00,5.86
EPA-49,52_41,Station 49,"Davitt Road, Inchicore, Dublin 12",53.336258,-6.309002,1.0,2023-06-26 20:00:00,5.25
EPA-49,52_41,Station 49,"Davitt Road, Inchicore, Dublin 12",53.336258,-6.309002,1.0,2023-06-26 21:00:00,4.17
EPA-49,52_41,Station 49,"Davitt Road, Inchicore, Dublin 12",53.336258,-6.309002,1.0,2023-06-26 22:00:00,3.17
EPA-49,52_41,Station 49,"Davitt Road, Inchicore, Dublin 12",53.336258,-6.309002,1.0,2023-06-26 23:00:00,2.22
EPA-49,52_41,Station 49,"Davitt Road, Inchicore, Dublin 12",53.336258,-6.309002,1.0,2023-06-27 00:00:00,0.84
EPA-49,52_41,Station 49,"Davitt Road, Inchicore, Dublin 12",53.336258,-6.309002,1.0,2023-06-27 01:00:00,0.5
EPA-49,52_41,Station 49,"Davitt Road, Inchicore, Dublin 12",53.336258,-6.309002,1.0,2023-06-27 02:00:00,-0.15
EPA-49,52_41,Station 49,"Davitt Road, Inchicore, Dublin 12",53.336258,-6.309002,1.0,2023-06-27 03:00:00,-0.31
EPA-49,52_41,Station 49,"Davitt Road, Inchicore, Dublin 12",53.336258,-6.309002,1.0,2023-06-27 04:00:00,2.21
EPA-49,52_41,Station 49,"Davitt Road, Inchicore, Dublin 12",53.336258,-6.309002,1.0,2023-06-27 05:00:00,14.05
EPA-49,52_41,Station 49,"Davitt Road, Inchicore, Dublin 12",53.336258,-6.309002,1.0,2023-06-27 06:00:00,6.21
EPA-49,52_41,Station 49,"Davitt Road, Inchicore, Dublin 12",53.336258,-6.309002,1.0,2023-06-27 07:00:00,7.27
EPA-49,52_41,Station 49,"Davitt Road, Inchicore, Dublin 12",53.336258,-6.309002,1.0,2023-06-27 08:00:00,8.56
EPA-49,52_41,Station 49,"Davitt Road, Inchicore, Dublin 12",53.336258,-6.309002,1.0,2023-06-27 09:00:00,8.0
EPA-49,52_41,Station 49,"Davitt Road, Inchicore, Dublin 12",53.336258,-6.309002,1.0,2023-06-27 10:00:00,6.56
EPA-49,52_41,Station 49,"Davitt Road, Inchicore, Dublin 12",53.336258,-6.309002,1.0,2023-06-27 11:00:00,6.94
EPA-49,52_41,Station 49,"Davitt Road, Inchicore, Dublin 12",53.336258,-6.309002,1.0,2023-06-27 12:00:00,13.79
EPA-49,52_41,Station 49,"Davitt Road, Inchicore, Dublin 12",53.336258,-6.309002,1.0,2023-06-27 13:00:00,15.06
EPA-49,52_41,Station 49,"Davitt Road, Inchicore, Dublin 12",53.336258,-6.309002,1.0,2023-06-27 14:00:00,8.87
EPA-49,52_41,Station 49,"Davitt Road, Inchicore, Dublin 12",53.336258,-6.309002,1.0,2023-06-27 15:00:00,8.17
EPA-49,52_41,Station 49,"Davitt Road, Inchicore, Dublin 12",53.336258,-6.309002,1.0,2023-06-27 16:00:00,7.32
EPA-49,52_41,Station 49,"Davitt Road, Inchicore, Dublin 12",53.336258,-6.309002,1.0,2023-06-27 17:00:00,8.6
EPA-49,52_41,Station 49,"Davitt Road, Inchicore, Dublin 12",53.336258,-6.309002,1.0,2023-06-27 18:00:00,6.26
EPA-49,52_41,Station 49,"Davitt Road, Inchicore, Dublin 12",53.336258,-6.309002,1.0,2023-06-27 19:00:00,4.65
EPA-49,52_41,Station 49,"Davitt Road, Inchicore, Dublin 12",53.336258,-6.309002,1.0,2023-06-27 20:00:00,5.68
EPA-49,52_41,Station 49,"Davitt Road, Inchicore, Dublin 12",53.336258,-6.309002,1.0,2023-06-27 21:00:00,3.75
EPA-49,52_41,Station 49,"Davitt Road, Inchicore, Dublin 12",53.336258,-6.309002,1.0,2023-06-27 22:00:00,4.68
EPA-49,52_41,Station 49,"Davitt Road, Inchicore, Dublin 12",53.336258,-6.309002,1.0,2023-06-27 23:00:00,3.57
EPA-49,52_41,Station 49,"Davitt Road, Inchicore, Dublin 12",53.336258,-6.309002,1.0,2023-06-28 00:00:00,3.56
EPA-49,52_41,Station 49,"Davitt Road, Inchicore, Dublin 12",53.336258,-6.309002,1.0,2023-06-28 01:00:00,2.17
EPA-49,52_41,Station 49,"Davitt Road, Inchicore, Dublin 12",53.336258,-6.309002,1.0,2023-06-28 02:00:00,0.69
EPA-49,52_41,Station 49,"Davitt Road, Inchicore, Dublin 12",53.336258,-6.309002,1.0,2023-06-28 03:00:00,1.06
EPA-49,52_41,Station 49,"Davitt Road, Inchicore, Dublin 12",53.336258,-6.309002,1.0,2023-06-28 04:00:00,5.86
EPA-49,52_41,Station 49,"Davitt Road, Inchicore, Dublin 12",53.336258,-6.309002,1.0,2023-06-28 05:00:00,21.46
EPA-49,52_41,Station 49,"Davitt Road, Inchicore, Dublin 12",53.336258,-6.309002,1.0,2023-06-28 06:00:00,12.41
EPA-49,52_41,Station 49,"Davitt Road, Inchicore, Dublin 12",53.336258,-6.309002,1.0,2023-06-28 07:00:00,10.73
EPA-49,52_41,Station 49,"Davitt Road, Inchicore, Dublin 12",53.336258,-6.309002,1.0,2023-06-28 08:00:00,7.54
EPA-49,52_41,Station 49,"Davitt Road, Inchicore, Dublin 12",53.336258,-6.309002,1.0,2023-06-28 09:00:00,12.84
EPA-49,52_41,Station 49,"Davitt Road, Inchicore, Dublin 12",53.336258,-6.309002,1.0,2023-06-28 10:00:00,25.36
EPA-49,52_41,Station 49,"Davitt Road, Inchicore, Dublin 12",53.336258,-6.309002,1.0,2023-06-28 11:00:00,21.61
EPA-49,52_41,Station 49,"Davitt Road, Inchicore, Dublin 12",53.336258,-6.309002,1.0,2023-06-28 12:00:00,23.66
EPA-49,52_41,Station 49,"Davitt Road, Inchicore, Dublin 12",53.336258,-6.309002,1.0,2023-06-28 13:00:00,16.44
EPA-49,52_41,Station 49,"Davitt Road, Inchicore, Dublin 12",53.336258,-6.309002,1.0,2023-06-28 14:00:00,13.33
EPA-49,52_41,Station 49,"Davitt Road, Inchicore, Dublin 12",53.336258,-6.309002,1.0,2023-06-28 15:00:00,8.35
EPA-49,52_41,Station 49,"Davitt Road, Inchicore, Dublin 12",53.336258,-6.309002,1.0,2023-06-28 16:00:00,9.39
EPA-49,52_41,Station 49,"Davitt Road, Inchicore, Dublin 12",53.336258,-6.309002,1.0,2023-06-28 17:00:00,10.88
EPA-49,52_41,Station 49,"Davitt Road, Inchicore, Dublin 12",53.336258,-6.309002,1.0,2023-06-28 18:00:00,9.86
EPA-49,52_41,Station 49,"Davitt Road, Inchicore, Dublin 12",53.336258,-6.309002,1.0,2023-06-28 19:00:00,8.16
EPA-49,52_41,Station 49,"Davitt Road, Inchicore, Dublin 12",53.336258,-6.309002,1.0,2023-06-28 20:00:00,9.36
EPA-49,52_41,Station 49,"Davitt Road, Inchicore, Dublin 12",53.336258,-6.309002,1.0,2023-06-28 21:00:00,6.38
EPA-49,52_41,Station 49,"Davitt Road, Inchicore, Dublin 12",53.336258,-6.309002,1.0,2023-06-28 22:00:00,5.88
EPA-49,52_41,Station 49,"Davitt Road, Inchicore, Dublin 12",53.336258,-6.309002,1.0,2023-06-29 01:00:00,2.76
EPA-49,52_41,Station 49,"Davitt Road, Inchicore, Dublin 12",53.336258,-6.309002,1.0,2023-06-29 02:00:00,1.76
EPA-49,52_41,Station 49,"Davitt Road, Inchicore, Dublin 12",53.336258,-6.309002,1.0,2023-06-29 03:00:00,5.32
EPA-49,52_41,Station 49,"Davitt Road, Inchicore, Dublin 12",53.336258,-6.309002,1.0,2023-06-29 04:00:00,11.33
EPA-49,52_41,Station 49,"Davitt Road, Inchicore, Dublin 12",53.336258,-6.309002,1.0,2023-06-29 05:00:00,27.04
EPA-49,52_41,Station 49,"Davitt Road, Inchicore, Dublin 12",53.336258,-6.309002,1.0,2023-06-29 06:00:00,19.88
EPA-49,52_41,Station 49,"Davitt Road, Inchicore, Dublin 12",53.336258,-6.309002,1.0,2023-06-29 07:00:00,17.64
EPA-49,52_41,Station 49,"Davitt Road, Inchicore, Dublin 12",53.336258,-6.309002,1.0,2023-06-29 08:00:00,14.59
EPA-49,52_41,Station 49,"Davitt Road, Inchicore, Dublin 12",53.336258,-6.309002,1.0,2023-06-29 09:00:00,11.69
EPA-49,52_41,Station 49,"Davitt Road, Inchicore, Dublin 12",53.336258,-6.309002,1.0,2023-06-29 10:00:00,16.04
EPA-49,52_41,Station 49,"Davitt Road, Inchicore, Dublin 12",53.336258,-6.309002,1.0,2023-06-29 11:00:00,12.64
EPA-49,52_41,Station 49,"Davitt Road, Inchicore, Dublin 12",53.336258,-6.309002,1.0,2023-06-29 12:00:00,15.73
EPA-49,52_41,Station 49,"Davitt Road, Inchicore, Dublin 12",53.336258,-6.309002,1.0,2023-06-29 13:00:00,10.41
EPA-49,52_41,Station 49,"Davitt Road, Inchicore, Dublin 12",53.336258,-6.309002,1.0,2023-06-29 14:00:00,18.01
EPA-49,52_41,Station 49,"Davitt Road, Inchicore, Dublin 12",53.336258,-6.309002,1.0,2023-06-29 15:00:00,11.9
EPA-49,52_41,Station 49,"Davitt Road, Inchicore, Dublin 12",53.336258,-6.309002,1.0,2023-06-29 16:00:00,8.3
EPA-49,52_41,Station 49,"Davitt Road, Inchicore, Dublin 12",53.336258,-6.309002,1.0,2023-06-29 17:00:00,9.23
EPA-49,52_41,Station 49,"Davitt Road, Inchicore, Dublin 12",53.336258,-6.309002,1.0,2023-06-29 18:00:00,5.22
EPA-49,52_41,Station 49,"Davitt Road, Inchicore, Dublin 12",53.336258,-6.309002,1.0,2023-06-29 19:00:00,5.1
EPA-49,52_41,Station 49,"Davitt Road, Inchicore, Dublin 12",53.336258,-6.309002,1.0,2023-06-29 20:00:00,4.77
EPA-49,52_41,Station 49,"Davitt Road, Inchicore, Dublin 12",53.336258,-6.309002,1.0,2023-06-29 21:00:00,3.52
EPA-49,52_41,Station 49,"Davitt Road, Inchicore, Dublin 12",53.336258,-6.309002,1.0,2023-06-29 22:00:00,2.55
EPA-49,52_41,Station 49,"Davitt Road, Inchicore, Dublin 12",53.336258,-6.309002,1.0,2023-06-29 23:00:00,2.46
EPA-49,52_41,Station 49,"Davitt Road, Inchicore, Dublin 12",53.336258,-6.309002,1.0,2023-06-30 00:00:00,0.91
EPA-49,52_41,Station 49,"Davitt Road, Inchicore, Dublin 12",53.336258,-6.309002,1.0,2023-06-30 01:00:00,0.63
EPA-49,52_41,Station 49,"Davitt Road, Inchicore, Dublin 12",53.336258,-6.309002,1.0,2023-06-30 02:00:00,0.06
EPA-49,52_41,Station 49,"Davitt Road, Inchicore, Dublin 12",53.336258,-6.309002,1.0,2023-06-30 03:00:00,0.54
EPA-49,52_41,Station 49,"Davitt Road, Inchicore, Dublin 12",53.336258,-6.309002,1.0,2023-06-30 04:00:00,2.5
EPA-49,52_41,Station 49,"Davitt Road, Inchicore, Dublin 12",53.336258,-6.309002,1.0,2023-06-30 05:00:00,14.45
EPA-49,52_41,Station 49,"Davitt Road, Inchicore, Dublin 12",53.336258,-6.309002,1.0,2023-06-30 06:00:00,6.99
EPA-49,52_41,Station 49,"Davitt Road, Inchicore, Dublin 12",53.336258,-6.309002,1.0,2023-06-30 07:00:00,12.48
EPA-49,52_41,Station 49,"Davitt Road, Inchicore, Dublin 12",53.336258,-6.309002,1.0,2023-06-30 08:00:00,14.03
EPA-49,52_41,Station 49,"Davitt Road, Inchicore, Dublin 12",53.336258,-6.309002,1.0,2023-06-30 09:00:00,14.85
EPA-49,52_41,Station 49,"Davitt Road, Inchicore, Dublin 12",53.336258,-6.309002,1.0,2023-06-30 10:00:00,10.28
EPA-49,52_41,Station 49,"Davitt Road, Inchicore, Dublin 12",53.336258,-6.309002,1.0,2023-06-30 11:00:00,11.87
EPA-49,52_41,Station 49,"Davitt Road, Inchicore, Dublin 12",53.336258,-6.309002,1.0,2023-06-30 12:00:00,14.06
EPA-49,52_41,Station 49,"Davitt Road, Inchicore, Dublin 12",53.336258,-6.309002,1.0,2023-06-30 13:00:00,9.52
EPA-49,52_41,Station 49,"Davitt Road, Inchicore, Dublin 12",53.336258,-6.309002,1.0,2023-06-30 14:00:00,8.07
EPA-49,52_41,Station 49,"Davitt Road, Inchicore, Dublin 12",53.336258,-6.309002,1.0,2023-06-30 15:00:00,10.85
EPA-49,52_41,Station 49,"Davitt Road, Inchicore, Dublin 12",53.336258,-6.309002,1.0,2023-06-30 16:00:00,9.12
EPA-49,52_41,Station 49,"Davitt Road, Inchicore, Dublin 12",53.336258,-6.309002,1.0,2023-06-30 17:00:00,6.22
EPA-49,52_41,Station 49,"Davitt Road, Inchicore, Dublin 12",53.336258,-6.309002,1.0,2023-06-30 18:00:00,6.37
EPA-49,52_41,Station 49,"Davitt Road, Inchicore, Dublin 12",53.336258,-6.309002,1.0,2023-06-30 19:00:00,5.15
EPA-49,52_41,Station 49,"Davitt Road, Inchicore, Dublin 12",53.336258,-6.309002,1.0,2023-06-30 20:00:00,3.92
EPA-49,52_41,Station 49,"Davitt Road, Inchicore, Dublin 12",53.336258,-6.309002,1.0,2023-06-30 21:00:00,2.91
EPA-49,52_41,Station 49,"Davitt Road, Inchicore, Dublin 12",53.336258,-6.309002,1.0,2023-06-30 22:00:00,2.67
EPA-50,23_44,Station 50,"Ballyfermot, Dublin 10",53.340159,-6.351706,2.0,2023-06-01 01:00:00,8.1
EPA-50,23_44,Station 50,"Ballyfermot, Dublin 10",53.340159,-6.351706,2.0,2023-06-01 02:00:00,8.62
EPA-50,23_44,Station 50,"Ballyfermot, Dublin 10",53.340159,-6.351706,2.0,2023-06-01 03:00:00,7.8
EPA-50,23_44,Station 50,"Ballyfermot, Dublin 10",53.340159,-6.351706,2.0,2023-06-01 04:00:00,10.27
EPA-50,23_44,Station 50,"Ballyfermot, Dublin 10",53.340159,-6.351706,2.0,2023-06-01 05:00:00,14.22
EPA-50,23_44,Station 50,"Ballyfermot, Dublin 10",53.340159,-6.351706,2.0,2023-06-01 06:00:00,18.14
EPA-50,23_44,Station 50,"Ballyfermot, Dublin 10",53.340159,-6.351706,2.0,2023-06-01 07:00:00,17.17
EPA-50,23_44,Station 50,"Ballyfermot, Dublin 10",53.340159,-6.351706,2.0,2023-06-01 08:00:00,14.33
EPA-50,23_44,Station 50,"Ballyfermot, Dublin 10",53.340159,-6.351706,2.0,2023-06-01 09:00:00,10.03
EPA-50,23_44,Station 50,"Ballyfermot, Dublin 10",53.340159,-6.351706,2.0,2023-06-01 10:00:00,7.08
EPA-50,23_44,Station 50,"Ballyfermot, Dublin 10",53.340159,-6.351706,2.0,2023-06-01 11:00:00,5.47
EPA-50,23_44,Station 50,"Ballyfermot, Dublin 10",53.340159,-6.351706,2.0,2023-06-01 12:00:00,5.43
EPA-50,23_44,Station 50,"Ballyfermot, Dublin 10",53.340159,-6.351706,2.0,2023-06-01 13:00:00,5.65
EPA-50,23_44,Station 50,"Ballyfermot, Dublin 10",53.340159,-6.351706,2.0,2023-06-01 14:00:00,4.79
EPA-50,23_44,Station 50,"Ballyfermot, Dublin 10",53.340159,-6.351706,2.0,2023-06-01 15:00:00,5.73
EPA-50,23_44,Station 50,"Ballyfermot, Dublin 10",53.340159,-6.351706,2.0,2023-06-01 16:00:00,5.03
EPA-50,23_44,Station 50,"Ballyfermot, Dublin 10",53.340159,-6.351706,2.0,2023-06-01 17:00:00,5.17
EPA-50,23_44,Station 50,"Ballyfermot, Dublin 10",53.340159,-6.351706,2.0,2023-06-01 18:00:00,5.25
EPA-50,23_44,Station 50,"Ballyfermot, Dublin 10",53.340159,-6.351706,2.0,2023-06-01 19:00:00,5.86
EPA-50,23_44,Station 50,"Ballyfermot, Dublin 10",53.340159,-6.351706,2.0,2023-06-01 20:00:00,5.98
EPA-50,23_44,Station 50,"Ballyfermot, Dublin 10",53.340159,-6.351706,2.0,2023-06-01 21:00:00,5.59
EPA-50,23_44,Station 50,"Ballyfermot, Dublin 10",53.340159,-6.351706,2.0,2023-06-01 22:00:00,8.81
EPA-50,23_44,Station 50,"Ballyfermot, Dublin 10",53.340159,-6.351706,2.0,2023-06-01 23:00:00,10.14
EPA-50,23_44,Station 50,"Ballyfermot, Dublin 10",53.340159,-6.351706,2.0,2023-06-02 00:00:00,8.81
EPA-50,23_44,Station 50,"Ballyfermot, Dublin 10",53.340159,-6.351706,2.0,2023-06-02 01:00:00,8.19
EPA-50,23_44,Station 50,"Ballyfermot, Dublin 10",53.340159,-6.351706,2.0,2023-06-02 02:00:00,7.33
EPA-50,23_44,Station 50,"Ballyfermot, Dublin 10",53.340159,-6.351706,2.0,2023-06-02 03:00:00,10.41
EPA-50,23_44,Station 50,"Ballyfermot, Dublin 10",53.340159,-6.351706,2.0,2023-06-02 04:00:00,13.7
EPA-50,23_44,Station 50,"Ballyfermot, Dublin 10",53.340159,-6.351706,2.0,2023-06-02 05:00:00,7.25
EPA-50,23_44,Station 50,"Ballyfermot, Dublin 10",53.340159,-6.351706,2.0,2023-06-02 06:00:00,7.18
EPA-50,23_44,Station 50,"Ballyfermot, Dublin 10",53.340159,-6.351706,2.0,2023-06-02 07:00:00,8.81
EPA-50,23_44,Station 50,"Ballyfermot, Dublin 10",53.340159,-6.351706,2.0,2023-06-02 08:00:00,7.51
EPA-50,23_44,Station 50,"Ballyfermot, Dublin 10",53.340159,-6.351706,2.0,2023-06-02 09:00:00,6.5
EPA-50,23_44,Station 50,"Ballyfermot, Dublin 10",53.340159,-6.351706,2.0,2023-06-02 10:00:00,5.55
EPA-50,23_44,Station 50,"Ballyfermot, Dublin 10",53.340159,-6.351706,2.0,2023-06-02 11:00:00,4.72
EPA-50,23_44,Station 50,"Ballyfermot, Dublin 10",53.340159,-6.351706,2.0,2023-06-02 12:00:00,5.24
EPA-50,23_44,Station 50,"Ballyfermot, Dublin 10",53.340159,-6.351706,2.0,2023-06-02 13:00:00,5.19
EPA-50,23_44,Station 50,"Ballyfermot, Dublin 10",53.340159,-6.351706,2.0,2023-06-02 14:00:00,5.26
EPA-50,23_44,Station 50,"Ballyfermot, Dublin 10",53.340159,-6.351706,2.0,2023-06-02 15:00:00,6.03
EPA-50,23_44,Station 50,"Ballyfermot, Dublin 10",53.340159,-6.351706,2.0,2023-06-02 16:00:00,5.91
EPA-50,23_44,Station 50,"Ballyfermot, Dublin 10",53.340159,-6.351706,2.0,2023-06-02 17:00:00,6.58
EPA-50,23_44,Station 50,"Ballyfermot, Dublin 10",53.340159,-6.351706,2.0,2023-06-02 18:00:00,5.84
EPA-50,23_44,Station 50,"Ballyfermot, Dublin 10",53.340159,-6.351706,2.0,2023-06-02 19:00:00,7.15
EPA-50,23_44,Station 50,"Ballyfermot, Dublin 10",53.340159,-6.351706,2.0,2023-06-02 20:00:00,6.92
EPA-50,23_44,Station 50,"Ballyfermot, Dublin 10",53.340159,-6.351706,2.0,2023-06-02 21:00:00,7.53
EPA-50,23_44,Station 50,"Ballyfermot, Dublin 10",53.340159,-6.351706,2.0,2023-06-02 22:00:00,10.27
EPA-50,23_44,Station 50,"Ballyfermot, Dublin 10",53.340159,-6.351706,2.0,2023-06-02 23:00:00,11.84
EPA-50,23_44,Station 50,"Ballyfermot, Dublin 10",53.340159,-6.351706,2.0,2023-06-03 00:00:00,13.83
EPA-50,23_44,Station 50,"Ballyfermot, Dublin 10",53.340159,-6.351706,2.0,2023-06-03 01:00:00,18.12
EPA-50,23_44,Station 50,"Ballyfermot, Dublin 10",53.340159,-6.351706,2.0,2023-06-03 02:00:00,20.45
EPA-50,23_44,Station 50,"Ballyfermot, Dublin 10",53.340159,-6.351706,2.0,2023-06-03 03:00:00,23.31
EPA-50,23_44,Station 50,"Ballyfermot, Dublin 10",53.340159,-6.351706,2.0,2023-06-03 04:00:00,19.57
EPA-50,23_44,Station 50,"Ballyfermot, Dublin 10",53.340159,-6.351706,2.0,2023-06-03 05:00:00,22.63
EPA-50,23_44,Station 50,"Ballyfermot, Dublin 10",53.340159,-6.351706,2.0,2023-06-03 06:00:00,30.5
EPA-50,23_44,Station 50,"Ballyfermot, Dublin 10",53.340159,-6.351706,2.0,2023-06-03 07:00:00,24.67
EPA-50,23_44,Station 50,"Ballyfermot, Dublin 10",53.340159,-6.351706,2.0,2023-06-03 08:00:00,16.44
EPA-50,23_44,Station 50,"Ballyfermot, Dublin 10",53.340159,-6.351706,2.0,2023-06-03 09:00:00,11.6
EPA-50,23_44,Station 50,"Ballyfermot, Dublin 10",53.340159,-6.351706,2.0,2023-06-03 10:00:00,9.92
EPA-50,23_44,Station 50,"Ballyfermot, Dublin 10",53.340159,-6.351706,2.0,2023-06-03 11:00:00,11.51
EPA-50,23_44,Station 50,"Ballyfermot, Dublin 10",53.340159,-6.351706,2.0,2023-06-03 12:00:00,11.94
EPA-50,23_44,Station 50,"Ballyfermot, Dublin 10",53.340159,-6.351706,2.0,2023-06-03 13:00:00,7.78
EPA-50,23_44,Station 50,"Ballyfermot, Dublin 10",53.340159,-6.351706,2.0,2023-06-03 14:00:00,7.48
EPA-50,23_44,Station 50,"Ballyfermot, Dublin 10",53.340159,-6.351706,2.0,2023-06-03 15:00:00,7.77
EPA-50,23_44,Station 50,"Ballyfermot, Dublin 10",53.340159,-6.351706,2.0,2023-06-03 16:00:00,9.21
EPA-50,23_44,Station 50,"Ballyfermot, Dublin 10",53.340159,-6.351706,2.0,2023-06-03 17:00:00,8.28
EPA-50,23_44,Station 50,"Ballyfermot, Dublin 10",53.340159,-6.351706,2.0,2023-06-03 18:00:00,6.07
EPA-50,23_44,Station 50,"Ballyfermot, Dublin 10",53.340159,-6.351706,2.0,2023-06-03 19:00:00,4.53
EPA-50,23_44,Station 50,"Ballyfermot, Dublin 10",53.340159,-6.351706,2.0,2023-06-03 20:00:00,5.13
EPA-50,23_44,Station 50,"Ballyfermot, Dublin 10",53.340159,-6.351706,2.0,2023-06-03 21:00:00,6.65
EPA-50,23_44,Station 50,"Ballyfermot, Dublin 10",53.340159,-6.351706,2.0,2023-06-03 22:00:00,11.37
EPA-50,23_44,Station 50,"Ballyfermot, Dublin 10",53.340159,-6.351706,2.0,2023-06-03 23:00:00,13.67
EPA-50,23_44,Station 50,"Ballyfermot, Dublin 10",53.340159,-6.351706,2.0,2023-06-04 00:00:00,15.31
EPA-50,23_44,Station 50,"Ballyfermot, Dublin 10",53.340159,-6.351706,2.0,2023-06-04 01:00:00,13.4
EPA-50,23_44,Station 50,"Ballyfermot, Dublin 10",53.340159,-6.351706,2.0,2023-06-04 02:00:00,14.53
EPA-50,23_44,Station 50,"Ballyfermot, Dublin 10",53.340159,-6.351706,2.0,2023-06-04 03:00:00,21.07
EPA-50,23_44,Station 50,"Ballyfermot, Dublin 10",53.340159,-6.351706,2.0,2023-06-04 04:00:00,16.09
EPA-50,23_44,Station 50,"Ballyfermot, Dublin 10",53.340159,-6.351706,2.0,2023-06-04 05:00:00,18.1
EPA-50,23_44,Station 50,"Ballyfermot, Dublin 10",53.340159,-6.351706,2.0,2023-06-04 06:00:00,18.64
EPA-50,23_44,Station 50,"Ballyfermot, Dublin 10",53.340159,-6.351706,2.0,2023-06-04 07:00:00,14.4
EPA-50,23_44,Station 50,"Ballyfermot, Dublin 10",53.340159,-6.351706,2.0,2023-06-04 08:00:00,24.44
EPA-50,23_44,Station 50,"Ballyfermot, Dublin 10",53.340159,-6.351706,2.0,2023-06-04 09:00:00,24.52
EPA-50,23_44,Station 50,"Ballyfermot, Dublin 10",53.340159,-6.351706,2.0,2023-06-04 10:00:00,18.3
EPA-50,23_44,Station 50,"Ballyfermot, Dublin 10",53.340159,-6.351706,2.0,2023-06-04 11:00:00,12.97
EPA-50,23_44,Station 50,"Ballyfermot, Dublin 10",53.340159,-6.351706,2.0,2023-06-04 12:00:00,7.96
EPA-50,23_44,Station 50,"Ballyfermot, Dublin 10",53.340159,-6.351706,2.0,2023-06-04 13:00:00,7.46
EPA-50,23_44,Station 50,"Ballyfermot, Dublin 10",53.340159,-6.351706,2.0,2023-06-04 14:00:00,7.42
EPA-50,23_44,Station 50,"Ballyfermot, Dublin 10",53.340159,-6.351706,2.0,2023-06-04 15:00:00,5.35
EPA-50,23_44,Station 50,"Ballyfermot, Dublin 10",53.340159,-6.351706,2.0,2023-06-04 16:00:00,3.45
EPA-50,23_44,Station 50,"Ballyfermot, Dublin 10",53.340159,-6.351706,2.0,2023-06-04 17:00:00,3.02
EPA-50,23_44,Station 50,"Ballyfermot, Dublin 10",53.340159,-6.351706,2.0,2023-06-04 18:00:00,3.56
EPA-50,23_44,Station 50,"Ballyfermot, Dublin 10",53.340159,-6.351706,2.0,2023-06-04 19:00:00,4.65
EPA-50,23_44,Station 50,"Ballyfermot, Dublin 10",53.340159,-6.351706,2.0,2023-06-04 20:00:00,5.15
EPA-50,23_44,Station 50,"Ballyfermot, Dublin 10",53.340159,-6.351706,2.0,2023-06-04 21:00:00,5.67
EPA-50,23_44,Station 50,"Ballyfermot, Dublin 10",53.340159,-6.351706,2.0,2023-06-04 22:00:00,9.67
EPA-50,23_44,Station 50,"Ballyfermot, Dublin 10",53.340159,-6.351706,2.0,2023-06-04 23:00:00,11.28
EPA-50,23_44,Station 50,"Ballyfermot, Dublin 10",53.340159,-6.351706,2.0,2023-06-05 00:00:00,9.72
EPA-50,23_44,Station 50,"Ballyfermot, Dublin 10",53.340159,-6.351706,2.0,2023-06-05 01:00:00,13.64
EPA-50,23_44,Station 50,"Ballyfermot, Dublin 10",53.340159,-6.351706,2.0,2023-06-05 02:00:00,28.53
EPA-50,23_44,Station 50,"Ballyfermot, Dublin 10",53.340159,-6.351706,2.0,2023-06-05 03:00:00,19.34
EPA-50,23_44,Station 50,"Ballyfermot, Dublin 10",53.340159,-6.351706,2.0,2023-06-05 04:00:00,15.29
EPA-50,23_44,Station 50,"Ballyfermot, Dublin 10",53.340159,-6.351706,2.0,2023-06-05 05:00:00,15.17
EPA-50,23_44,Station 50,"Ballyfermot, Dublin 10",53.340159,-6.351706,2.0,2023-06-05 06:00:00,13.44
EPA-50,23_44,Station 50,"Ballyfermot, Dublin 10",53.340159,-6.351706,2.0,2023-06-05 07:00:00,15.02
EPA-50,23_44,Station 50,"Ballyfermot, Dublin 10",53.340159,-6.351706,2.0,2023-06-05 08:00:00,11.36
EPA-50,23_44,Station 50,"Ballyfermot, Dublin 10",53.340159,-6.351706,2.0,2023-06-05 09:00:00,7.18
EPA-50,23_44,Station 50,"Ballyfermot, Dublin 10",53.340159,-6.351706,2.0,2023-06-05 10:00:00,7.03
EPA-50,23_44,Station 50,"Ballyfermot, Dublin 10",53.340159,-6.351706,2.0,2023-06-05 11:00:00,9.43
EPA-50,23_44,Station 50,"Ballyfermot, Dublin 10",53.340159,-6.351706,2.0,2023-06-05 12:00:00,10.11
EPA-50,23_44,Station 50,"Ballyfermot, Dublin 10",53.340159,-6.351706,2.0,2023-06-05 13:00:00,8.01
EPA-50,23_44,Station 50,"Ballyfermot, Dublin 10",53.340159,-6.351706,2.0,2023-06-05 14:00:00,8.39
EPA-50,23_44,Station 50,"Ballyfermot, Dublin 10",53.340159,-6.351706,2.0,2023-06-05 15:00:00,5.61
EPA-50,23_44,Station 50,"Ballyfermot, Dublin 10",53.340159,-6.351706,2.0,2023-06-05 16:00:00,4.14
EPA-50,23_44,Station 50,"Ballyfermot, Dublin 10",53.340159,-6.351706,2.0,2023-06-05 17:00:00,4.28
EPA-50,23_44,Station 50,"Ballyfermot, Dublin 10",53.340159,-6.351706,2.0,2023-06-05 18:00:00,4.2
EPA-50,23_44,Station 50,"Ballyfermot, Dublin 10",53.340159,-6.351706,2.0,2023-06-05 19:00:00,3.83
EPA-50,23_44,Station 50,"Ballyfermot, Dublin 10",53.340159,-6.351706,2.0,2023-06-05 20:00:00,4.82
EPA-50,23_44,Station 50,"Ballyfermot, Dublin 10",53.340159,-6.351706,2.0,2023-06-05 21:00:00,7.59
EPA-50,23_44,Station 50,"Ballyfermot, Dublin 10",53.340159,-6.351706,2.0,2023-06-05 22:00:00,7.66
EPA-50,23_44,Station 50,"Ballyfermot, Dublin 10",53.340159,-6.351706,2.0,2023-06-05 23:00:00,6.24
EPA-50,23_44,Station 50,"Ballyfermot, Dublin 10",53.340159,-6.351706,2.0,2023-06-06 00:00:00,7.31
EPA-50,23_44,Station 50,"Ballyfermot, Dublin 10",53.340159,-6.351706,2.0,2023-06-06 01:00:00,8.63
EPA-50,23_44,Station 50,"Ballyfermot, Dublin 10",53.340159,-6.351706,2.0,2023-06-06 02:00:00,7.11
EPA-50,23_44,Station 50,"Ballyfermot, Dublin 10",53.340159,-6.351706,2.0,2023-06-06 03:00:00,9.46
EPA-50,23_44,Station 50,"Ballyfermot, Dublin 10",53.340159,-6.351706,2.0,2023-06-06 04:00:00,10.15
EPA-50,23_44,Station 50,"Ballyfermot, Dublin 10",53.340159,-6.351706,2.0,2023-06-06 05:00:00,11.58
EPA-50,23_44,Station 50,"Ballyfermot, Dublin 10",53.340159,-6.351706,2.0,2023-06-06 06:00:00,17.93
EPA-50,23_44,Station 50,"Ballyfermot, Dublin 10",53.340159,-6.351706,2.0,2023-06-06 07:00:00,20.73
EPA-50,23_44,Station 50,"Ballyfermot, Dublin 10",53.340159,-6.351706,2.0,2023-06-06 08:00:00,14.48
EPA-50,23_44,Station 50,"Ballyfermot, Dublin 10",53.340159,-6.351706,2.0,2023-06-06 09:00:00,21.08
EPA-50,23_44,Station 50,"Ballyfermot, Dublin 10",53.340159,-6.351706,2.0,2023-06-06 10:00:00,20.61
EPA-50,23_44,Station 50,"Ballyfermot, Dublin 10",53.340159,-6.351706,2.0,2023-06-06 11:00:00,13.92
EPA-50,23_44,Station 50,"Ballyfermot, Dublin 10",53.340159,-6.351706,2.0,2023-06-06 12:00:00,11.22
EPA-50,23_44,Station 50,"Ballyfermot, Dublin 10",53.340159,-6.351706,2.0,2023-06-06 13:00:00,8.51
EPA-50,23_44,Station 50,"Ballyfermot, Dublin 10",53.340159,-6.351706,2.0,2023-06-06 14:00:00,8.79
EPA-50,23_44,Station 50,"Ballyfermot, Dublin 10",53.340159,-6.351706,2.0,2023-06-06 15:00:00,9.32
EPA-50,23_44,Station 50,"Ballyfermot, Dublin 10",53.340159,-6.351706,2.0,2023-06-06 16:00:00,9.18
EPA-50,23_44,Station 50,"Ballyfermot, Dublin 10",53.340159,-6.351706,2.0,2023-06-06 17:00:00,7.29
EPA-50,23_44,Station 50,"Ballyfermot, Dublin 10",53.340159,-6.351706,2.0,2023-06-06 18:00:00,5.2
EPA-50,23_44,Station 50,"Ballyfermot, Dublin 10",53.340159,-6.351706,2.0,2023-06-06 19:00:00,4.79
EPA-50,23_44,Station 50,"Ballyfermot, Dublin 10",53.340159,-6.351706,2.0,2023-06-06 20:00:00,4.94
EPA-50,23_44,Station 50,"Ballyfermot, Dublin 10",53.340159,-6.351706,2.0,2023-06-06 21:00:00,5.75
EPA-50,23_44,Station 50,"Ballyfermot, Dublin 10",53.340159,-6.351706,2.0,2023-06-06 22:00:00,9.69
EPA-50,23_44,Station 50,"Ballyfermot, Dublin 10",53.340159,-6.351706,2.0,2023-06-06 23:00:00,8.02
EPA-50,23_44,Station 50,"Ballyfermot, Dublin 10",53.340159,-6.351706,2.0,2023-06-07 00:00:00,10.78
EPA-50,23_44,Station 50,"Ballyfermot, Dublin 10",53.340159,-6.351706,2.0,2023-06-07 01:00:00,14.01
EPA-50,23_44,Station 50,"Ballyfermot, Dublin 10",53.340159,-6.351706,2.0,2023-06-07 02:00:00,12.31
EPA-50,23_44,Station 50,"Ballyfermot, Dublin 10",53.340159,-6.351706,2.0,2023-06-07 03:00:00,24.23
EPA-50,23_44,Station 50,"Ballyfermot, Dublin 10",53.340159,-6.351706,2.0,2023-06-07 04:00:00,15.41
EPA-50,23_44,Station 50,"Ballyfermot, Dublin 10",53.340159,-6.351706,2.0,2023-06-07 05:00:00,12.35
EPA-50,23_44,Station 50,"Ballyfermot, Dublin 10",53.340159,-6.351706,2.0,2023-06-07 06:00:00,10.68
EPA-50,23_44,Station 50,"Ballyfermot, Dublin 10",53.340159,-6.351706,2.0,2023-06-07 07:00:00,9.87
EPA-50,23_44,Station 50,"Ballyfermot, Dublin 10",53.340159,-6.351706,2.0,2023-06-07 08:00:00,9.81
EPA-50,23_44,Station 50,"Ballyfermot, Dublin 10",53.340159,-6.351706,2.0,2023-06-07 09:00:00,11.2
EPA-50,23_44,Station 50,"Ballyfermot, Dublin 10",53.340159,-6.351706,2.0,2023-06-07 10:00:00,10.25
EPA-50,23_44,Station 50,"Ballyfermot, Dublin 10",53.340159,-6.351706,2.0,2023-06-07 11:00:00,7.95
EPA-50,23_44,Station 50,"Ballyfermot, Dublin 10",53.340159,-6.351706,2.0,2023-06-07 12:00:00,8.06
EPA-50,23_44,Station 50,"Ballyfermot, Dublin 10",53.340159,-6.351706,2.0,2023-06-07 13:00:00,8.0
EPA-50,23_44,Station 50,"Ballyfermot, Dublin 10",53.340159,-6.351706,2.0,2023-06-07 14:00:00,6.54
EPA-50,23_44,Station 50,"Ballyfermot, Dublin 10",53.340159,-6.351706,2.0,2023-06-07 15:00:00,5.34
EPA-50,23_44,Station 50,"Ballyfermot, Dublin 10",53.340159,-6.351706,2.0,2023-06-07 16:00:00,5.55
EPA-50,23_44,Station 50,"Ballyfermot, Dublin 10",53.340159,-6.351706,2.0,2023-06-07 17:00:00,5.86
EPA-50,23_44,Station 50,"Ballyfermot, Dublin 10",53.340159,-6.351706,2.0,2023-06-07 18:00:00,7.67
EPA-50,23_44,Station 50,"Ballyfermot, Dublin 10",53.340159,-6.351706,2.0,2023-06-07 19:00:00,6.72
EPA-50,23_44,Station 50,"Ballyfermot, Dublin 10",53.340159,-6.351706,2.0,2023-06-07 20:00:00,8.16
EPA-50,23_44,Station 50,"Ballyfermot, Dublin 10",53.340159,-6.351706,2.0,2023-06-07 21:00:00,7.53
EPA-50,23_44,Station 50,"Ballyfermot, Dublin 10",53.340159,-6.351706,2.0,2023-06-07 22:00:00,9.59
EPA-50,23_44,Station 50,"Ballyfermot, Dublin 10",53.340159,-6.351706,2.0,2023-06-08 01:00:00,9.67
EPA-50,23_44,Station 50,"Ballyfermot, Dublin 10",53.340159,-6.351706,2.0,2023-06-08 02:00:00,9.54
EPA-50,23_44,Station 50,"Ballyfermot, Dublin 10",53.340159,-6.351706,2.0,2023-06-08 03:00:00,9.85
EPA-50,23_44,Station 50,"Ballyfermot, Dublin 10",53.340159,-6.351706,2.0,2023-06-08 04:00:00,16.39
EPA-50,23_44,Station 50,"Ballyfermot, Dublin 10",53.340159,-6.351706,2.0,2023-06-08 05:00:00,8.06
EPA-50,23_44,Station 50,"Ballyfermot, Dublin 10",53.340159,-6.351706,2.0,2023-06-08 06:00:00,13.91
EPA-50,23_44,Station 50,"Ballyfermot, Dublin 10",53.340159,-6.351706,2.0,2023-06-08 07:00:00,11.92
EPA-50,23_44,Station 50,"Ballyfermot, Dublin 10",53.340159,-6.351706,2.0,2023-06-08 08:00:00,10.8
EPA-50,23_44,Station 50,"Ballyfermot, Dublin 10",53.340159,-6.351706,2.0,2023-06-08 09:00:00,8.84
EPA-50,23_44,Station 50,"Ballyfermot, Dublin 10",53.340159,-6.351706,2.0,2023-06-08 10:00:00,7.86
EPA-50,23_44,Station 50,"Ballyfermot, Dublin 10",53.340159,-6.351706,2.0,2023-06-08 11:00:00,7.54
EPA-50,23_44,Station 50,"Ballyfermot, Dublin 10",53.340159,-6.351706,2.0,2023-06-08 12:00:00,7.28
EPA-50,23_44,Station 50,"Ballyfermot, Dublin 10",53.340159,-6.351706,2.0,2023-06-08 13:00:00,7.21
EPA-50,23_44,Station 50,"Ballyfermot, Dublin 10",53.340159,-6.351706,2.0,2023-06-08 14:00:00,7.32
EPA-50,23_44,Station 50,"Ballyfermot, Dublin 10",53.340159,-6.351706,2.0,2023-06-08 15:00:00,7.48
EPA-50,23_44,Station 50,"Ballyfermot, Dublin 10",53.340159,-6.351706,2.0,2023-06-08 16:00:00,8.52
EPA-50,23_44,Station 50,"Ballyfermot, Dublin 10",53.340159,-6.351706,2.0,2023-06-08 17:00:00,8.4
EPA-50,23_44,Station 50,"Ballyfermot, Dublin 10",53.340159,-6.351706,2.0,2023-06-08 18:00:00,8.81
EPA-50,23_44,Station 50,"Ballyfermot, Dublin 10",53.340159,-6.351706,2.0,2023-06-08 19:00:00,10.82
EPA-50,23_44,Station 50,"Ballyfermot, Dublin 10",53.340159,-6.351706,2.0,2023-06-08 20:00:00,10.09
EPA-50,23_44,Station 50,"Ballyfermot, Dublin 10",53.340159,-6.351706,2.0,2023-06-08 21:00:00,10.65
EPA-50,23_44,Station 50,"Ballyfermot, Dublin 10",53.340159,-6.351706,2.0,2023-06-08 22:00:00,10.37
EPA-50,23_44,Station 50,"Ballyfermot, Dublin 10",53.340159,-6.351706,2.0,2023-06-08 23:00:00,17.43
EPA-50,23_44,Station 50,"Ballyfermot, Dublin 10",53.340159,-6.351706,2.0,2023-06-09 00:00:00,19.34
EPA-50,23_44,Station 50,"Ballyfermot, Dublin 10",53.340159,-6.351706,2.0,2023-06-09 01:00:00,20.54
EPA-50,23_44,Station 50,"Ballyfermot, Dublin 10",53.340159,-6.351706,2.0,2023-06-09 02:00:00,16.21
EPA-50,23_44,Station 50,"Ballyfermot, Dublin 10",53.340159,-6.351706,2.0,2023-06-09 03:00:00,18.9
EPA-50,23_44,Station 50,"Ballyfermot, Dublin 10",53.340159,-6.351706,2.0,2023-06-09 04:00:00,19.87
EPA-50,23_44,Station 50,"Ballyfermot, Dublin 10",53.340159,-6.351706,2.0,2023-06-09 05:00:00,14.0
EPA-50,23_44,Station 50,"Ballyfermot, Dublin 10",53.340159,-6.351706,2.0,2023-06-09 06:00:00,9.29
EPA-50,23_44,Station 50,"Ballyfermot, Dublin 10",53.340159,-6.351706,2.0,2023-06-09 07:00:00,9.04
EPA-50,23_44,Station 50,"Ballyfermot, Dublin 10",53.340159,-6.351706,2.0,2023-06-09 08:00:00,7.15
EPA-50,23_44,Station 50,"Ballyfermot, Dublin 10",53.340159,-6.351706,2.0,2023-06-09 09:00:00,7.4
EPA-50,23_44,Station 50,"Ballyfermot, Dublin 10",53.340159,-6.351706,2.0,2023-06-09 10:00:00,6.66
EPA-50,23_44,Station 50,"Ballyfermot, Dublin 10",53.340159,-6.351706,2.0,2023-06-09 11:00:00,6.5
EPA-50,23_44,Station 50,"Ballyfermot, Dublin 10",53.340159,-6.351706,2.0,2023-06-09 12:00:00,6.29
EPA-50,23_44,Station 50,"Ballyfermot, Dublin 10",53.340159,-6.351706,2.0,2023-06-09 13:00:00,6.52
EPA-50,23_44,Station 50,"Ballyfermot, Dublin 10",53.340159,-6.351706,2.0,2023-06-09 14:00:00,8.57
EPA-50,23_44,Station 50,"Ballyfermot, Dublin 10",53.340159,-6.351706,2.0,2023-06-09 15:00:00,9.1
EPA-50,23_44,Station 50,"Ballyfermot, Dublin 10",53.340159,-6.351706,2.0,2023-06-09 16:00:00,9.21
EPA-50,23_44,Station 50,"Ballyfermot, Dublin 10",53.340159,-6.351706,2.0,2023-06-09 17:00:00,10.57
EPA-50,23_44,Station 50,"Ballyfermot, Dublin 10",53.340159,-6.351706,2.0,2023-06-09 18:00:00,8.66
EPA-50,23_44,Station 50,"Ballyfermot, Dublin 10",53.340159,-6.351706,2.0,2023-06-09 19:00:00,9.14
EPA-50,23_44,Station 50,"Ballyfermot, Dublin 10",53.340159,-6.351706,2.0,2023-06-09 20:00:00,10.72
EPA-50,23_44,Station 50,"Ballyfermot, Dublin 10",53.340159,-6.351706,2.0,2023-06-09 21:00:00,11.57
EPA-50,23_44,Station 50,"Ballyfermot, Dublin 10",53.340159,-6.351706,2.0,2023-06-09 22:00:00,13.63
EPA-50,23_44,Station 50,"Ballyfermot, Dublin 10",53.340159,-6.351706,2.0,2023-06-09 23:00:00,17.3
EPA-50,23_44,Station 50,"Ballyfermot, Dublin 10",53.340159,-6.351706,2.0,2023-06-10 00:00:00,18.73
EPA-50,23_44,Station 50,"Ballyfermot, Dublin 10",53.340159,-6.351706,2.0,2023-06-10 01:00:00,20.12
EPA-50,23_44,Station 50,"Ballyfermot, Dublin 10",53.340159,-6.351706,2.0,2023-06-10 02:00:00,20.69
EPA-50,23_44,Station 50,"Ballyfermot, Dublin 10",53.340159,-6.351706,2.0,2023-06-10 03:00:00,14.8
EPA-50,23_44,Station 50,"Ballyfermot, Dublin 10",53.340159,-6.351706,2.0,2023-06-10 04:00:00,11.11
EPA-50,23_44,Station 50,"Ballyfermot, Dublin 10",53.340159,-6.351706,2.0,2023-06-10 05:00:00,10.63
EPA-50,23_44,Station 50,"Ballyfermot, Dublin 10",53.340159,-6.351706,2.0,2023-06-10 06:00:00,10.27
EPA-50,23_44,Station 50,"Ballyfermot, Dublin 10",53.340159,-6.351706,2.0,2023-06-10 07:00:00,12.47
EPA-50,23_44,Station 50,"Ballyfermot, Dublin 10",53.340159,-6.351706,2.0,2023-06-10 08:00:00,8.52
EPA-50,23_44,Station 50,"Ballyfermot, Dublin 10",53.340159,-6.351706,2.0,2023-06-10 09:00:00,12.95
EPA-50,23_44,Station 50,"Ballyfermot, Dublin 10",53.340159,-6.351706,2.0,2023-06-10 10:00:00,12.52
EPA-50,23_44,Station 50,"Ballyfermot, Dublin 10",53.340159,-6.351706,2.0,2023-06-10 11:00:00,12.74
EPA-50,23_44,Station 50,"Ballyfermot, Dublin 10",53.340159,-6.351706,2.0,2023-06-10 12:00:00,14.57
EPA-50,23_44,Station 50,"Ballyfermot, Dublin 10",53.340159,-6.351706,2.0,2023-06-10 13:00:00,11.57
EPA-50,23_44,Station 50,"Ballyfermot, Dublin 10",53.340159,-6.351706,2.0,2023-06-10 14:00:00,14.93
EPA-50,23_44,Station 50,"Ballyfermot, Dublin 10",53.340159,-6.351706,2.0,2023-06-10 15:00:00,28.25
EPA-50,23_44,Station 50,"Ballyfermot, Dublin 10",53.340159,-6.351706,2.0,2023-06-10 16:00:00,36.24
EPA-50,23_44,Station 50,"Ballyfermot, Dublin 10",53.340159,-6.351706,2.0,2023-06-10 17:00:00,55.49
EPA-50,23_44,Station 50,"Ballyfermot, Dublin 10",53.340159,-6.351706,2.0,2023-06-10 18:00:00,30.55
EPA-50,23_44,Station 50,"Ballyfermot, Dublin 10",53.340159,-6.351706,2.0,2023-06-10 19:00:00,23.24
EPA-50,23_44,Station 50,"Ballyfermot, Dublin 10",53.340159,-6.351706,2.0,2023-06-10 20:00:00,18.27
EPA-50,23_44,Station 50,"Ballyfermot, Dublin 10",53.340159,-6.351706,2.0,2023-06-10 21:00:00,25.49
EPA-50,23_44,Station 50,"Ballyfermot, Dublin 10",53.340159,-6.351706,2.0,2023-06-10 22:00:00,32.72
EPA-50,23_44,Station 50,"Ballyfermot, Dublin 10",53.340159,-6.351706,2.0,2023-06-10 23:00:00,35.07
EPA-50,23_44,Station 50,"Ballyfermot, Dublin 10",53.340159,-6.351706,2.0,2023-06-11 00:00:00,25.75
EPA-50,23_44,Station 50,"Ballyfermot, Dublin 10",53.340159,-6.351706,2.0,2023-06-11 01:00:00,21.74
EPA-50,23_44,Station 50,"Ballyfermot, Dublin 10",53.340159,-6.351706,2.0,2023-06-11 02:00:00,17.18
EPA-50,23_44,Station 50,"Ballyfermot, Dublin 10",53.340159,-6.351706,2.0,2023-06-11 03:00:00,13.37
EPA-50,23_44,Station 50,"Ballyfermot, Dublin 10",53.340159,-6.351706,2.0,2023-06-11 04:00:00,12.08
EPA-50,23_44,Station 50,"Ballyfermot, Dublin 10",53.340159,-6.351706,2.0,2023-06-11 05:00:00,14.21
EPA-50,23_44,Station 50,"Ballyfermot, Dublin 10",53.340159,-6.351706,2.0,2023-06-11 06:00:00,13.11
EPA-50,23_44,Station 50,"Ballyfermot, Dublin 10",53.340159,-6.351706,2.0,2023-06-11 07:00:00,12.49
EPA-50,23_44,Station 50,"Ballyfermot, Dublin 10",53.340159,-6.351706,2.0,2023-06-11 08:00:00,14.5
EPA-50,23_44,Station 50,"Ballyfermot, Dublin 10",53.340159,-6.351706,2.0,2023-06-11 09:00:00,15.23
EPA-50,23_44,Station 50,"Ballyfermot, Dublin 10",53.340159,-6.351706,2.0,2023-06-11 10:00:00,10.61
EPA-50,23_44,Station 50,"Ballyfermot, Dublin 10",53.340159,-6.351706,2.0,2023-06-11 11:00:00,4.98
EPA-50,23_44,Station 50,"Ballyfermot, Dublin 10",53.340159,-6.351706,2.0,2023-06-11 12:00:00,3.74
EPA-50,23_44,Station 50,"Ballyfermot, Dublin 10",53.340159,-6.351706,2.0,2023-06-11 13:00:00,6.09
EPA-50,23_44,Station 50,"Ballyfermot, Dublin 10",53.340159,-6.351706,2.0,2023-06-11 14:00:00,5.22
EPA-50,23_44,Station 50,"Ballyfermot, Dublin 10",53.340159,-6.351706,2.0,2023-06-11 15:00:00,4.16
EPA-50,23_44,Station 50,"Ballyfermot, Dublin 10",53.340159,-6.351706,2.0,2023-06-11 16:00:00,4.01
EPA-50,23_44,Station 50,"Ballyfermot, Dublin 10",53.340159,-6.351706,2.0,2023-06-11 17:00:00,6.2
EPA-50,23_44,Station 50,"Ballyfermot, Dublin 10",53.340159,-6.351706,2.0,2023-06-11 18:00:00,9.71
EPA-50,23_44,Station 50,"Ballyfermot, Dublin 10",53.340159,-6.351706,2.0,2023-06-11 19:00:00,9.08
EPA-50,23_44,Station 50,"Ballyfermot, Dublin 10",53.340159,-6.351706,2.0,2023-06-11 20:00:00,11.89
EPA-50,23_44,Station 50,"Ballyfermot, Dublin 10",53.340159,-6.351706,2.0,2023-06-11 21:00:00,10.81
EPA-50,23_44,Station 50,"Ballyfermot, Dublin 10",53.340159,-6.351706,2.0,2023-06-11 22:00:00,16.25
EPA-50,23_44,Station 50,"Ballyfermot, Dublin 10",53.340159,-6.351706,2.0,2023-06-11 23:00:00,13.81
EPA-50,23_44,Station 50,"Ballyfermot, Dublin 10",53.340159,-6.351706,2.0,2023-06-12 00:00:00,23.2
EPA-50,23_44,Station 50,"Ballyfermot, Dublin 10",53.340159,-6.351706,2.0,2023-06-12 01:00:00,24.74
EPA-50,23_44,Station 50,"Ballyfermot, Dublin 10",53.340159,-6.351706,2.0,2023-06-12 02:00:00,20.01
EPA-50,23_44,Station 50,"Ballyfermot, Dublin 10",53.340159,-6.351706,2.0,2023-06-12 03:00:00,12.44
EPA-50,23_44,Station 50,"Ballyfermot, Dublin 10",53.340159,-6.351706,2.0,2023-06-12 04:00:00,5.94
EPA-50,23_44,Station 50,"Ballyfermot, Dublin 10",53.340159,-6.351706,2.0,2023-06-12 05:00:00,4.14
EPA-50,23_44,Station 50,"Ballyfermot, Dublin 10",53.340159,-6.351706,2.0,2023-06-12 06:00:00,5.76
EPA-50,23_44,Station 50,"Ballyfermot, Dublin 10",53.340159,-6.351706,2.0,2023-06-12 07:00:00,10.54
EPA-50,23_44,Station 50,"Ballyfermot, Dublin 10",53.340159,-6.351706,2.0,2023-06-12 08:00:00,11.68
EPA-50,23_44,Station 50,"Ballyfermot, Dublin 10",53.340159,-6.351706,2.0,2023-06-12 09:00:00,14.95
EPA-50,23_44,Station 50,"Ballyfermot, Dublin 10",53.340159,-6.351706,2.0,2023-06-12 10:00:00,18.11
EPA-50,23_44,Station 50,"Ballyfermot, Dublin 10",53.340159,-6.351706,2.0,2023-06-12 11:00:00,22.05
EPA-50,23_44,Station 50,"Ballyfermot, Dublin 10",53.340159,-6.351706,2.0,2023-06-12 12:00:00,12.91
EPA-50,23_44,Station 50,"Ballyfermot, Dublin 10",53.340159,-6.351706,2.0,2023-06-12 13:00:00,13.65
EPA-50,23_44,Station 50,"Ballyfermot, Dublin 10",53.340159,-6.351706,2.0,2023-06-12 14:00:00,11.25
EPA-50,23_44,Station 50,"Ballyfermot, Dublin 10",53.340159,-6.351706,2.0,2023-06-12 15:00:00,12.0
EPA-50,23_44,Station 50,"Ballyfermot, Dublin 10",53.340159,-6.351706,2.0,2023-06-12 16:00:00,15.43
EPA-50,23_44,Station 50,"Ballyfermot, Dublin 10",53.340159,-6.351706,2.0,2023-06-12 17:00:00,12.17
EPA-50,23_44,Station 50,"Ballyfermot, Dublin 10",53.340159,-6.351706,2.0,2023-06-12 18:00:00,11.02
EPA-50,23_44,Station 50,"Ballyfermot, Dublin 10",53.340159,-6.351706,2.0,2023-06-12 19:00:00,12.04
EPA-50,23_44,Station 50,"Ballyfermot, Dublin 10",53.340159,-6.351706,2.0,2023-06-12 20:00:00,10.69
EPA-50,23_44,Station 50,"Ballyfermot, Dublin 10",53.340159,-6.351706,2.0,2023-06-12 21:00:00,10.08
EPA-50,23_44,Station 50,"Ballyfermot, Dublin 10",53.340159,-6.351706,2.0,2023-06-12 22:00:00,10.71
EPA-50,23_44,Station 50,"Ballyfermot, Dublin 10",53.340159,-6.351706,2.0,2023-06-12 23:00:00,11.62
EPA-50,23_44,Station 50,"Ballyfermot, Dublin 10",53.340159,-6.351706,2.0,2023-06-13 00:00:00,17.92
EPA-50,23_44,Station 50,"Ballyfermot, Dublin 10",53.340159,-6.351706,2.0,2023-06-13 01:00:00,18.21
EPA-50,23_44,Station 50,"Ballyfermot, Dublin 10",53.340159,-6.351706,2.0,2023-06-13 02:00:00,11.19
EPA-50,23_44,Station 50,"Ballyfermot, Dublin 10",53.340159,-6.351706,2.0,2023-06-13 03:00:00,7.48
EPA-50,23_44,Station 50,"Ballyfermot, Dublin 10",53.340159,-6.351706,2.0,2023-06-13 04:00:00,8.54
EPA-50,23_44,Station 50,"Ballyfermot, Dublin 10",53.340159,-6.351706,2.0,2023-06-13 05:00:00,10.89
EPA-50,23_44,Station 50,"Ballyfermot, Dublin 10",53.340159,-6.351706,2.0,2023-06-13 06:00:00,8.94
EPA-50,23_44,Station 50,"Ballyfermot, Dublin 10",53.340159,-6.351706,2.0,2023-06-13 07:00:00,17.35
EPA-50,23_44,Station 50,"Ballyfermot, Dublin 10",53.340159,-6.351706,2.0,2023-06-13 08:00:00,26.7
EPA-50,23_44,Station 50,"Ballyfermot, Dublin 10",53.340159,-6.351706,2.0,2023-06-13 09:00:00,41.28
EPA-50,23_44,Station 50,"Ballyfermot, Dublin 10",53.340159,-6.351706,2.0,2023-06-13 10:00:00,17.67
EPA-50,23_44,Station 50,"Ballyfermot, Dublin 10",53.340159,-6.351706,2.0,2023-06-13 11:00:00,11.87
EPA-50,23_44,Station 50,"Ballyfermot, Dublin 10",53.340159,-6.351706,2.0,2023-06-13 12:00:00,11.76
EPA-50,23_44,Station 50,"Ballyfermot, Dublin 10",53.340159,-6.351706,2.0,2023-06-13 13:00:00,12.77
EPA-50,23_44,Station 50,"Ballyfermot, Dublin 10",53.340159,-6.351706,2.0,2023-06-13 14:00:00,14.22
EPA-50,23_44,Station 50,"Ballyfermot, Dublin 10",53.340159,-6.351706,2.0,2023-06-13 15:00:00,20.86
EPA-50,23_44,Station 50,"Ballyfermot, Dublin 10",53.340159,-6.351706,2.0,2023-06-13 16:00:00,25.06
EPA-50,23_44,Station 50,"Ballyfermot, Dublin 10",53.340159,-6.351706,2.0,2023-06-13 17:00:00,20.93
EPA-50,23_44,Station 50,"Ballyfermot, Dublin 10",53.340159,-6.351706,2.0,2023-06-13 18:00:00,20.59
EPA-50,23_44,Station 50,"Ballyfermot, Dublin 10",53.340159,-6.351706,2.0,2023-06-13 19:00:00,9.89
EPA-50,23_44,Station 50,"Ballyfermot, Dublin 10",53.340159,-6.351706,2.0,2023-06-13 20:00:00,11.06
EPA-50,23_44,Station 50,"Ballyfermot, Dublin 10",53.340159,-6.351706,2.0,2023-06-13 21:00:00,12.85
EPA-50,23_44,Station 50,"Ballyfermot, Dublin 10",53.340159,-6.351706,2.0,2023-06-13 22:00:00,22.59
EPA-50,23_44,Station 50,"Ballyfermot, Dublin 10",53.340159,-6.351706,2.0,2023-06-13 23:00:00,21.99
EPA-50,23_44,Station 50,"Ballyfermot, Dublin 10",53.340159,-6.351706,2.0,2023-06-14 00:00:00,13.22
EPA-50,23_44,Station 50,"Ballyfermot, Dublin 10",53.340159,-6.351706,2.0,2023-06-14 01:00:00,14.96
EPA-50,23_44,Station 50,"Ballyfermot, Dublin 10",53.340159,-6.351706,2.0,2023-06-14 02:00:00,11.84
EPA-50,23_44,Station 50,"Ballyfermot, Dublin 10",53.340159,-6.351706,2.0,2023-06-14 03:00:00,14.31
EPA-50,23_44,Station 50,"Ballyfermot, Dublin 10",53.340159,-6.351706,2.0,2023-06-14 04:00:00,21.6
EPA-50,23_44,Station 50,"Ballyfermot, Dublin 10",53.340159,-6.351706,2.0,2023-06-14 05:00:00,6.56
EPA-50,23_44,Station 50,"Ballyfermot, Dublin 10",53.340159,-6.351706,2.0,2023-06-14 06:00:00,7.77
EPA-50,23_44,Station 50,"Ballyfermot, Dublin 10",53.340159,-6.351706,2.0,2023-06-14 07:00:00,8.96
EPA-50,23_44,Station 50,"Ballyfermot, Dublin 10",53.340159,-6.351706,2.0,2023-06-14 08:00:00,12.59
EPA-50,23_44,Station 50,"Ballyfermot, Dublin 10",53.340159,-6.351706,2.0,2023-06-14 09:00:00,8.18
EPA-50,23_44,Station 50,"Ballyfermot, Dublin 10",53.340159,-6.351706,2.0,2023-06-14 10:00:00,14.79
EPA-50,23_44,Station 50,"Ballyfermot, Dublin 10",53.340159,-6.351706,2.0,2023-06-14 11:00:00,21.6
EPA-50,23_44,Station 50,"Ballyfermot, Dublin 10",53.340159,-6.351706,2.0,2023-06-14 12:00:00,13.23
EPA-50,23_44,Station 50,"Ballyfermot, Dublin 10",53.340159,-6.351706,2.0,2023-06-14 13:00:00,10.95
EPA-50,23_44,Station 50,"Ballyfermot, Dublin 10",53.340159,-6.351706,2.0,2023-06-14 14:00:00,8.13
EPA-50,23_44,Station 50,"Ballyfermot, Dublin 10",53.340159,-6.351706,2.0,2023-06-14 15:00:00,13.11
EPA-50,23_44,Station 50,"Ballyfermot, Dublin 10",53.340159,-6.351706,2.0,2023-06-14 16:00:00,13.33
EPA-50,23_44,Station 50,"Ballyfermot, Dublin 10",53.340159,-6.351706,2.0,2023-06-14 17:00:00,15.15
EPA-50,23_44,Station 50,"Ballyfermot, Dublin 10",53.340159,-6.351706,2.0,2023-06-14 18:00:00,21.87
EPA-50,23_44,Station 50,"Ballyfermot, Dublin 10",53.340159,-6.351706,2.0,2023-06-14 19:00:00,14.77
EPA-50,23_44,Station 50,"Ballyfermot, Dublin 10",53.340159,-6.351706,2.0,2023-06-14 20:00:00,11.36
EPA-50,23_44,Station 50,"Ballyfermot, Dublin 10",53.340159,-6.351706,2.0,2023-06-14 21:00:00,15.93
EPA-50,23_44,Station 50,"Ballyfermot, Dublin 10",53.340159,-6.351706,2.0,2023-06-14 22:00:00,40.83
EPA-50,23_44,Station 50,"Ballyfermot, Dublin 10",53.340159,-6.351706,2.0,2023-06-15 01:00:00,33.66
EPA-50,23_44,Station 50,"Ballyfermot, Dublin 10",53.340159,-6.351706,2.0,2023-06-15 02:00:00,39.98
EPA-50,23_44,Station 50,"Ballyfermot, Dublin 10",53.340159,-6.351706,2.0,2023-06-15 03:00:00,40.6
EPA-50,23_44,Station 50,"Ballyfermot, Dublin 10",53.340159,-6.351706,2.0,2023-06-15 04:00:00,29.84
EPA-50,23_44,Station 50,"Ballyfermot, Dublin 10",53.340159,-6.351706,2.0,2023-06-15 05:00:00,29.11
EPA-50,23_44,Station 50,"Ballyfermot, Dublin 10",53.340159,-6.351706,2.0,2023-06-15 06:00:00,34.2
EPA-50,23_44,Station 50,"Ballyfermot, Dublin 10",53.340159,-6.351706,2.0,2023-06-15 07:00:00,38.99
EPA-50,23_44,Station 50,"Ballyfermot, Dublin 10",53.340159,-6.351706,2.0,2023-06-15 08:00:00,30.92
EPA-50,23_44,Station 50,"Ballyfermot, Dublin 10",53.340159,-6.351706,2.0,2023-06-15 09:00:00,18.74
EPA-50,23_44,Station 50,"Ballyfermot, Dublin 10",53.340159,-6.351706,2.0,2023-06-15 10:00:00,20.7
EPA-50,23_44,Station 50,"Ballyfermot, Dublin 10",53.340159,-6.351706,2.0,2023-06-15 11:00:00,28.1
EPA-50,23_44,Station 50,"Ballyfermot, Dublin 10",53.340159,-6.351706,2.0,2023-06-15 12:00:00,26.97
EPA-50,23_44,Station 50,"Ballyfermot, Dublin 10",53.340159,-6.351706,2.0,2023-06-15 13:00:00,29.53
EPA-50,23_44,Station 50,"Ballyfermot, Dublin 10",53.340159,-6.351706,2.0,2023-06-15 14:00:00,26.81
EPA-50,23_44,Station 50,"Ballyfermot, Dublin 10",53.340159,-6.351706,2.0,2023-06-15 15:00:00,18.97
EPA-50,23_44,Station 50,"Ballyfermot, Dublin 10",53.340159,-6.351706,2.0,2023-06-15 16:00:00,16.91
EPA-50,23_44,Station 50,"Ballyfermot, Dublin 10",53.340159,-6.351706,2.0,2023-06-15 17:00:00,25.92
EPA-50,23_44,Station 50,"Ballyfermot, Dublin 10",53.340159,-6.351706,2.0,2023-06-15 18:00:00,28.52
EPA-50,23_44,Station 50,"Ballyfermot, Dublin 10",53.340159,-6.351706,2.0,2023-06-15 19:00:00,25.8
EPA-50,23_44,Station 50,"Ballyfermot, Dublin 10",53.340159,-6.351706,2.0,2023-06-15 20:00:00,20.23
EPA-50,23_44,Station 50,"Ballyfermot, Dublin 10",53.340159,-6.351706,2.0,2023-06-15 21:00:00,21.7
EPA-50,23_44,Station 50,"Ballyfermot, Dublin 10",53.340159,-6.351706,2.0,2023-06-15 22:00:00,24.98
EPA-50,23_44,Station 50,"Ballyfermot, Dublin 10",53.340159,-6.351706,2.0,2023-06-15 23:00:00,23.58
EPA-50,23_44,Station 50,"Ballyfermot, Dublin 10",53.340159,-6.351706,2.0,2023-06-16 00:00:00,28.37
EPA-50,23_44,Station 50,"Ballyfermot, Dublin 10",53.340159,-6.351706,2.0,2023-06-16 01:00:00,22.85
EPA-50,23_44,Station 50,"Ballyfermot, Dublin 10",53.340159,-6.351706,2.0,2023-06-16 02:00:00,26.87
EPA-50,23_44,Station 50,"Ballyfermot, Dublin 10",53.340159,-6.351706,2.0,2023-06-16 03:00:00,17.67
EPA-50,23_44,Station 50,"Ballyfermot, Dublin 10",53.340159,-6.351706,2.0,2023-06-16 04:00:00,24.64
EPA-50,23_44,Station 50,"Ballyfermot, Dublin 10",53.340159,-6.351706,2.0,2023-06-16 05:00:00,22.45
EPA-50,23_44,Station 50,"Ballyfermot, Dublin 10",53.340159,-6.351706,2.0,2023-06-16 06:00:00,31.65
EPA-50,23_44,Station 50,"Ballyfermot, Dublin 10",53.340159,-6.351706,2.0,2023-06-16 07:00:00,32.35
EPA-50,23_44,Station 50,"Ballyfermot, Dublin 10",53.340159,-6.351706,2.0,2023-06-16 08:00:00,40.75
EPA-50,23_44,Station 50,"Ballyfermot, Dublin 10",53.340159,-6.351706,2.0,2023-06-16 09:00:00,38.19
EPA-50,23_44,Station 50,"Ballyfermot, Dublin 10",53.340159,-6.351706,2.0,2023-06-16 10:00:00,19.45
EPA-50,23_44,Station 50,"Ballyfermot, Dublin 10",53.340159,-6.351706,2.0,2023-06-16 11:00:00,14.26
EPA-50,23_44,Station 50,"Ballyfermot, Dublin 10",53.340159,-6.351706,2.0,2023-06-16 12:00:00,14.66
EPA-50,23_44,Station 50,"Ballyfermot, Dublin 10",53.340159,-6.351706,2.0,2023-06-16 13:00:00,28.73
EPA-50,23_44,Station 50,"Ballyfermot, Dublin 10",53.340159,-6.351706,2.0,2023-06-16 14:00:00,30.31
EPA-50,23_44,Station 50,"Ballyfermot, Dublin 10",53.340159,-6.351706,2.0,2023-06-16 15:00:00,25.47
EPA-50,23_44,Station 50,"Ballyfermot, Dublin 10",53.340159,-6.351706,2.0,2023-06-16 16:00:00,27.91
EPA-50,23_44,Station 50,"Ballyfermot, Dublin 10",53.340159,-6.351706,2.0,2023-06-16 17:00:00,32.89
EPA-50,23_44,Station 50,"Ballyfermot, Dublin 10",53.340159,-6.351706,2.0,2023-06-16 18:00:00,33.66
EPA-50,23_44,Station 50,"Ballyfermot, Dublin 10",53.340159,-6.351706,2.0,2023-06-16 19:00:00,17.66
EPA-50,23_44,Station 50,"Ballyfermot, Dublin 10",53.340159,-6.351706,2.0,2023-06-16 20:00:00,10.17
EPA-50,23_44,Station 50,"Ballyfermot, Dublin 10",53.340159,-6.351706,2.0,2023-06-16 21:00:00,11.1
EPA-50,23_44,Station 50,"Ballyfermot, Dublin 10",53.340159,-6.351706,2.0,2023-06-16 22:00:00,8.54
EPA-50,23_44,Station 50,"Ballyfermot, Dublin 10",53.340159,-6.351706,2.0,2023-06-16 23:00:00,10.48
EPA-50,23_44,Station 50,"Ballyfermot, Dublin 10",53.340159,-6.351706,2.0,2023-06-17 00:00:00,7.01
EPA-50,23_44,Station 50,"Ballyfermot, Dublin 10",53.340159,-6.351706,2.0,2023-06-17 01:00:00,5.23
EPA-50,23_44,Station 50,"Ballyfermot, Dublin 10",53.340159,-6.351706,2.0,2023-06-17 02:00:00,4.48
EPA-50,23_44,Station 50,"Ballyfermot, Dublin 10",53.340159,-6.351706,2.0,2023-06-17 03:00:00,4.97
EPA-50,23_44,Station 50,"Ballyfermot, Dublin 10",53.340159,-6.351706,2.0,2023-06-17 04:00:00,5.21
EPA-50,23_44,Station 50,"Ballyfermot, Dublin 10",53.340159,-6.351706,2.0,2023-06-17 05:00:00,3.9
EPA-50,23_44,Station 50,"Ballyfermot, Dublin 10",53.340159,-6.351706,2.0,2023-06-17 06:00:00,3.19
EPA-50,23_44,Station 50,"Ballyfermot, Dublin 10",53.340159,-6.351706,2.0,2023-06-17 07:00:00,6.39
EPA-50,23_44,Station 50,"Ballyfermot, Dublin 10",53.340159,-6.351706,2.0,2023-06-17 08:00:00,5.85
EPA-50,23_44,Station 50,"Ballyfermot, Dublin 10",53.340159,-6.351706,2.0,2023-06-17 09:00:00,6.99
EPA-50,23_44,Station 50,"Ballyfermot, Dublin 10",53.340159,-6.351706,2.0,2023-06-17 10:00:00,7.56
EPA-50,23_44,Station 50,"Ballyfermot, Dublin 10",53.340159,-6.351706,2.0,2023-06-17 11:00:00,9.02
EPA-50,23_44,Station 50,"Ballyfermot, Dublin 10",53.340159,-6.351706,2.0,2023-06-17 12:00:00,7.59
EPA-50,23_44,Station 50,"Ballyfermot, Dublin 10",53.340159,-6.351706,2.0,2023-06-17 13:00:00,6.38
EPA-50,23_44,Station 50,"Ballyfermot, Dublin 10",53.340159,-6.351706,2.0,2023-06-17 14:00:00,6.51
EPA-50,23_44,Station 50,"Ballyfermot, Dublin 10",53.340159,-6.351706,2.0,2023-06-17 15:00:00,4.95
EPA-50,23_44,Station 50,"Ballyfermot, Dublin 10",53.340159,-6.351706,2.0,2023-06-17 16:00:00,4.79
EPA-50,23_44,Station 50,"Ballyfermot, Dublin 10",53.340159,-6.351706,2.0,2023-06-17 17:00:00,6.63
EPA-50,23_44,Station 50,"Ballyfermot, Dublin 10",53.340159,-6.351706,2.0,2023-06-17 18:00:00,6.94
EPA-50,23_44,Station 50,"Ballyfermot, Dublin 10",53.340159,-6.351706,2.0,2023-06-17 19:00:00,8.86
EPA-50,23_44,Station 50,"Ballyfermot, Dublin 10",53.340159,-6.351706,2.0,2023-06-17 20:00:00,13.45
EPA-50,23_44,Station 50,"Ballyfermot, Dublin 10",53.340159,-6.351706,2.0,2023-06-17 21:00:00,10.92
EPA-50,23_44,Station 50,"Ballyfermot, Dublin 10",53.340159,-6.351706,2.0,2023-06-17 22:00:00,11.58
EPA-50,23_44,Station 50,"Ballyfermot, Dublin 10",53.340159,-6.351706,2.0,2023-06-17 23:00:00,7.11
EPA-50,23_44,Station 50,"Ballyfermot, Dublin 10",53.340159,-6.351706,2.0,2023-06-18 00:00:00,5.55
EPA-50,23_44,Station 50,"Ballyfermot, Dublin 10",53.340159,-6.351706,2.0,2023-06-18 01:00:00,6.37
EPA-50,23_44,Station 50,"Ballyfermot, Dublin 10",53.340159,-6.351706,2.0,2023-06-18 02:00:00,6.67
EPA-50,23_44,Station 50,"Ballyfermot, Dublin 10",53.340159,-6.351706,2.0,2023-06-18 03:00:00,5.77
EPA-50,23_44,Station 50,"Ballyfermot, Dublin 10",53.340159,-6.351706,2.0,2023-06-18 04:00:00,6.09
EPA-50,23_44,Station 50,"Ballyfermot, Dublin 10",53.340159,-6.351706,2.0,2023-06-18 05:00:00,6.42
EPA-50,23_44,Station 50,"Ballyfermot, Dublin 10",53.340159,-6.351706,2.0,2023-06-18 06:00:00,6.38
EPA-50,23_44,Station 50,"Ballyfermot, Dublin 10",53.340159,-6.351706,2.0,2023-06-18 07:00:00,8.27
EPA-50,23_44,Station 50,"Ballyfermot, Dublin 10",53.340159,-6.351706,2.0,2023-06-18 08:00:00,10.86
EPA-50,23_44,Station 50,"Ballyfermot, Dublin 10",53.340159,-6.351706,2.0,2023-06-18 09:00:00,9.4
EPA-50,23_44,Station 50,"Ballyfermot, Dublin 10",53.340159,-6.351706,2.0,2023-06-18 10:00:00,6.33
EPA-50,23_44,Station 50,"Ballyfermot, Dublin 10",53.340159,-6.351706,2.0,2023-06-18 11:00:00,6.09
EPA-50,23_44,Station 50,"Ballyfermot, Dublin 10",53.340159,-6.351706,2.0,2023-06-18 12:00:00,6.36
EPA-50,23_44,Station 50,"Ballyfermot, Dublin 10",53.340159,-6.351706,2.0,2023-06-18 13:00:00,4.99
EPA-50,23_44,Station 50,"Ballyfermot, Dublin 10",53.340159,-6.351706,2.0,2023-06-18 14:00:00,4.68
EPA-50,23_44,Station 50,"Ballyfermot, Dublin 10",53.340159,-6.351706,2.0,2023-06-18 15:00:00,3.54
EPA-50,23_44,Station 50,"Ballyfermot, Dublin 10",53.340159,-6.351706,2.0,2023-06-18 16:00:00,3.47
EPA-50,23_44,Station 50,"Ballyfermot, Dublin 10",53.340159,-6.351706,2.0,2023-06-18 17:00:00,3.48
EPA-50,23_44,Station 50,"Ballyfermot, Dublin 10",53.340159,-6.351706,2.0,2023-06-18 18:00:00,4.46
EPA-50,23_44,Station 50,"Ballyfermot, Dublin 10",53.340159,-6.351706,2.0,2023-06-18 19:00:00,4.67
EPA-50,23_44,Station 50,"Ballyfermot, Dublin 10",53.340159,-6.351706,2.0,2023-06-18 20:00:00,4.32
EPA-50,23_44,Station 50,"Ballyfermot, Dublin 10",53.340159,-6.351706,2.0,2023-06-18 21:00:00,5.05
EPA-50,23_44,Station 50,"Ballyfermot, Dublin 10",53.340159,-6.351706,2.0,2023-06-18 22:00:00,4.17
EPA-50,23_44,Station 50,"Ballyfermot, Dublin 10",53.340159,-6.351706,2.0,2023-06-18 23:00:00,3.53
EPA-50,23_44,Station 50,"Ballyfermot, Dublin 10",53.340159,-6.351706,2.0,2023-06-19 00:00:00,3.75
EPA-50,23_44,Station 50,"Ballyfermot, Dublin 10",53.340159,-6.351706,2.0,2023-06-19 01:00:00,3.83
EPA-50,23_44,Station 50,"Ballyfermot, Dublin 10",53.340159,-6.351706,2.0,2023-06-19 02:00:00,3.68
EPA-50,23_44,Station 50,"Ballyfermot, Dublin 10",53.340159,-6.351706,2.0,2023-06-19 03:00:00,3.14
EPA-50,23_44,Station 50,"Ballyfermot, Dublin 10",53.340159,-6.351706,2.0,2023-06-19 04:00:00,3.18
EPA-50,23_44,Station 50,"Ballyfermot, Dublin 10",53.340159,-6.351706,2.0,2023-06-19 05:00:00,3.74
EPA-50,23_44,Station 50,"Ballyfermot, Dublin 10",53.340159,-6.351706,2.0,2023-06-19 06:00:00,4.97
EPA-50,23_44,Station 50,"Ballyfermot, Dublin 10",53.340159,-6.351706,2.0,2023-06-19 07:00:00,7.99
EPA-50,23_44,Station 50,"Ballyfermot, Dublin 10",53.340159,-6.351706,2.0,2023-06-19 08:00:00,6.96
EPA-50,23_44,Station 50,"Ballyfermot, Dublin 10",53.340159,-6.351706,2.0,2023-06-19 09:00:00,7.47
EPA-50,23_44,Station 50,"Ballyfermot, Dublin 10",53.340159,-6.351706,2.0,2023-06-19 10:00:00,4.49
EPA-50,23_44,Station 50,"Ballyfermot, Dublin 10",53.340159,-6.351706,2.0,2023-06-19 11:00:00,4.76
EPA-50,23_44,Station 50,"Ballyfermot, Dublin 10",53.340159,-6.351706,2.0,2023-06-19 12:00:00,4.41
EPA-50,23_44,Station 50,"Ballyfermot, Dublin 10",53.340159,-6.351706,2.0,2023-06-19 13:00:00,5.08
EPA-50,23_44,Station 50,"Ballyfermot, Dublin 10",53.340159,-6.351706,2.0,2023-06-19 14:00:00,7.27
EPA-50,23_44,Station 50,"Ballyfermot, Dublin 10",53.340159,-6.351706,2.0,2023-06-19 15:00:00,7.96
EPA-50,23_44,Station 50,"Ballyfermot, Dublin 10",53.340159,-6.351706,2.0,2023-06-19 16:00:00,8.48
EPA-50,23_44,Station 50,"Ballyfermot, Dublin 10",53.340159,-6.351706,2.0,2023-06-19 17:00:00,5.51
EPA-50,23_44,Station 50,"Ballyfermot, Dublin 10",53.340159,-6.351706,2.0,2023-06-19 18:00:00,4.57
EPA-50,23_44,Station 50,"Ballyfermot, Dublin 10",53.340159,-6.351706,2.0,2023-06-19 19:00:00,4.61
EPA-50,23_44,Station 50,"Ballyfermot, Dublin 10",53.340159,-6.351706,2.0,2023-06-19 20:00:00,4.26
EPA-50,23_44,Station 50,"Ballyfermot, Dublin 10",53.340159,-6.351706,2.0,2023-06-19 21:00:00,4.69
EPA-50,23_44,Station 50,"Ballyfermot, Dublin 10",53.340159,-6.351706,2.0,2023-06-19 22:00:00,4.18
EPA-50,23_44,Station 50,"Ballyfermot, Dublin 10",53.340159,-6.351706,2.0,2023-06-19 23:00:00,5.06
EPA-50,23_44,Station 50,"Ballyfermot, Dublin 10",53.340159,-6.351706,2.0,2023-06-20 00:00:00,4.5
EPA-50,23_44,Station 50,"Ballyfermot, Dublin 10",53.340159,-6.351706,2.0,2023-06-20 01:00:00,3.84
EPA-50,23_44,Station 50,"Ballyfermot, Dublin 10",53.340159,-6.351706,2.0,2023-06-20 02:00:00,3.35
EPA-50,23_44,Station 50,"Ballyfermot, Dublin 10",53.340159,-6.351706,2.0,2023-06-20 03:00:00,4.16
EPA-50,23_44,Station 50,"Ballyfermot, Dublin 10",53.340159,-6.351706,2.0,2023-06-20 04:00:00,4.98
EPA-50,23_44,Station 50,"Ballyfermot, Dublin 10",53.340159,-6.351706,2.0,2023-06-20 05:00:00,6.01
EPA-50,23_44,Station 50,"Ballyfermot, Dublin 10",53.340159,-6.351706,2.0,2023-06-20 06:00:00,12.45
EPA-50,23_44,Station 50,"Ballyfermot, Dublin 10",53.340159,-6.351706,2.0,2023-06-20 07:00:00,26.96
EPA-50,23_44,Station 50,"Ballyfermot, Dublin 10",53.340159,-6.351706,2.0,2023-06-20 08:00:00,18.86
EPA-50,23_44,Station 50,"Ballyfermot, Dublin 10",53.340159,-6.351706,2.0,2023-06-20 09:00:00,14.76
EPA-50,23_44,Station 50,"Ballyfermot, Dublin 10",53.340159,-6.351706,2.0,2023-06-20 10:00:00,6.04
EPA-50,23_44,Station 50,"Ballyfermot, Dublin 10",53.340159,-6.351706,2.0,2023-06-20 11:00:00,5.64
EPA-50,23_44,Station 50,"Ballyfermot, Dublin 10",53.340159,-6.351706,2.0,2023-06-20 12:00:00,11.45
EPA-50,23_44,Station 50,"Ballyfermot, Dublin 10",53.340159,-6.351706,2.0,2023-06-20 13:00:00,13.3
EPA-50,23_44,Station 50,"Ballyfermot, Dublin 10",53.340159,-6.351706,2.0,2023-06-20 14:00:00,11.49
EPA-50,23_44,Station 50,"Ballyfermot, Dublin 10",53.340159,-6.351706,2.0,2023-06-20 15:00:00,11.67
EPA-50,23_44,Station 50,"Ballyfermot, Dublin 10",53.340159,-6.351706,2.0,2023-06-20 16:00:00,10.85
EPA-50,23_44,Station 50,"Ballyfermot, Dublin 10",53.340159,-6.351706,2.0,2023-06-20 17:00:00,20.56
EPA-50,23_44,Station 50,"Ballyfermot, Dublin 10",53.340159,-6.351706,2.0,2023-06-20 18:00:00,13.02
EPA-50,23_44,Station 50,"Ballyfermot, Dublin 10",53.340159,-6.351706,2.0,2023-06-20 19:00:00,12.26
EPA-50,23_44,Station 50,"Ballyfermot, Dublin 10",53.340159,-6.351706,2.0,2023-06-20 20:00:00,6.11
EPA-50,23_44,Station 50,"Ballyfermot, Dublin 10",53.340159,-6.351706,2.0,2023-06-20 21:00:00,8.32
EPA-50,23_44,Station 50,"Ballyfermot, Dublin 10",53.340159,-6.351706,2.0,2023-06-20 22:00:00,8.59
EPA-50,23_44,Station 50,"Ballyfermot, Dublin 10",53.340159,-6.351706,2.0,2023-06-20 23:00:00,8.2
EPA-50,23_44,Station 50,"Ballyfermot, Dublin 10",53.340159,-6.351706,2.0,2023-06-21 00:00:00,5.47
EPA-50,23_44,Station 50,"Ballyfermot, Dublin 10",53.340159,-6.351706,2.0,2023-06-21 01:00:00,4.37
EPA-50,23_44,Station 50,"Ballyfermot, Dublin 10",53.340159,-6.351706,2.0,2023-06-21 02:00:00,4.38
EPA-50,23_44,Station 50,"Ballyfermot, Dublin 10",53.340159,-6.351706,2.0,2023-06-21 03:00:00,4.39
EPA-50,23_44,Station 50,"Ballyfermot, Dublin 10",53.340159,-6.351706,2.0,2023-06-21 04:00:00,4.21
EPA-50,23_44,Station 50,"Ballyfermot, Dublin 10",53.340159,-6.351706,2.0,2023-06-21 05:00:00,3.79
EPA-50,23_44,Station 50,"Ballyfermot, Dublin 10",53.340159,-6.351706,2.0,2023-06-21 06:00:00,5.95
EPA-50,23_44,Station 50,"Ballyfermot, Dublin 10",53.340159,-6.351706,2.0,2023-06-21 07:00:00,9.54
EPA-50,23_44,Station 50,"Ballyfermot, Dublin 10",53.340159,-6.351706,2.0,2023-06-21 08:00:00,10.0
EPA-50,23_44,Station 50,"Ballyfermot, Dublin 10",53.340159,-6.351706,2.0,2023-06-21 09:00:00,6.6
EPA-50,23_44,Station 50,"Ballyfermot, Dublin 10",53.340159,-6.351706,2.0,2023-06-21 10:00:00,5.09
EPA-50,23_44,Station 50,"Ballyfermot, Dublin 10",53.340159,-6.351706,2.0,2023-06-21 11:00:00,4.38
EPA-50,23_44,Station 50,"Ballyfermot, Dublin 10",53.340159,-6.351706,2.0,2023-06-21 12:00:00,4.67
EPA-50,23_44,Station 50,"Ballyfermot, Dublin 10",53.340159,-6.351706,2.0,2023-06-21 13:00:00,4.11
EPA-50,23_44,Station 50,"Ballyfermot, Dublin 10",53.340159,-6.351706,2.0,2023-06-21 14:00:00,4.32
EPA-50,23_44,Station 50,"Ballyfermot, Dublin 10",53.340159,-6.351706,2.0,2023-06-21 15:00:00,4.96
EPA-50,23_44,Station 50,"Ballyfermot, Dublin 10",53.340159,-6.351706,2.0,2023-06-21 16:00:00,4.72
EPA-50,23_44,Station 50,"Ballyfermot, Dublin 10",53.340159,-6.351706,2.0,2023-06-21 17:00:00,3.59
EPA-50,23_44,Station 50,"Ballyfermot, Dublin 10",53.340159,-6.351706,2.0,2023-06-21 18:00:00,4.47
EPA-50,23_44,Station 50,"Ballyfermot, Dublin 10",53.340159,-6.351706,2.0,2023-06-21 19:00:00,4.59
EPA-50,23_44,Station 50,"Ballyfermot, Dublin 10",53.340159,-6.351706,2.0,2023-06-21 20:00:00,5.85
EPA-50,23_44,Station 50,"Ballyfermot, Dublin 10",53.340159,-6.351706,2.0,2023-06-21 21:00:00,5.65
EPA-50,23_44,Station 50,"Ballyfermot, Dublin 10",53.340159,-6.351706,2.0,2023-06-21 22:00:00,5.79
EPA-50,23_44,Station 50,"Ballyfermot, Dublin 10",53.340159,-6.351706,2.0,2023-06-22 01:00:00,9.79
EPA-50,23_44,Station 50,"Ballyfermot, Dublin 10",53.340159,-6.351706,2.0,2023-06-22 02:00:00,7.15
EPA-50,23_44,Station 50,"Ballyfermot, Dublin 10",53.340159,-6.351706,2.0,2023-06-22 03:00:00,6.11
EPA-50,23_44,Station 50,"Ballyfermot, Dublin 10",53.340159,-6.351706,2.0,2023-06-22 04:00:00,10.25
EPA-50,23_44,Station 50,"Ballyfermot, Dublin 10",53.340159,-6.351706,2.0,2023-06-22 05:00:00,13.67
EPA-50,23_44,Station 50,"Ballyfermot, Dublin 10",53.340159,-6.351706,2.0,2023-06-22 06:00:00,22.2
EPA-50,23_44,Station 50,"Ballyfermot, Dublin 10",53.340159,-6.351706,2.0,2023-06-22 07:00:00,19.32
EPA-50,23_44,Station 50,"Ballyfermot, Dublin 10",53.340159,-6.351706,2.0,2023-06-22 08:00:00,19.94
EPA-50,23_44,Station 50,"Ballyfermot, Dublin 10",53.340159,-6.351706,2.0,2023-06-22 09:00:00,18.28
EPA-50,23_44,Station 50,"Ballyfermot, Dublin 10",53.340159,-6.351706,2.0,2023-06-22 10:00:00,11.01
EPA-50,23_44,Station 50,"Ballyfermot, Dublin 10",53.340159,-6.351706,2.0,2023-06-22 10:01:00,
EPA-50,23_44,Station 50,"Ballyfermot, Dublin 10",53.340159,-6.351706,2.0,2023-06-22 11:01:00,
EPA-50,23_44,Station 50,"Ballyfermot, Dublin 10",53.340159,-6.351706,2.0,2023-06-22 12:00:00,-4.1
EPA-50,23_44,Station 50,"Ballyfermot, Dublin 10",53.340159,-6.351706,2.0,2023-06-22 13:00:00,-5.25
EPA-50,23_44,Station 50,"Ballyfermot, Dublin 10",53.340159,-6.351706,2.0,2023-06-22 14:00:00,-5.03
EPA-50,23_44,Station 50,"Ballyfermot, Dublin 10",53.340159,-6.351706,2.0,2023-06-22 15:00:00,-6.48
EPA-50,23_44,Station 50,"Ballyfermot, Dublin 10",53.340159,-6.351706,2.0,2023-06-22 16:00:00,-1.75
EPA-50,23_44,Station 50,"Ballyfermot, Dublin 10",53.340159,-6.351706,2.0,2023-06-22 17:00:00,7.56
EPA-50,23_44,Station 50,"Ballyfermot, Dublin 10",53.340159,-6.351706,2.0,2023-06-22 18:00:00,14.63
EPA-50,23_44,Station 50,"Ballyfermot, Dublin 10",53.340159,-6.351706,2.0,2023-06-22 19:00:00,3.51
EPA-50,23_44,Station 50,"Ballyfermot, Dublin 10",53.340159,-6.351706,2.0,2023-06-22 20:00:00,-2.67
EPA-50,23_44,Station 50,"Ballyfermot, Dublin 10",53.340159,-6.351706,2.0,2023-06-22 21:00:00,19.88
EPA-50,23_44,Station 50,"Ballyfermot, Dublin 10",53.340159,-6.351706,2.0,2023-06-22 22:00:00,37.62
EPA-50,23_44,Station 50,"Ballyfermot, Dublin 10",53.340159,-6.351706,2.0,2023-06-22 23:00:00,25.19
EPA-50,23_44,Station 50,"Ballyfermot, Dublin 10",53.340159,-6.351706,2.0,2023-06-23 00:00:00,-10.28
EPA-50,23_44,Station 50,"Ballyfermot, Dublin 10",53.340159,-6.351706,2.0,2023-06-23 01:00:00,-10.58
EPA-50,23_44,Station 50,"Ballyfermot, Dublin 10",53.340159,-6.351706,2.0,2023-06-23 02:00:00,-11.3
EPA-50,23_44,Station 50,"Ballyfermot, Dublin 10",53.340159,-6.351706,2.0,2023-06-23 03:00:00,-11.66
EPA-50,23_44,Station 50,"Ballyfermot, Dublin 10",53.340159,-6.351706,2.0,2023-06-23 04:00:00,-11.46
EPA-50,23_44,Station 50,"Ballyfermot, Dublin 10",53.340159,-6.351706,2.0,2023-06-23 05:00:00,-9.05
EPA-50,23_44,Station 50,"Ballyfermot, Dublin 10",53.340159,-6.351706,2.0,2023-06-23 06:00:00,-4.42
EPA-50,23_44,Station 50,"Ballyfermot, Dublin 10",53.340159,-6.351706,2.0,2023-06-23 07:00:00,-1.66
EPA-50,23_44,Station 50,"Ballyfermot, Dublin 10",53.340159,-6.351706,2.0,2023-06-23 08:00:00,-2.77
EPA-50,23_44,Station 50,"Ballyfermot, Dublin 10",53.340159,-6.351706,2.0,2023-06-23 09:00:00,-0.09
EPA-50,23_44,Station 50,"Ballyfermot, Dublin 10",53.340159,-6.351706,2.0,2023-06-23 10:00:00,-4.38
EPA-50,23_44,Station 50,"Ballyfermot, Dublin 10",53.340159,-6.351706,2.0,2023-06-23 11:00:00,-5.55
EPA-50,23_44,Station 50,"Ballyfermot, Dublin 10",53.340159,-6.351706,2.0,2023-06-23 12:00:00,-5.2
EPA-50,23_44,Station 50,"Ballyfermot, Dublin 10",53.340159,-6.351706,2.0,2023-06-23 13:00:00,-6.34
EPA-50,23_44,Station 50,"Ballyfermot, Dublin 10",53.340159,-6.351706,2.0,2023-06-23 14:00:00,-6.25
EPA-50,23_44,Station 50,"Ballyfermot, Dublin 10",53.340159,-6.351706,2.0,2023-06-23 15:00:00,-6.61
EPA-50,23_44,Station 50,"Ballyfermot, Dublin 10",53.340159,-6.351706,2.0,2023-06-23 16:00:00,-5.54
EPA-50,23_44,Station 50,"Ballyfermot, Dublin 10",53.340159,-6.351706,2.0,2023-06-23 17:00:00,-8.14
EPA-50,23_44,Station 50,"Ballyfermot, Dublin 10",53.340159,-6.351706,2.0,2023-06-23 18:00:00,-8.76
EPA-50,23_44,Station 50,"Ballyfermot, Dublin 10",53.340159,-6.351706,2.0,2023-06-23 19:00:00,-8.79
EPA-50,23_44,Station 50,"Ballyfermot, Dublin 10",53.340159,-6.351706,2.0,2023-06-23 20:00:00,-10.12
EPA-50,23_44,Station 50,"Ballyfermot, Dublin 10",53.340159,-6.351706,2.0,2023-06-23 21:00:00,-11.48
EPA-50,23_44,Station 50,"Ballyfermot, Dublin 10",53.340159,-6.351706,2.0,2023-06-23 22:00:00,-11.64
EPA-50,23_44,Station 50,"Ballyfermot, Dublin 10",53.340159,-6.351706,2.0,2023-06-23 23:00:00,-11.97
EPA-50,23_44,Station 50,"Ballyfermot, Dublin 10",53.340159,-6.351706,2.0,2023-06-24 00:00:00,-11.84
EPA-50,23_44,Station 50,"Ballyfermot, Dublin 10",53.340159,-6.351706,2.0,2023-06-24 01:00:00,-11.6
EPA-50,23_44,Station 50,"Ballyfermot, Dublin 10",53.340159,-6.351706,2.0,2023-06-24 02:00:00,-12.66
EPA-50,23_44,Station 50,"Ballyfermot, Dublin 10",53.340159,-6.351706,2.0,2023-06-24 03:00:00,-12.5
EPA-50,23_44,Station 50,"Ballyfermot, Dublin 10",53.340159,-6.351706,2.0,2023-06-24 04:00:00,-12.51
EPA-50,23_44,Station 50,"Ballyfermot, Dublin 10",53.340159,-6.351706,2.0,2023-06-24 05:00:00,-11.96
EPA-50,23_44,Station 50,"Ballyfermot, Dublin 10",53.340159,-6.351706,2.0,2023-06-24 06:00:00,-10.84
EPA-50,23_44,Station 50,"Ballyfermot, Dublin 10",53.340159,-6.351706,2.0,2023-06-24 07:00:00,-8.06
EPA-50,23_44,Station 50,"Ballyfermot, Dublin 10",53.340159,-6.351706,2.0,2023-06-24 08:00:00,-9.88
EPA-50,23_44,Station 50,"Ballyfermot, Dublin 10",53.340159,-6.351706,2.0,2023-06-24 09:00:00,-10.47
EPA-50,23_44,Station 50,"Ballyfermot, Dublin 10",53.340159,-6.351706,2.0,2023-06-24 10:00:00,-9.68
EPA-50,23_44,Station 50,"Ballyfermot, Dublin 10",53.340159,-6.351706,2.0,2023-06-24 11:00:00,-10.6
EPA-50,23_44,Station 50,"Ballyfermot, Dublin 10",53.340159,-6.351706,2.0,2023-06-24 12:00:00,-10.39
EPA-50,23_44,Station 50,"Ballyfermot, Dublin 10",53.340159,-6.351706,2.0,2023-06-24 13:00:00,-10.12
EPA-50,23_44,Station 50,"Ballyfermot, Dublin 10",53.340159,-6.351706,2.0,2023-06-24 14:00:00,-11.11
EPA-50,23_44,Station 50,"Ballyfermot, Dublin 10",53.340159,-6.351706,2.0,2023-06-24 15:00:00,-11.78
EPA-50,23_44,Station 50,"Ballyfermot, Dublin 10",53.340159,-6.351706,2.0,2023-06-24 16:00:00,-11.72
EPA-50,23_44,Station 50,"Ballyfermot, Dublin 10",53.340159,-6.351706,2.0,2023-06-24 17:00:00,-11.18
EPA-50,23_44,Station 50,"Ballyfermot, Dublin 10",53.340159,-6.351706,2.0,2023-06-24 18:00:00,-11.67
EPA-50,23_44,Station 50,"Ballyfermot, Dublin 10",53.340159,-6.351706,2.0,2023-06-24 19:00:00,-10.17
EPA-50,23_44,Station 50,"Ballyfermot, Dublin 10",53.340159,-6.351706,2.0,2023-06-24 20:00:00,-10.62
EPA-50,23_44,Station 50,"Ballyfermot, Dublin 10",53.340159,-6.351706,2.0,2023-06-24 21:00:00,-11.33
EPA-50,23_44,Station 50,"Ballyfermot, Dublin 10",53.340159,-6.351706,2.0,2023-06-24 22:00:00,-11.25
EPA-50,23_44,Station 50,"Ballyfermot, Dublin 10",53.340159,-6.351706,2.0,2023-06-24 23:00:00,-10.26
EPA-50,23_44,Station 50,"Ballyfermot, Dublin 10",53.340159,-6.351706,2.0,2023-06-25 00:00:00,-11.15
EPA-50,23_44,Station 50,"Ballyfermot, Dublin 10",53.340159,-6.351706,2.0,2023-06-25 01:00:00,-12.1
EPA-50,23_44,Station 50,"Ballyfermot, Dublin 10",53.340159,-6.351706,2.0,2023-06-25 02:00:00,-12.62
EPA-50,23_44,Station 50,"Ballyfermot, Dublin 10",53.340159,-6.351706,2.0,2023-06-25 03:00:00,-12.44
EPA-50,23_44,Station 50,"Ballyfermot, Dublin 10",53.340159,-6.351706,2.0,2023-06-25 04:00:00,-12.66
EPA-50,23_44,Station 50,"Ballyfermot, Dublin 10",53.340159,-6.351706,2.0,2023-06-25 05:00:00,-12.51
EPA-50,23_44,Station 50,"Ballyfermot, Dublin 10",53.340159,-6.351706,2.0,2023-06-25 06:00:00,-12.6
EPA-50,23_44,Station 50,"Ballyfermot, Dublin 10",53.340159,-6.351706,2.0,2023-06-25 07:00:00,-12.24
EPA-50,23_44,Station 50,"Ballyfermot, Dublin 10",53.340159,-6.351706,2.0,2023-06-25 08:00:00,-11.66
EPA-50,23_44,Station 50,"Ballyfermot, Dublin 10",53.340159,-6.351706,2.0,2023-06-25 09:00:00,-10.91
EPA-50,23_44,Station 50,"Ballyfermot, Dublin 10",53.340159,-6.351706,2.0,2023-06-25 10:00:00,-7.24
EPA-50,23_44,Station 50,"Ballyfermot, Dublin 10",53.340159,-6.351706,2.0,2023-06-25 11:00:00,-10.97
EPA-50,23_44,Station 50,"Ballyfermot, Dublin 10",53.340159,-6.351706,2.0,2023-06-25 12:00:00,-11.85
EPA-50,23_44,Station 50,"Ballyfermot, Dublin 10",53.340159,-6.351706,2.0,2023-06-25 13:00:00,-10.48
EPA-50,23_44,Station 50,"Ballyfermot, Dublin 10",53.340159,-6.351706,2.0,2023-06-25 14:00:00,-9.99
EPA-50,23_44,Station 50,"Ballyfermot, Dublin 10",53.340159,-6.351706,2.0,2023-06-25 15:00:00,-11.53
EPA-50,23_44,Station 50,"Ballyfermot, Dublin 10",53.340159,-6.351706,2.0,2023-06-25 16:00:00,-10.82
EPA-50,23_44,Station 50,"Ballyfermot, Dublin 10",53.340159,-6.351706,2.0,2023-06-25 17:00:00,-10.69
EPA-50,23_44,Station 50,"Ballyfermot, Dublin 10",53.340159,-6.351706,2.0,2023-06-25 18:00:00,-11.34
EPA-50,23_44,Station 50,"Ballyfermot, Dublin 10",53.340159,-6.351706,2.0,2023-06-25 19:00:00,-11.09
EPA-50,23_44,Station 50,"Ballyfermot, Dublin 10",53.340159,-6.351706,2.0,2023-06-25 20:00:00,-11.15
EPA-50,23_44,Station 50,"Ballyfermot, Dublin 10",53.340159,-6.351706,2.0,2023-06-25 21:00:00,-10.99
EPA-50,23_44,Station 50,"Ballyfermot, Dublin 10",53.340159,-6.351706,2.0,2023-06-25 22:00:00,-10.61
EPA-50,23_44,Station 50,"Ballyfermot, Dublin 10",53.340159,-6.351706,2.0,2023-06-25 23:00:00,-10.5
EPA-50,23_44,Station 50,"Ballyfermot, Dublin 10",53.340159,-6.351706,2.0,2023-06-26 00:00:00,-9.0
EPA-50,23_44,Station 50,"Ballyfermot, Dublin 10",53.340159,-6.351706,2.0,2023-06-26 01:00:00,-10.54
EPA-50,23_44,Station 50,"Ballyfermot, Dublin 10",53.340159,-6.351706,2.0,2023-06-26 02:00:00,-11.35
EPA-50,23_44,Station 50,"Ballyfermot, Dublin 10",53.340159,-6.351706,2.0,2023-06-26 03:00:00,-11.9
EPA-50,23_44,Station 50,"Ballyfermot, Dublin 10",53.340159,-6.351706,2.0,2023-06-26 04:00:00,-12.32
EPA-50,23_44,Station 50,"Ballyfermot, Dublin 10",53.340159,-6.351706,2.0,2023-06-26 05:00:00,-11.96
EPA-50,23_44,Station 50,"Ballyfermot, Dublin 10",53.340159,-6.351706,2.0,2023-06-26 06:00:00,-8.99
EPA-50,23_44,Station 50,"Ballyfermot, Dublin 10",53.340159,-6.351706,2.0,2023-06-26 07:00:00,-6.32
EPA-50,23_44,Station 50,"Ballyfermot, Dublin 10",53.340159,-6.351706,2.0,2023-06-26 08:00:00,-3.13
EPA-50,23_44,Station 50,"Ballyfermot, Dublin 10",53.340159,-6.351706,2.0,2023-06-26 09:00:00,-6.77
EPA-50,23_44,Station 50,"Ballyfermot, Dublin 10",53.340159,-6.351706,2.0,2023-06-26 10:00:00,-9.6
EPA-50,23_44,Station 50,"Ballyfermot, Dublin 10",53.340159,-6.351706,2.0,2023-06-26 11:00:00,-10.06
EPA-50,23_44,Station 50,"Ballyfermot, Dublin 10",53.340159,-6.351706,2.0,2023-06-26 12:00:00,-9.47
EPA-50,23_44,Station 50,"Ballyfermot, Dublin 10",53.340159,-6.351706,2.0,2023-06-26 13:00:00,-9.98
EPA-50,23_44,Station 50,"Ballyfermot, Dublin 10",53.340159,-6.351706,2.0,2023-06-26 14:00:00,-10.23
EPA-50,23_44,Station 50,"Ballyfermot, Dublin 10",53.340159,-6.351706,2.0,2023-06-26 15:00:00,-9.28
EPA-50,23_44,Station 50,"Ballyfermot, Dublin 10",53.340159,-6.351706,2.0,2023-06-26 16:00:00,-10.36
EPA-50,23_44,Station 50,"Ballyfermot, Dublin 10",53.340159,-6.351706,2.0,2023-06-26 17:00:00,-9.41
EPA-50,23_44,Station 50,"Ballyfermot, Dublin 10",53.340159,-6.351706,2.0,2023-06-26 18:00:00,-9.62
EPA-50,23_44,Station 50,"Ballyfermot, Dublin 10",53.340159,-6.351706,2.0,2023-06-26 19:00:00,-9.49
EPA-50,23_44,Station 50,"Ballyfermot, Dublin 10",53.340159,-6.351706,2.0,2023-06-26 20:00:00,-8.38
EPA-50,23_44,Station 50,"Ballyfermot, Dublin 10",53.340159,-6.351706,2.0,2023-06-26 21:00:00,-6.92
EPA-50,23_44,Station 50,"Ballyfermot, Dublin 10",53.340159,-6.351706,2.0,2023-06-26 22:00:00,-7.93
EPA-50,23_44,Station 50,"Ballyfermot, Dublin 10",53.340159,-6.351706,2.0,2023-06-26 23:00:00,-7.81
EPA-50,23_44,Station 50,"Ballyfermot, Dublin 10",53.340159,-6.351706,2.0,2023-06-27 00:00:00,-9.06
EPA-50,23_44,Station 50,"Ballyfermot, Dublin 10",53.340159,-6.351706,2.0,2023-06-27 01:00:00,-8.74
EPA-50,23_44,Station 50,"Ballyfermot, Dublin 10",53.340159,-6.351706,2.0,2023-06-27 02:00:00,-10.77
EPA-50,23_44,Station 50,"Ballyfermot, Dublin 10",53.340159,-6.351706,2.0,2023-06-27 03:00:00,-10.65
EPA-50,23_44,Station 50,"Ballyfermot, Dublin 10",53.340159,-6.351706,2.0,2023-06-27 04:00:00,-10.44
EPA-50,23_44,Station 50,"Ballyfermot, Dublin 10",53.340159,-6.351706,2.0,2023-06-27 05:00:00,-9.63
EPA-50,23_44,Station 50,"Ballyfermot, Dublin 10",53.340159,-6.351706,2.0,2023-06-27 06:00:00,-5.75
EPA-50,23_44,Station 50,"Ballyfermot, Dublin 10",53.340159,-6.351706,2.0,2023-06-27 07:00:00,-2.16
EPA-50,23_44,Station 50,"Ballyfermot, Dublin 10",53.340159,-6.351706,2.0,2023-06-27 08:00:00,1.84
EPA-50,23_44,Station 50,"Ballyfermot, Dublin 10",53.340159,-6.351706,2.0,2023-06-27 09:00:00,-2.76
EPA-50,23_44,Station 50,"Ballyfermot, Dublin 10",53.340159,-6.351706,2.0,2023-06-27 10:00:00,-5.38
EPA-50,23_44,Station 50,"Ballyfermot, Dublin 10",53.340159,-6.351706,2.0,2023-06-27 11:00:00,-6.92
EPA-50,23_44,Station 50,"Ballyfermot, Dublin 10",53.340159,-6.351706,2.0,2023-06-27 12:00:00,-6.53
EPA-50,23_44,Station 50,"Ballyfermot, Dublin 10",53.340159,-6.351706,2.0,2023-06-27 13:00:00,-6.92
EPA-50,23_44,Station 50,"Ballyfermot, Dublin 10",53.340159,-6.351706,2.0,2023-06-27 14:00:00,-8.09
EPA-50,23_44,Station 50,"Ballyfermot, Dublin 10",53.340159,-6.351706,2.0,2023-06-27 15:00:00,-8.61
EPA-50,23_44,Station 50,"Ballyfermot, Dublin 10",53.340159,-6.351706,2.0,2023-06-27 16:00:00,-8.37
EPA-50,23_44,Station 50,"Ballyfermot, Dublin 10",53.340159,-6.351706,2.0,2023-06-27 17:00:00,-7.61
EPA-50,23_44,Station 50,"Ballyfermot, Dublin 10",53.340159,-6.351706,2.0,2023-06-27 18:00:00,-6.73
EPA-50,23_44,Station 50,"Ballyfermot, Dublin 10",53.340159,-6.351706,2.0,2023-06-27 19:00:00,-7.47
EPA-50,23_44,Station 50,"Ballyfermot, Dublin 10",53.340159,-6.351706,2.0,2023-06-27 20:00:00,-9.81
EPA-50,23_44,Station 50,"Ballyfermot, Dublin 10",53.340159,-6.351706,2.0,2023-06-27 21:00:00,-10.03
EPA-50,23_44,Station 50,"Ballyfermot, Dublin 10",53.340159,-6.351706,2.0,2023-06-27 22:00:00,-11.13
EPA-50,23_44,Station 50,"Ballyfermot, Dublin 10",53.340159,-6.351706,2.0,2023-06-27 23:00:00,-9.63
EPA-50,23_44,Station 50,"Ballyfermot, Dublin 10",53.340159,-6.351706,2.0,2023-06-28 00:00:00,-10.22
EPA-50,23_44,Station 50,"Ballyfermot, Dublin 10",53.340159,-6.351706,2.0,2023-06-28 01:00:00,-10.94
EPA-50,23_44,Station 50,"Ballyfermot, Dublin 10",53.340159,-6.351706,2.0,2023-06-28 02:00:00,-10.82
EPA-50,23_44,Station 50,"Ballyfermot, Dublin 10",53.340159,-6.351706,2.0,2023-06-28 03:00:00,-12.38
EPA-50,23_44,Station 50,"Ballyfermot, Dublin 10",53.340159,-6.351706,2.0,2023-06-28 04:00:00,-12.57
EPA-50,23_44,Station 50,"Ballyfermot, Dublin 10",53.340159,-6.351706,2.0,2023-06-28 05:00:00,-9.5
EPA-50,23_44,Station 50,"Ballyfermot, Dublin 10",53.340159,-6.351706,2.0,2023-06-28 06:00:00,-6.41
EPA-50,23_44,Station 50,"Ballyfermot, Dublin 10",53.340159,-6.351706,2.0,2023-06-28 07:00:00,8.02
EPA-50,23_44,Station 50,"Ballyfermot, Dublin 10",53.340159,-6.351706,2.0,2023-06-28 08:00:00,2.3
EPA-50,23_44,Station 50,"Ballyfermot, Dublin 10",53.340159,-6.351706,2.0,2023-06-28 09:00:00,0.33
EPA-50,23_44,Station 50,"Ballyfermot, Dublin 10",53.340159,-6.351706,2.0,2023-06-28 10:00:00,-7.69
EPA-50,23_44,Station 50,"Ballyfermot, Dublin 10",53.340159,-6.351706,2.0,2023-06-28 11:00:00,-7.19
EPA-50,23_44,Station 50,"Ballyfermot, Dublin 10",53.340159,-6.351706,2.0,2023-06-28 12:00:00,-4.26
EPA-50,23_44,Station 50,"Ballyfermot, Dublin 10",53.340159,-6.351706,2.0,2023-06-28 13:00:00,-9.38
EPA-50,23_44,Station 50,"Ballyfermot, Dublin 10",53.340159,-6.351706,2.0,2023-06-28 14:00:00,3.14
EPA-50,23_44,Station 50,"Ballyfermot, Dublin 10",53.340159,-6.351706,2.0,2023-06-28 15:00:00,-9.25
EPA-50,23_44,Station 50,"Ballyfermot, Dublin 10",53.340159,-6.351706,2.0,2023-06-28 16:00:00,-10.28
EPA-50,23_44,Station 50,"Ballyfermot, Dublin 10",53.340159,-6.351706,2.0,2023-06-28 17:00:00,-9.41
EPA-50,23_44,Station 50,"Ballyfermot, Dublin 10",53.340159,-6.351706,2.0,2023-06-28 18:00:00,-7.27
EPA-50,23_44,Station 50,"Ballyfermot, Dublin 10",53.340159,-6.351706,2.0,2023-06-28 19:00:00,-7.3
EPA-50,23_44,Station 50,"Ballyfermot, Dublin 10",53.340159,-6.351706,2.0,2023-06-28 20:00:00,-9.74
EPA-50,23_44,Station 50,"Ballyfermot, Dublin 10",53.340159,-6.351706,2.0,2023-06-28 21:00:00,-6.51
EPA-50,23_44,Station 50,"Ballyfermot, Dublin 10",53.340159,-6.351706,2.0,2023-06-28 22:00:00,-6.34
EPA-50,23_44,Station 50,"Ballyfermot, Dublin 10",53.340159,-6.351706,2.0,2023-06-29 01:00:00,-9.42
EPA-50,23_44,Station 50,"Ballyfermot, Dublin 10",53.340159,-6.351706,2.0,2023-06-29 02:00:00,-11.4
EPA-50,23_44,Station 50,"Ballyfermot, Dublin 10",53.340159,-6.351706,2.0,2023-06-29 03:00:00,-11.56
EPA-50,23_44,Station 50,"Ballyfermot, Dublin 10",53.340159,-6.351706,2.0,2023-06-29 04:00:00,-11.19
EPA-50,23_44,Station 50,"Ballyfermot, Dublin 10",53.340159,-6.351706,2.0,2023-06-29 05:00:00,-6.78
EPA-50,23_44,Station 50,"Ballyfermot, Dublin 10",53.340159,-6.351706,2.0,2023-06-29 06:00:00,-1.73
EPA-50,23_44,Station 50,"Ballyfermot, Dublin 10",53.340159,-6.351706,2.0,2023-06-29 07:00:00,-2.85
EPA-50,23_44,Station 50,"Ballyfermot, Dublin 10",53.340159,-6.351706,2.0,2023-06-29 08:00:00,-1.18
EPA-50,23_44,Station 50,"Ballyfermot, Dublin 10",53.340159,-6.351706,2.0,2023-06-29 09:00:00,-8.32
EPA-50,23_44,Station 50,"Ballyfermot, Dublin 10",53.340159,-6.351706,2.0,2023-06-29 10:00:00,-11.05
EPA-50,23_44,Station 50,"Ballyfermot, Dublin 10",53.340159,-6.351706,2.0,2023-06-29 11:00:00,-9.9
EPA-50,23_44,Station 50,"Ballyfermot, Dublin 10",53.340159,-6.351706,2.0,2023-06-29 12:00:00,-10.0
EPA-50,23_44,Station 50,"Ballyfermot, Dublin 10",53.340159,-6.351706,2.0,2023-06-29 13:00:00,-11.94
EPA-50,23_44,Station 50,"Ballyfermot, Dublin 10",53.340159,-6.351706,2.0,2023-06-29 14:00:00,-10.75
EPA-50,23_44,Station 50,"Ballyfermot, Dublin 10",53.340159,-6.351706,2.0,2023-06-29 15:00:00,-9.48
EPA-50,23_44,Station 50,"Ballyfermot, Dublin 10",53.340159,-6.351706,2.0,2023-06-29 16:00:00,-9.56
EPA-50,23_44,Station 50,"Ballyfermot, Dublin 10",53.340159,-6.351706,2.0,2023-06-29 17:00:00,-8.77
EPA-50,23_44,Station 50,"Ballyfermot, Dublin 10",53.340159,-6.351706,2.0,2023-06-29 18:00:00,-10.71
EPA-50,23_44,Station 50,"Ballyfermot, Dublin 10",53.340159,-6.351706,2.0,2023-06-29 19:00:00,-10.59
EPA-50,23_44,Station 50,"Ballyfermot, Dublin 10",53.340159,-6.351706,2.0,2023-06-29 20:00:00,-7.24
EPA-50,23_44,Station 50,"Ballyfermot, Dublin 10",53.340159,-6.351706,2.0,2023-06-29 21:00:00,-6.32
EPA-50,23_44,Station 50,"Ballyfermot, Dublin 10",53.340159,-6.351706,2.0,2023-06-29 22:00:00,-6.33
EPA-50,23_44,Station 50,"Ballyfermot, Dublin 10",53.340159,-6.351706,2.0,2023-06-29 23:00:00,-8.57
EPA-50,23_44,Station 50,"Ballyfermot, Dublin 10",53.340159,-6.351706,2.0,2023-06-30 00:00:00,-7.48
EPA-50,23_44,Station 50,"Ballyfermot, Dublin 10",53.340159,-6.351706,2.0,2023-06-30 01:00:00,-11.13
EPA-50,23_44,Station 50,"Ballyfermot, Dublin 10",53.340159,-6.351706,2.0,2023-06-30 02:00:00,-11.29
EPA-50,23_44,Station 50,"Ballyfermot, Dublin 10",53.340159,-6.351706,2.0,2023-06-30 03:00:00,-12.1
EPA-50,23_44,Station 50,"Ballyfermot, Dublin 10",53.340159,-6.351706,2.0,2023-06-30 04:00:00,-10.78
EPA-50,23_44,Station 50,"Ballyfermot, Dublin 10",53.340159,-6.351706,2.0,2023-06-30 05:00:00,-11.71
EPA-50,23_44,Station 50,"Ballyfermot, Dublin 10",53.340159,-6.351706,2.0,2023-06-30 06:00:00,-8.97
EPA-50,23_44,Station 50,"Ballyfermot, Dublin 10",53.340159,-6.351706,2.0,2023-06-30 07:00:00,-5.36
EPA-50,23_44,Station 50,"Ballyfermot, Dublin 10",53.340159,-6.351706,2.0,2023-06-30 08:00:00,-3.83
EPA-50,23_44,Station 50,"Ballyfermot, Dublin 10",53.340159,-6.351706,2.0,2023-06-30 09:00:00,-4.46
EPA-50,23_44,Station 50,"Ballyfermot, Dublin 10",53.340159,-6.351706,2.0,2023-06-30 10:00:00,-5.34
EPA-50,23_44,Station 50,"Ballyfermot, Dublin 10",53.340159,-6.351706,2.0,2023-06-30 11:00:00,-7.6
EPA-50,23_44,Station 50,"Ballyfermot, Dublin 10",53.340159,-6.351706,2.0,2023-06-30 12:00:00,-5.98
EPA-50,23_44,Station 50,"Ballyfermot, Dublin 10",53.340159,-6.351706,2.0,2023-06-30 13:00:00,-3.52
EPA-50,23_44,Station 50,"Ballyfermot, Dublin 10",53.340159,-6.351706,2.0,2023-06-30 14:00:00,-7.42
EPA-50,23_44,Station 50,"Ballyfermot, Dublin 10",53.340159,-6.351706,2.0,2023-06-30 15:00:00,-7.83
EPA-50,23_44,Station 50,"Ballyfermot, Dublin 10",53.340159,-6.351706,2.0,2023-06-30 16:00:00,-8.99
EPA-50,23_44,Station 50,"Ballyfermot, Dublin 10",53.340159,-6.351706,2.0,2023-06-30 17:00:00,-10.22
EPA-50,23_44,Station 50,"Ballyfermot, Dublin 10",53.340159,-6.351706,2.0,2023-06-30 18:00:00,-10.57
EPA-50,23_44,Station 50,"Ballyfermot, Dublin 10",53.340159,-6.351706,2.0,2023-06-30 19:00:00,-11.06
EPA-50,23_44,Station 50,"Ballyfermot, Dublin 10",53.340159,-6.351706,2.0,2023-06-30 20:00:00,-11.25
EPA-50,23_44,Station 50,"Ballyfermot, Dublin 10",53.340159,-6.351706,2.0,2023-06-30 21:00:00,-11.7
EPA-50,23_44,Station 50,"Ballyfermot, Dublin 10",53.340159,-6.351706,2.0,2023-06-30 22:00:00,-11.63
EPA-52,136_85,Station 52 (Communication Issue),"St. Anne's Park, Dublin 5",53.372904,-6.17939,0.0,,
EPA-57,61_52,Station 57,"St. John’s Road, Kilmainham, Dublin 8",53.345806,-6.294603,2.0,2023-06-01 01:00:00,28.43
EPA-57,61_52,Station 57,"St. John’s Road, Kilmainham, Dublin 8",53.345806,-6.294603,2.0,2023-06-01 02:00:00,34.01
EPA-57,61_52,Station 57,"St. John’s Road, Kilmainham, Dublin 8",53.345806,-6.294603,2.0,2023-06-01 03:00:00,49.82
EPA-57,61_52,Station 57,"St. John’s Road, Kilmainham, Dublin 8",53.345806,-6.294603,2.0,2023-06-01 04:00:00,38.58
EPA-57,61_52,Station 57,"St. John’s Road, Kilmainham, Dublin 8",53.345806,-6.294603,2.0,2023-06-01 05:00:00,30.13
EPA-57,61_52,Station 57,"St. John’s Road, Kilmainham, Dublin 8",53.345806,-6.294603,2.0,2023-06-01 06:00:00,47.29
EPA-57,61_52,Station 57,"St. John’s Road, Kilmainham, Dublin 8",53.345806,-6.294603,2.0,2023-06-01 07:00:00,64.41
EPA-57,61_52,Station 57,"St. John’s Road, Kilmainham, Dublin 8",53.345806,-6.294603,2.0,2023-06-01 08:00:00,34.13
EPA-57,61_52,Station 57,"St. John’s Road, Kilmainham, Dublin 8",53.345806,-6.294603,2.0,2023-06-01 09:00:00,33.18
EPA-57,61_52,Station 57,"St. John’s Road, Kilmainham, Dublin 8",53.345806,-6.294603,2.0,2023-06-01 10:00:00,26.25
EPA-57,61_52,Station 57,"St. John’s Road, Kilmainham, Dublin 8",53.345806,-6.294603,2.0,2023-06-01 11:00:00,25.74
EPA-57,61_52,Station 57,"St. John’s Road, Kilmainham, Dublin 8",53.345806,-6.294603,2.0,2023-06-01 12:00:00,23.38
EPA-57,61_52,Station 57,"St. John’s Road, Kilmainham, Dublin 8",53.345806,-6.294603,2.0,2023-06-01 13:00:00,22.65
EPA-57,61_52,Station 57,"St. John’s Road, Kilmainham, Dublin 8",53.345806,-6.294603,2.0,2023-06-01 14:00:00,23.55
EPA-57,61_52,Station 57,"St. John’s Road, Kilmainham, Dublin 8",53.345806,-6.294603,2.0,2023-06-01 15:00:00,27.18
EPA-57,61_52,Station 57,"St. John’s Road, Kilmainham, Dublin 8",53.345806,-6.294603,2.0,2023-06-01 16:00:00,25.56
EPA-57,61_52,Station 57,"St. John’s Road, Kilmainham, Dublin 8",53.345806,-6.294603,2.0,2023-06-01 17:00:00,22.55
EPA-57,61_52,Station 57,"St. John’s Road, Kilmainham, Dublin 8",53.345806,-6.294603,2.0,2023-06-01 18:00:00,34.61
EPA-57,61_52,Station 57,"St. John’s Road, Kilmainham, Dublin 8",53.345806,-6.294603,2.0,2023-06-01 19:00:00,29.68
EPA-57,61_52,Station 57,"St. John’s Road, Kilmainham, Dublin 8",53.345806,-6.294603,2.0,2023-06-01 20:00:00,27.85
EPA-57,61_52,Station 57,"St. John’s Road, Kilmainham, Dublin 8",53.345806,-6.294603,2.0,2023-06-01 21:00:00,20.04
EPA-57,61_52,Station 57,"St. John’s Road, Kilmainham, Dublin 8",53.345806,-6.294603,2.0,2023-06-01 22:00:00,22.69
EPA-57,61_52,Station 57,"St. John’s Road, Kilmainham, Dublin 8",53.345806,-6.294603,2.0,2023-06-01 23:00:00,29.37
EPA-57,61_52,Station 57,"St. John’s Road, Kilmainham, Dublin 8",53.345806,-6.294603,2.0,2023-06-02 00:00:00,27.76
EPA-57,61_52,Station 57,"St. John’s Road, Kilmainham, Dublin 8",53.345806,-6.294603,2.0,2023-06-02 01:00:00,20.39
EPA-57,61_52,Station 57,"St. John’s Road, Kilmainham, Dublin 8",53.345806,-6.294603,2.0,2023-06-02 02:00:00,18.37
EPA-57,61_52,Station 57,"St. John’s Road, Kilmainham, Dublin 8",53.345806,-6.294603,2.0,2023-06-02 03:00:00,17.03
EPA-57,61_52,Station 57,"St. John’s Road, Kilmainham, Dublin 8",53.345806,-6.294603,2.0,2023-06-02 04:00:00,16.29
EPA-57,61_52,Station 57,"St. John’s Road, Kilmainham, Dublin 8",53.345806,-6.294603,2.0,2023-06-02 05:00:00,18.13
EPA-57,61_52,Station 57,"St. John’s Road, Kilmainham, Dublin 8",53.345806,-6.294603,2.0,2023-06-02 06:00:00,28.84
EPA-57,61_52,Station 57,"St. John’s Road, Kilmainham, Dublin 8",53.345806,-6.294603,2.0,2023-06-02 07:00:00,31.58
EPA-57,61_52,Station 57,"St. John’s Road, Kilmainham, Dublin 8",53.345806,-6.294603,2.0,2023-06-02 08:00:00,34.6
EPA-57,61_52,Station 57,"St. John’s Road, Kilmainham, Dublin 8",53.345806,-6.294603,2.0,2023-06-02 09:00:00,32.47
EPA-57,61_52,Station 57,"St. John’s Road, Kilmainham, Dublin 8",53.345806,-6.294603,2.0,2023-06-02 10:00:00,26.79
EPA-57,61_52,Station 57,"St. John’s Road, Kilmainham, Dublin 8",53.345806,-6.294603,2.0,2023-06-02 11:00:00,29.02
EPA-57,61_52,Station 57,"St. John’s Road, Kilmainham, Dublin 8",53.345806,-6.294603,2.0,2023-06-02 12:00:00,18.6
EPA-57,61_52,Station 57,"St. John’s Road, Kilmainham, Dublin 8",53.345806,-6.294603,2.0,2023-06-02 13:00:00,19.26
EPA-57,61_52,Station 57,"St. John’s Road, Kilmainham, Dublin 8",53.345806,-6.294603,2.0,2023-06-02 14:00:00,17.06
EPA-57,61_52,Station 57,"St. John’s Road, Kilmainham, Dublin 8",53.345806,-6.294603,2.0,2023-06-02 15:00:00,18.98
EPA-57,61_52,Station 57,"St. John’s Road, Kilmainham, Dublin 8",53.345806,-6.294603,2.0,2023-06-02 16:00:00,16.27
EPA-57,61_52,Station 57,"St. John’s Road, Kilmainham, Dublin 8",53.345806,-6.294603,2.0,2023-06-02 17:00:00,19.29
EPA-57,61_52,Station 57,"St. John’s Road, Kilmainham, Dublin 8",53.345806,-6.294603,2.0,2023-06-02 18:00:00,20.65
EPA-57,61_52,Station 57,"St. John’s Road, Kilmainham, Dublin 8",53.345806,-6.294603,2.0,2023-06-02 19:00:00,21.98
EPA-57,61_52,Station 57,"St. John’s Road, Kilmainham, Dublin 8",53.345806,-6.294603,2.0,2023-06-02 20:00:00,24.97
EPA-57,61_52,Station 57,"St. John’s Road, Kilmainham, Dublin 8",53.345806,-6.294603,2.0,2023-06-02 21:00:00,27.31
EPA-57,61_52,Station 57,"St. John’s Road, Kilmainham, Dublin 8",53.345806,-6.294603,2.0,2023-06-02 22:00:00,41.09
EPA-57,61_52,Station 57,"St. John’s Road, Kilmainham, Dublin 8",53.345806,-6.294603,2.0,2023-06-02 23:00:00,33.28
EPA-57,61_52,Station 57,"St. John’s Road, Kilmainham, Dublin 8",53.345806,-6.294603,2.0,2023-06-03 00:00:00,47.69
EPA-57,61_52,Station 57,"St. John’s Road, Kilmainham, Dublin 8",53.345806,-6.294603,2.0,2023-06-03 01:00:00,69.48
EPA-57,61_52,Station 57,"St. John’s Road, Kilmainham, Dublin 8",53.345806,-6.294603,2.0,2023-06-03 02:00:00,41.56
EPA-57,61_52,Station 57,"St. John’s Road, Kilmainham, Dublin 8",53.345806,-6.294603,2.0,2023-06-03 03:00:00,51.37
EPA-57,61_52,Station 57,"St. John’s Road, Kilmainham, Dublin 8",53.345806,-6.294603,2.0,2023-06-03 04:00:00,48.48
EPA-57,61_52,Station 57,"St. John’s Road, Kilmainham, Dublin 8",53.345806,-6.294603,2.0,2023-06-03 05:00:00,41.82
EPA-57,61_52,Station 57,"St. John’s Road, Kilmainham, Dublin 8",53.345806,-6.294603,2.0,2023-06-03 06:00:00,35.5
EPA-57,61_52,Station 57,"St. John’s Road, Kilmainham, Dublin 8",53.345806,-6.294603,2.0,2023-06-03 07:00:00,49.44
EPA-57,61_52,Station 57,"St. John’s Road, Kilmainham, Dublin 8",53.345806,-6.294603,2.0,2023-06-03 08:00:00,69.35
EPA-57,61_52,Station 57,"St. John’s Road, Kilmainham, Dublin 8",53.345806,-6.294603,2.0,2023-06-03 09:00:00,33.88
EPA-57,61_52,Station 57,"St. John’s Road, Kilmainham, Dublin 8",53.345806,-6.294603,2.0,2023-06-03 10:00:00,28.4
EPA-57,61_52,Station 57,"St. John’s Road, Kilmainham, Dublin 8",53.345806,-6.294603,2.0,2023-06-03 11:00:00,31.17
EPA-57,61_52,Station 57,"St. John’s Road, Kilmainham, Dublin 8",53.345806,-6.294603,2.0,2023-06-03 12:00:00,26.55
EPA-57,61_52,Station 57,"St. John’s Road, Kilmainham, Dublin 8",53.345806,-6.294603,2.0,2023-06-03 13:00:00,22.06
EPA-57,61_52,Station 57,"St. John’s Road, Kilmainham, Dublin 8",53.345806,-6.294603,2.0,2023-06-03 14:00:00,24.65
EPA-57,61_52,Station 57,"St. John’s Road, Kilmainham, Dublin 8",53.345806,-6.294603,2.0,2023-06-03 15:00:00,23.36
EPA-57,61_52,Station 57,"St. John’s Road, Kilmainham, Dublin 8",53.345806,-6.294603,2.0,2023-06-03 16:00:00,17.97
EPA-57,61_52,Station 57,"St. John’s Road, Kilmainham, Dublin 8",53.345806,-6.294603,2.0,2023-06-03 17:00:00,19.64
EPA-57,61_52,Station 57,"St. John’s Road, Kilmainham, Dublin 8",53.345806,-6.294603,2.0,2023-06-03 18:00:00,22.02
EPA-57,61_52,Station 57,"St. John’s Road, Kilmainham, Dublin 8",53.345806,-6.294603,2.0,2023-06-03 19:00:00,20.78
EPA-57,61_52,Station 57,"St. John’s Road, Kilmainham, Dublin 8",53.345806,-6.294603,2.0,2023-06-03 20:00:00,26.84
EPA-57,61_52,Station 57,"St. John’s Road, Kilmainham, Dublin 8",53.345806,-6.294603,2.0,2023-06-03 21:00:00,22.92
EPA-57,61_52,Station 57,"St. John’s Road, Kilmainham, Dublin 8",53.345806,-6.294603,2.0,2023-06-03 22:00:00,18.49
EPA-57,61_52,Station 57,"St. John’s Road, Kilmainham, Dublin 8",53.345806,-6.294603,2.0,2023-06-03 23:00:00,21.63
EPA-57,61_52,Station 57,"St. John’s Road, Kilmainham, Dublin 8",53.345806,-6.294603,2.0,2023-06-04 00:00:00,14.34
EPA-57,61_52,Station 57,"St. John’s Road, Kilmainham, Dublin 8",53.345806,-6.294603,2.0,2023-06-04 01:00:00,55.93
EPA-57,61_52,Station 57,"St. John’s Road, Kilmainham, Dublin 8",53.345806,-6.294603,2.0,2023-06-04 02:00:00,72.58
EPA-57,61_52,Station 57,"St. John’s Road, Kilmainham, Dublin 8",53.345806,-6.294603,2.0,2023-06-04 03:00:00,43.38
EPA-57,61_52,Station 57,"St. John’s Road, Kilmainham, Dublin 8",53.345806,-6.294603,2.0,2023-06-04 04:00:00,35.37
EPA-57,61_52,Station 57,"St. John’s Road, Kilmainham, Dublin 8",53.345806,-6.294603,2.0,2023-06-04 05:00:00,39.53
EPA-57,61_52,Station 57,"St. John’s Road, Kilmainham, Dublin 8",53.345806,-6.294603,2.0,2023-06-04 06:00:00,40.92
EPA-57,61_52,Station 57,"St. John’s Road, Kilmainham, Dublin 8",53.345806,-6.294603,2.0,2023-06-04 07:00:00,40.11
EPA-57,61_52,Station 57,"St. John’s Road, Kilmainham, Dublin 8",53.345806,-6.294603,2.0,2023-06-04 08:00:00,50.75
EPA-57,61_52,Station 57,"St. John’s Road, Kilmainham, Dublin 8",53.345806,-6.294603,2.0,2023-06-04 09:00:00,47.39
EPA-57,61_52,Station 57,"St. John’s Road, Kilmainham, Dublin 8",53.345806,-6.294603,2.0,2023-06-04 10:00:00,43.74
EPA-57,61_52,Station 57,"St. John’s Road, Kilmainham, Dublin 8",53.345806,-6.294603,2.0,2023-06-04 11:00:00,30.14
EPA-57,61_52,Station 57,"St. John’s Road, Kilmainham, Dublin 8",53.345806,-6.294603,2.0,2023-06-04 12:00:00,23.48
EPA-57,61_52,Station 57,"St. John’s Road, Kilmainham, Dublin 8",53.345806,-6.294603,2.0,2023-06-04 13:00:00,20.48
EPA-57,61_52,Station 57,"St. John’s Road, Kilmainham, Dublin 8",53.345806,-6.294603,2.0,2023-06-04 14:00:00,14.91
EPA-57,61_52,Station 57,"St. John’s Road, Kilmainham, Dublin 8",53.345806,-6.294603,2.0,2023-06-04 15:00:00,17.52
EPA-57,61_52,Station 57,"St. John’s Road, Kilmainham, Dublin 8",53.345806,-6.294603,2.0,2023-06-04 16:00:00,15.59
EPA-57,61_52,Station 57,"St. John’s Road, Kilmainham, Dublin 8",53.345806,-6.294603,2.0,2023-06-04 17:00:00,24.04
EPA-57,61_52,Station 57,"St. John’s Road, Kilmainham, Dublin 8",53.345806,-6.294603,2.0,2023-06-04 18:00:00,15.98
EPA-57,61_52,Station 57,"St. John’s Road, Kilmainham, Dublin 8",53.345806,-6.294603,2.0,2023-06-04 19:00:00,19.6
EPA-57,61_52,Station 57,"St. John’s Road, Kilmainham, Dublin 8",53.345806,-6.294603,2.0,2023-06-04 20:00:00,16.22
EPA-57,61_52,Station 57,"St. John’s Road, Kilmainham, Dublin 8",53.345806,-6.294603,2.0,2023-06-04 21:00:00,17.36
EPA-57,61_52,Station 57,"St. John’s Road, Kilmainham, Dublin 8",53.345806,-6.294603,2.0,2023-06-04 22:00:00,25.3
EPA-57,61_52,Station 57,"St. John’s Road, Kilmainham, Dublin 8",53.345806,-6.294603,2.0,2023-06-04 23:00:00,26.54
EPA-57,61_52,Station 57,"St. John’s Road, Kilmainham, Dublin 8",53.345806,-6.294603,2.0,2023-06-05 00:00:00,36.27
EPA-57,61_52,Station 57,"St. John’s Road, Kilmainham, Dublin 8",53.345806,-6.294603,2.0,2023-06-05 01:00:00,81.79
EPA-57,61_52,Station 57,"St. John’s Road, Kilmainham, Dublin 8",53.345806,-6.294603,2.0,2023-06-05 02:00:00,63.92
EPA-57,61_52,Station 57,"St. John’s Road, Kilmainham, Dublin 8",53.345806,-6.294603,2.0,2023-06-05 03:00:00,38.68
EPA-57,61_52,Station 57,"St. John’s Road, Kilmainham, Dublin 8",53.345806,-6.294603,2.0,2023-06-05 04:00:00,36.03
EPA-57,61_52,Station 57,"St. John’s Road, Kilmainham, Dublin 8",53.345806,-6.294603,2.0,2023-06-05 05:00:00,37.44
EPA-57,61_52,Station 57,"St. John’s Road, Kilmainham, Dublin 8",53.345806,-6.294603,2.0,2023-06-05 06:00:00,35.67
EPA-57,61_52,Station 57,"St. John’s Road, Kilmainham, Dublin 8",53.345806,-6.294603,2.0,2023-06-05 07:00:00,61.88
EPA-57,61_52,Station 57,"St. John’s Road, Kilmainham, Dublin 8",53.345806,-6.294603,2.0,2023-06-05 08:00:00,51.77
EPA-57,61_52,Station 57,"St. John’s Road, Kilmainham, Dublin 8",53.345806,-6.294603,2.0,2023-06-05 09:00:00,29.48
EPA-57,61_52,Station 57,"St. John’s Road, Kilmainham, Dublin 8",53.345806,-6.294603,2.0,2023-06-05 10:00:00,15.84
EPA-57,61_52,Station 57,"St. John’s Road, Kilmainham, Dublin 8",53.345806,-6.294603,2.0,2023-06-05 11:00:00,17.81
EPA-57,61_52,Station 57,"St. John’s Road, Kilmainham, Dublin 8",53.345806,-6.294603,2.0,2023-06-05 12:00:00,22.19
EPA-57,61_52,Station 57,"St. John’s Road, Kilmainham, Dublin 8",53.345806,-6.294603,2.0,2023-06-05 13:00:00,18.98
EPA-57,61_52,Station 57,"St. John’s Road, Kilmainham, Dublin 8",53.345806,-6.294603,2.0,2023-06-05 14:00:00,21.3
EPA-57,61_52,Station 57,"St. John’s Road, Kilmainham, Dublin 8",53.345806,-6.294603,2.0,2023-06-05 15:00:00,16.39
EPA-57,61_52,Station 57,"St. John’s Road, Kilmainham, Dublin 8",53.345806,-6.294603,2.0,2023-06-05 16:00:00,16.2
EPA-57,61_52,Station 57,"St. John’s Road, Kilmainham, Dublin 8",53.345806,-6.294603,2.0,2023-06-05 17:00:00,15.51
EPA-57,61_52,Station 57,"St. John’s Road, Kilmainham, Dublin 8",53.345806,-6.294603,2.0,2023-06-05 18:00:00,14.88
EPA-57,61_52,Station 57,"St. John’s Road, Kilmainham, Dublin 8",53.345806,-6.294603,2.0,2023-06-05 19:00:00,18.26
EPA-57,61_52,Station 57,"St. John’s Road, Kilmainham, Dublin 8",53.345806,-6.294603,2.0,2023-06-05 20:00:00,18.23
EPA-57,61_52,Station 57,"St. John’s Road, Kilmainham, Dublin 8",53.345806,-6.294603,2.0,2023-06-05 21:00:00,20.3
EPA-57,61_52,Station 57,"St. John’s Road, Kilmainham, Dublin 8",53.345806,-6.294603,2.0,2023-06-05 22:00:00,25.03
EPA-57,61_52,Station 57,"St. John’s Road, Kilmainham, Dublin 8",53.345806,-6.294603,2.0,2023-06-05 23:00:00,22.12
EPA-57,61_52,Station 57,"St. John’s Road, Kilmainham, Dublin 8",53.345806,-6.294603,2.0,2023-06-06 00:00:00,19.91
EPA-57,61_52,Station 57,"St. John’s Road, Kilmainham, Dublin 8",53.345806,-6.294603,2.0,2023-06-06 01:00:00,21.0
EPA-57,61_52,Station 57,"St. John’s Road, Kilmainham, Dublin 8",53.345806,-6.294603,2.0,2023-06-06 02:00:00,24.76
EPA-57,61_52,Station 57,"St. John’s Road, Kilmainham, Dublin 8",53.345806,-6.294603,2.0,2023-06-06 03:00:00,51.82
EPA-57,61_52,Station 57,"St. John’s Road, Kilmainham, Dublin 8",53.345806,-6.294603,2.0,2023-06-06 04:00:00,39.56
EPA-57,61_52,Station 57,"St. John’s Road, Kilmainham, Dublin 8",53.345806,-6.294603,2.0,2023-06-06 05:00:00,36.36
EPA-57,61_52,Station 57,"St. John’s Road, Kilmainham, Dublin 8",53.345806,-6.294603,2.0,2023-06-06 06:00:00,47.24
EPA-57,61_52,Station 57,"St. John’s Road, Kilmainham, Dublin 8",53.345806,-6.294603,2.0,2023-06-06 07:00:00,64.44
EPA-57,61_52,Station 57,"St. John’s Road, Kilmainham, Dublin 8",53.345806,-6.294603,2.0,2023-06-06 08:00:00,46.55
EPA-57,61_52,Station 57,"St. John’s Road, Kilmainham, Dublin 8",53.345806,-6.294603,2.0,2023-06-06 09:00:00,43.92
EPA-57,61_52,Station 57,"St. John’s Road, Kilmainham, Dublin 8",53.345806,-6.294603,2.0,2023-06-06 10:00:00,37.92
EPA-57,61_52,Station 57,"St. John’s Road, Kilmainham, Dublin 8",53.345806,-6.294603,2.0,2023-06-06 11:00:00,30.16
EPA-57,61_52,Station 57,"St. John’s Road, Kilmainham, Dublin 8",53.345806,-6.294603,2.0,2023-06-06 12:00:00,28.16
EPA-57,61_52,Station 57,"St. John’s Road, Kilmainham, Dublin 8",53.345806,-6.294603,2.0,2023-06-06 13:00:00,29.82
EPA-57,61_52,Station 57,"St. John’s Road, Kilmainham, Dublin 8",53.345806,-6.294603,2.0,2023-06-06 14:00:00,26.17
EPA-57,61_52,Station 57,"St. John’s Road, Kilmainham, Dublin 8",53.345806,-6.294603,2.0,2023-06-06 15:00:00,22.89
EPA-57,61_52,Station 57,"St. John’s Road, Kilmainham, Dublin 8",53.345806,-6.294603,2.0,2023-06-06 16:00:00,23.95
EPA-57,61_52,Station 57,"St. John’s Road, Kilmainham, Dublin 8",53.345806,-6.294603,2.0,2023-06-06 17:00:00,30.38
EPA-57,61_52,Station 57,"St. John’s Road, Kilmainham, Dublin 8",53.345806,-6.294603,2.0,2023-06-06 18:00:00,21.79
EPA-57,61_52,Station 57,"St. John’s Road, Kilmainham, Dublin 8",53.345806,-6.294603,2.0,2023-06-06 19:00:00,25.59
EPA-57,61_52,Station 57,"St. John’s Road, Kilmainham, Dublin 8",53.345806,-6.294603,2.0,2023-06-06 20:00:00,16.03
EPA-57,61_52,Station 57,"St. John’s Road, Kilmainham, Dublin 8",53.345806,-6.294603,2.0,2023-06-06 21:00:00,14.24
EPA-57,61_52,Station 57,"St. John’s Road, Kilmainham, Dublin 8",53.345806,-6.294603,2.0,2023-06-06 22:00:00,20.64
EPA-57,61_52,Station 57,"St. John’s Road, Kilmainham, Dublin 8",53.345806,-6.294603,2.0,2023-06-06 23:00:00,21.31
EPA-57,61_52,Station 57,"St. John’s Road, Kilmainham, Dublin 8",53.345806,-6.294603,2.0,2023-06-07 00:00:00,26.91
EPA-57,61_52,Station 57,"St. John’s Road, Kilmainham, Dublin 8",53.345806,-6.294603,2.0,2023-06-07 01:00:00,38.4
EPA-57,61_52,Station 57,"St. John’s Road, Kilmainham, Dublin 8",53.345806,-6.294603,2.0,2023-06-07 02:00:00,46.98
EPA-57,61_52,Station 57,"St. John’s Road, Kilmainham, Dublin 8",53.345806,-6.294603,2.0,2023-06-07 03:00:00,32.44
EPA-57,61_52,Station 57,"St. John’s Road, Kilmainham, Dublin 8",53.345806,-6.294603,2.0,2023-06-07 04:00:00,42.67
EPA-57,61_52,Station 57,"St. John’s Road, Kilmainham, Dublin 8",53.345806,-6.294603,2.0,2023-06-07 05:00:00,41.95
EPA-57,61_52,Station 57,"St. John’s Road, Kilmainham, Dublin 8",53.345806,-6.294603,2.0,2023-06-07 06:00:00,23.46
EPA-57,61_52,Station 57,"St. John’s Road, Kilmainham, Dublin 8",53.345806,-6.294603,2.0,2023-06-07 07:00:00,42.27
EPA-57,61_52,Station 57,"St. John’s Road, Kilmainham, Dublin 8",53.345806,-6.294603,2.0,2023-06-07 08:00:00,31.73
EPA-57,61_52,Station 57,"St. John’s Road, Kilmainham, Dublin 8",53.345806,-6.294603,2.0,2023-06-07 09:00:00,31.18
EPA-57,61_52,Station 57,"St. John’s Road, Kilmainham, Dublin 8",53.345806,-6.294603,2.0,2023-06-07 10:00:00,29.53
EPA-57,61_52,Station 57,"St. John’s Road, Kilmainham, Dublin 8",53.345806,-6.294603,2.0,2023-06-07 11:00:00,24.21
EPA-57,61_52,Station 57,"St. John’s Road, Kilmainham, Dublin 8",53.345806,-6.294603,2.0,2023-06-07 12:00:00,26.86
EPA-57,61_52,Station 57,"St. John’s Road, Kilmainham, Dublin 8",53.345806,-6.294603,2.0,2023-06-07 13:00:00,18.65
EPA-57,61_52,Station 57,"St. John’s Road, Kilmainham, Dublin 8",53.345806,-6.294603,2.0,2023-06-07 14:00:00,16.32
EPA-57,61_52,Station 57,"St. John’s Road, Kilmainham, Dublin 8",53.345806,-6.294603,2.0,2023-06-07 15:00:00,27.46
EPA-57,61_52,Station 57,"St. John’s Road, Kilmainham, Dublin 8",53.345806,-6.294603,2.0,2023-06-07 16:00:00,18.42
EPA-57,61_52,Station 57,"St. John’s Road, Kilmainham, Dublin 8",53.345806,-6.294603,2.0,2023-06-07 17:00:00,20.64
EPA-57,61_52,Station 57,"St. John’s Road, Kilmainham, Dublin 8",53.345806,-6.294603,2.0,2023-06-07 18:00:00,23.67
EPA-57,61_52,Station 57,"St. John’s Road, Kilmainham, Dublin 8",53.345806,-6.294603,2.0,2023-06-07 19:00:00,29.9
EPA-57,61_52,Station 57,"St. John’s Road, Kilmainham, Dublin 8",53.345806,-6.294603,2.0,2023-06-07 20:00:00,21.78
EPA-57,61_52,Station 57,"St. John’s Road, Kilmainham, Dublin 8",53.345806,-6.294603,2.0,2023-06-07 21:00:00,18.91
EPA-57,61_52,Station 57,"St. John’s Road, Kilmainham, Dublin 8",53.345806,-6.294603,2.0,2023-06-07 22:00:00,24.37
EPA-57,61_52,Station 57,"St. John’s Road, Kilmainham, Dublin 8",53.345806,-6.294603,2.0,2023-06-08 01:00:00,27.55
EPA-57,61_52,Station 57,"St. John’s Road, Kilmainham, Dublin 8",53.345806,-6.294603,2.0,2023-06-08 02:00:00,23.06
EPA-57,61_52,Station 57,"St. John’s Road, Kilmainham, Dublin 8",53.345806,-6.294603,2.0,2023-06-08 03:00:00,19.3
EPA-57,61_52,Station 57,"St. John’s Road, Kilmainham, Dublin 8",53.345806,-6.294603,2.0,2023-06-08 04:00:00,30.95
EPA-57,61_52,Station 57,"St. John’s Road, Kilmainham, Dublin 8",53.345806,-6.294603,2.0,2023-06-08 05:00:00,27.95
EPA-57,61_52,Station 57,"St. John’s Road, Kilmainham, Dublin 8",53.345806,-6.294603,2.0,2023-06-08 06:00:00,31.44
EPA-57,61_52,Station 57,"St. John’s Road, Kilmainham, Dublin 8",53.345806,-6.294603,2.0,2023-06-08 07:00:00,36.6
EPA-57,61_52,Station 57,"St. John’s Road, Kilmainham, Dublin 8",53.345806,-6.294603,2.0,2023-06-08 08:00:00,30.46
EPA-57,61_52,Station 57,"St. John’s Road, Kilmainham, Dublin 8",53.345806,-6.294603,2.0,2023-06-08 09:00:00,33.48
EPA-57,61_52,Station 57,"St. John’s Road, Kilmainham, Dublin 8",53.345806,-6.294603,2.0,2023-06-08 10:00:00,29.65
EPA-57,61_52,Station 57,"St. John’s Road, Kilmainham, Dublin 8",53.345806,-6.294603,2.0,2023-06-08 11:00:00,30.05
EPA-57,61_52,Station 57,"St. John’s Road, Kilmainham, Dublin 8",53.345806,-6.294603,2.0,2023-06-08 12:00:00,21.23
EPA-57,61_52,Station 57,"St. John’s Road, Kilmainham, Dublin 8",53.345806,-6.294603,2.0,2023-06-08 13:00:00,23.64
EPA-57,61_52,Station 57,"St. John’s Road, Kilmainham, Dublin 8",53.345806,-6.294603,2.0,2023-06-08 14:00:00,32.45
EPA-57,61_52,Station 57,"St. John’s Road, Kilmainham, Dublin 8",53.345806,-6.294603,2.0,2023-06-08 15:00:00,38.79
EPA-57,61_52,Station 57,"St. John’s Road, Kilmainham, Dublin 8",53.345806,-6.294603,2.0,2023-06-08 16:00:00,27.0
EPA-57,61_52,Station 57,"St. John’s Road, Kilmainham, Dublin 8",53.345806,-6.294603,2.0,2023-06-08 17:00:00,28.39
EPA-57,61_52,Station 57,"St. John’s Road, Kilmainham, Dublin 8",53.345806,-6.294603,2.0,2023-06-08 18:00:00,30.92
EPA-57,61_52,Station 57,"St. John’s Road, Kilmainham, Dublin 8",53.345806,-6.294603,2.0,2023-06-08 19:00:00,35.43
EPA-57,61_52,Station 57,"St. John’s Road, Kilmainham, Dublin 8",53.345806,-6.294603,2.0,2023-06-08 20:00:00,30.31
EPA-57,61_52,Station 57,"St. John’s Road, Kilmainham, Dublin 8",53.345806,-6.294603,2.0,2023-06-08 21:00:00,28.16
EPA-57,61_52,Station 57,"St. John’s Road, Kilmainham, Dublin 8",53.345806,-6.294603,2.0,2023-06-08 22:00:00,48.07
EPA-57,61_52,Station 57,"St. John’s Road, Kilmainham, Dublin 8",53.345806,-6.294603,2.0,2023-06-08 23:00:00,40.6
EPA-57,61_52,Station 57,"St. John’s Road, Kilmainham, Dublin 8",53.345806,-6.294603,2.0,2023-06-09 00:00:00,48.57
EPA-57,61_52,Station 57,"St. John’s Road, Kilmainham, Dublin 8",53.345806,-6.294603,2.0,2023-06-09 01:00:00,53.36
EPA-57,61_52,Station 57,"St. John’s Road, Kilmainham, Dublin 8",53.345806,-6.294603,2.0,2023-06-09 02:00:00,34.94
EPA-57,61_52,Station 57,"St. John’s Road, Kilmainham, Dublin 8",53.345806,-6.294603,2.0,2023-06-09 03:00:00,48.14
EPA-57,61_52,Station 57,"St. John’s Road, Kilmainham, Dublin 8",53.345806,-6.294603,2.0,2023-06-09 04:00:00,37.31
EPA-57,61_52,Station 57,"St. John’s Road, Kilmainham, Dublin 8",53.345806,-6.294603,2.0,2023-06-09 05:00:00,21.49
EPA-57,61_52,Station 57,"St. John’s Road, Kilmainham, Dublin 8",53.345806,-6.294603,2.0,2023-06-09 06:00:00,29.36
EPA-57,61_52,Station 57,"St. John’s Road, Kilmainham, Dublin 8",53.345806,-6.294603,2.0,2023-06-09 07:00:00,37.05
EPA-57,61_52,Station 57,"St. John’s Road, Kilmainham, Dublin 8",53.345806,-6.294603,2.0,2023-06-09 08:00:00,28.04
EPA-57,61_52,Station 57,"St. John’s Road, Kilmainham, Dublin 8",53.345806,-6.294603,2.0,2023-06-09 09:00:00,25.24
EPA-57,61_52,Station 57,"St. John’s Road, Kilmainham, Dublin 8",53.345806,-6.294603,2.0,2023-06-09 10:00:00,31.03
EPA-57,61_52,Station 57,"St. John’s Road, Kilmainham, Dublin 8",53.345806,-6.294603,2.0,2023-06-09 11:00:00,22.62
EPA-57,61_52,Station 57,"St. John’s Road, Kilmainham, Dublin 8",53.345806,-6.294603,2.0,2023-06-09 12:00:00,23.32
EPA-57,61_52,Station 57,"St. John’s Road, Kilmainham, Dublin 8",53.345806,-6.294603,2.0,2023-06-09 13:00:00,19.99
EPA-57,61_52,Station 57,"St. John’s Road, Kilmainham, Dublin 8",53.345806,-6.294603,2.0,2023-06-09 14:00:00,30.47
EPA-57,61_52,Station 57,"St. John’s Road, Kilmainham, Dublin 8",53.345806,-6.294603,2.0,2023-06-09 15:00:00,21.14
EPA-57,61_52,Station 57,"St. John’s Road, Kilmainham, Dublin 8",53.345806,-6.294603,2.0,2023-06-09 16:00:00,25.35
EPA-57,61_52,Station 57,"St. John’s Road, Kilmainham, Dublin 8",53.345806,-6.294603,2.0,2023-06-09 17:00:00,36.24
EPA-57,61_52,Station 57,"St. John’s Road, Kilmainham, Dublin 8",53.345806,-6.294603,2.0,2023-06-09 18:00:00,46.14
EPA-57,61_52,Station 57,"St. John’s Road, Kilmainham, Dublin 8",53.345806,-6.294603,2.0,2023-06-09 19:00:00,30.07
EPA-57,61_52,Station 57,"St. John’s Road, Kilmainham, Dublin 8",53.345806,-6.294603,2.0,2023-06-09 20:00:00,32.04
EPA-57,61_52,Station 57,"St. John’s Road, Kilmainham, Dublin 8",53.345806,-6.294603,2.0,2023-06-09 21:00:00,35.79
EPA-57,61_52,Station 57,"St. John’s Road, Kilmainham, Dublin 8",53.345806,-6.294603,2.0,2023-06-09 22:00:00,35.25
EPA-57,61_52,Station 57,"St. John’s Road, Kilmainham, Dublin 8",53.345806,-6.294603,2.0,2023-06-09 23:00:00,41.33
EPA-57,61_52,Station 57,"St. John’s Road, Kilmainham, Dublin 8",53.345806,-6.294603,2.0,2023-06-10 00:00:00,68.68
EPA-57,61_52,Station 57,"St. John’s Road, Kilmainham, Dublin 8",53.345806,-6.294603,2.0,2023-06-10 01:00:00,77.2
EPA-57,61_52,Station 57,"St. John’s Road, Kilmainham, Dublin 8",53.345806,-6.294603,2.0,2023-06-10 02:00:00,65.54
EPA-57,61_52,Station 57,"St. John’s Road, Kilmainham, Dublin 8",53.345806,-6.294603,2.0,2023-06-10 03:00:00,36.6
EPA-57,61_52,Station 57,"St. John’s Road, Kilmainham, Dublin 8",53.345806,-6.294603,2.0,2023-06-10 04:00:00,24.96
EPA-57,61_52,Station 57,"St. John’s Road, Kilmainham, Dublin 8",53.345806,-6.294603,2.0,2023-06-10 05:00:00,24.53
EPA-57,61_52,Station 57,"St. John’s Road, Kilmainham, Dublin 8",53.345806,-6.294603,2.0,2023-06-10 06:00:00,22.02
EPA-57,61_52,Station 57,"St. John’s Road, Kilmainham, Dublin 8",53.345806,-6.294603,2.0,2023-06-10 07:00:00,28.18
EPA-57,61_52,Station 57,"St. John’s Road, Kilmainham, Dublin 8",53.345806,-6.294603,2.0,2023-06-10 08:00:00,27.66
EPA-57,61_52,Station 57,"St. John’s Road, Kilmainham, Dublin 8",53.345806,-6.294603,2.0,2023-06-10 09:00:00,29.15
EPA-57,61_52,Station 57,"St. John’s Road, Kilmainham, Dublin 8",53.345806,-6.294603,2.0,2023-06-10 10:00:00,30.57
EPA-57,61_52,Station 57,"St. John’s Road, Kilmainham, Dublin 8",53.345806,-6.294603,2.0,2023-06-10 11:00:00,33.18
EPA-57,61_52,Station 57,"St. John’s Road, Kilmainham, Dublin 8",53.345806,-6.294603,2.0,2023-06-10 12:00:00,38.42
EPA-57,61_52,Station 57,"St. John’s Road, Kilmainham, Dublin 8",53.345806,-6.294603,2.0,2023-06-10 13:00:00,34.43
EPA-57,61_52,Station 57,"St. John’s Road, Kilmainham, Dublin 8",53.345806,-6.294603,2.0,2023-06-10 14:00:00,31.51
EPA-57,61_52,Station 57,"St. John’s Road, Kilmainham, Dublin 8",53.345806,-6.294603,2.0,2023-06-10 15:00:00,40.68
EPA-57,61_52,Station 57,"St. John’s Road, Kilmainham, Dublin 8",53.345806,-6.294603,2.0,2023-06-10 16:00:00,50.7
EPA-57,61_52,Station 57,"St. John’s Road, Kilmainham, Dublin 8",53.345806,-6.294603,2.0,2023-06-10 17:00:00,73.96
EPA-57,61_52,Station 57,"St. John’s Road, Kilmainham, Dublin 8",53.345806,-6.294603,2.0,2023-06-10 18:00:00,64.19
EPA-57,61_52,Station 57,"St. John’s Road, Kilmainham, Dublin 8",53.345806,-6.294603,2.0,2023-06-10 19:00:00,53.36
EPA-57,61_52,Station 57,"St. John’s Road, Kilmainham, Dublin 8",53.345806,-6.294603,2.0,2023-06-10 20:00:00,57.64
EPA-57,61_52,Station 57,"St. John’s Road, Kilmainham, Dublin 8",53.345806,-6.294603,2.0,2023-06-10 21:00:00,46.85
EPA-57,61_52,Station 57,"St. John’s Road, Kilmainham, Dublin 8",53.345806,-6.294603,2.0,2023-06-10 22:00:00,72.94
EPA-57,61_52,Station 57,"St. John’s Road, Kilmainham, Dublin 8",53.345806,-6.294603,2.0,2023-06-10 23:00:00,74.81
EPA-57,61_52,Station 57,"St. John’s Road, Kilmainham, Dublin 8",53.345806,-6.294603,2.0,2023-06-11 00:00:00,62.18
EPA-57,61_52,Station 57,"St. John’s Road, Kilmainham, Dublin 8",53.345806,-6.294603,2.0,2023-06-11 01:00:00,58.94
EPA-57,61_52,Station 57,"St. John’s Road, Kilmainham, Dublin 8",53.345806,-6.294603,2.0,2023-06-11 02:00:00,51.28
EPA-57,61_52,Station 57,"St. John’s Road, Kilmainham, Dublin 8",53.345806,-6.294603,2.0,2023-06-11 03:00:00,41.23
EPA-57,61_52,Station 57,"St. John’s Road, Kilmainham, Dublin 8",53.345806,-6.294603,2.0,2023-06-11 04:00:00,33.15
EPA-57,61_52,Station 57,"St. John’s Road, Kilmainham, Dublin 8",53.345806,-6.294603,2.0,2023-06-11 05:00:00,26.22
EPA-57,61_52,Station 57,"St. John’s Road, Kilmainham, Dublin 8",53.345806,-6.294603,2.0,2023-06-11 06:00:00,23.68
EPA-57,61_52,Station 57,"St. John’s Road, Kilmainham, Dublin 8",53.345806,-6.294603,2.0,2023-06-11 07:00:00,29.31
EPA-57,61_52,Station 57,"St. John’s Road, Kilmainham, Dublin 8",53.345806,-6.294603,2.0,2023-06-11 08:00:00,46.4
EPA-57,61_52,Station 57,"St. John’s Road, Kilmainham, Dublin 8",53.345806,-6.294603,2.0,2023-06-11 09:00:00,43.42
EPA-57,61_52,Station 57,"St. John’s Road, Kilmainham, Dublin 8",53.345806,-6.294603,2.0,2023-06-11 10:00:00,25.29
EPA-57,61_52,Station 57,"St. John’s Road, Kilmainham, Dublin 8",53.345806,-6.294603,2.0,2023-06-11 11:00:00,33.74
EPA-57,61_52,Station 57,"St. John’s Road, Kilmainham, Dublin 8",53.345806,-6.294603,2.0,2023-06-11 12:00:00,41.33
EPA-57,61_52,Station 57,"St. John’s Road, Kilmainham, Dublin 8",53.345806,-6.294603,2.0,2023-06-11 13:00:00,24.37
EPA-57,61_52,Station 57,"St. John’s Road, Kilmainham, Dublin 8",53.345806,-6.294603,2.0,2023-06-11 14:00:00,21.57
EPA-57,61_52,Station 57,"St. John’s Road, Kilmainham, Dublin 8",53.345806,-6.294603,2.0,2023-06-11 15:00:00,15.09
EPA-57,61_52,Station 57,"St. John’s Road, Kilmainham, Dublin 8",53.345806,-6.294603,2.0,2023-06-11 16:00:00,8.46
EPA-57,61_52,Station 57,"St. John’s Road, Kilmainham, Dublin 8",53.345806,-6.294603,2.0,2023-06-11 17:00:00,19.75
EPA-57,61_52,Station 57,"St. John’s Road, Kilmainham, Dublin 8",53.345806,-6.294603,2.0,2023-06-11 18:00:00,28.88
EPA-57,61_52,Station 57,"St. John’s Road, Kilmainham, Dublin 8",53.345806,-6.294603,2.0,2023-06-11 19:00:00,25.82
EPA-57,61_52,Station 57,"St. John’s Road, Kilmainham, Dublin 8",53.345806,-6.294603,2.0,2023-06-11 20:00:00,39.91
EPA-57,61_52,Station 57,"St. John’s Road, Kilmainham, Dublin 8",53.345806,-6.294603,2.0,2023-06-11 21:00:00,39.32
EPA-57,61_52,Station 57,"St. John’s Road, Kilmainham, Dublin 8",53.345806,-6.294603,2.0,2023-06-11 22:00:00,45.03
EPA-57,61_52,Station 57,"St. John’s Road, Kilmainham, Dublin 8",53.345806,-6.294603,2.0,2023-06-11 23:00:00,72.49
EPA-57,61_52,Station 57,"St. John’s Road, Kilmainham, Dublin 8",53.345806,-6.294603,2.0,2023-06-12 00:00:00,49.91
EPA-57,61_52,Station 57,"St. John’s Road, Kilmainham, Dublin 8",53.345806,-6.294603,2.0,2023-06-12 01:00:00,42.88
EPA-57,61_52,Station 57,"St. John’s Road, Kilmainham, Dublin 8",53.345806,-6.294603,2.0,2023-06-12 02:00:00,41.64
EPA-57,61_52,Station 57,"St. John’s Road, Kilmainham, Dublin 8",53.345806,-6.294603,2.0,2023-06-12 03:00:00,37.57
EPA-57,61_52,Station 57,"St. John’s Road, Kilmainham, Dublin 8",53.345806,-6.294603,2.0,2023-06-12 04:00:00,30.9
EPA-57,61_52,Station 57,"St. John’s Road, Kilmainham, Dublin 8",53.345806,-6.294603,2.0,2023-06-12 05:00:00,18.86
EPA-57,61_52,Station 57,"St. John’s Road, Kilmainham, Dublin 8",53.345806,-6.294603,2.0,2023-06-12 06:00:00,33.45
EPA-57,61_52,Station 57,"St. John’s Road, Kilmainham, Dublin 8",53.345806,-6.294603,2.0,2023-06-12 07:00:00,47.49
EPA-57,61_52,Station 57,"St. John’s Road, Kilmainham, Dublin 8",53.345806,-6.294603,2.0,2023-06-12 08:00:00,52.0
EPA-57,61_52,Station 57,"St. John’s Road, Kilmainham, Dublin 8",53.345806,-6.294603,2.0,2023-06-12 09:00:00,43.2
EPA-57,61_52,Station 57,"St. John’s Road, Kilmainham, Dublin 8",53.345806,-6.294603,2.0,2023-06-12 10:00:00,42.35
EPA-57,61_52,Station 57,"St. John’s Road, Kilmainham, Dublin 8",53.345806,-6.294603,2.0,2023-06-12 11:00:00,40.79
EPA-57,61_52,Station 57,"St. John’s Road, Kilmainham, Dublin 8",53.345806,-6.294603,2.0,2023-06-12 12:00:00,36.68
EPA-57,61_52,Station 57,"St. John’s Road, Kilmainham, Dublin 8",53.345806,-6.294603,2.0,2023-06-12 13:00:00,35.84
EPA-57,61_52,Station 57,"St. John’s Road, Kilmainham, Dublin 8",53.345806,-6.294603,2.0,2023-06-12 14:00:00,33.89
EPA-57,61_52,Station 57,"St. John’s Road, Kilmainham, Dublin 8",53.345806,-6.294603,2.0,2023-06-12 15:00:00,38.46
EPA-57,61_52,Station 57,"St. John’s Road, Kilmainham, Dublin 8",53.345806,-6.294603,2.0,2023-06-12 16:00:00,56.98
EPA-57,61_52,Station 57,"St. John’s Road, Kilmainham, Dublin 8",53.345806,-6.294603,2.0,2023-06-12 17:00:00,60.25
EPA-57,61_52,Station 57,"St. John’s Road, Kilmainham, Dublin 8",53.345806,-6.294603,2.0,2023-06-12 18:00:00,50.25
EPA-57,61_52,Station 57,"St. John’s Road, Kilmainham, Dublin 8",53.345806,-6.294603,2.0,2023-06-12 19:00:00,56.6
EPA-57,61_52,Station 57,"St. John’s Road, Kilmainham, Dublin 8",53.345806,-6.294603,2.0,2023-06-12 20:00:00,52.28
EPA-57,61_52,Station 57,"St. John’s Road, Kilmainham, Dublin 8",53.345806,-6.294603,2.0,2023-06-12 21:00:00,54.2
EPA-57,61_52,Station 57,"St. John’s Road, Kilmainham, Dublin 8",53.345806,-6.294603,2.0,2023-06-12 22:00:00,56.44
EPA-57,61_52,Station 57,"St. John’s Road, Kilmainham, Dublin 8",53.345806,-6.294603,2.0,2023-06-12 23:00:00,50.73
EPA-57,61_52,Station 57,"St. John’s Road, Kilmainham, Dublin 8",53.345806,-6.294603,2.0,2023-06-13 00:00:00,51.52
EPA-57,61_52,Station 57,"St. John’s Road, Kilmainham, Dublin 8",53.345806,-6.294603,2.0,2023-06-13 01:00:00,45.06
EPA-57,61_52,Station 57,"St. John’s Road, Kilmainham, Dublin 8",53.345806,-6.294603,2.0,2023-06-13 02:00:00,25.98
EPA-57,61_52,Station 57,"St. John’s Road, Kilmainham, Dublin 8",53.345806,-6.294603,2.0,2023-06-13 03:00:00,24.0
EPA-57,61_52,Station 57,"St. John’s Road, Kilmainham, Dublin 8",53.345806,-6.294603,2.0,2023-06-13 04:00:00,25.78
EPA-57,61_52,Station 57,"St. John’s Road, Kilmainham, Dublin 8",53.345806,-6.294603,2.0,2023-06-13 05:00:00,22.3
EPA-57,61_52,Station 57,"St. John’s Road, Kilmainham, Dublin 8",53.345806,-6.294603,2.0,2023-06-13 06:00:00,26.56
EPA-57,61_52,Station 57,"St. John’s Road, Kilmainham, Dublin 8",53.345806,-6.294603,2.0,2023-06-13 07:00:00,56.35
EPA-57,61_52,Station 57,"St. John’s Road, Kilmainham, Dublin 8",53.345806,-6.294603,2.0,2023-06-13 08:00:00,55.86
EPA-57,61_52,Station 57,"St. John’s Road, Kilmainham, Dublin 8",53.345806,-6.294603,2.0,2023-06-13 09:00:00,69.96
EPA-57,61_52,Station 57,"St. John’s Road, Kilmainham, Dublin 8",53.345806,-6.294603,2.0,2023-06-13 10:00:00,41.43
EPA-57,61_52,Station 57,"St. John’s Road, Kilmainham, Dublin 8",53.345806,-6.294603,2.0,2023-06-13 11:00:00,30.36
EPA-57,61_52,Station 57,"St. John’s Road, Kilmainham, Dublin 8",53.345806,-6.294603,2.0,2023-06-13 12:00:00,31.16
EPA-57,61_52,Station 57,"St. John’s Road, Kilmainham, Dublin 8",53.345806,-6.294603,2.0,2023-06-13 13:00:00,25.24
EPA-57,61_52,Station 57,"St. John’s Road, Kilmainham, Dublin 8",53.345806,-6.294603,2.0,2023-06-13 14:00:00,33.43
EPA-57,61_52,Station 57,"St. John’s Road, Kilmainham, Dublin 8",53.345806,-6.294603,2.0,2023-06-13 15:00:00,74.85
EPA-57,61_52,Station 57,"St. John’s Road, Kilmainham, Dublin 8",53.345806,-6.294603,2.0,2023-06-13 16:00:00,69.23
EPA-57,61_52,Station 57,"St. John’s Road, Kilmainham, Dublin 8",53.345806,-6.294603,2.0,2023-06-13 17:00:00,39.15
EPA-57,61_52,Station 57,"St. John’s Road, Kilmainham, Dublin 8",53.345806,-6.294603,2.0,2023-06-13 18:00:00,42.09
EPA-57,61_52,Station 57,"St. John’s Road, Kilmainham, Dublin 8",53.345806,-6.294603,2.0,2023-06-13 19:00:00,37.61
EPA-57,61_52,Station 57,"St. John’s Road, Kilmainham, Dublin 8",53.345806,-6.294603,2.0,2023-06-13 20:00:00,30.07
EPA-57,61_52,Station 57,"St. John’s Road, Kilmainham, Dublin 8",53.345806,-6.294603,2.0,2023-06-13 21:00:00,63.42
EPA-57,61_52,Station 57,"St. John’s Road, Kilmainham, Dublin 8",53.345806,-6.294603,2.0,2023-06-13 22:00:00,72.58
EPA-57,61_52,Station 57,"St. John’s Road, Kilmainham, Dublin 8",53.345806,-6.294603,2.0,2023-06-13 23:00:00,86.62
EPA-57,61_52,Station 57,"St. John’s Road, Kilmainham, Dublin 8",53.345806,-6.294603,2.0,2023-06-14 00:00:00,54.69
EPA-57,61_52,Station 57,"St. John’s Road, Kilmainham, Dublin 8",53.345806,-6.294603,2.0,2023-06-14 01:00:00,50.17
EPA-57,61_52,Station 57,"St. John’s Road, Kilmainham, Dublin 8",53.345806,-6.294603,2.0,2023-06-14 02:00:00,60.22
EPA-57,61_52,Station 57,"St. John’s Road, Kilmainham, Dublin 8",53.345806,-6.294603,2.0,2023-06-14 03:00:00,54.68
EPA-57,61_52,Station 57,"St. John’s Road, Kilmainham, Dublin 8",53.345806,-6.294603,2.0,2023-06-14 04:00:00,55.01
EPA-57,61_52,Station 57,"St. John’s Road, Kilmainham, Dublin 8",53.345806,-6.294603,2.0,2023-06-14 05:00:00,42.69
EPA-57,61_52,Station 57,"St. John’s Road, Kilmainham, Dublin 8",53.345806,-6.294603,2.0,2023-06-14 06:00:00,26.71
EPA-57,61_52,Station 57,"St. John’s Road, Kilmainham, Dublin 8",53.345806,-6.294603,2.0,2023-06-14 07:00:00,36.28
EPA-57,61_52,Station 57,"St. John’s Road, Kilmainham, Dublin 8",53.345806,-6.294603,2.0,2023-06-14 08:00:00,55.97
EPA-57,61_52,Station 57,"St. John’s Road, Kilmainham, Dublin 8",53.345806,-6.294603,2.0,2023-06-14 09:00:00,32.69
EPA-57,61_52,Station 57,"St. John’s Road, Kilmainham, Dublin 8",53.345806,-6.294603,2.0,2023-06-14 10:00:00,50.92
EPA-57,61_52,Station 57,"St. John’s Road, Kilmainham, Dublin 8",53.345806,-6.294603,2.0,2023-06-14 11:00:00,53.3
EPA-57,61_52,Station 57,"St. John’s Road, Kilmainham, Dublin 8",53.345806,-6.294603,2.0,2023-06-14 12:00:00,31.87
EPA-57,61_52,Station 57,"St. John’s Road, Kilmainham, Dublin 8",53.345806,-6.294603,2.0,2023-06-14 13:00:00,29.69
EPA-57,61_52,Station 57,"St. John’s Road, Kilmainham, Dublin 8",53.345806,-6.294603,2.0,2023-06-14 14:00:00,27.66
EPA-57,61_52,Station 57,"St. John’s Road, Kilmainham, Dublin 8",53.345806,-6.294603,2.0,2023-06-14 15:00:00,26.81
EPA-57,61_52,Station 57,"St. John’s Road, Kilmainham, Dublin 8",53.345806,-6.294603,2.0,2023-06-14 16:00:00,40.97
EPA-57,61_52,Station 57,"St. John’s Road, Kilmainham, Dublin 8",53.345806,-6.294603,2.0,2023-06-14 17:00:00,34.31
EPA-57,61_52,Station 57,"St. John’s Road, Kilmainham, Dublin 8",53.345806,-6.294603,2.0,2023-06-14 18:00:00,46.99
EPA-57,61_52,Station 57,"St. John’s Road, Kilmainham, Dublin 8",53.345806,-6.294603,2.0,2023-06-14 19:00:00,42.81
EPA-57,61_52,Station 57,"St. John’s Road, Kilmainham, Dublin 8",53.345806,-6.294603,2.0,2023-06-14 20:00:00,28.64
EPA-57,61_52,Station 57,"St. John’s Road, Kilmainham, Dublin 8",53.345806,-6.294603,2.0,2023-06-14 21:00:00,41.65
EPA-57,61_52,Station 57,"St. John’s Road, Kilmainham, Dublin 8",53.345806,-6.294603,2.0,2023-06-14 22:00:00,90.5
EPA-57,61_52,Station 57,"St. John’s Road, Kilmainham, Dublin 8",53.345806,-6.294603,2.0,2023-06-15 01:00:00,82.37
EPA-57,61_52,Station 57,"St. John’s Road, Kilmainham, Dublin 8",53.345806,-6.294603,2.0,2023-06-15 02:00:00,62.98
EPA-57,61_52,Station 57,"St. John’s Road, Kilmainham, Dublin 8",53.345806,-6.294603,2.0,2023-06-15 03:00:00,50.29
EPA-57,61_52,Station 57,"St. John’s Road, Kilmainham, Dublin 8",53.345806,-6.294603,2.0,2023-06-15 04:00:00,63.86
EPA-57,61_52,Station 57,"St. John’s Road, Kilmainham, Dublin 8",53.345806,-6.294603,2.0,2023-06-15 05:00:00,52.12
EPA-57,61_52,Station 57,"St. John’s Road, Kilmainham, Dublin 8",53.345806,-6.294603,2.0,2023-06-15 06:00:00,58.8
EPA-57,61_52,Station 57,"St. John’s Road, Kilmainham, Dublin 8",53.345806,-6.294603,2.0,2023-06-15 07:00:00,84.28
EPA-57,61_52,Station 57,"St. John’s Road, Kilmainham, Dublin 8",53.345806,-6.294603,2.0,2023-06-15 08:00:00,80.08
EPA-57,61_52,Station 57,"St. John’s Road, Kilmainham, Dublin 8",53.345806,-6.294603,2.0,2023-06-15 09:00:00,75.79
EPA-57,61_52,Station 57,"St. John’s Road, Kilmainham, Dublin 8",53.345806,-6.294603,2.0,2023-06-15 10:00:00,71.54
EPA-57,61_52,Station 57,"St. John’s Road, Kilmainham, Dublin 8",53.345806,-6.294603,2.0,2023-06-15 11:00:00,80.67
EPA-57,61_52,Station 57,"St. John’s Road, Kilmainham, Dublin 8",53.345806,-6.294603,2.0,2023-06-15 12:00:00,46.69
EPA-57,61_52,Station 57,"St. John’s Road, Kilmainham, Dublin 8",53.345806,-6.294603,2.0,2023-06-15 13:00:00,49.83
EPA-57,61_52,Station 57,"St. John’s Road, Kilmainham, Dublin 8",53.345806,-6.294603,2.0,2023-06-15 14:00:00,35.77
EPA-57,61_52,Station 57,"St. John’s Road, Kilmainham, Dublin 8",53.345806,-6.294603,2.0,2023-06-15 15:00:00,60.11
EPA-57,61_52,Station 57,"St. John’s Road, Kilmainham, Dublin 8",53.345806,-6.294603,2.0,2023-06-15 16:00:00,47.94
EPA-57,61_52,Station 57,"St. John’s Road, Kilmainham, Dublin 8",53.345806,-6.294603,2.0,2023-06-15 17:00:00,59.48
EPA-57,61_52,Station 57,"St. John’s Road, Kilmainham, Dublin 8",53.345806,-6.294603,2.0,2023-06-15 18:00:00,67.47
EPA-57,61_52,Station 57,"St. John’s Road, Kilmainham, Dublin 8",53.345806,-6.294603,2.0,2023-06-15 19:00:00,66.03
EPA-57,61_52,Station 57,"St. John’s Road, Kilmainham, Dublin 8",53.345806,-6.294603,2.0,2023-06-15 20:00:00,45.86
EPA-57,61_52,Station 57,"St. John’s Road, Kilmainham, Dublin 8",53.345806,-6.294603,2.0,2023-06-15 21:00:00,40.88
EPA-57,61_52,Station 57,"St. John’s Road, Kilmainham, Dublin 8",53.345806,-6.294603,2.0,2023-06-15 22:00:00,40.79
EPA-57,61_52,Station 57,"St. John’s Road, Kilmainham, Dublin 8",53.345806,-6.294603,2.0,2023-06-15 23:00:00,43.12
EPA-57,61_52,Station 57,"St. John’s Road, Kilmainham, Dublin 8",53.345806,-6.294603,2.0,2023-06-16 00:00:00,45.08
EPA-57,61_52,Station 57,"St. John’s Road, Kilmainham, Dublin 8",53.345806,-6.294603,2.0,2023-06-16 01:00:00,45.84
EPA-57,61_52,Station 57,"St. John’s Road, Kilmainham, Dublin 8",53.345806,-6.294603,2.0,2023-06-16 02:00:00,82.69
EPA-57,61_52,Station 57,"St. John’s Road, Kilmainham, Dublin 8",53.345806,-6.294603,2.0,2023-06-16 03:00:00,68.0
EPA-57,61_52,Station 57,"St. John’s Road, Kilmainham, Dublin 8",53.345806,-6.294603,2.0,2023-06-16 04:00:00,50.02
EPA-57,61_52,Station 57,"St. John’s Road, Kilmainham, Dublin 8",53.345806,-6.294603,2.0,2023-06-16 05:00:00,48.17
EPA-57,61_52,Station 57,"St. John’s Road, Kilmainham, Dublin 8",53.345806,-6.294603,2.0,2023-06-16 06:00:00,56.09
EPA-57,61_52,Station 57,"St. John’s Road, Kilmainham, Dublin 8",53.345806,-6.294603,2.0,2023-06-16 07:00:00,70.57
EPA-57,61_52,Station 57,"St. John’s Road, Kilmainham, Dublin 8",53.345806,-6.294603,2.0,2023-06-16 08:00:00,79.78
EPA-57,61_52,Station 57,"St. John’s Road, Kilmainham, Dublin 8",53.345806,-6.294603,2.0,2023-06-16 09:00:00,68.59
EPA-57,61_52,Station 57,"St. John’s Road, Kilmainham, Dublin 8",53.345806,-6.294603,2.0,2023-06-16 10:00:00,41.39
EPA-57,61_52,Station 57,"St. John’s Road, Kilmainham, Dublin 8",53.345806,-6.294603,2.0,2023-06-16 11:00:00,34.99
EPA-57,61_52,Station 57,"St. John’s Road, Kilmainham, Dublin 8",53.345806,-6.294603,2.0,2023-06-16 12:00:00,50.7
EPA-57,61_52,Station 57,"St. John’s Road, Kilmainham, Dublin 8",53.345806,-6.294603,2.0,2023-06-16 13:00:00,52.54
EPA-57,61_52,Station 57,"St. John’s Road, Kilmainham, Dublin 8",53.345806,-6.294603,2.0,2023-06-16 14:00:00,62.21
EPA-57,61_52,Station 57,"St. John’s Road, Kilmainham, Dublin 8",53.345806,-6.294603,2.0,2023-06-16 15:00:00,51.34
EPA-57,61_52,Station 57,"St. John’s Road, Kilmainham, Dublin 8",53.345806,-6.294603,2.0,2023-06-16 16:00:00,68.68
EPA-57,61_52,Station 57,"St. John’s Road, Kilmainham, Dublin 8",53.345806,-6.294603,2.0,2023-06-16 17:00:00,66.87
EPA-57,61_52,Station 57,"St. John’s Road, Kilmainham, Dublin 8",53.345806,-6.294603,2.0,2023-06-16 18:00:00,74.38
EPA-57,61_52,Station 57,"St. John’s Road, Kilmainham, Dublin 8",53.345806,-6.294603,2.0,2023-06-16 19:00:00,56.07
EPA-57,61_52,Station 57,"St. John’s Road, Kilmainham, Dublin 8",53.345806,-6.294603,2.0,2023-06-16 20:00:00,21.48
EPA-57,61_52,Station 57,"St. John’s Road, Kilmainham, Dublin 8",53.345806,-6.294603,2.0,2023-06-16 21:00:00,27.93
EPA-57,61_52,Station 57,"St. John’s Road, Kilmainham, Dublin 8",53.345806,-6.294603,2.0,2023-06-16 22:00:00,19.78
EPA-57,61_52,Station 57,"St. John’s Road, Kilmainham, Dublin 8",53.345806,-6.294603,2.0,2023-06-16 23:00:00,35.35
EPA-57,61_52,Station 57,"St. John’s Road, Kilmainham, Dublin 8",53.345806,-6.294603,2.0,2023-06-17 00:00:00,31.22
EPA-57,61_52,Station 57,"St. John’s Road, Kilmainham, Dublin 8",53.345806,-6.294603,2.0,2023-06-17 01:00:00,17.82
EPA-57,61_52,Station 57,"St. John’s Road, Kilmainham, Dublin 8",53.345806,-6.294603,2.0,2023-06-17 02:00:00,34.08
EPA-57,61_52,Station 57,"St. John’s Road, Kilmainham, Dublin 8",53.345806,-6.294603,2.0,2023-06-17 03:00:00,35.07
EPA-57,61_52,Station 57,"St. John’s Road, Kilmainham, Dublin 8",53.345806,-6.294603,2.0,2023-06-17 04:00:00,15.93
EPA-57,61_52,Station 57,"St. John’s Road, Kilmainham, Dublin 8",53.345806,-6.294603,2.0,2023-06-17 05:00:00,13.1
EPA-57,61_52,Station 57,"St. John’s Road, Kilmainham, Dublin 8",53.345806,-6.294603,2.0,2023-06-17 06:00:00,13.53
EPA-57,61_52,Station 57,"St. John’s Road, Kilmainham, Dublin 8",53.345806,-6.294603,2.0,2023-06-17 07:00:00,13.9
EPA-57,61_52,Station 57,"St. John’s Road, Kilmainham, Dublin 8",53.345806,-6.294603,2.0,2023-06-17 08:00:00,17.15
EPA-57,61_52,Station 57,"St. John’s Road, Kilmainham, Dublin 8",53.345806,-6.294603,2.0,2023-06-17 09:00:00,12.43
EPA-57,61_52,Station 57,"St. John’s Road, Kilmainham, Dublin 8",53.345806,-6.294603,2.0,2023-06-17 10:00:00,27.07
EPA-57,61_52,Station 57,"St. John’s Road, Kilmainham, Dublin 8",53.345806,-6.294603,2.0,2023-06-17 11:00:00,27.13
EPA-57,61_52,Station 57,"St. John’s Road, Kilmainham, Dublin 8",53.345806,-6.294603,2.0,2023-06-17 12:00:00,25.15
EPA-57,61_52,Station 57,"St. John’s Road, Kilmainham, Dublin 8",53.345806,-6.294603,2.0,2023-06-17 13:00:00,23.58
EPA-57,61_52,Station 57,"St. John’s Road, Kilmainham, Dublin 8",53.345806,-6.294603,2.0,2023-06-17 14:00:00,20.67
EPA-57,61_52,Station 57,"St. John’s Road, Kilmainham, Dublin 8",53.345806,-6.294603,2.0,2023-06-17 15:00:00,14.71
EPA-57,61_52,Station 57,"St. John’s Road, Kilmainham, Dublin 8",53.345806,-6.294603,2.0,2023-06-17 16:00:00,13.98
EPA-57,61_52,Station 57,"St. John’s Road, Kilmainham, Dublin 8",53.345806,-6.294603,2.0,2023-06-17 17:00:00,14.51
EPA-57,61_52,Station 57,"St. John’s Road, Kilmainham, Dublin 8",53.345806,-6.294603,2.0,2023-06-17 18:00:00,18.38
EPA-57,61_52,Station 57,"St. John’s Road, Kilmainham, Dublin 8",53.345806,-6.294603,2.0,2023-06-17 19:00:00,17.17
EPA-57,61_52,Station 57,"St. John’s Road, Kilmainham, Dublin 8",53.345806,-6.294603,2.0,2023-06-17 20:00:00,26.52
EPA-57,61_52,Station 57,"St. John’s Road, Kilmainham, Dublin 8",53.345806,-6.294603,2.0,2023-06-17 21:00:00,35.46
EPA-57,61_52,Station 57,"St. John’s Road, Kilmainham, Dublin 8",53.345806,-6.294603,2.0,2023-06-17 22:00:00,29.48
EPA-57,61_52,Station 57,"St. John’s Road, Kilmainham, Dublin 8",53.345806,-6.294603,2.0,2023-06-17 23:00:00,18.63
EPA-57,61_52,Station 57,"St. John’s Road, Kilmainham, Dublin 8",53.345806,-6.294603,2.0,2023-06-18 00:00:00,16.26
EPA-57,61_52,Station 57,"St. John’s Road, Kilmainham, Dublin 8",53.345806,-6.294603,2.0,2023-06-18 01:00:00,16.4
EPA-57,61_52,Station 57,"St. John’s Road, Kilmainham, Dublin 8",53.345806,-6.294603,2.0,2023-06-18 02:00:00,11.33
EPA-57,61_52,Station 57,"St. John’s Road, Kilmainham, Dublin 8",53.345806,-6.294603,2.0,2023-06-18 03:00:00,10.6
EPA-57,61_52,Station 57,"St. John’s Road, Kilmainham, Dublin 8",53.345806,-6.294603,2.0,2023-06-18 04:00:00,10.41
EPA-57,61_52,Station 57,"St. John’s Road, Kilmainham, Dublin 8",53.345806,-6.294603,2.0,2023-06-18 05:00:00,14.07
EPA-57,61_52,Station 57,"St. John’s Road, Kilmainham, Dublin 8",53.345806,-6.294603,2.0,2023-06-18 06:00:00,10.85
EPA-57,61_52,Station 57,"St. John’s Road, Kilmainham, Dublin 8",53.345806,-6.294603,2.0,2023-06-18 07:00:00,17.46
EPA-57,61_52,Station 57,"St. John’s Road, Kilmainham, Dublin 8",53.345806,-6.294603,2.0,2023-06-18 08:00:00,20.34
EPA-57,61_52,Station 57,"St. John’s Road, Kilmainham, Dublin 8",53.345806,-6.294603,2.0,2023-06-18 09:00:00,21.1
EPA-57,61_52,Station 57,"St. John’s Road, Kilmainham, Dublin 8",53.345806,-6.294603,2.0,2023-06-18 10:00:00,18.23
EPA-57,61_52,Station 57,"St. John’s Road, Kilmainham, Dublin 8",53.345806,-6.294603,2.0,2023-06-18 11:00:00,20.19
EPA-57,61_52,Station 57,"St. John’s Road, Kilmainham, Dublin 8",53.345806,-6.294603,2.0,2023-06-18 12:00:00,18.59
EPA-57,61_52,Station 57,"St. John’s Road, Kilmainham, Dublin 8",53.345806,-6.294603,2.0,2023-06-18 13:00:00,17.97
EPA-57,61_52,Station 57,"St. John’s Road, Kilmainham, Dublin 8",53.345806,-6.294603,2.0,2023-06-18 14:00:00,18.83
EPA-57,61_52,Station 57,"St. John’s Road, Kilmainham, Dublin 8",53.345806,-6.294603,2.0,2023-06-18 15:00:00,25.65
EPA-57,61_52,Station 57,"St. John’s Road, Kilmainham, Dublin 8",53.345806,-6.294603,2.0,2023-06-18 16:00:00,19.06
EPA-57,61_52,Station 57,"St. John’s Road, Kilmainham, Dublin 8",53.345806,-6.294603,2.0,2023-06-18 17:00:00,16.77
EPA-57,61_52,Station 57,"St. John’s Road, Kilmainham, Dublin 8",53.345806,-6.294603,2.0,2023-06-18 18:00:00,12.61
EPA-57,61_52,Station 57,"St. John’s Road, Kilmainham, Dublin 8",53.345806,-6.294603,2.0,2023-06-18 19:00:00,10.84
EPA-57,61_52,Station 57,"St. John’s Road, Kilmainham, Dublin 8",53.345806,-6.294603,2.0,2023-06-18 20:00:00,8.48
EPA-57,61_52,Station 57,"St. John’s Road, Kilmainham, Dublin 8",53.345806,-6.294603,2.0,2023-06-18 21:00:00,9.35
EPA-57,61_52,Station 57,"St. John’s Road, Kilmainham, Dublin 8",53.345806,-6.294603,2.0,2023-06-18 22:00:00,21.36
EPA-57,61_52,Station 57,"St. John’s Road, Kilmainham, Dublin 8",53.345806,-6.294603,2.0,2023-06-18 23:00:00,32.78
EPA-57,61_52,Station 57,"St. John’s Road, Kilmainham, Dublin 8",53.345806,-6.294603,2.0,2023-06-19 00:00:00,24.97
EPA-57,61_52,Station 57,"St. John’s Road, Kilmainham, Dublin 8",53.345806,-6.294603,2.0,2023-06-19 01:00:00,28.01
EPA-57,61_52,Station 57,"St. John’s Road, Kilmainham, Dublin 8",53.345806,-6.294603,2.0,2023-06-19 02:00:00,14.98
EPA-57,61_52,Station 57,"St. John’s Road, Kilmainham, Dublin 8",53.345806,-6.294603,2.0,2023-06-19 03:00:00,11.1
EPA-57,61_52,Station 57,"St. John’s Road, Kilmainham, Dublin 8",53.345806,-6.294603,2.0,2023-06-19 04:00:00,8.39
EPA-57,61_52,Station 57,"St. John’s Road, Kilmainham, Dublin 8",53.345806,-6.294603,2.0,2023-06-19 05:00:00,10.57
EPA-57,61_52,Station 57,"St. John’s Road, Kilmainham, Dublin 8",53.345806,-6.294603,2.0,2023-06-19 06:00:00,25.83
EPA-57,61_52,Station 57,"St. John’s Road, Kilmainham, Dublin 8",53.345806,-6.294603,2.0,2023-06-19 07:00:00,39.11
EPA-57,61_52,Station 57,"St. John’s Road, Kilmainham, Dublin 8",53.345806,-6.294603,2.0,2023-06-19 08:00:00,29.49
EPA-57,61_52,Station 57,"St. John’s Road, Kilmainham, Dublin 8",53.345806,-6.294603,2.0,2023-06-19 09:00:00,24.63
EPA-57,61_52,Station 57,"St. John’s Road, Kilmainham, Dublin 8",53.345806,-6.294603,2.0,2023-06-19 10:00:00,30.79
EPA-57,61_52,Station 57,"St. John’s Road, Kilmainham, Dublin 8",53.345806,-6.294603,2.0,2023-06-19 11:00:00,38.96
EPA-57,61_52,Station 57,"St. John’s Road, Kilmainham, Dublin 8",53.345806,-6.294603,2.0,2023-06-19 12:00:00,32.11
EPA-57,61_52,Station 57,"St. John’s Road, Kilmainham, Dublin 8",53.345806,-6.294603,2.0,2023-06-19 13:00:00,24.91
EPA-57,61_52,Station 57,"St. John’s Road, Kilmainham, Dublin 8",53.345806,-6.294603,2.0,2023-06-19 14:00:00,25.87
EPA-57,61_52,Station 57,"St. John’s Road, Kilmainham, Dublin 8",53.345806,-6.294603,2.0,2023-06-19 15:00:00,27.99
EPA-57,61_52,Station 57,"St. John’s Road, Kilmainham, Dublin 8",53.345806,-6.294603,2.0,2023-06-19 16:00:00,35.47
EPA-57,61_52,Station 57,"St. John’s Road, Kilmainham, Dublin 8",53.345806,-6.294603,2.0,2023-06-19 17:00:00,22.23
EPA-57,61_52,Station 57,"St. John’s Road, Kilmainham, Dublin 8",53.345806,-6.294603,2.0,2023-06-19 18:00:00,23.2
EPA-57,61_52,Station 57,"St. John’s Road, Kilmainham, Dublin 8",53.345806,-6.294603,2.0,2023-06-19 19:00:00,27.91
EPA-57,61_52,Station 57,"St. John’s Road, Kilmainham, Dublin 8",53.345806,-6.294603,2.0,2023-06-19 20:00:00,20.89
EPA-57,61_52,Station 57,"St. John’s Road, Kilmainham, Dublin 8",53.345806,-6.294603,2.0,2023-06-19 21:00:00,21.86
EPA-57,61_52,Station 57,"St. John’s Road, Kilmainham, Dublin 8",53.345806,-6.294603,2.0,2023-06-19 22:00:00,23.24
EPA-57,61_52,Station 57,"St. John’s Road, Kilmainham, Dublin 8",53.345806,-6.294603,2.0,2023-06-19 23:00:00,22.44
EPA-57,61_52,Station 57,"St. John’s Road, Kilmainham, Dublin 8",53.345806,-6.294603,2.0,2023-06-20 00:00:00,16.71
EPA-57,61_52,Station 57,"St. John’s Road, Kilmainham, Dublin 8",53.345806,-6.294603,2.0,2023-06-20 01:00:00,28.55
EPA-57,61_52,Station 57,"St. John’s Road, Kilmainham, Dublin 8",53.345806,-6.294603,2.0,2023-06-20 02:00:00,33.11
EPA-57,61_52,Station 57,"St. John’s Road, Kilmainham, Dublin 8",53.345806,-6.294603,2.0,2023-06-20 03:00:00,46.87
EPA-57,61_52,Station 57,"St. John’s Road, Kilmainham, Dublin 8",53.345806,-6.294603,2.0,2023-06-20 04:00:00,24.55
EPA-57,61_52,Station 57,"St. John’s Road, Kilmainham, Dublin 8",53.345806,-6.294603,2.0,2023-06-20 05:00:00,30.61
EPA-57,61_52,Station 57,"St. John’s Road, Kilmainham, Dublin 8",53.345806,-6.294603,2.0,2023-06-20 06:00:00,33.63
EPA-57,61_52,Station 57,"St. John’s Road, Kilmainham, Dublin 8",53.345806,-6.294603,2.0,2023-06-20 07:00:00,38.46
EPA-57,61_52,Station 57,"St. John’s Road, Kilmainham, Dublin 8",53.345806,-6.294603,2.0,2023-06-20 08:00:00,39.06
EPA-57,61_52,Station 57,"St. John’s Road, Kilmainham, Dublin 8",53.345806,-6.294603,2.0,2023-06-20 09:00:00,34.68
EPA-57,61_52,Station 57,"St. John’s Road, Kilmainham, Dublin 8",53.345806,-6.294603,2.0,2023-06-20 10:00:00,19.17
EPA-57,61_52,Station 57,"St. John’s Road, Kilmainham, Dublin 8",53.345806,-6.294603,2.0,2023-06-20 11:00:00,19.59
EPA-57,61_52,Station 57,"St. John’s Road, Kilmainham, Dublin 8",53.345806,-6.294603,2.0,2023-06-20 12:00:00,23.71
EPA-57,61_52,Station 57,"St. John’s Road, Kilmainham, Dublin 8",53.345806,-6.294603,2.0,2023-06-20 13:00:00,40.1
EPA-57,61_52,Station 57,"St. John’s Road, Kilmainham, Dublin 8",53.345806,-6.294603,2.0,2023-06-20 14:00:00,26.51
EPA-57,61_52,Station 57,"St. John’s Road, Kilmainham, Dublin 8",53.345806,-6.294603,2.0,2023-06-20 15:00:00,28.24
EPA-57,61_52,Station 57,"St. John’s Road, Kilmainham, Dublin 8",53.345806,-6.294603,2.0,2023-06-20 16:00:00,17.49
EPA-57,61_52,Station 57,"St. John’s Road, Kilmainham, Dublin 8",53.345806,-6.294603,2.0,2023-06-20 17:00:00,47.51
EPA-57,61_52,Station 57,"St. John’s Road, Kilmainham, Dublin 8",53.345806,-6.294603,2.0,2023-06-20 18:00:00,66.31
EPA-57,61_52,Station 57,"St. John’s Road, Kilmainham, Dublin 8",53.345806,-6.294603,2.0,2023-06-20 19:00:00,58.14
EPA-57,61_52,Station 57,"St. John’s Road, Kilmainham, Dublin 8",53.345806,-6.294603,2.0,2023-06-20 20:00:00,47.6
EPA-57,61_52,Station 57,"St. John’s Road, Kilmainham, Dublin 8",53.345806,-6.294603,2.0,2023-06-20 21:00:00,40.87
EPA-57,61_52,Station 57,"St. John’s Road, Kilmainham, Dublin 8",53.345806,-6.294603,2.0,2023-06-20 22:00:00,41.2
EPA-57,61_52,Station 57,"St. John’s Road, Kilmainham, Dublin 8",53.345806,-6.294603,2.0,2023-06-20 23:00:00,28.05
EPA-57,61_52,Station 57,"St. John’s Road, Kilmainham, Dublin 8",53.345806,-6.294603,2.0,2023-06-21 00:00:00,41.79
EPA-57,61_52,Station 57,"St. John’s Road, Kilmainham, Dublin 8",53.345806,-6.294603,2.0,2023-06-21 01:00:00,20.01
EPA-57,61_52,Station 57,"St. John’s Road, Kilmainham, Dublin 8",53.345806,-6.294603,2.0,2023-06-21 02:00:00,17.53
EPA-57,61_52,Station 57,"St. John’s Road, Kilmainham, Dublin 8",53.345806,-6.294603,2.0,2023-06-21 03:00:00,15.96
EPA-57,61_52,Station 57,"St. John’s Road, Kilmainham, Dublin 8",53.345806,-6.294603,2.0,2023-06-21 04:00:00,9.46
EPA-57,61_52,Station 57,"St. John’s Road, Kilmainham, Dublin 8",53.345806,-6.294603,2.0,2023-06-21 05:00:00,9.63
EPA-57,61_52,Station 57,"St. John’s Road, Kilmainham, Dublin 8",53.345806,-6.294603,2.0,2023-06-21 06:00:00,28.81
EPA-57,61_52,Station 57,"St. John’s Road, Kilmainham, Dublin 8",53.345806,-6.294603,2.0,2023-06-21 07:00:00,44.75
EPA-57,61_52,Station 57,"St. John’s Road, Kilmainham, Dublin 8",53.345806,-6.294603,2.0,2023-06-21 08:00:00,45.77
EPA-57,61_52,Station 57,"St. John’s Road, Kilmainham, Dublin 8",53.345806,-6.294603,2.0,2023-06-21 09:00:00,41.74
EPA-57,61_52,Station 57,"St. John’s Road, Kilmainham, Dublin 8",53.345806,-6.294603,2.0,2023-06-21 10:00:00,36.61
EPA-57,61_52,Station 57,"St. John’s Road, Kilmainham, Dublin 8",53.345806,-6.294603,2.0,2023-06-21 11:00:00,30.98
EPA-57,61_52,Station 57,"St. John’s Road, Kilmainham, Dublin 8",53.345806,-6.294603,2.0,2023-06-21 12:00:00,29.96
EPA-57,61_52,Station 57,"St. John’s Road, Kilmainham, Dublin 8",53.345806,-6.294603,2.0,2023-06-21 13:00:00,21.13
EPA-57,61_52,Station 57,"St. John’s Road, Kilmainham, Dublin 8",53.345806,-6.294603,2.0,2023-06-21 14:00:00,29.69
EPA-57,61_52,Station 57,"St. John’s Road, Kilmainham, Dublin 8",53.345806,-6.294603,2.0,2023-06-21 15:00:00,25.86
EPA-57,61_52,Station 57,"St. John’s Road, Kilmainham, Dublin 8",53.345806,-6.294603,2.0,2023-06-21 16:00:00,39.44
EPA-57,61_52,Station 57,"St. John’s Road, Kilmainham, Dublin 8",53.345806,-6.294603,2.0,2023-06-21 17:00:00,45.46
EPA-57,61_52,Station 57,"St. John’s Road, Kilmainham, Dublin 8",53.345806,-6.294603,2.0,2023-06-21 18:00:00,46.56
EPA-57,61_52,Station 57,"St. John’s Road, Kilmainham, Dublin 8",53.345806,-6.294603,2.0,2023-06-21 19:00:00,47.77
EPA-57,61_52,Station 57,"St. John’s Road, Kilmainham, Dublin 8",53.345806,-6.294603,2.0,2023-06-21 20:00:00,43.66
EPA-57,61_52,Station 57,"St. John’s Road, Kilmainham, Dublin 8",53.345806,-6.294603,2.0,2023-06-21 21:00:00,50.02
EPA-57,61_52,Station 57,"St. John’s Road, Kilmainham, Dublin 8",53.345806,-6.294603,2.0,2023-06-21 22:00:00,39.13
EPA-57,61_52,Station 57,"St. John’s Road, Kilmainham, Dublin 8",53.345806,-6.294603,2.0,2023-06-22 01:00:00,44.86
EPA-57,61_52,Station 57,"St. John’s Road, Kilmainham, Dublin 8",53.345806,-6.294603,2.0,2023-06-22 02:00:00,38.63
EPA-57,61_52,Station 57,"St. John’s Road, Kilmainham, Dublin 8",53.345806,-6.294603,2.0,2023-06-22 03:00:00,52.58
EPA-57,61_52,Station 57,"St. John’s Road, Kilmainham, Dublin 8",53.345806,-6.294603,2.0,2023-06-22 04:00:00,38.68
EPA-57,61_52,Station 57,"St. John’s Road, Kilmainham, Dublin 8",53.345806,-6.294603,2.0,2023-06-22 05:00:00,36.27
EPA-57,61_52,Station 57,"St. John’s Road, Kilmainham, Dublin 8",53.345806,-6.294603,2.0,2023-06-22 06:00:00,42.79
EPA-57,61_52,Station 57,"St. John’s Road, Kilmainham, Dublin 8",53.345806,-6.294603,2.0,2023-06-22 07:00:00,60.55
EPA-57,61_52,Station 57,"St. John’s Road, Kilmainham, Dublin 8",53.345806,-6.294603,2.0,2023-06-22 08:00:00,51.65
EPA-57,61_52,Station 57,"St. John’s Road, Kilmainham, Dublin 8",53.345806,-6.294603,2.0,2023-06-22 09:00:00,43.48
EPA-57,61_52,Station 57,"St. John’s Road, Kilmainham, Dublin 8",53.345806,-6.294603,2.0,2023-06-22 10:00:00,34.37
EPA-57,61_52,Station 57,"St. John’s Road, Kilmainham, Dublin 8",53.345806,-6.294603,2.0,2023-06-22 11:00:00,30.35
EPA-57,61_52,Station 57,"St. John’s Road, Kilmainham, Dublin 8",53.345806,-6.294603,2.0,2023-06-22 12:00:00,20.2
EPA-57,61_52,Station 57,"St. John’s Road, Kilmainham, Dublin 8",53.345806,-6.294603,2.0,2023-06-22 13:00:00,18.32
EPA-57,61_52,Station 57,"St. John’s Road, Kilmainham, Dublin 8",53.345806,-6.294603,2.0,2023-06-22 14:00:00,16.37
EPA-57,61_52,Station 57,"St. John’s Road, Kilmainham, Dublin 8",53.345806,-6.294603,2.0,2023-06-22 15:00:00,28.23
EPA-57,61_52,Station 57,"St. John’s Road, Kilmainham, Dublin 8",53.345806,-6.294603,2.0,2023-06-22 16:00:00,27.1
EPA-57,61_52,Station 57,"St. John’s Road, Kilmainham, Dublin 8",53.345806,-6.294603,2.0,2023-06-22 17:00:00,50.15
EPA-57,61_52,Station 57,"St. John’s Road, Kilmainham, Dublin 8",53.345806,-6.294603,2.0,2023-06-22 18:00:00,43.86
EPA-57,61_52,Station 57,"St. John’s Road, Kilmainham, Dublin 8",53.345806,-6.294603,2.0,2023-06-22 19:00:00,39.13
EPA-57,61_52,Station 57,"St. John’s Road, Kilmainham, Dublin 8",53.345806,-6.294603,2.0,2023-06-22 20:00:00,24.0
EPA-57,61_52,Station 57,"St. John’s Road, Kilmainham, Dublin 8",53.345806,-6.294603,2.0,2023-06-22 21:00:00,41.25
EPA-57,61_52,Station 57,"St. John’s Road, Kilmainham, Dublin 8",53.345806,-6.294603,2.0,2023-06-22 22:00:00,69.95
EPA-57,61_52,Station 57,"St. John’s Road, Kilmainham, Dublin 8",53.345806,-6.294603,2.0,2023-06-22 23:00:00,74.13
EPA-57,61_52,Station 57,"St. John’s Road, Kilmainham, Dublin 8",53.345806,-6.294603,2.0,2023-06-23 00:00:00,62.64
EPA-57,61_52,Station 57,"St. John’s Road, Kilmainham, Dublin 8",53.345806,-6.294603,2.0,2023-06-23 01:00:00,21.11
EPA-57,61_52,Station 57,"St. John’s Road, Kilmainham, Dublin 8",53.345806,-6.294603,2.0,2023-06-23 02:00:00,13.12
EPA-57,61_52,Station 57,"St. John’s Road, Kilmainham, Dublin 8",53.345806,-6.294603,2.0,2023-06-23 03:00:00,14.29
EPA-57,61_52,Station 57,"St. John’s Road, Kilmainham, Dublin 8",53.345806,-6.294603,2.0,2023-06-23 04:00:00,5.79
EPA-57,61_52,Station 57,"St. John’s Road, Kilmainham, Dublin 8",53.345806,-6.294603,2.0,2023-06-23 05:00:00,6.2
EPA-57,61_52,Station 57,"St. John’s Road, Kilmainham, Dublin 8",53.345806,-6.294603,2.0,2023-06-23 06:00:00,15.72
EPA-57,61_52,Station 57,"St. John’s Road, Kilmainham, Dublin 8",53.345806,-6.294603,2.0,2023-06-23 07:00:00,13.01
EPA-57,61_52,Station 57,"St. John’s Road, Kilmainham, Dublin 8",53.345806,-6.294603,2.0,2023-06-23 08:00:00,18.98
EPA-57,61_52,Station 57,"St. John’s Road, Kilmainham, Dublin 8",53.345806,-6.294603,2.0,2023-06-23 09:00:00,18.1
EPA-57,61_52,Station 57,"St. John’s Road, Kilmainham, Dublin 8",53.345806,-6.294603,2.0,2023-06-23 10:00:00,17.24
EPA-57,61_52,Station 57,"St. John’s Road, Kilmainham, Dublin 8",53.345806,-6.294603,2.0,2023-06-23 11:00:00,12.53
EPA-57,61_52,Station 57,"St. John’s Road, Kilmainham, Dublin 8",53.345806,-6.294603,2.0,2023-06-23 12:00:00,14.93
EPA-57,61_52,Station 57,"St. John’s Road, Kilmainham, Dublin 8",53.345806,-6.294603,2.0,2023-06-23 13:00:00,20.52
EPA-57,61_52,Station 57,"St. John’s Road, Kilmainham, Dublin 8",53.345806,-6.294603,2.0,2023-06-23 14:00:00,20.31
EPA-57,61_52,Station 57,"St. John’s Road, Kilmainham, Dublin 8",53.345806,-6.294603,2.0,2023-06-23 15:00:00,16.02
EPA-57,61_52,Station 57,"St. John’s Road, Kilmainham, Dublin 8",53.345806,-6.294603,2.0,2023-06-23 16:00:00,16.51
EPA-57,61_52,Station 57,"St. John’s Road, Kilmainham, Dublin 8",53.345806,-6.294603,2.0,2023-06-23 17:00:00,23.22
EPA-57,61_52,Station 57,"St. John’s Road, Kilmainham, Dublin 8",53.345806,-6.294603,2.0,2023-06-23 18:00:00,16.89
EPA-57,61_52,Station 57,"St. John’s Road, Kilmainham, Dublin 8",53.345806,-6.294603,2.0,2023-06-23 19:00:00,16.14
EPA-57,61_52,Station 57,"St. John’s Road, Kilmainham, Dublin 8",53.345806,-6.294603,2.0,2023-06-23 20:00:00,14.59
EPA-57,61_52,Station 57,"St. John’s Road, Kilmainham, Dublin 8",53.345806,-6.294603,2.0,2023-06-23 21:00:00,13.52
EPA-57,61_52,Station 57,"St. John’s Road, Kilmainham, Dublin 8",53.345806,-6.294603,2.0,2023-06-23 22:00:00,14.09
EPA-57,61_52,Station 57,"St. John’s Road, Kilmainham, Dublin 8",53.345806,-6.294603,2.0,2023-06-23 23:00:00,11.36
EPA-57,61_52,Station 57,"St. John’s Road, Kilmainham, Dublin 8",53.345806,-6.294603,2.0,2023-06-24 00:00:00,19.69
EPA-57,61_52,Station 57,"St. John’s Road, Kilmainham, Dublin 8",53.345806,-6.294603,2.0,2023-06-24 01:00:00,14.71
EPA-57,61_52,Station 57,"St. John’s Road, Kilmainham, Dublin 8",53.345806,-6.294603,2.0,2023-06-24 02:00:00,8.62
EPA-57,61_52,Station 57,"St. John’s Road, Kilmainham, Dublin 8",53.345806,-6.294603,2.0,2023-06-24 03:00:00,10.04
EPA-57,61_52,Station 57,"St. John’s Road, Kilmainham, Dublin 8",53.345806,-6.294603,2.0,2023-06-24 04:00:00,8.37
EPA-57,61_52,Station 57,"St. John’s Road, Kilmainham, Dublin 8",53.345806,-6.294603,2.0,2023-06-24 05:00:00,3.27
EPA-57,61_52,Station 57,"St. John’s Road, Kilmainham, Dublin 8",53.345806,-6.294603,2.0,2023-06-24 06:00:00,4.13
EPA-57,61_52,Station 57,"St. John’s Road, Kilmainham, Dublin 8",53.345806,-6.294603,2.0,2023-06-24 07:00:00,8.1
EPA-57,61_52,Station 57,"St. John’s Road, Kilmainham, Dublin 8",53.345806,-6.294603,2.0,2023-06-24 08:00:00,12.76
EPA-57,61_52,Station 57,"St. John’s Road, Kilmainham, Dublin 8",53.345806,-6.294603,2.0,2023-06-24 09:00:00,9.53
EPA-57,61_52,Station 57,"St. John’s Road, Kilmainham, Dublin 8",53.345806,-6.294603,2.0,2023-06-24 10:00:00,13.6
EPA-57,61_52,Station 57,"St. John’s Road, Kilmainham, Dublin 8",53.345806,-6.294603,2.0,2023-06-24 11:00:00,14.9
EPA-57,61_52,Station 57,"St. John’s Road, Kilmainham, Dublin 8",53.345806,-6.294603,2.0,2023-06-24 12:00:00,15.22
EPA-57,61_52,Station 57,"St. John’s Road, Kilmainham, Dublin 8",53.345806,-6.294603,2.0,2023-06-24 13:00:00,12.05
EPA-57,61_52,Station 57,"St. John’s Road, Kilmainham, Dublin 8",53.345806,-6.294603,2.0,2023-06-24 14:00:00,14.07
EPA-57,61_52,Station 57,"St. John’s Road, Kilmainham, Dublin 8",53.345806,-6.294603,2.0,2023-06-24 15:00:00,18.68
EPA-57,61_52,Station 57,"St. John’s Road, Kilmainham, Dublin 8",53.345806,-6.294603,2.0,2023-06-24 16:00:00,15.79
EPA-57,61_52,Station 57,"St. John’s Road, Kilmainham, Dublin 8",53.345806,-6.294603,2.0,2023-06-24 17:00:00,15.74
EPA-57,61_52,Station 57,"St. John’s Road, Kilmainham, Dublin 8",53.345806,-6.294603,2.0,2023-06-24 18:00:00,8.73
EPA-57,61_52,Station 57,"St. John’s Road, Kilmainham, Dublin 8",53.345806,-6.294603,2.0,2023-06-24 19:00:00,6.49
EPA-57,61_52,Station 57,"St. John’s Road, Kilmainham, Dublin 8",53.345806,-6.294603,2.0,2023-06-24 20:00:00,3.95
EPA-57,61_52,Station 57,"St. John’s Road, Kilmainham, Dublin 8",53.345806,-6.294603,2.0,2023-06-24 21:00:00,5.02
EPA-57,61_52,Station 57,"St. John’s Road, Kilmainham, Dublin 8",53.345806,-6.294603,2.0,2023-06-24 22:00:00,4.72
EPA-57,61_52,Station 57,"St. John’s Road, Kilmainham, Dublin 8",53.345806,-6.294603,2.0,2023-06-24 23:00:00,5.71
EPA-57,61_52,Station 57,"St. John’s Road, Kilmainham, Dublin 8",53.345806,-6.294603,2.0,2023-06-25 00:00:00,9.35
EPA-57,61_52,Station 57,"St. John’s Road, Kilmainham, Dublin 8",53.345806,-6.294603,2.0,2023-06-25 01:00:00,10.48
EPA-57,61_52,Station 57,"St. John’s Road, Kilmainham, Dublin 8",53.345806,-6.294603,2.0,2023-06-25 02:00:00,8.62
EPA-57,61_52,Station 57,"St. John’s Road, Kilmainham, Dublin 8",53.345806,-6.294603,2.0,2023-06-25 03:00:00,5.58
EPA-57,61_52,Station 57,"St. John’s Road, Kilmainham, Dublin 8",53.345806,-6.294603,2.0,2023-06-25 04:00:00,7.54
EPA-57,61_52,Station 57,"St. John’s Road, Kilmainham, Dublin 8",53.345806,-6.294603,2.0,2023-06-25 05:00:00,6.08
EPA-57,61_52,Station 57,"St. John’s Road, Kilmainham, Dublin 8",53.345806,-6.294603,2.0,2023-06-25 06:00:00,3.97
EPA-57,61_52,Station 57,"St. John’s Road, Kilmainham, Dublin 8",53.345806,-6.294603,2.0,2023-06-25 07:00:00,3.6
EPA-57,61_52,Station 57,"St. John’s Road, Kilmainham, Dublin 8",53.345806,-6.294603,2.0,2023-06-25 08:00:00,34.28
EPA-57,61_52,Station 57,"St. John’s Road, Kilmainham, Dublin 8",53.345806,-6.294603,2.0,2023-06-25 09:00:00,20.95
EPA-57,61_52,Station 57,"St. John’s Road, Kilmainham, Dublin 8",53.345806,-6.294603,2.0,2023-06-25 10:00:00,12.72
EPA-57,61_52,Station 57,"St. John’s Road, Kilmainham, Dublin 8",53.345806,-6.294603,2.0,2023-06-25 11:00:00,18.41
EPA-57,61_52,Station 57,"St. John’s Road, Kilmainham, Dublin 8",53.345806,-6.294603,2.0,2023-06-25 12:00:00,26.25
EPA-57,61_52,Station 57,"St. John’s Road, Kilmainham, Dublin 8",53.345806,-6.294603,2.0,2023-06-25 13:00:00,36.79
EPA-57,61_52,Station 57,"St. John’s Road, Kilmainham, Dublin 8",53.345806,-6.294603,2.0,2023-06-25 14:00:00,43.8
EPA-57,61_52,Station 57,"St. John’s Road, Kilmainham, Dublin 8",53.345806,-6.294603,2.0,2023-06-25 15:00:00,28.35
EPA-57,61_52,Station 57,"St. John’s Road, Kilmainham, Dublin 8",53.345806,-6.294603,2.0,2023-06-25 16:00:00,33.35
EPA-57,61_52,Station 57,"St. John’s Road, Kilmainham, Dublin 8",53.345806,-6.294603,2.0,2023-06-25 17:00:00,33.92
EPA-57,61_52,Station 57,"St. John’s Road, Kilmainham, Dublin 8",53.345806,-6.294603,2.0,2023-06-25 18:00:00,29.65
EPA-57,61_52,Station 57,"St. John’s Road, Kilmainham, Dublin 8",53.345806,-6.294603,2.0,2023-06-25 19:00:00,36.63
EPA-57,61_52,Station 57,"St. John’s Road, Kilmainham, Dublin 8",53.345806,-6.294603,2.0,2023-06-25 20:00:00,36.62
EPA-57,61_52,Station 57,"St. John’s Road, Kilmainham, Dublin 8",53.345806,-6.294603,2.0,2023-06-25 21:00:00,48.06
EPA-57,61_52,Station 57,"St. John’s Road, Kilmainham, Dublin 8",53.345806,-6.294603,2.0,2023-06-25 22:00:00,33.34
EPA-57,61_52,Station 57,"St. John’s Road, Kilmainham, Dublin 8",53.345806,-6.294603,2.0,2023-06-25 23:00:00,22.31
EPA-57,61_52,Station 57,"St. John’s Road, Kilmainham, Dublin 8",53.345806,-6.294603,2.0,2023-06-26 00:00:00,28.54
EPA-57,61_52,Station 57,"St. John’s Road, Kilmainham, Dublin 8",53.345806,-6.294603,2.0,2023-06-26 01:00:00,25.73
EPA-57,61_52,Station 57,"St. John’s Road, Kilmainham, Dublin 8",53.345806,-6.294603,2.0,2023-06-26 02:00:00,8.47
EPA-57,61_52,Station 57,"St. John’s Road, Kilmainham, Dublin 8",53.345806,-6.294603,2.0,2023-06-26 03:00:00,4.67
EPA-57,61_52,Station 57,"St. John’s Road, Kilmainham, Dublin 8",53.345806,-6.294603,2.0,2023-06-26 04:00:00,5.66
EPA-57,61_52,Station 57,"St. John’s Road, Kilmainham, Dublin 8",53.345806,-6.294603,2.0,2023-06-26 05:00:00,7.59
EPA-57,61_52,Station 57,"St. John’s Road, Kilmainham, Dublin 8",53.345806,-6.294603,2.0,2023-06-26 06:00:00,14.9
EPA-57,61_52,Station 57,"St. John’s Road, Kilmainham, Dublin 8",53.345806,-6.294603,2.0,2023-06-26 07:00:00,35.81
EPA-57,61_52,Station 57,"St. John’s Road, Kilmainham, Dublin 8",53.345806,-6.294603,2.0,2023-06-26 08:00:00,32.39
EPA-57,61_52,Station 57,"St. John’s Road, Kilmainham, Dublin 8",53.345806,-6.294603,2.0,2023-06-26 09:00:00,30.8
EPA-57,61_52,Station 57,"St. John’s Road, Kilmainham, Dublin 8",53.345806,-6.294603,2.0,2023-06-26 10:00:00,29.25
EPA-57,61_52,Station 57,"St. John’s Road, Kilmainham, Dublin 8",53.345806,-6.294603,2.0,2023-06-26 11:00:00,26.98
EPA-57,61_52,Station 57,"St. John’s Road, Kilmainham, Dublin 8",53.345806,-6.294603,2.0,2023-06-26 12:00:00,30.51
EPA-57,61_52,Station 57,"St. John’s Road, Kilmainham, Dublin 8",53.345806,-6.294603,2.0,2023-06-26 13:00:00,31.53
EPA-57,61_52,Station 57,"St. John’s Road, Kilmainham, Dublin 8",53.345806,-6.294603,2.0,2023-06-26 14:00:00,28.37
EPA-57,61_52,Station 57,"St. John’s Road, Kilmainham, Dublin 8",53.345806,-6.294603,2.0,2023-06-26 15:00:00,24.5
EPA-57,61_52,Station 57,"St. John’s Road, Kilmainham, Dublin 8",53.345806,-6.294603,2.0,2023-06-26 16:00:00,32.81
EPA-57,61_52,Station 57,"St. John’s Road, Kilmainham, Dublin 8",53.345806,-6.294603,2.0,2023-06-26 17:00:00,36.11
EPA-57,61_52,Station 57,"St. John’s Road, Kilmainham, Dublin 8",53.345806,-6.294603,2.0,2023-06-26 18:00:00,29.17
EPA-57,61_52,Station 57,"St. John’s Road, Kilmainham, Dublin 8",53.345806,-6.294603,2.0,2023-06-26 19:00:00,42.02
EPA-57,61_52,Station 57,"St. John’s Road, Kilmainham, Dublin 8",53.345806,-6.294603,2.0,2023-06-26 20:00:00,23.17
EPA-57,61_52,Station 57,"St. John’s Road, Kilmainham, Dublin 8",53.345806,-6.294603,2.0,2023-06-26 21:00:00,21.74
EPA-57,61_52,Station 57,"St. John’s Road, Kilmainham, Dublin 8",53.345806,-6.294603,2.0,2023-06-26 22:00:00,23.61
EPA-57,61_52,Station 57,"St. John’s Road, Kilmainham, Dublin 8",53.345806,-6.294603,2.0,2023-06-26 23:00:00,22.51
EPA-57,61_52,Station 57,"St. John’s Road, Kilmainham, Dublin 8",53.345806,-6.294603,2.0,2023-06-27 00:00:00,18.73
EPA-57,61_52,Station 57,"St. John’s Road, Kilmainham, Dublin 8",53.345806,-6.294603,2.0,2023-06-27 01:00:00,8.16
EPA-57,61_52,Station 57,"St. John’s Road, Kilmainham, Dublin 8",53.345806,-6.294603,2.0,2023-06-27 02:00:00,7.67
EPA-57,61_52,Station 57,"St. John’s Road, Kilmainham, Dublin 8",53.345806,-6.294603,2.0,2023-06-27 03:00:00,8.1
EPA-57,61_52,Station 57,"St. John’s Road, Kilmainham, Dublin 8",53.345806,-6.294603,2.0,2023-06-27 04:00:00,8.17
EPA-57,61_52,Station 57,"St. John’s Road, Kilmainham, Dublin 8",53.345806,-6.294603,2.0,2023-06-27 05:00:00,11.15
EPA-57,61_52,Station 57,"St. John’s Road, Kilmainham, Dublin 8",53.345806,-6.294603,2.0,2023-06-27 06:00:00,13.29
EPA-57,61_52,Station 57,"St. John’s Road, Kilmainham, Dublin 8",53.345806,-6.294603,2.0,2023-06-27 07:00:00,23.66
EPA-57,61_52,Station 57,"St. John’s Road, Kilmainham, Dublin 8",53.345806,-6.294603,2.0,2023-06-27 08:00:00,28.79
EPA-57,61_52,Station 57,"St. John’s Road, Kilmainham, Dublin 8",53.345806,-6.294603,2.0,2023-06-27 09:00:00,25.77
EPA-57,61_52,Station 57,"St. John’s Road, Kilmainham, Dublin 8",53.345806,-6.294603,2.0,2023-06-27 10:00:00,21.56
EPA-57,61_52,Station 57,"St. John’s Road, Kilmainham, Dublin 8",53.345806,-6.294603,2.0,2023-06-27 11:00:00,24.26
EPA-57,61_52,Station 57,"St. John’s Road, Kilmainham, Dublin 8",53.345806,-6.294603,2.0,2023-06-27 12:00:00,25.28
EPA-57,61_52,Station 57,"St. John’s Road, Kilmainham, Dublin 8",53.345806,-6.294603,2.0,2023-06-27 13:00:00,28.0
EPA-57,61_52,Station 57,"St. John’s Road, Kilmainham, Dublin 8",53.345806,-6.294603,2.0,2023-06-27 14:00:00,28.34
EPA-57,61_52,Station 57,"St. John’s Road, Kilmainham, Dublin 8",53.345806,-6.294603,2.0,2023-06-27 15:00:00,22.58
EPA-57,61_52,Station 57,"St. John’s Road, Kilmainham, Dublin 8",53.345806,-6.294603,2.0,2023-06-27 16:00:00,24.8
EPA-57,61_52,Station 57,"St. John’s Road, Kilmainham, Dublin 8",53.345806,-6.294603,2.0,2023-06-27 17:00:00,43.16
EPA-57,61_52,Station 57,"St. John’s Road, Kilmainham, Dublin 8",53.345806,-6.294603,2.0,2023-06-27 18:00:00,33.5
EPA-57,61_52,Station 57,"St. John’s Road, Kilmainham, Dublin 8",53.345806,-6.294603,2.0,2023-06-27 19:00:00,32.82
EPA-57,61_52,Station 57,"St. John’s Road, Kilmainham, Dublin 8",53.345806,-6.294603,2.0,2023-06-27 20:00:00,19.78
EPA-57,61_52,Station 57,"St. John’s Road, Kilmainham, Dublin 8",53.345806,-6.294603,2.0,2023-06-27 21:00:00,16.64
EPA-57,61_52,Station 57,"St. John’s Road, Kilmainham, Dublin 8",53.345806,-6.294603,2.0,2023-06-27 22:00:00,21.26
EPA-57,61_52,Station 57,"St. John’s Road, Kilmainham, Dublin 8",53.345806,-6.294603,2.0,2023-06-27 23:00:00,17.27
EPA-57,61_52,Station 57,"St. John’s Road, Kilmainham, Dublin 8",53.345806,-6.294603,2.0,2023-06-28 00:00:00,15.74
EPA-57,61_52,Station 57,"St. John’s Road, Kilmainham, Dublin 8",53.345806,-6.294603,2.0,2023-06-28 01:00:00,23.44
EPA-57,61_52,Station 57,"St. John’s Road, Kilmainham, Dublin 8",53.345806,-6.294603,2.0,2023-06-28 02:00:00,11.87
EPA-57,61_52,Station 57,"St. John’s Road, Kilmainham, Dublin 8",53.345806,-6.294603,2.0,2023-06-28 03:00:00,12.52
EPA-57,61_52,Station 57,"St. John’s Road, Kilmainham, Dublin 8",53.345806,-6.294603,2.0,2023-06-28 04:00:00,6.17
EPA-57,61_52,Station 57,"St. John’s Road, Kilmainham, Dublin 8",53.345806,-6.294603,2.0,2023-06-28 05:00:00,13.54
EPA-57,61_52,Station 57,"St. John’s Road, Kilmainham, Dublin 8",53.345806,-6.294603,2.0,2023-06-28 06:00:00,26.42
EPA-57,61_52,Station 57,"St. John’s Road, Kilmainham, Dublin 8",53.345806,-6.294603,2.0,2023-06-28 07:00:00,34.43
EPA-57,61_52,Station 57,"St. John’s Road, Kilmainham, Dublin 8",53.345806,-6.294603,2.0,2023-06-28 08:00:00,16.61
EPA-57,61_52,Station 57,"St. John’s Road, Kilmainham, Dublin 8",53.345806,-6.294603,2.0,2023-06-28 09:00:00,21.36
EPA-57,61_52,Station 57,"St. John’s Road, Kilmainham, Dublin 8",53.345806,-6.294603,2.0,2023-06-28 10:00:00,22.96
EPA-57,61_52,Station 57,"St. John’s Road, Kilmainham, Dublin 8",53.345806,-6.294603,2.0,2023-06-28 11:00:00,37.05
EPA-57,61_52,Station 57,"St. John’s Road, Kilmainham, Dublin 8",53.345806,-6.294603,2.0,2023-06-28 12:00:00,44.65
EPA-57,61_52,Station 57,"St. John’s Road, Kilmainham, Dublin 8",53.345806,-6.294603,2.0,2023-06-28 13:00:00,48.0
EPA-57,61_52,Station 57,"St. John’s Road, Kilmainham, Dublin 8",53.345806,-6.294603,2.0,2023-06-28 14:00:00,40.13
EPA-57,61_52,Station 57,"St. John’s Road, Kilmainham, Dublin 8",53.345806,-6.294603,2.0,2023-06-28 15:00:00,38.32
EPA-57,61_52,Station 57,"St. John’s Road, Kilmainham, Dublin 8",53.345806,-6.294603,2.0,2023-06-28 16:00:00,46.51
EPA-57,61_52,Station 57,"St. John’s Road, Kilmainham, Dublin 8",53.345806,-6.294603,2.0,2023-06-28 17:00:00,52.83
EPA-57,61_52,Station 57,"St. John’s Road, Kilmainham, Dublin 8",53.345806,-6.294603,2.0,2023-06-28 18:00:00,55.71
EPA-57,61_52,Station 57,"St. John’s Road, Kilmainham, Dublin 8",53.345806,-6.294603,2.0,2023-06-28 19:00:00,44.83
EPA-57,61_52,Station 57,"St. John’s Road, Kilmainham, Dublin 8",53.345806,-6.294603,2.0,2023-06-28 20:00:00,35.9
EPA-57,61_52,Station 57,"St. John’s Road, Kilmainham, Dublin 8",53.345806,-6.294603,2.0,2023-06-28 21:00:00,38.8
EPA-57,61_52,Station 57,"St. John’s Road, Kilmainham, Dublin 8",53.345806,-6.294603,2.0,2023-06-28 22:00:00,36.9
EPA-57,61_52,Station 57,"St. John’s Road, Kilmainham, Dublin 8",53.345806,-6.294603,2.0,2023-06-29 01:00:00,27.55
EPA-57,61_52,Station 57,"St. John’s Road, Kilmainham, Dublin 8",53.345806,-6.294603,2.0,2023-06-29 02:00:00,15.4
EPA-57,61_52,Station 57,"St. John’s Road, Kilmainham, Dublin 8",53.345806,-6.294603,2.0,2023-06-29 03:00:00,17.81
EPA-57,61_52,Station 57,"St. John’s Road, Kilmainham, Dublin 8",53.345806,-6.294603,2.0,2023-06-29 04:00:00,16.26
EPA-57,61_52,Station 57,"St. John’s Road, Kilmainham, Dublin 8",53.345806,-6.294603,2.0,2023-06-29 05:00:00,23.4
EPA-57,61_52,Station 57,"St. John’s Road, Kilmainham, Dublin 8",53.345806,-6.294603,2.0,2023-06-29 06:00:00,35.07
EPA-57,61_52,Station 57,"St. John’s Road, Kilmainham, Dublin 8",53.345806,-6.294603,2.0,2023-06-29 07:00:00,56.13
EPA-57,61_52,Station 57,"St. John’s Road, Kilmainham, Dublin 8",53.345806,-6.294603,2.0,2023-06-29 08:00:00,44.94
EPA-57,61_52,Station 57,"St. John’s Road, Kilmainham, Dublin 8",53.345806,-6.294603,2.0,2023-06-29 09:00:00,40.64
EPA-57,61_52,Station 57,"St. John’s Road, Kilmainham, Dublin 8",53.345806,-6.294603,2.0,2023-06-29 10:00:00,36.58
EPA-57,61_52,Station 57,"St. John’s Road, Kilmainham, Dublin 8",53.345806,-6.294603,2.0,2023-06-29 11:00:00,28.66
EPA-57,61_52,Station 57,"St. John’s Road, Kilmainham, Dublin 8",53.345806,-6.294603,2.0,2023-06-29 12:00:00,43.88
EPA-57,61_52,Station 57,"St. John’s Road, Kilmainham, Dublin 8",53.345806,-6.294603,2.0,2023-06-29 13:00:00,32.2
EPA-57,61_52,Station 57,"St. John’s Road, Kilmainham, Dublin 8",53.345806,-6.294603,2.0,2023-06-29 14:00:00,40.95
EPA-57,61_52,Station 57,"St. John’s Road, Kilmainham, Dublin 8",53.345806,-6.294603,2.0,2023-06-29 15:00:00,35.88
EPA-57,61_52,Station 57,"St. John’s Road, Kilmainham, Dublin 8",53.345806,-6.294603,2.0,2023-06-29 16:00:00,50.44
EPA-57,61_52,Station 57,"St. John’s Road, Kilmainham, Dublin 8",53.345806,-6.294603,2.0,2023-06-29 17:00:00,41.8
EPA-57,61_52,Station 57,"St. John’s Road, Kilmainham, Dublin 8",53.345806,-6.294603,2.0,2023-06-29 18:00:00,34.33
EPA-57,61_52,Station 57,"St. John’s Road, Kilmainham, Dublin 8",53.345806,-6.294603,2.0,2023-06-29 19:00:00,30.5
EPA-57,61_52,Station 57,"St. John’s Road, Kilmainham, Dublin 8",53.345806,-6.294603,2.0,2023-06-29 20:00:00,25.83
EPA-57,61_52,Station 57,"St. John’s Road, Kilmainham, Dublin 8",53.345806,-6.294603,2.0,2023-06-29 21:00:00,22.62
EPA-57,61_52,Station 57,"St. John’s Road, Kilmainham, Dublin 8",53.345806,-6.294603,2.0,2023-06-29 22:00:00,28.69
EPA-57,61_52,Station 57,"St. John’s Road, Kilmainham, Dublin 8",53.345806,-6.294603,2.0,2023-06-29 23:00:00,29.14
EPA-57,61_52,Station 57,"St. John’s Road, Kilmainham, Dublin 8",53.345806,-6.294603,2.0,2023-06-30 00:00:00,24.82
EPA-57,61_52,Station 57,"St. John’s Road, Kilmainham, Dublin 8",53.345806,-6.294603,2.0,2023-06-30 01:00:00,16.54
EPA-57,61_52,Station 57,"St. John’s Road, Kilmainham, Dublin 8",53.345806,-6.294603,2.0,2023-06-30 02:00:00,12.27
EPA-57,61_52,Station 57,"St. John’s Road, Kilmainham, Dublin 8",53.345806,-6.294603,2.0,2023-06-30 03:00:00,13.05
EPA-57,61_52,Station 57,"St. John’s Road, Kilmainham, Dublin 8",53.345806,-6.294603,2.0,2023-06-30 04:00:00,8.01
EPA-57,61_52,Station 57,"St. John’s Road, Kilmainham, Dublin 8",53.345806,-6.294603,2.0,2023-06-30 05:00:00,12.22
EPA-57,61_52,Station 57,"St. John’s Road, Kilmainham, Dublin 8",53.345806,-6.294603,2.0,2023-06-30 06:00:00,21.06
EPA-57,61_52,Station 57,"St. John’s Road, Kilmainham, Dublin 8",53.345806,-6.294603,2.0,2023-06-30 07:00:00,33.76
EPA-57,61_52,Station 57,"St. John’s Road, Kilmainham, Dublin 8",53.345806,-6.294603,2.0,2023-06-30 08:00:00,38.27
EPA-57,61_52,Station 57,"St. John’s Road, Kilmainham, Dublin 8",53.345806,-6.294603,2.0,2023-06-30 09:00:00,30.13
EPA-57,61_52,Station 57,"St. John’s Road, Kilmainham, Dublin 8",53.345806,-6.294603,2.0,2023-06-30 10:00:00,30.84
EPA-57,61_52,Station 57,"St. John’s Road, Kilmainham, Dublin 8",53.345806,-6.294603,2.0,2023-06-30 11:00:00,27.47
EPA-57,61_52,Station 57,"St. John’s Road, Kilmainham, Dublin 8",53.345806,-6.294603,2.0,2023-06-30 12:00:00,23.13
EPA-57,61_52,Station 57,"St. John’s Road, Kilmainham, Dublin 8",53.345806,-6.294603,2.0,2023-06-30 13:00:00,22.65
EPA-57,61_52,Station 57,"St. John’s Road, Kilmainham, Dublin 8",53.345806,-6.294603,2.0,2023-06-30 14:00:00,34.27
EPA-57,61_52,Station 57,"St. John’s Road, Kilmainham, Dublin 8",53.345806,-6.294603,2.0,2023-06-30 15:00:00,26.91
EPA-57,61_52,Station 57,"St. John’s Road, Kilmainham, Dublin 8",53.345806,-6.294603,2.0,2023-06-30 16:00:00,29.11
EPA-57,61_52,Station 57,"St. John’s Road, Kilmainham, Dublin 8",53.345806,-6.294603,2.0,2023-06-30 17:00:00,23.03
EPA-57,61_52,Station 57,"St. John’s Road, Kilmainham, Dublin 8",53.345806,-6.294603,2.0,2023-06-30 18:00:00,24.68
EPA-57,61_52,Station 57,"St. John’s Road, Kilmainham, Dublin 8",53.345806,-6.294603,2.0,2023-06-30 19:00:00,18.8
EPA-57,61_52,Station 57,"St. John’s Road, Kilmainham, Dublin 8",53.345806,-6.294603,2.0,2023-06-30 20:00:00,19.12
EPA-57,61_52,Station 57,"St. John’s Road, Kilmainham, Dublin 8",53.345806,-6.294603,2.0,2023-06-30 21:00:00,17.6
EPA-57,61_52,Station 57,"St. John’s Road, Kilmainham, Dublin 8",53.345806,-6.294603,2.0,2023-06-30 22:00:00,16.27
EPA-69,88_52,Station 69,"Pearse Street, Dublin 2",53.345053,-6.254344,2.0,2023-06-01 01:00:00,15.37
EPA-69,88_52,Station 69,"Pearse Street, Dublin 2",53.345053,-6.254344,2.0,2023-06-01 02:00:00,8.28
EPA-69,88_52,Station 69,"Pearse Street, Dublin 2",53.345053,-6.254344,2.0,2023-06-01 03:00:00,8.48
EPA-69,88_52,Station 69,"Pearse Street, Dublin 2",53.345053,-6.254344,2.0,2023-06-01 04:00:00,13.01
EPA-69,88_52,Station 69,"Pearse Street, Dublin 2",53.345053,-6.254344,2.0,2023-06-01 05:00:00,37.07
EPA-69,88_52,Station 69,"Pearse Street, Dublin 2",53.345053,-6.254344,2.0,2023-06-01 06:00:00,51.69
EPA-69,88_52,Station 69,"Pearse Street, Dublin 2",53.345053,-6.254344,2.0,2023-06-01 07:00:00,47.79
EPA-69,88_52,Station 69,"Pearse Street, Dublin 2",53.345053,-6.254344,2.0,2023-06-01 08:00:00,40.91
EPA-69,88_52,Station 69,"Pearse Street, Dublin 2",53.345053,-6.254344,2.0,2023-06-01 09:00:00,33.97
EPA-69,88_52,Station 69,"Pearse Street, Dublin 2",53.345053,-6.254344,2.0,2023-06-01 10:00:00,27.91
EPA-69,88_52,Station 69,"Pearse Street, Dublin 2",53.345053,-6.254344,2.0,2023-06-01 11:00:00,22.11
EPA-69,88_52,Station 69,"Pearse Street, Dublin 2",53.345053,-6.254344,2.0,2023-06-01 12:00:00,20.73
EPA-69,88_52,Station 69,"Pearse Street, Dublin 2",53.345053,-6.254344,2.0,2023-06-01 13:00:00,19.66
EPA-69,88_52,Station 69,"Pearse Street, Dublin 2",53.345053,-6.254344,2.0,2023-06-01 14:00:00,17.9
EPA-69,88_52,Station 69,"Pearse Street, Dublin 2",53.345053,-6.254344,2.0,2023-06-01 15:00:00,27.46
EPA-69,88_52,Station 69,"Pearse Street, Dublin 2",53.345053,-6.254344,2.0,2023-06-01 16:00:00,26.94
EPA-69,88_52,Station 69,"Pearse Street, Dublin 2",53.345053,-6.254344,2.0,2023-06-01 17:00:00,34.02
EPA-69,88_52,Station 69,"Pearse Street, Dublin 2",53.345053,-6.254344,2.0,2023-06-01 18:00:00,32.04
EPA-69,88_52,Station 69,"Pearse Street, Dublin 2",53.345053,-6.254344,2.0,2023-06-01 19:00:00,20.68
EPA-69,88_52,Station 69,"Pearse Street, Dublin 2",53.345053,-6.254344,2.0,2023-06-01 20:00:00,17.19
EPA-69,88_52,Station 69,"Pearse Street, Dublin 2",53.345053,-6.254344,2.0,2023-06-01 21:00:00,18.18
EPA-69,88_52,Station 69,"Pearse Street, Dublin 2",53.345053,-6.254344,2.0,2023-06-01 22:00:00,21.53
EPA-69,88_52,Station 69,"Pearse Street, Dublin 2",53.345053,-6.254344,2.0,2023-06-01 23:00:00,18.21
EPA-69,88_52,Station 69,"Pearse Street, Dublin 2",53.345053,-6.254344,2.0,2023-06-02 00:00:00,15.75
EPA-69,88_52,Station 69,"Pearse Street, Dublin 2",53.345053,-6.254344,2.0,2023-06-02 01:00:00,12.06
EPA-69,88_52,Station 69,"Pearse Street, Dublin 2",53.345053,-6.254344,2.0,2023-06-02 02:00:00,17.14
EPA-69,88_52,Station 69,"Pearse Street, Dublin 2",53.345053,-6.254344,2.0,2023-06-02 03:00:00,26.8
EPA-69,88_52,Station 69,"Pearse Street, Dublin 2",53.345053,-6.254344,2.0,2023-06-02 04:00:00,21.84
EPA-69,88_52,Station 69,"Pearse Street, Dublin 2",53.345053,-6.254344,2.0,2023-06-02 05:00:00,17.97
EPA-69,88_52,Station 69,"Pearse Street, Dublin 2",53.345053,-6.254344,2.0,2023-06-02 06:00:00,32.75
EPA-69,88_52,Station 69,"Pearse Street, Dublin 2",53.345053,-6.254344,2.0,2023-06-02 07:00:00,32.53
EPA-69,88_52,Station 69,"Pearse Street, Dublin 2",53.345053,-6.254344,2.0,2023-06-02 08:00:00,31.8
EPA-69,88_52,Station 69,"Pearse Street, Dublin 2",53.345053,-6.254344,2.0,2023-06-02 09:00:00,34.75
EPA-69,88_52,Station 69,"Pearse Street, Dublin 2",53.345053,-6.254344,2.0,2023-06-02 10:00:00,25.8
EPA-69,88_52,Station 69,"Pearse Street, Dublin 2",53.345053,-6.254344,2.0,2023-06-02 11:00:00,22.73
EPA-69,88_52,Station 69,"Pearse Street, Dublin 2",53.345053,-6.254344,2.0,2023-06-02 12:00:00,27.71
EPA-69,88_52,Station 69,"Pearse Street, Dublin 2",53.345053,-6.254344,2.0,2023-06-02 13:00:00,21.66
EPA-69,88_52,Station 69,"Pearse Street, Dublin 2",53.345053,-6.254344,2.0,2023-06-02 14:00:00,15.79
EPA-69,88_52,Station 69,"Pearse Street, Dublin 2",53.345053,-6.254344,2.0,2023-06-02 15:00:00,18.99
EPA-69,88_52,Station 69,"Pearse Street, Dublin 2",53.345053,-6.254344,2.0,2023-06-02 16:00:00,30.73
EPA-69,88_52,Station 69,"Pearse Street, Dublin 2",53.345053,-6.254344,2.0,2023-06-02 17:00:00,24.22
EPA-69,88_52,Station 69,"Pearse Street, Dublin 2",53.345053,-6.254344,2.0,2023-06-02 18:00:00,25.19
EPA-69,88_52,Station 69,"Pearse Street, Dublin 2",53.345053,-6.254344,2.0,2023-06-02 19:00:00,25.49
EPA-69,88_52,Station 69,"Pearse Street, Dublin 2",53.345053,-6.254344,2.0,2023-06-02 20:00:00,25.53
EPA-69,88_52,Station 69,"Pearse Street, Dublin 2",53.345053,-6.254344,2.0,2023-06-02 21:00:00,22.59
EPA-69,88_52,Station 69,"Pearse Street, Dublin 2",53.345053,-6.254344,2.0,2023-06-02 22:00:00,23.83
EPA-69,88_52,Station 69,"Pearse Street, Dublin 2",53.345053,-6.254344,2.0,2023-06-02 23:00:00,27.64
EPA-69,88_52,Station 69,"Pearse Street, Dublin 2",53.345053,-6.254344,2.0,2023-06-03 00:00:00,28.77
EPA-69,88_52,Station 69,"Pearse Street, Dublin 2",53.345053,-6.254344,2.0,2023-06-03 01:00:00,21.01
EPA-69,88_52,Station 69,"Pearse Street, Dublin 2",53.345053,-6.254344,2.0,2023-06-03 02:00:00,32.07
EPA-69,88_52,Station 69,"Pearse Street, Dublin 2",53.345053,-6.254344,2.0,2023-06-03 03:00:00,46.33
EPA-69,88_52,Station 69,"Pearse Street, Dublin 2",53.345053,-6.254344,2.0,2023-06-03 04:00:00,44.35
EPA-69,88_52,Station 69,"Pearse Street, Dublin 2",53.345053,-6.254344,2.0,2023-06-03 05:00:00,46.6
EPA-69,88_52,Station 69,"Pearse Street, Dublin 2",53.345053,-6.254344,2.0,2023-06-03 06:00:00,51.54
EPA-69,88_52,Station 69,"Pearse Street, Dublin 2",53.345053,-6.254344,2.0,2023-06-03 07:00:00,53.08
EPA-69,88_52,Station 69,"Pearse Street, Dublin 2",53.345053,-6.254344,2.0,2023-06-03 08:00:00,38.68
EPA-69,88_52,Station 69,"Pearse Street, Dublin 2",53.345053,-6.254344,2.0,2023-06-03 09:00:00,44.3
EPA-69,88_52,Station 69,"Pearse Street, Dublin 2",53.345053,-6.254344,2.0,2023-06-03 10:00:00,41.34
EPA-69,88_52,Station 69,"Pearse Street, Dublin 2",53.345053,-6.254344,2.0,2023-06-03 11:00:00,34.06
EPA-69,88_52,Station 69,"Pearse Street, Dublin 2",53.345053,-6.254344,2.0,2023-06-03 12:00:00,40.8
EPA-69,88_52,Station 69,"Pearse Street, Dublin 2",53.345053,-6.254344,2.0,2023-06-03 13:00:00,24.11
EPA-69,88_52,Station 69,"Pearse Street, Dublin 2",53.345053,-6.254344,2.0,2023-06-03 14:00:00,24.16
EPA-69,88_52,Station 69,"Pearse Street, Dublin 2",53.345053,-6.254344,2.0,2023-06-03 15:00:00,28.56
EPA-69,88_52,Station 69,"Pearse Street, Dublin 2",53.345053,-6.254344,2.0,2023-06-03 16:00:00,34.1
EPA-69,88_52,Station 69,"Pearse Street, Dublin 2",53.345053,-6.254344,2.0,2023-06-03 17:00:00,28.22
EPA-69,88_52,Station 69,"Pearse Street, Dublin 2",53.345053,-6.254344,2.0,2023-06-03 18:00:00,19.89
EPA-69,88_52,Station 69,"Pearse Street, Dublin 2",53.345053,-6.254344,2.0,2023-06-03 19:00:00,20.68
EPA-69,88_52,Station 69,"Pearse Street, Dublin 2",53.345053,-6.254344,2.0,2023-06-03 20:00:00,20.84
EPA-69,88_52,Station 69,"Pearse Street, Dublin 2",53.345053,-6.254344,2.0,2023-06-03 21:00:00,22.99
EPA-69,88_52,Station 69,"Pearse Street, Dublin 2",53.345053,-6.254344,2.0,2023-06-03 22:00:00,19.26
EPA-69,88_52,Station 69,"Pearse Street, Dublin 2",53.345053,-6.254344,2.0,2023-06-03 23:00:00,32.27
EPA-69,88_52,Station 69,"Pearse Street, Dublin 2",53.345053,-6.254344,2.0,2023-06-04 00:00:00,72.79
EPA-69,88_52,Station 69,"Pearse Street, Dublin 2",53.345053,-6.254344,2.0,2023-06-04 01:00:00,65.02
EPA-69,88_52,Station 69,"Pearse Street, Dublin 2",53.345053,-6.254344,2.0,2023-06-04 02:00:00,51.31
EPA-69,88_52,Station 69,"Pearse Street, Dublin 2",53.345053,-6.254344,2.0,2023-06-04 03:00:00,37.98
EPA-69,88_52,Station 69,"Pearse Street, Dublin 2",53.345053,-6.254344,2.0,2023-06-04 04:00:00,18.96
EPA-69,88_52,Station 69,"Pearse Street, Dublin 2",53.345053,-6.254344,2.0,2023-06-04 05:00:00,29.47
EPA-69,88_52,Station 69,"Pearse Street, Dublin 2",53.345053,-6.254344,2.0,2023-06-04 06:00:00,20.49
EPA-69,88_52,Station 69,"Pearse Street, Dublin 2",53.345053,-6.254344,2.0,2023-06-04 07:00:00,45.48
EPA-69,88_52,Station 69,"Pearse Street, Dublin 2",53.345053,-6.254344,2.0,2023-06-04 08:00:00,60.32
EPA-69,88_52,Station 69,"Pearse Street, Dublin 2",53.345053,-6.254344,2.0,2023-06-04 09:00:00,38.16
EPA-69,88_52,Station 69,"Pearse Street, Dublin 2",53.345053,-6.254344,2.0,2023-06-04 10:00:00,45.13
EPA-69,88_52,Station 69,"Pearse Street, Dublin 2",53.345053,-6.254344,2.0,2023-06-04 11:00:00,33.15
EPA-69,88_52,Station 69,"Pearse Street, Dublin 2",53.345053,-6.254344,2.0,2023-06-04 12:00:00,26.55
EPA-69,88_52,Station 69,"Pearse Street, Dublin 2",53.345053,-6.254344,2.0,2023-06-04 13:00:00,25.19
EPA-69,88_52,Station 69,"Pearse Street, Dublin 2",53.345053,-6.254344,2.0,2023-06-04 14:00:00,27.64
EPA-69,88_52,Station 69,"Pearse Street, Dublin 2",53.345053,-6.254344,2.0,2023-06-04 15:00:00,15.32
EPA-69,88_52,Station 69,"Pearse Street, Dublin 2",53.345053,-6.254344,2.0,2023-06-04 16:00:00,22.9
EPA-69,88_52,Station 69,"Pearse Street, Dublin 2",53.345053,-6.254344,2.0,2023-06-04 17:00:00,14.89
EPA-69,88_52,Station 69,"Pearse Street, Dublin 2",53.345053,-6.254344,2.0,2023-06-04 18:00:00,15.2
EPA-69,88_52,Station 69,"Pearse Street, Dublin 2",53.345053,-6.254344,2.0,2023-06-04 19:00:00,13.0
EPA-69,88_52,Station 69,"Pearse Street, Dublin 2",53.345053,-6.254344,2.0,2023-06-04 20:00:00,16.42
EPA-69,88_52,Station 69,"Pearse Street, Dublin 2",53.345053,-6.254344,2.0,2023-06-04 21:00:00,15.5
EPA-69,88_52,Station 69,"Pearse Street, Dublin 2",53.345053,-6.254344,2.0,2023-06-04 22:00:00,17.78
EPA-69,88_52,Station 69,"Pearse Street, Dublin 2",53.345053,-6.254344,2.0,2023-06-04 23:00:00,25.03
EPA-69,88_52,Station 69,"Pearse Street, Dublin 2",53.345053,-6.254344,2.0,2023-06-05 00:00:00,41.22
EPA-69,88_52,Station 69,"Pearse Street, Dublin 2",53.345053,-6.254344,2.0,2023-06-05 01:00:00,43.06
EPA-69,88_52,Station 69,"Pearse Street, Dublin 2",53.345053,-6.254344,2.0,2023-06-05 02:00:00,39.42
EPA-69,88_52,Station 69,"Pearse Street, Dublin 2",53.345053,-6.254344,2.0,2023-06-05 03:00:00,23.69
EPA-69,88_52,Station 69,"Pearse Street, Dublin 2",53.345053,-6.254344,2.0,2023-06-05 04:00:00,23.81
EPA-69,88_52,Station 69,"Pearse Street, Dublin 2",53.345053,-6.254344,2.0,2023-06-05 05:00:00,34.47
EPA-69,88_52,Station 69,"Pearse Street, Dublin 2",53.345053,-6.254344,2.0,2023-06-05 06:00:00,32.46
EPA-69,88_52,Station 69,"Pearse Street, Dublin 2",53.345053,-6.254344,2.0,2023-06-05 07:00:00,21.11
EPA-69,88_52,Station 69,"Pearse Street, Dublin 2",53.345053,-6.254344,2.0,2023-06-05 08:00:00,19.52
EPA-69,88_52,Station 69,"Pearse Street, Dublin 2",53.345053,-6.254344,2.0,2023-06-05 09:00:00,16.46
EPA-69,88_52,Station 69,"Pearse Street, Dublin 2",53.345053,-6.254344,2.0,2023-06-05 10:00:00,23.7
EPA-69,88_52,Station 69,"Pearse Street, Dublin 2",53.345053,-6.254344,2.0,2023-06-05 11:00:00,29.73
EPA-69,88_52,Station 69,"Pearse Street, Dublin 2",53.345053,-6.254344,2.0,2023-06-05 12:00:00,27.39
EPA-69,88_52,Station 69,"Pearse Street, Dublin 2",53.345053,-6.254344,2.0,2023-06-05 13:00:00,34.59
EPA-69,88_52,Station 69,"Pearse Street, Dublin 2",53.345053,-6.254344,2.0,2023-06-05 14:00:00,18.73
EPA-69,88_52,Station 69,"Pearse Street, Dublin 2",53.345053,-6.254344,2.0,2023-06-05 15:00:00,14.18
EPA-69,88_52,Station 69,"Pearse Street, Dublin 2",53.345053,-6.254344,2.0,2023-06-05 16:00:00,14.23
EPA-69,88_52,Station 69,"Pearse Street, Dublin 2",53.345053,-6.254344,2.0,2023-06-05 17:00:00,14.34
EPA-69,88_52,Station 69,"Pearse Street, Dublin 2",53.345053,-6.254344,2.0,2023-06-05 18:00:00,11.22
EPA-69,88_52,Station 69,"Pearse Street, Dublin 2",53.345053,-6.254344,2.0,2023-06-05 19:00:00,12.38
EPA-69,88_52,Station 69,"Pearse Street, Dublin 2",53.345053,-6.254344,2.0,2023-06-05 20:00:00,12.34
EPA-69,88_52,Station 69,"Pearse Street, Dublin 2",53.345053,-6.254344,2.0,2023-06-05 21:00:00,14.22
EPA-69,88_52,Station 69,"Pearse Street, Dublin 2",53.345053,-6.254344,2.0,2023-06-05 22:00:00,14.9
EPA-69,88_52,Station 69,"Pearse Street, Dublin 2",53.345053,-6.254344,2.0,2023-06-05 23:00:00,17.26
EPA-69,88_52,Station 69,"Pearse Street, Dublin 2",53.345053,-6.254344,2.0,2023-06-06 00:00:00,11.08
EPA-69,88_52,Station 69,"Pearse Street, Dublin 2",53.345053,-6.254344,2.0,2023-06-06 01:00:00,6.92
EPA-69,88_52,Station 69,"Pearse Street, Dublin 2",53.345053,-6.254344,2.0,2023-06-06 02:00:00,31.06
EPA-69,88_52,Station 69,"Pearse Street, Dublin 2",53.345053,-6.254344,2.0,2023-06-06 03:00:00,29.77
EPA-69,88_52,Station 69,"Pearse Street, Dublin 2",53.345053,-6.254344,2.0,2023-06-06 04:00:00,28.02
EPA-69,88_52,Station 69,"Pearse Street, Dublin 2",53.345053,-6.254344,2.0,2023-06-06 05:00:00,29.08
EPA-69,88_52,Station 69,"Pearse Street, Dublin 2",53.345053,-6.254344,2.0,2023-06-06 06:00:00,52.93
EPA-69,88_52,Station 69,"Pearse Street, Dublin 2",53.345053,-6.254344,2.0,2023-06-06 07:00:00,51.37
EPA-69,88_52,Station 69,"Pearse Street, Dublin 2",53.345053,-6.254344,2.0,2023-06-06 08:00:00,47.29
EPA-69,88_52,Station 69,"Pearse Street, Dublin 2",53.345053,-6.254344,2.0,2023-06-06 09:00:00,47.58
EPA-69,88_52,Station 69,"Pearse Street, Dublin 2",53.345053,-6.254344,2.0,2023-06-06 10:00:00,44.73
EPA-69,88_52,Station 69,"Pearse Street, Dublin 2",53.345053,-6.254344,2.0,2023-06-06 11:00:00,33.24
EPA-69,88_52,Station 69,"Pearse Street, Dublin 2",53.345053,-6.254344,2.0,2023-06-06 12:00:00,37.29
EPA-69,88_52,Station 69,"Pearse Street, Dublin 2",53.345053,-6.254344,2.0,2023-06-06 13:00:00,29.87
EPA-69,88_52,Station 69,"Pearse Street, Dublin 2",53.345053,-6.254344,2.0,2023-06-06 14:00:00,38.54
EPA-69,88_52,Station 69,"Pearse Street, Dublin 2",53.345053,-6.254344,2.0,2023-06-06 15:00:00,50.27
EPA-69,88_52,Station 69,"Pearse Street, Dublin 2",53.345053,-6.254344,2.0,2023-06-06 16:00:00,39.24
EPA-69,88_52,Station 69,"Pearse Street, Dublin 2",53.345053,-6.254344,2.0,2023-06-06 17:00:00,28.51
EPA-69,88_52,Station 69,"Pearse Street, Dublin 2",53.345053,-6.254344,2.0,2023-06-06 18:00:00,26.15
EPA-69,88_52,Station 69,"Pearse Street, Dublin 2",53.345053,-6.254344,2.0,2023-06-06 19:00:00,20.88
EPA-69,88_52,Station 69,"Pearse Street, Dublin 2",53.345053,-6.254344,2.0,2023-06-06 20:00:00,19.96
EPA-69,88_52,Station 69,"Pearse Street, Dublin 2",53.345053,-6.254344,2.0,2023-06-06 21:00:00,22.33
EPA-69,88_52,Station 69,"Pearse Street, Dublin 2",53.345053,-6.254344,2.0,2023-06-06 22:00:00,26.84
EPA-69,88_52,Station 69,"Pearse Street, Dublin 2",53.345053,-6.254344,2.0,2023-06-06 23:00:00,26.22
EPA-69,88_52,Station 69,"Pearse Street, Dublin 2",53.345053,-6.254344,2.0,2023-06-07 00:00:00,19.36
EPA-69,88_52,Station 69,"Pearse Street, Dublin 2",53.345053,-6.254344,2.0,2023-06-07 01:00:00,19.5
EPA-69,88_52,Station 69,"Pearse Street, Dublin 2",53.345053,-6.254344,2.0,2023-06-07 02:00:00,20.39
EPA-69,88_52,Station 69,"Pearse Street, Dublin 2",53.345053,-6.254344,2.0,2023-06-07 03:00:00,39.59
EPA-69,88_52,Station 69,"Pearse Street, Dublin 2",53.345053,-6.254344,2.0,2023-06-07 04:00:00,30.19
EPA-69,88_52,Station 69,"Pearse Street, Dublin 2",53.345053,-6.254344,2.0,2023-06-07 05:00:00,28.54
EPA-69,88_52,Station 69,"Pearse Street, Dublin 2",53.345053,-6.254344,2.0,2023-06-07 06:00:00,41.28
EPA-69,88_52,Station 69,"Pearse Street, Dublin 2",53.345053,-6.254344,2.0,2023-06-07 07:00:00,38.25
EPA-69,88_52,Station 69,"Pearse Street, Dublin 2",53.345053,-6.254344,2.0,2023-06-07 08:00:00,42.93
EPA-69,88_52,Station 69,"Pearse Street, Dublin 2",53.345053,-6.254344,2.0,2023-06-07 09:00:00,42.35
EPA-69,88_52,Station 69,"Pearse Street, Dublin 2",53.345053,-6.254344,2.0,2023-06-07 10:00:00,38.35
EPA-69,88_52,Station 69,"Pearse Street, Dublin 2",53.345053,-6.254344,2.0,2023-06-07 11:00:00,35.36
EPA-69,88_52,Station 69,"Pearse Street, Dublin 2",53.345053,-6.254344,2.0,2023-06-07 12:00:00,40.58
EPA-69,88_52,Station 69,"Pearse Street, Dublin 2",53.345053,-6.254344,2.0,2023-06-07 13:00:00,37.04
EPA-69,88_52,Station 69,"Pearse Street, Dublin 2",53.345053,-6.254344,2.0,2023-06-07 14:00:00,30.81
EPA-69,88_52,Station 69,"Pearse Street, Dublin 2",53.345053,-6.254344,2.0,2023-06-07 15:00:00,37.59
EPA-69,88_52,Station 69,"Pearse Street, Dublin 2",53.345053,-6.254344,2.0,2023-06-07 16:00:00,28.17
EPA-69,88_52,Station 69,"Pearse Street, Dublin 2",53.345053,-6.254344,2.0,2023-06-07 17:00:00,34.82
EPA-69,88_52,Station 69,"Pearse Street, Dublin 2",53.345053,-6.254344,2.0,2023-06-07 18:00:00,33.2
EPA-69,88_52,Station 69,"Pearse Street, Dublin 2",53.345053,-6.254344,2.0,2023-06-07 19:00:00,27.28
EPA-69,88_52,Station 69,"Pearse Street, Dublin 2",53.345053,-6.254344,2.0,2023-06-07 20:00:00,19.3
EPA-69,88_52,Station 69,"Pearse Street, Dublin 2",53.345053,-6.254344,2.0,2023-06-07 21:00:00,23.54
EPA-69,88_52,Station 69,"Pearse Street, Dublin 2",53.345053,-6.254344,2.0,2023-06-07 22:00:00,34.34
EPA-69,88_52,Station 69,"Pearse Street, Dublin 2",53.345053,-6.254344,2.0,2023-06-08 01:00:00,29.63
EPA-69,88_52,Station 69,"Pearse Street, Dublin 2",53.345053,-6.254344,2.0,2023-06-08 02:00:00,17.84
EPA-69,88_52,Station 69,"Pearse Street, Dublin 2",53.345053,-6.254344,2.0,2023-06-08 03:00:00,30.64
EPA-69,88_52,Station 69,"Pearse Street, Dublin 2",53.345053,-6.254344,2.0,2023-06-08 04:00:00,25.23
EPA-69,88_52,Station 69,"Pearse Street, Dublin 2",53.345053,-6.254344,2.0,2023-06-08 05:00:00,32.91
EPA-69,88_52,Station 69,"Pearse Street, Dublin 2",53.345053,-6.254344,2.0,2023-06-08 06:00:00,45.51
EPA-69,88_52,Station 69,"Pearse Street, Dublin 2",53.345053,-6.254344,2.0,2023-06-08 07:00:00,40.21
EPA-69,88_52,Station 69,"Pearse Street, Dublin 2",53.345053,-6.254344,2.0,2023-06-08 08:00:00,36.1
EPA-69,88_52,Station 69,"Pearse Street, Dublin 2",53.345053,-6.254344,2.0,2023-06-08 09:00:00,36.64
EPA-69,88_52,Station 69,"Pearse Street, Dublin 2",53.345053,-6.254344,2.0,2023-06-08 10:00:00,35.41
EPA-69,88_52,Station 69,"Pearse Street, Dublin 2",53.345053,-6.254344,2.0,2023-06-08 11:00:00,33.67
EPA-69,88_52,Station 69,"Pearse Street, Dublin 2",53.345053,-6.254344,2.0,2023-06-08 12:00:00,31.9
EPA-69,88_52,Station 69,"Pearse Street, Dublin 2",53.345053,-6.254344,2.0,2023-06-08 13:00:00,35.37
EPA-69,88_52,Station 69,"Pearse Street, Dublin 2",53.345053,-6.254344,2.0,2023-06-08 14:00:00,32.13
EPA-69,88_52,Station 69,"Pearse Street, Dublin 2",53.345053,-6.254344,2.0,2023-06-08 15:00:00,32.75
EPA-69,88_52,Station 69,"Pearse Street, Dublin 2",53.345053,-6.254344,2.0,2023-06-08 16:00:00,30.51
EPA-69,88_52,Station 69,"Pearse Street, Dublin 2",53.345053,-6.254344,2.0,2023-06-08 17:00:00,39.79
EPA-69,88_52,Station 69,"Pearse Street, Dublin 2",53.345053,-6.254344,2.0,2023-06-08 18:00:00,33.21
EPA-69,88_52,Station 69,"Pearse Street, Dublin 2",53.345053,-6.254344,2.0,2023-06-08 19:00:00,24.59
EPA-69,88_52,Station 69,"Pearse Street, Dublin 2",53.345053,-6.254344,2.0,2023-06-08 20:00:00,24.03
EPA-69,88_52,Station 69,"Pearse Street, Dublin 2",53.345053,-6.254344,2.0,2023-06-08 21:00:00,30.8
EPA-69,88_52,Station 69,"Pearse Street, Dublin 2",53.345053,-6.254344,2.0,2023-06-08 22:00:00,38.59
EPA-69,88_52,Station 69,"Pearse Street, Dublin 2",53.345053,-6.254344,2.0,2023-06-08 23:00:00,47.17
EPA-69,88_52,Station 69,"Pearse Street, Dublin 2",53.345053,-6.254344,2.0,2023-06-09 00:00:00,29.02
EPA-69,88_52,Station 69,"Pearse Street, Dublin 2",53.345053,-6.254344,2.0,2023-06-09 01:00:00,26.98
EPA-69,88_52,Station 69,"Pearse Street, Dublin 2",53.345053,-6.254344,2.0,2023-06-09 02:00:00,65.88
EPA-69,88_52,Station 69,"Pearse Street, Dublin 2",53.345053,-6.254344,2.0,2023-06-09 03:00:00,41.56
EPA-69,88_52,Station 69,"Pearse Street, Dublin 2",53.345053,-6.254344,2.0,2023-06-09 04:00:00,23.95
EPA-69,88_52,Station 69,"Pearse Street, Dublin 2",53.345053,-6.254344,2.0,2023-06-09 05:00:00,26.04
EPA-69,88_52,Station 69,"Pearse Street, Dublin 2",53.345053,-6.254344,2.0,2023-06-09 06:00:00,25.48
EPA-69,88_52,Station 69,"Pearse Street, Dublin 2",53.345053,-6.254344,2.0,2023-06-09 07:00:00,29.63
EPA-69,88_52,Station 69,"Pearse Street, Dublin 2",53.345053,-6.254344,2.0,2023-06-09 08:00:00,35.24
EPA-69,88_52,Station 69,"Pearse Street, Dublin 2",53.345053,-6.254344,2.0,2023-06-09 09:00:00,36.22
EPA-69,88_52,Station 69,"Pearse Street, Dublin 2",53.345053,-6.254344,2.0,2023-06-09 10:00:00,37.65
EPA-69,88_52,Station 69,"Pearse Street, Dublin 2",53.345053,-6.254344,2.0,2023-06-09 11:00:00,26.44
EPA-69,88_52,Station 69,"Pearse Street, Dublin 2",53.345053,-6.254344,2.0,2023-06-09 12:00:00,22.7
EPA-69,88_52,Station 69,"Pearse Street, Dublin 2",53.345053,-6.254344,2.0,2023-06-09 13:00:00,23.89
EPA-69,88_52,Station 69,"Pearse Street, Dublin 2",53.345053,-6.254344,2.0,2023-06-09 14:00:00,25.08
EPA-69,88_52,Station 69,"Pearse Street, Dublin 2",53.345053,-6.254344,2.0,2023-06-09 15:00:00,28.79
EPA-69,88_52,Station 69,"Pearse Street, Dublin 2",53.345053,-6.254344,2.0,2023-06-09 16:00:00,34.06
EPA-69,88_52,Station 69,"Pearse Street, Dublin 2",53.345053,-6.254344,2.0,2023-06-09 17:00:00,30.85
EPA-69,88_52,Station 69,"Pearse Street, Dublin 2",53.345053,-6.254344,2.0,2023-06-09 18:00:00,27.95
EPA-69,88_52,Station 69,"Pearse Street, Dublin 2",53.345053,-6.254344,2.0,2023-06-09 19:00:00,25.57
EPA-69,88_52,Station 69,"Pearse Street, Dublin 2",53.345053,-6.254344,2.0,2023-06-09 20:00:00,25.63
EPA-69,88_52,Station 69,"Pearse Street, Dublin 2",53.345053,-6.254344,2.0,2023-06-09 21:00:00,31.53
EPA-69,88_52,Station 69,"Pearse Street, Dublin 2",53.345053,-6.254344,2.0,2023-06-09 22:00:00,38.64
EPA-69,88_52,Station 69,"Pearse Street, Dublin 2",53.345053,-6.254344,2.0,2023-06-09 23:00:00,51.09
EPA-69,88_52,Station 69,"Pearse Street, Dublin 2",53.345053,-6.254344,2.0,2023-06-10 00:00:00,39.74
EPA-69,88_52,Station 69,"Pearse Street, Dublin 2",53.345053,-6.254344,2.0,2023-06-10 01:00:00,28.52
EPA-69,88_52,Station 69,"Pearse Street, Dublin 2",53.345053,-6.254344,2.0,2023-06-10 02:00:00,21.43
EPA-69,88_52,Station 69,"Pearse Street, Dublin 2",53.345053,-6.254344,2.0,2023-06-10 03:00:00,23.78
EPA-69,88_52,Station 69,"Pearse Street, Dublin 2",53.345053,-6.254344,2.0,2023-06-10 04:00:00,16.35
EPA-69,88_52,Station 69,"Pearse Street, Dublin 2",53.345053,-6.254344,2.0,2023-06-10 05:00:00,15.7
EPA-69,88_52,Station 69,"Pearse Street, Dublin 2",53.345053,-6.254344,2.0,2023-06-10 06:00:00,22.63
EPA-69,88_52,Station 69,"Pearse Street, Dublin 2",53.345053,-6.254344,2.0,2023-06-10 07:00:00,19.94
EPA-69,88_52,Station 69,"Pearse Street, Dublin 2",53.345053,-6.254344,2.0,2023-06-10 08:00:00,23.71
EPA-69,88_52,Station 69,"Pearse Street, Dublin 2",53.345053,-6.254344,2.0,2023-06-10 09:00:00,25.77
EPA-69,88_52,Station 69,"Pearse Street, Dublin 2",53.345053,-6.254344,2.0,2023-06-10 10:00:00,36.2
EPA-69,88_52,Station 69,"Pearse Street, Dublin 2",53.345053,-6.254344,2.0,2023-06-10 11:00:00,44.56
EPA-69,88_52,Station 69,"Pearse Street, Dublin 2",53.345053,-6.254344,2.0,2023-06-10 12:00:00,34.48
EPA-69,88_52,Station 69,"Pearse Street, Dublin 2",53.345053,-6.254344,2.0,2023-06-10 13:00:00,27.88
EPA-69,88_52,Station 69,"Pearse Street, Dublin 2",53.345053,-6.254344,2.0,2023-06-10 14:00:00,51.13
EPA-69,88_52,Station 69,"Pearse Street, Dublin 2",53.345053,-6.254344,2.0,2023-06-10 15:00:00,84.05
EPA-69,88_52,Station 69,"Pearse Street, Dublin 2",53.345053,-6.254344,2.0,2023-06-10 16:00:00,91.4
EPA-69,88_52,Station 69,"Pearse Street, Dublin 2",53.345053,-6.254344,2.0,2023-06-10 17:00:00,71.58
EPA-69,88_52,Station 69,"Pearse Street, Dublin 2",53.345053,-6.254344,2.0,2023-06-10 18:00:00,74.11
EPA-69,88_52,Station 69,"Pearse Street, Dublin 2",53.345053,-6.254344,2.0,2023-06-10 19:00:00,54.01
EPA-69,88_52,Station 69,"Pearse Street, Dublin 2",53.345053,-6.254344,2.0,2023-06-10 20:00:00,46.56
EPA-69,88_52,Station 69,"Pearse Street, Dublin 2",53.345053,-6.254344,2.0,2023-06-10 21:00:00,63.26
EPA-69,88_52,Station 69,"Pearse Street, Dublin 2",53.345053,-6.254344,2.0,2023-06-10 22:00:00,68.85
EPA-69,88_52,Station 69,"Pearse Street, Dublin 2",53.345053,-6.254344,2.0,2023-06-10 23:00:00,59.73
EPA-69,88_52,Station 69,"Pearse Street, Dublin 2",53.345053,-6.254344,2.0,2023-06-11 00:00:00,29.35
EPA-69,88_52,Station 69,"Pearse Street, Dublin 2",53.345053,-6.254344,2.0,2023-06-11 01:00:00,23.14
EPA-69,88_52,Station 69,"Pearse Street, Dublin 2",53.345053,-6.254344,2.0,2023-06-11 02:00:00,33.1
EPA-69,88_52,Station 69,"Pearse Street, Dublin 2",53.345053,-6.254344,2.0,2023-06-11 03:00:00,26.73
EPA-69,88_52,Station 69,"Pearse Street, Dublin 2",53.345053,-6.254344,2.0,2023-06-11 04:00:00,16.56
EPA-69,88_52,Station 69,"Pearse Street, Dublin 2",53.345053,-6.254344,2.0,2023-06-11 05:00:00,24.16
EPA-69,88_52,Station 69,"Pearse Street, Dublin 2",53.345053,-6.254344,2.0,2023-06-11 06:00:00,33.9
EPA-69,88_52,Station 69,"Pearse Street, Dublin 2",53.345053,-6.254344,2.0,2023-06-11 07:00:00,42.92
EPA-69,88_52,Station 69,"Pearse Street, Dublin 2",53.345053,-6.254344,2.0,2023-06-11 08:00:00,23.39
EPA-69,88_52,Station 69,"Pearse Street, Dublin 2",53.345053,-6.254344,2.0,2023-06-11 09:00:00,36.11
EPA-69,88_52,Station 69,"Pearse Street, Dublin 2",53.345053,-6.254344,2.0,2023-06-11 10:00:00,33.91
EPA-69,88_52,Station 69,"Pearse Street, Dublin 2",53.345053,-6.254344,2.0,2023-06-11 11:00:00,36.84
EPA-69,88_52,Station 69,"Pearse Street, Dublin 2",53.345053,-6.254344,2.0,2023-06-11 12:00:00,26.06
EPA-69,88_52,Station 69,"Pearse Street, Dublin 2",53.345053,-6.254344,2.0,2023-06-11 13:00:00,20.18
EPA-69,88_52,Station 69,"Pearse Street, Dublin 2",53.345053,-6.254344,2.0,2023-06-11 14:00:00,20.18
EPA-69,88_52,Station 69,"Pearse Street, Dublin 2",53.345053,-6.254344,2.0,2023-06-11 15:00:00,24.73
EPA-69,88_52,Station 69,"Pearse Street, Dublin 2",53.345053,-6.254344,2.0,2023-06-11 16:00:00,23.16
EPA-69,88_52,Station 69,"Pearse Street, Dublin 2",53.345053,-6.254344,2.0,2023-06-11 17:00:00,31.11
EPA-69,88_52,Station 69,"Pearse Street, Dublin 2",53.345053,-6.254344,2.0,2023-06-11 18:00:00,18.46
EPA-69,88_52,Station 69,"Pearse Street, Dublin 2",53.345053,-6.254344,2.0,2023-06-11 19:00:00,25.84
EPA-69,88_52,Station 69,"Pearse Street, Dublin 2",53.345053,-6.254344,2.0,2023-06-11 20:00:00,68.64
EPA-69,88_52,Station 69,"Pearse Street, Dublin 2",53.345053,-6.254344,2.0,2023-06-11 21:00:00,65.77
EPA-69,88_52,Station 69,"Pearse Street, Dublin 2",53.345053,-6.254344,2.0,2023-06-11 22:00:00,59.6
EPA-69,88_52,Station 69,"Pearse Street, Dublin 2",53.345053,-6.254344,2.0,2023-06-11 23:00:00,32.12
EPA-69,88_52,Station 69,"Pearse Street, Dublin 2",53.345053,-6.254344,2.0,2023-06-12 00:00:00,27.91
EPA-69,88_52,Station 69,"Pearse Street, Dublin 2",53.345053,-6.254344,2.0,2023-06-12 01:00:00,30.19
EPA-69,88_52,Station 69,"Pearse Street, Dublin 2",53.345053,-6.254344,2.0,2023-06-12 02:00:00,38.87
EPA-69,88_52,Station 69,"Pearse Street, Dublin 2",53.345053,-6.254344,2.0,2023-06-12 03:00:00,29.29
EPA-69,88_52,Station 69,"Pearse Street, Dublin 2",53.345053,-6.254344,2.0,2023-06-12 04:00:00,23.3
EPA-69,88_52,Station 69,"Pearse Street, Dublin 2",53.345053,-6.254344,2.0,2023-06-12 05:00:00,22.93
EPA-69,88_52,Station 69,"Pearse Street, Dublin 2",53.345053,-6.254344,2.0,2023-06-12 06:00:00,34.49
EPA-69,88_52,Station 69,"Pearse Street, Dublin 2",53.345053,-6.254344,2.0,2023-06-12 07:00:00,38.99
EPA-69,88_52,Station 69,"Pearse Street, Dublin 2",53.345053,-6.254344,2.0,2023-06-12 08:00:00,43.53
EPA-69,88_52,Station 69,"Pearse Street, Dublin 2",53.345053,-6.254344,2.0,2023-06-12 09:00:00,50.0
EPA-69,88_52,Station 69,"Pearse Street, Dublin 2",53.345053,-6.254344,2.0,2023-06-12 10:00:00,38.81
EPA-69,88_52,Station 69,"Pearse Street, Dublin 2",53.345053,-6.254344,2.0,2023-06-12 11:00:00,35.91
EPA-69,88_52,Station 69,"Pearse Street, Dublin 2",53.345053,-6.254344,2.0,2023-06-12 12:00:00,51.26
EPA-69,88_52,Station 69,"Pearse Street, Dublin 2",53.345053,-6.254344,2.0,2023-06-12 13:00:00,39.06
EPA-69,88_52,Station 69,"Pearse Street, Dublin 2",53.345053,-6.254344,2.0,2023-06-12 14:00:00,37.03
EPA-69,88_52,Station 69,"Pearse Street, Dublin 2",53.345053,-6.254344,2.0,2023-06-12 15:00:00,57.05
EPA-69,88_52,Station 69,"Pearse Street, Dublin 2",53.345053,-6.254344,2.0,2023-06-12 16:00:00,57.77
EPA-69,88_52,Station 69,"Pearse Street, Dublin 2",53.345053,-6.254344,2.0,2023-06-12 17:00:00,68.65
EPA-69,88_52,Station 69,"Pearse Street, Dublin 2",53.345053,-6.254344,2.0,2023-06-12 18:00:00,51.14
EPA-69,88_52,Station 69,"Pearse Street, Dublin 2",53.345053,-6.254344,2.0,2023-06-12 19:00:00,46.31
EPA-69,88_52,Station 69,"Pearse Street, Dublin 2",53.345053,-6.254344,2.0,2023-06-12 20:00:00,40.92
EPA-69,88_52,Station 69,"Pearse Street, Dublin 2",53.345053,-6.254344,2.0,2023-06-12 21:00:00,56.06
EPA-69,88_52,Station 69,"Pearse Street, Dublin 2",53.345053,-6.254344,2.0,2023-06-12 22:00:00,60.02
EPA-69,88_52,Station 69,"Pearse Street, Dublin 2",53.345053,-6.254344,2.0,2023-06-12 23:00:00,59.42
EPA-69,88_52,Station 69,"Pearse Street, Dublin 2",53.345053,-6.254344,2.0,2023-06-13 00:00:00,35.33
EPA-69,88_52,Station 69,"Pearse Street, Dublin 2",53.345053,-6.254344,2.0,2023-06-13 01:00:00,29.31
EPA-69,88_52,Station 69,"Pearse Street, Dublin 2",53.345053,-6.254344,2.0,2023-06-13 02:00:00,24.32
EPA-69,88_52,Station 69,"Pearse Street, Dublin 2",53.345053,-6.254344,2.0,2023-06-13 03:00:00,20.77
EPA-69,88_52,Station 69,"Pearse Street, Dublin 2",53.345053,-6.254344,2.0,2023-06-13 04:00:00,19.14
EPA-69,88_52,Station 69,"Pearse Street, Dublin 2",53.345053,-6.254344,2.0,2023-06-13 05:00:00,27.2
EPA-69,88_52,Station 69,"Pearse Street, Dublin 2",53.345053,-6.254344,2.0,2023-06-13 06:00:00,55.36
EPA-69,88_52,Station 69,"Pearse Street, Dublin 2",53.345053,-6.254344,2.0,2023-06-13 07:00:00,73.96
EPA-69,88_52,Station 69,"Pearse Street, Dublin 2",53.345053,-6.254344,2.0,2023-06-13 08:00:00,81.75
EPA-69,88_52,Station 69,"Pearse Street, Dublin 2",53.345053,-6.254344,2.0,2023-06-13 09:00:00,56.09
EPA-69,88_52,Station 69,"Pearse Street, Dublin 2",53.345053,-6.254344,2.0,2023-06-13 10:00:00,70.79
EPA-69,88_52,Station 69,"Pearse Street, Dublin 2",53.345053,-6.254344,2.0,2023-06-13 11:00:00,54.7
EPA-69,88_52,Station 69,"Pearse Street, Dublin 2",53.345053,-6.254344,2.0,2023-06-13 12:00:00,81.61
EPA-69,88_52,Station 69,"Pearse Street, Dublin 2",53.345053,-6.254344,2.0,2023-06-13 13:00:00,68.98
EPA-69,88_52,Station 69,"Pearse Street, Dublin 2",53.345053,-6.254344,2.0,2023-06-13 14:00:00,85.25
EPA-69,88_52,Station 69,"Pearse Street, Dublin 2",53.345053,-6.254344,2.0,2023-06-13 15:00:00,79.45
EPA-69,88_52,Station 69,"Pearse Street, Dublin 2",53.345053,-6.254344,2.0,2023-06-13 16:00:00,53.82
EPA-69,88_52,Station 69,"Pearse Street, Dublin 2",53.345053,-6.254344,2.0,2023-06-13 17:00:00,74.27
EPA-69,88_52,Station 69,"Pearse Street, Dublin 2",53.345053,-6.254344,2.0,2023-06-13 18:00:00,64.28
EPA-69,88_52,Station 69,"Pearse Street, Dublin 2",53.345053,-6.254344,2.0,2023-06-13 19:00:00,48.71
EPA-69,88_52,Station 69,"Pearse Street, Dublin 2",53.345053,-6.254344,2.0,2023-06-13 20:00:00,63.2
EPA-69,88_52,Station 69,"Pearse Street, Dublin 2",53.345053,-6.254344,2.0,2023-06-13 21:00:00,48.06
EPA-69,88_52,Station 69,"Pearse Street, Dublin 2",53.345053,-6.254344,2.0,2023-06-13 22:00:00,82.09
EPA-69,88_52,Station 69,"Pearse Street, Dublin 2",53.345053,-6.254344,2.0,2023-06-13 23:00:00,33.25
EPA-69,88_52,Station 69,"Pearse Street, Dublin 2",53.345053,-6.254344,2.0,2023-06-14 00:00:00,25.39
EPA-69,88_52,Station 69,"Pearse Street, Dublin 2",53.345053,-6.254344,2.0,2023-06-14 01:00:00,29.41
EPA-69,88_52,Station 69,"Pearse Street, Dublin 2",53.345053,-6.254344,2.0,2023-06-14 02:00:00,34.99
EPA-69,88_52,Station 69,"Pearse Street, Dublin 2",53.345053,-6.254344,2.0,2023-06-14 03:00:00,84.64
EPA-69,88_52,Station 69,"Pearse Street, Dublin 2",53.345053,-6.254344,2.0,2023-06-14 04:00:00,34.98
EPA-69,88_52,Station 69,"Pearse Street, Dublin 2",53.345053,-6.254344,2.0,2023-06-14 05:00:00,36.02
EPA-69,88_52,Station 69,"Pearse Street, Dublin 2",53.345053,-6.254344,2.0,2023-06-14 06:00:00,54.44
EPA-69,88_52,Station 69,"Pearse Street, Dublin 2",53.345053,-6.254344,2.0,2023-06-14 07:00:00,54.86
EPA-69,88_52,Station 69,"Pearse Street, Dublin 2",53.345053,-6.254344,2.0,2023-06-14 08:00:00,57.41
EPA-69,88_52,Station 69,"Pearse Street, Dublin 2",53.345053,-6.254344,2.0,2023-06-14 09:00:00,73.72
EPA-69,88_52,Station 69,"Pearse Street, Dublin 2",53.345053,-6.254344,2.0,2023-06-14 10:00:00,60.73
EPA-69,88_52,Station 69,"Pearse Street, Dublin 2",53.345053,-6.254344,2.0,2023-06-14 10:01:00,
EPA-69,88_52,Station 69,"Pearse Street, Dublin 2",53.345053,-6.254344,2.0,2023-06-14 11:01:00,
EPA-69,88_52,Station 69,"Pearse Street, Dublin 2",53.345053,-6.254344,2.0,2023-06-14 12:00:00,40.66
EPA-69,88_52,Station 69,"Pearse Street, Dublin 2",53.345053,-6.254344,2.0,2023-06-14 13:00:00,27.4
EPA-69,88_52,Station 69,"Pearse Street, Dublin 2",53.345053,-6.254344,2.0,2023-06-14 14:00:00,61.63
EPA-69,88_52,Station 69,"Pearse Street, Dublin 2",53.345053,-6.254344,2.0,2023-06-14 15:00:00,73.26
EPA-69,88_52,Station 69,"Pearse Street, Dublin 2",53.345053,-6.254344,2.0,2023-06-14 16:00:00,73.25
EPA-69,88_52,Station 69,"Pearse Street, Dublin 2",53.345053,-6.254344,2.0,2023-06-14 17:00:00,105.01
EPA-69,88_52,Station 69,"Pearse Street, Dublin 2",53.345053,-6.254344,2.0,2023-06-14 18:00:00,113.75
EPA-69,88_52,Station 69,"Pearse Street, Dublin 2",53.345053,-6.254344,2.0,2023-06-14 19:00:00,82.04
EPA-69,88_52,Station 69,"Pearse Street, Dublin 2",53.345053,-6.254344,2.0,2023-06-14 20:00:00,68.79
EPA-69,88_52,Station 69,"Pearse Street, Dublin 2",53.345053,-6.254344,2.0,2023-06-14 21:00:00,91.72
EPA-69,88_52,Station 69,"Pearse Street, Dublin 2",53.345053,-6.254344,2.0,2023-06-14 22:00:00,103.67
EPA-69,88_52,Station 69,"Pearse Street, Dublin 2",53.345053,-6.254344,2.0,2023-06-15 01:00:00,64.07
EPA-69,88_52,Station 69,"Pearse Street, Dublin 2",53.345053,-6.254344,2.0,2023-06-15 02:00:00,47.34
EPA-69,88_52,Station 69,"Pearse Street, Dublin 2",53.345053,-6.254344,2.0,2023-06-15 03:00:00,67.65
EPA-69,88_52,Station 69,"Pearse Street, Dublin 2",53.345053,-6.254344,2.0,2023-06-15 04:00:00,66.85
EPA-69,88_52,Station 69,"Pearse Street, Dublin 2",53.345053,-6.254344,2.0,2023-06-15 05:00:00,66.46
EPA-69,88_52,Station 69,"Pearse Street, Dublin 2",53.345053,-6.254344,2.0,2023-06-15 06:00:00,72.1
EPA-69,88_52,Station 69,"Pearse Street, Dublin 2",53.345053,-6.254344,2.0,2023-06-15 07:00:00,93.28
EPA-69,88_52,Station 69,"Pearse Street, Dublin 2",53.345053,-6.254344,2.0,2023-06-15 08:00:00,90.57
EPA-69,88_52,Station 69,"Pearse Street, Dublin 2",53.345053,-6.254344,2.0,2023-06-15 09:00:00,91.91
EPA-69,88_52,Station 69,"Pearse Street, Dublin 2",53.345053,-6.254344,2.0,2023-06-15 10:00:00,85.04
EPA-69,88_52,Station 69,"Pearse Street, Dublin 2",53.345053,-6.254344,2.0,2023-06-15 11:00:00,59.6
EPA-69,88_52,Station 69,"Pearse Street, Dublin 2",53.345053,-6.254344,2.0,2023-06-15 12:00:00,57.18
EPA-69,88_52,Station 69,"Pearse Street, Dublin 2",53.345053,-6.254344,2.0,2023-06-15 13:00:00,60.1
EPA-69,88_52,Station 69,"Pearse Street, Dublin 2",53.345053,-6.254344,2.0,2023-06-15 14:00:00,77.23
EPA-69,88_52,Station 69,"Pearse Street, Dublin 2",53.345053,-6.254344,2.0,2023-06-15 15:00:00,71.01
EPA-69,88_52,Station 69,"Pearse Street, Dublin 2",53.345053,-6.254344,2.0,2023-06-15 16:00:00,67.21
EPA-69,88_52,Station 69,"Pearse Street, Dublin 2",53.345053,-6.254344,2.0,2023-06-15 17:00:00,81.06
EPA-69,88_52,Station 69,"Pearse Street, Dublin 2",53.345053,-6.254344,2.0,2023-06-15 18:00:00,78.29
EPA-69,88_52,Station 69,"Pearse Street, Dublin 2",53.345053,-6.254344,2.0,2023-06-15 19:00:00,54.75
EPA-69,88_52,Station 69,"Pearse Street, Dublin 2",53.345053,-6.254344,2.0,2023-06-15 20:00:00,48.5
EPA-69,88_52,Station 69,"Pearse Street, Dublin 2",53.345053,-6.254344,2.0,2023-06-15 21:00:00,37.48
EPA-69,88_52,Station 69,"Pearse Street, Dublin 2",53.345053,-6.254344,2.0,2023-06-15 22:00:00,40.89
EPA-69,88_52,Station 69,"Pearse Street, Dublin 2",53.345053,-6.254344,2.0,2023-06-15 23:00:00,29.51
EPA-69,88_52,Station 69,"Pearse Street, Dublin 2",53.345053,-6.254344,2.0,2023-06-16 00:00:00,66.88
EPA-69,88_52,Station 69,"Pearse Street, Dublin 2",53.345053,-6.254344,2.0,2023-06-16 01:00:00,61.82
EPA-69,88_52,Station 69,"Pearse Street, Dublin 2",53.345053,-6.254344,2.0,2023-06-16 02:00:00,40.13
EPA-69,88_52,Station 69,"Pearse Street, Dublin 2",53.345053,-6.254344,2.0,2023-06-16 03:00:00,41.62
EPA-69,88_52,Station 69,"Pearse Street, Dublin 2",53.345053,-6.254344,2.0,2023-06-16 04:00:00,41.37
EPA-69,88_52,Station 69,"Pearse Street, Dublin 2",53.345053,-6.254344,2.0,2023-06-16 05:00:00,59.7
EPA-69,88_52,Station 69,"Pearse Street, Dublin 2",53.345053,-6.254344,2.0,2023-06-16 06:00:00,77.34
EPA-69,88_52,Station 69,"Pearse Street, Dublin 2",53.345053,-6.254344,2.0,2023-06-16 07:00:00,81.23
EPA-69,88_52,Station 69,"Pearse Street, Dublin 2",53.345053,-6.254344,2.0,2023-06-16 08:00:00,68.06
EPA-69,88_52,Station 69,"Pearse Street, Dublin 2",53.345053,-6.254344,2.0,2023-06-16 09:00:00,52.39
EPA-69,88_52,Station 69,"Pearse Street, Dublin 2",53.345053,-6.254344,2.0,2023-06-16 10:00:00,43.16
EPA-69,88_52,Station 69,"Pearse Street, Dublin 2",53.345053,-6.254344,2.0,2023-06-16 11:00:00,62.72
EPA-69,88_52,Station 69,"Pearse Street, Dublin 2",53.345053,-6.254344,2.0,2023-06-16 12:00:00,48.56
EPA-69,88_52,Station 69,"Pearse Street, Dublin 2",53.345053,-6.254344,2.0,2023-06-16 13:00:00,56.86
EPA-69,88_52,Station 69,"Pearse Street, Dublin 2",53.345053,-6.254344,2.0,2023-06-16 14:00:00,58.81
EPA-69,88_52,Station 69,"Pearse Street, Dublin 2",53.345053,-6.254344,2.0,2023-06-16 15:00:00,61.76
EPA-69,88_52,Station 69,"Pearse Street, Dublin 2",53.345053,-6.254344,2.0,2023-06-16 16:00:00,67.77
EPA-69,88_52,Station 69,"Pearse Street, Dublin 2",53.345053,-6.254344,2.0,2023-06-16 17:00:00,77.49
EPA-69,88_52,Station 69,"Pearse Street, Dublin 2",53.345053,-6.254344,2.0,2023-06-16 18:00:00,84.75
EPA-69,88_52,Station 69,"Pearse Street, Dublin 2",53.345053,-6.254344,2.0,2023-06-16 19:00:00,68.91
EPA-69,88_52,Station 69,"Pearse Street, Dublin 2",53.345053,-6.254344,2.0,2023-06-16 20:00:00,64.73
EPA-69,88_52,Station 69,"Pearse Street, Dublin 2",53.345053,-6.254344,2.0,2023-06-16 21:00:00,78.21
EPA-69,88_52,Station 69,"Pearse Street, Dublin 2",53.345053,-6.254344,2.0,2023-06-16 22:00:00,57.95
EPA-69,88_52,Station 69,"Pearse Street, Dublin 2",53.345053,-6.254344,2.0,2023-06-16 23:00:00,50.59
EPA-69,88_52,Station 69,"Pearse Street, Dublin 2",53.345053,-6.254344,2.0,2023-06-17 00:00:00,43.19
EPA-69,88_52,Station 69,"Pearse Street, Dublin 2",53.345053,-6.254344,2.0,2023-06-17 01:00:00,18.75
EPA-69,88_52,Station 69,"Pearse Street, Dublin 2",53.345053,-6.254344,2.0,2023-06-17 02:00:00,15.04
EPA-69,88_52,Station 69,"Pearse Street, Dublin 2",53.345053,-6.254344,2.0,2023-06-17 03:00:00,16.48
EPA-69,88_52,Station 69,"Pearse Street, Dublin 2",53.345053,-6.254344,2.0,2023-06-17 04:00:00,11.0
EPA-69,88_52,Station 69,"Pearse Street, Dublin 2",53.345053,-6.254344,2.0,2023-06-17 05:00:00,16.38
EPA-69,88_52,Station 69,"Pearse Street, Dublin 2",53.345053,-6.254344,2.0,2023-06-17 06:00:00,23.68
EPA-69,88_52,Station 69,"Pearse Street, Dublin 2",53.345053,-6.254344,2.0,2023-06-17 07:00:00,48.12
EPA-69,88_52,Station 69,"Pearse Street, Dublin 2",53.345053,-6.254344,2.0,2023-06-17 08:00:00,48.12
EPA-69,88_52,Station 69,"Pearse Street, Dublin 2",53.345053,-6.254344,2.0,2023-06-17 09:00:00,47.99
EPA-69,88_52,Station 69,"Pearse Street, Dublin 2",53.345053,-6.254344,2.0,2023-06-17 10:00:00,36.15
EPA-69,88_52,Station 69,"Pearse Street, Dublin 2",53.345053,-6.254344,2.0,2023-06-17 11:00:00,56.64
EPA-69,88_52,Station 69,"Pearse Street, Dublin 2",53.345053,-6.254344,2.0,2023-06-17 12:00:00,39.54
EPA-69,88_52,Station 69,"Pearse Street, Dublin 2",53.345053,-6.254344,2.0,2023-06-17 13:00:00,27.31
EPA-69,88_52,Station 69,"Pearse Street, Dublin 2",53.345053,-6.254344,2.0,2023-06-17 14:00:00,39.41
EPA-69,88_52,Station 69,"Pearse Street, Dublin 2",53.345053,-6.254344,2.0,2023-06-17 15:00:00,35.43
EPA-69,88_52,Station 69,"Pearse Street, Dublin 2",53.345053,-6.254344,2.0,2023-06-17 16:00:00,20.62
EPA-69,88_52,Station 69,"Pearse Street, Dublin 2",53.345053,-6.254344,2.0,2023-06-17 17:00:00,24.19
EPA-69,88_52,Station 69,"Pearse Street, Dublin 2",53.345053,-6.254344,2.0,2023-06-17 18:00:00,30.73
EPA-69,88_52,Station 69,"Pearse Street, Dublin 2",53.345053,-6.254344,2.0,2023-06-17 19:00:00,22.93
EPA-69,88_52,Station 69,"Pearse Street, Dublin 2",53.345053,-6.254344,2.0,2023-06-17 20:00:00,28.28
EPA-69,88_52,Station 69,"Pearse Street, Dublin 2",53.345053,-6.254344,2.0,2023-06-17 21:00:00,35.4
EPA-69,88_52,Station 69,"Pearse Street, Dublin 2",53.345053,-6.254344,2.0,2023-06-17 22:00:00,37.09
EPA-69,88_52,Station 69,"Pearse Street, Dublin 2",53.345053,-6.254344,2.0,2023-06-17 23:00:00,38.87
EPA-69,88_52,Station 69,"Pearse Street, Dublin 2",53.345053,-6.254344,2.0,2023-06-18 00:00:00,23.95
EPA-69,88_52,Station 69,"Pearse Street, Dublin 2",53.345053,-6.254344,2.0,2023-06-18 01:00:00,17.25
EPA-69,88_52,Station 69,"Pearse Street, Dublin 2",53.345053,-6.254344,2.0,2023-06-18 02:00:00,17.03
EPA-69,88_52,Station 69,"Pearse Street, Dublin 2",53.345053,-6.254344,2.0,2023-06-18 03:00:00,13.52
EPA-69,88_52,Station 69,"Pearse Street, Dublin 2",53.345053,-6.254344,2.0,2023-06-18 04:00:00,10.43
EPA-69,88_52,Station 69,"Pearse Street, Dublin 2",53.345053,-6.254344,2.0,2023-06-18 05:00:00,9.25
EPA-69,88_52,Station 69,"Pearse Street, Dublin 2",53.345053,-6.254344,2.0,2023-06-18 06:00:00,10.93
EPA-69,88_52,Station 69,"Pearse Street, Dublin 2",53.345053,-6.254344,2.0,2023-06-18 07:00:00,18.98
EPA-69,88_52,Station 69,"Pearse Street, Dublin 2",53.345053,-6.254344,2.0,2023-06-18 08:00:00,18.31
EPA-69,88_52,Station 69,"Pearse Street, Dublin 2",53.345053,-6.254344,2.0,2023-06-18 09:00:00,16.17
EPA-69,88_52,Station 69,"Pearse Street, Dublin 2",53.345053,-6.254344,2.0,2023-06-18 10:00:00,24.4
EPA-69,88_52,Station 69,"Pearse Street, Dublin 2",53.345053,-6.254344,2.0,2023-06-18 11:00:00,23.91
EPA-69,88_52,Station 69,"Pearse Street, Dublin 2",53.345053,-6.254344,2.0,2023-06-18 12:00:00,26.9
EPA-69,88_52,Station 69,"Pearse Street, Dublin 2",53.345053,-6.254344,2.0,2023-06-18 13:00:00,23.98
EPA-69,88_52,Station 69,"Pearse Street, Dublin 2",53.345053,-6.254344,2.0,2023-06-18 14:00:00,31.91
EPA-69,88_52,Station 69,"Pearse Street, Dublin 2",53.345053,-6.254344,2.0,2023-06-18 15:00:00,19.1
EPA-69,88_52,Station 69,"Pearse Street, Dublin 2",53.345053,-6.254344,2.0,2023-06-18 16:00:00,26.01
EPA-69,88_52,Station 69,"Pearse Street, Dublin 2",53.345053,-6.254344,2.0,2023-06-18 17:00:00,30.25
EPA-69,88_52,Station 69,"Pearse Street, Dublin 2",53.345053,-6.254344,2.0,2023-06-18 18:00:00,37.9
EPA-69,88_52,Station 69,"Pearse Street, Dublin 2",53.345053,-6.254344,2.0,2023-06-18 19:00:00,32.8
EPA-69,88_52,Station 69,"Pearse Street, Dublin 2",53.345053,-6.254344,2.0,2023-06-18 20:00:00,34.56
EPA-69,88_52,Station 69,"Pearse Street, Dublin 2",53.345053,-6.254344,2.0,2023-06-18 21:00:00,34.43
EPA-69,88_52,Station 69,"Pearse Street, Dublin 2",53.345053,-6.254344,2.0,2023-06-18 22:00:00,23.16
EPA-69,88_52,Station 69,"Pearse Street, Dublin 2",53.345053,-6.254344,2.0,2023-06-18 23:00:00,38.36
EPA-69,88_52,Station 69,"Pearse Street, Dublin 2",53.345053,-6.254344,2.0,2023-06-19 00:00:00,24.31
EPA-69,88_52,Station 69,"Pearse Street, Dublin 2",53.345053,-6.254344,2.0,2023-06-19 01:00:00,17.02
EPA-69,88_52,Station 69,"Pearse Street, Dublin 2",53.345053,-6.254344,2.0,2023-06-19 02:00:00,7.0
EPA-69,88_52,Station 69,"Pearse Street, Dublin 2",53.345053,-6.254344,2.0,2023-06-19 03:00:00,8.63
EPA-69,88_52,Station 69,"Pearse Street, Dublin 2",53.345053,-6.254344,2.0,2023-06-19 04:00:00,12.12
EPA-69,88_52,Station 69,"Pearse Street, Dublin 2",53.345053,-6.254344,2.0,2023-06-19 05:00:00,16.69
EPA-69,88_52,Station 69,"Pearse Street, Dublin 2",53.345053,-6.254344,2.0,2023-06-19 06:00:00,31.55
EPA-69,88_52,Station 69,"Pearse Street, Dublin 2",53.345053,-6.254344,2.0,2023-06-19 07:00:00,32.07
EPA-69,88_52,Station 69,"Pearse Street, Dublin 2",53.345053,-6.254344,2.0,2023-06-19 08:00:00,39.82
EPA-69,88_52,Station 69,"Pearse Street, Dublin 2",53.345053,-6.254344,2.0,2023-06-19 09:00:00,34.76
EPA-69,88_52,Station 69,"Pearse Street, Dublin 2",53.345053,-6.254344,2.0,2023-06-19 10:00:00,44.51
EPA-69,88_52,Station 69,"Pearse Street, Dublin 2",53.345053,-6.254344,2.0,2023-06-19 11:00:00,45.36
EPA-69,88_52,Station 69,"Pearse Street, Dublin 2",53.345053,-6.254344,2.0,2023-06-19 12:00:00,45.0
EPA-69,88_52,Station 69,"Pearse Street, Dublin 2",53.345053,-6.254344,2.0,2023-06-19 13:00:00,39.19
EPA-69,88_52,Station 69,"Pearse Street, Dublin 2",53.345053,-6.254344,2.0,2023-06-19 14:00:00,41.09
EPA-69,88_52,Station 69,"Pearse Street, Dublin 2",53.345053,-6.254344,2.0,2023-06-19 15:00:00,48.37
EPA-69,88_52,Station 69,"Pearse Street, Dublin 2",53.345053,-6.254344,2.0,2023-06-19 16:00:00,56.98
EPA-69,88_52,Station 69,"Pearse Street, Dublin 2",53.345053,-6.254344,2.0,2023-06-19 17:00:00,47.66
EPA-69,88_52,Station 69,"Pearse Street, Dublin 2",53.345053,-6.254344,2.0,2023-06-19 18:00:00,36.96
EPA-69,88_52,Station 69,"Pearse Street, Dublin 2",53.345053,-6.254344,2.0,2023-06-19 19:00:00,27.03
EPA-69,88_52,Station 69,"Pearse Street, Dublin 2",53.345053,-6.254344,2.0,2023-06-19 20:00:00,14.73
EPA-69,88_52,Station 69,"Pearse Street, Dublin 2",53.345053,-6.254344,2.0,2023-06-19 21:00:00,24.32
EPA-69,88_52,Station 69,"Pearse Street, Dublin 2",53.345053,-6.254344,2.0,2023-06-19 22:00:00,73.11
EPA-69,88_52,Station 69,"Pearse Street, Dublin 2",53.345053,-6.254344,2.0,2023-06-19 23:00:00,50.9
EPA-69,88_52,Station 69,"Pearse Street, Dublin 2",53.345053,-6.254344,2.0,2023-06-19 23:01:00,
EPA-69,88_52,Station 69,"Pearse Street, Dublin 2",53.345053,-6.254344,2.0,2023-06-20 00:01:00,
EPA-69,88_52,Station 69,"Pearse Street, Dublin 2",53.345053,-6.254344,2.0,2023-06-20 11:00:00,53.88
EPA-69,88_52,Station 69,"Pearse Street, Dublin 2",53.345053,-6.254344,2.0,2023-06-20 12:00:00,65.54
EPA-69,88_52,Station 69,"Pearse Street, Dublin 2",53.345053,-6.254344,2.0,2023-06-20 13:00:00,63.83
EPA-69,88_52,Station 69,"Pearse Street, Dublin 2",53.345053,-6.254344,2.0,2023-06-20 14:00:00,51.51
EPA-69,88_52,Station 69,"Pearse Street, Dublin 2",53.345053,-6.254344,2.0,2023-06-20 15:00:00,57.76
EPA-69,88_52,Station 69,"Pearse Street, Dublin 2",53.345053,-6.254344,2.0,2023-06-20 16:00:00,68.79
EPA-69,88_52,Station 69,"Pearse Street, Dublin 2",53.345053,-6.254344,2.0,2023-06-20 17:00:00,81.86
EPA-69,88_52,Station 69,"Pearse Street, Dublin 2",53.345053,-6.254344,2.0,2023-06-20 18:00:00,83.39
EPA-69,88_52,Station 69,"Pearse Street, Dublin 2",53.345053,-6.254344,2.0,2023-06-20 19:00:00,66.89
EPA-69,88_52,Station 69,"Pearse Street, Dublin 2",53.345053,-6.254344,2.0,2023-06-20 20:00:00,55.97
EPA-69,88_52,Station 69,"Pearse Street, Dublin 2",53.345053,-6.254344,2.0,2023-06-20 21:00:00,48.15
EPA-69,88_52,Station 69,"Pearse Street, Dublin 2",53.345053,-6.254344,2.0,2023-06-20 22:00:00,38.66
EPA-69,88_52,Station 69,"Pearse Street, Dublin 2",53.345053,-6.254344,2.0,2023-06-20 23:00:00,48.01
EPA-69,88_52,Station 69,"Pearse Street, Dublin 2",53.345053,-6.254344,2.0,2023-06-21 00:00:00,14.22
EPA-69,88_52,Station 69,"Pearse Street, Dublin 2",53.345053,-6.254344,2.0,2023-06-21 01:00:00,10.54
EPA-69,88_52,Station 69,"Pearse Street, Dublin 2",53.345053,-6.254344,2.0,2023-06-21 02:00:00,9.87
EPA-69,88_52,Station 69,"Pearse Street, Dublin 2",53.345053,-6.254344,2.0,2023-06-21 03:00:00,9.27
EPA-69,88_52,Station 69,"Pearse Street, Dublin 2",53.345053,-6.254344,2.0,2023-06-21 04:00:00,11.93
EPA-69,88_52,Station 69,"Pearse Street, Dublin 2",53.345053,-6.254344,2.0,2023-06-21 05:00:00,13.46
EPA-69,88_52,Station 69,"Pearse Street, Dublin 2",53.345053,-6.254344,2.0,2023-06-21 06:00:00,29.4
EPA-69,88_52,Station 69,"Pearse Street, Dublin 2",53.345053,-6.254344,2.0,2023-06-21 07:00:00,47.02
EPA-69,88_52,Station 69,"Pearse Street, Dublin 2",53.345053,-6.254344,2.0,2023-06-21 08:00:00,48.69
EPA-69,88_52,Station 69,"Pearse Street, Dublin 2",53.345053,-6.254344,2.0,2023-06-21 09:00:00,63.17
EPA-69,88_52,Station 69,"Pearse Street, Dublin 2",53.345053,-6.254344,2.0,2023-06-21 10:00:00,61.16
EPA-69,88_52,Station 69,"Pearse Street, Dublin 2",53.345053,-6.254344,2.0,2023-06-21 11:00:00,58.08
EPA-69,88_52,Station 69,"Pearse Street, Dublin 2",53.345053,-6.254344,2.0,2023-06-21 12:00:00,53.81
EPA-69,88_52,Station 69,"Pearse Street, Dublin 2",53.345053,-6.254344,2.0,2023-06-21 13:00:00,35.75
EPA-69,88_52,Station 69,"Pearse Street, Dublin 2",53.345053,-6.254344,2.0,2023-06-21 14:00:00,48.06
EPA-69,88_52,Station 69,"Pearse Street, Dublin 2",53.345053,-6.254344,2.0,2023-06-21 15:00:00,53.31
EPA-69,88_52,Station 69,"Pearse Street, Dublin 2",53.345053,-6.254344,2.0,2023-06-21 16:00:00,59.09
EPA-69,88_52,Station 69,"Pearse Street, Dublin 2",53.345053,-6.254344,2.0,2023-06-21 17:00:00,62.01
EPA-69,88_52,Station 69,"Pearse Street, Dublin 2",53.345053,-6.254344,2.0,2023-06-21 18:00:00,50.37
EPA-69,88_52,Station 69,"Pearse Street, Dublin 2",53.345053,-6.254344,2.0,2023-06-21 19:00:00,48.65
EPA-69,88_52,Station 69,"Pearse Street, Dublin 2",53.345053,-6.254344,2.0,2023-06-21 20:00:00,38.37
EPA-69,88_52,Station 69,"Pearse Street, Dublin 2",53.345053,-6.254344,2.0,2023-06-21 21:00:00,34.23
EPA-69,88_52,Station 69,"Pearse Street, Dublin 2",53.345053,-6.254344,2.0,2023-06-21 22:00:00,44.69
EPA-69,88_52,Station 69,"Pearse Street, Dublin 2",53.345053,-6.254344,2.0,2023-06-22 01:00:00,20.9
EPA-69,88_52,Station 69,"Pearse Street, Dublin 2",53.345053,-6.254344,2.0,2023-06-22 02:00:00,20.56
EPA-69,88_52,Station 69,"Pearse Street, Dublin 2",53.345053,-6.254344,2.0,2023-06-22 03:00:00,18.36
EPA-69,88_52,Station 69,"Pearse Street, Dublin 2",53.345053,-6.254344,2.0,2023-06-22 04:00:00,26.53
EPA-69,88_52,Station 69,"Pearse Street, Dublin 2",53.345053,-6.254344,2.0,2023-06-22 05:00:00,42.3
EPA-69,88_52,Station 69,"Pearse Street, Dublin 2",53.345053,-6.254344,2.0,2023-06-22 06:00:00,45.51
EPA-69,88_52,Station 69,"Pearse Street, Dublin 2",53.345053,-6.254344,2.0,2023-06-22 07:00:00,39.3
EPA-69,88_52,Station 69,"Pearse Street, Dublin 2",53.345053,-6.254344,2.0,2023-06-22 08:00:00,52.7
EPA-69,88_52,Station 69,"Pearse Street, Dublin 2",53.345053,-6.254344,2.0,2023-06-22 09:00:00,48.07
EPA-69,88_52,Station 69,"Pearse Street, Dublin 2",53.345053,-6.254344,2.0,2023-06-22 10:00:00,44.5
EPA-69,88_52,Station 69,"Pearse Street, Dublin 2",53.345053,-6.254344,2.0,2023-06-22 11:00:00,37.74
EPA-69,88_52,Station 69,"Pearse Street, Dublin 2",53.345053,-6.254344,2.0,2023-06-22 12:00:00,45.84
EPA-69,88_52,Station 69,"Pearse Street, Dublin 2",53.345053,-6.254344,2.0,2023-06-22 13:00:00,37.22
EPA-69,88_52,Station 69,"Pearse Street, Dublin 2",53.345053,-6.254344,2.0,2023-06-22 14:00:00,34.9
EPA-69,88_52,Station 69,"Pearse Street, Dublin 2",53.345053,-6.254344,2.0,2023-06-22 15:00:00,47.08
EPA-69,88_52,Station 69,"Pearse Street, Dublin 2",53.345053,-6.254344,2.0,2023-06-22 16:00:00,54.81
EPA-69,88_52,Station 69,"Pearse Street, Dublin 2",53.345053,-6.254344,2.0,2023-06-22 17:00:00,54.73
EPA-69,88_52,Station 69,"Pearse Street, Dublin 2",53.345053,-6.254344,2.0,2023-06-22 18:00:00,55.98
EPA-69,88_52,Station 69,"Pearse Street, Dublin 2",53.345053,-6.254344,2.0,2023-06-22 19:00:00,41.43
EPA-69,88_52,Station 69,"Pearse Street, Dublin 2",53.345053,-6.254344,2.0,2023-06-22 20:00:00,39.23
EPA-69,88_52,Station 69,"Pearse Street, Dublin 2",53.345053,-6.254344,2.0,2023-06-22 21:00:00,61.07
EPA-69,88_52,Station 69,"Pearse Street, Dublin 2",53.345053,-6.254344,2.0,2023-06-22 22:00:00,50.11
EPA-69,88_52,Station 69,"Pearse Street, Dublin 2",53.345053,-6.254344,2.0,2023-06-22 23:00:00,40.94
EPA-69,88_52,Station 69,"Pearse Street, Dublin 2",53.345053,-6.254344,2.0,2023-06-23 00:00:00,49.08
EPA-69,88_52,Station 69,"Pearse Street, Dublin 2",53.345053,-6.254344,2.0,2023-06-23 01:00:00,23.01
EPA-69,88_52,Station 69,"Pearse Street, Dublin 2",53.345053,-6.254344,2.0,2023-06-23 02:00:00,14.6
EPA-69,88_52,Station 69,"Pearse Street, Dublin 2",53.345053,-6.254344,2.0,2023-06-23 03:00:00,8.92
EPA-69,88_52,Station 69,"Pearse Street, Dublin 2",53.345053,-6.254344,2.0,2023-06-23 04:00:00,10.59
EPA-69,88_52,Station 69,"Pearse Street, Dublin 2",53.345053,-6.254344,2.0,2023-06-23 05:00:00,30.84
EPA-69,88_52,Station 69,"Pearse Street, Dublin 2",53.345053,-6.254344,2.0,2023-06-23 06:00:00,46.22
EPA-69,88_52,Station 69,"Pearse Street, Dublin 2",53.345053,-6.254344,2.0,2023-06-23 07:00:00,53.7
EPA-69,88_52,Station 69,"Pearse Street, Dublin 2",53.345053,-6.254344,2.0,2023-06-23 08:00:00,57.63
EPA-69,88_52,Station 69,"Pearse Street, Dublin 2",53.345053,-6.254344,2.0,2023-06-23 09:00:00,55.56
EPA-69,88_52,Station 69,"Pearse Street, Dublin 2",53.345053,-6.254344,2.0,2023-06-23 10:00:00,50.04
EPA-69,88_52,Station 69,"Pearse Street, Dublin 2",53.345053,-6.254344,2.0,2023-06-23 11:00:00,51.95
EPA-69,88_52,Station 69,"Pearse Street, Dublin 2",53.345053,-6.254344,2.0,2023-06-23 12:00:00,45.41
EPA-69,88_52,Station 69,"Pearse Street, Dublin 2",53.345053,-6.254344,2.0,2023-06-23 13:00:00,54.11
EPA-69,88_52,Station 69,"Pearse Street, Dublin 2",53.345053,-6.254344,2.0,2023-06-23 14:00:00,56.79
EPA-69,88_52,Station 69,"Pearse Street, Dublin 2",53.345053,-6.254344,2.0,2023-06-23 15:00:00,41.82
EPA-69,88_52,Station 69,"Pearse Street, Dublin 2",53.345053,-6.254344,2.0,2023-06-23 16:00:00,54.01
EPA-69,88_52,Station 69,"Pearse Street, Dublin 2",53.345053,-6.254344,2.0,2023-06-23 17:00:00,35.69
EPA-69,88_52,Station 69,"Pearse Street, Dublin 2",53.345053,-6.254344,2.0,2023-06-23 18:00:00,24.86
EPA-69,88_52,Station 69,"Pearse Street, Dublin 2",53.345053,-6.254344,2.0,2023-06-23 19:00:00,15.28
EPA-69,88_52,Station 69,"Pearse Street, Dublin 2",53.345053,-6.254344,2.0,2023-06-23 20:00:00,16.68
EPA-69,88_52,Station 69,"Pearse Street, Dublin 2",53.345053,-6.254344,2.0,2023-06-23 21:00:00,16.18
EPA-69,88_52,Station 69,"Pearse Street, Dublin 2",53.345053,-6.254344,2.0,2023-06-23 22:00:00,11.78
EPA-69,88_52,Station 69,"Pearse Street, Dublin 2",53.345053,-6.254344,2.0,2023-06-23 23:00:00,14.83
EPA-69,88_52,Station 69,"Pearse Street, Dublin 2",53.345053,-6.254344,2.0,2023-06-24 00:00:00,9.53
EPA-69,88_52,Station 69,"Pearse Street, Dublin 2",53.345053,-6.254344,2.0,2023-06-24 01:00:00,7.85
EPA-69,88_52,Station 69,"Pearse Street, Dublin 2",53.345053,-6.254344,2.0,2023-06-24 02:00:00,8.08
EPA-69,88_52,Station 69,"Pearse Street, Dublin 2",53.345053,-6.254344,2.0,2023-06-24 03:00:00,8.42
EPA-69,88_52,Station 69,"Pearse Street, Dublin 2",53.345053,-6.254344,2.0,2023-06-24 04:00:00,4.69
EPA-69,88_52,Station 69,"Pearse Street, Dublin 2",53.345053,-6.254344,2.0,2023-06-24 05:00:00,6.2
EPA-69,88_52,Station 69,"Pearse Street, Dublin 2",53.345053,-6.254344,2.0,2023-06-24 06:00:00,13.46
EPA-69,88_52,Station 69,"Pearse Street, Dublin 2",53.345053,-6.254344,2.0,2023-06-24 07:00:00,10.99
EPA-69,88_52,Station 69,"Pearse Street, Dublin 2",53.345053,-6.254344,2.0,2023-06-24 08:00:00,12.55
EPA-69,88_52,Station 69,"Pearse Street, Dublin 2",53.345053,-6.254344,2.0,2023-06-24 09:00:00,19.63
EPA-69,88_52,Station 69,"Pearse Street, Dublin 2",53.345053,-6.254344,2.0,2023-06-24 10:00:00,20.59
EPA-69,88_52,Station 69,"Pearse Street, Dublin 2",53.345053,-6.254344,2.0,2023-06-24 11:00:00,17.01
EPA-69,88_52,Station 69,"Pearse Street, Dublin 2",53.345053,-6.254344,2.0,2023-06-24 12:00:00,8.49
EPA-69,88_52,Station 69,"Pearse Street, Dublin 2",53.345053,-6.254344,2.0,2023-06-24 13:00:00,10.38
EPA-69,88_52,Station 69,"Pearse Street, Dublin 2",53.345053,-6.254344,2.0,2023-06-24 14:00:00,8.64
EPA-69,88_52,Station 69,"Pearse Street, Dublin 2",53.345053,-6.254344,2.0,2023-06-24 15:00:00,12.54
EPA-69,88_52,Station 69,"Pearse Street, Dublin 2",53.345053,-6.254344,2.0,2023-06-24 16:00:00,16.13
EPA-69,88_52,Station 69,"Pearse Street, Dublin 2",53.345053,-6.254344,2.0,2023-06-24 17:00:00,13.41
EPA-69,88_52,Station 69,"Pearse Street, Dublin 2",53.345053,-6.254344,2.0,2023-06-24 18:00:00,14.64
EPA-69,88_52,Station 69,"Pearse Street, Dublin 2",53.345053,-6.254344,2.0,2023-06-24 19:00:00,19.93
EPA-69,88_52,Station 69,"Pearse Street, Dublin 2",53.345053,-6.254344,2.0,2023-06-24 20:00:00,16.05
EPA-69,88_52,Station 69,"Pearse Street, Dublin 2",53.345053,-6.254344,2.0,2023-06-24 21:00:00,21.83
EPA-69,88_52,Station 69,"Pearse Street, Dublin 2",53.345053,-6.254344,2.0,2023-06-24 22:00:00,23.82
EPA-69,88_52,Station 69,"Pearse Street, Dublin 2",53.345053,-6.254344,2.0,2023-06-24 23:00:00,30.3
EPA-69,88_52,Station 69,"Pearse Street, Dublin 2",53.345053,-6.254344,2.0,2023-06-25 00:00:00,32.18
EPA-69,88_52,Station 69,"Pearse Street, Dublin 2",53.345053,-6.254344,2.0,2023-06-25 01:00:00,13.44
EPA-69,88_52,Station 69,"Pearse Street, Dublin 2",53.345053,-6.254344,2.0,2023-06-25 02:00:00,10.02
EPA-69,88_52,Station 69,"Pearse Street, Dublin 2",53.345053,-6.254344,2.0,2023-06-25 03:00:00,16.87
EPA-69,88_52,Station 69,"Pearse Street, Dublin 2",53.345053,-6.254344,2.0,2023-06-25 04:00:00,6.06
EPA-69,88_52,Station 69,"Pearse Street, Dublin 2",53.345053,-6.254344,2.0,2023-06-25 05:00:00,14.91
EPA-69,88_52,Station 69,"Pearse Street, Dublin 2",53.345053,-6.254344,2.0,2023-06-25 06:00:00,10.16
EPA-69,88_52,Station 69,"Pearse Street, Dublin 2",53.345053,-6.254344,2.0,2023-06-25 07:00:00,18.6
EPA-69,88_52,Station 69,"Pearse Street, Dublin 2",53.345053,-6.254344,2.0,2023-06-25 08:00:00,22.05
EPA-69,88_52,Station 69,"Pearse Street, Dublin 2",53.345053,-6.254344,2.0,2023-06-25 09:00:00,55.75
EPA-69,88_52,Station 69,"Pearse Street, Dublin 2",53.345053,-6.254344,2.0,2023-06-25 10:00:00,52.38
EPA-69,88_52,Station 69,"Pearse Street, Dublin 2",53.345053,-6.254344,2.0,2023-06-25 11:00:00,47.56
EPA-69,88_52,Station 69,"Pearse Street, Dublin 2",53.345053,-6.254344,2.0,2023-06-25 12:00:00,40.14
EPA-69,88_52,Station 69,"Pearse Street, Dublin 2",53.345053,-6.254344,2.0,2023-06-25 13:00:00,32.91
EPA-69,88_52,Station 69,"Pearse Street, Dublin 2",53.345053,-6.254344,2.0,2023-06-25 14:00:00,35.69
EPA-69,88_52,Station 69,"Pearse Street, Dublin 2",53.345053,-6.254344,2.0,2023-06-25 15:00:00,35.96
EPA-69,88_52,Station 69,"Pearse Street, Dublin 2",53.345053,-6.254344,2.0,2023-06-25 16:00:00,34.12
EPA-69,88_52,Station 69,"Pearse Street, Dublin 2",53.345053,-6.254344,2.0,2023-06-25 17:00:00,38.07
EPA-69,88_52,Station 69,"Pearse Street, Dublin 2",53.345053,-6.254344,2.0,2023-06-25 18:00:00,34.39
EPA-69,88_52,Station 69,"Pearse Street, Dublin 2",53.345053,-6.254344,2.0,2023-06-25 19:00:00,26.39
EPA-69,88_52,Station 69,"Pearse Street, Dublin 2",53.345053,-6.254344,2.0,2023-06-25 20:00:00,22.89
EPA-69,88_52,Station 69,"Pearse Street, Dublin 2",53.345053,-6.254344,2.0,2023-06-25 21:00:00,31.3
EPA-69,88_52,Station 69,"Pearse Street, Dublin 2",53.345053,-6.254344,2.0,2023-06-25 22:00:00,31.99
EPA-69,88_52,Station 69,"Pearse Street, Dublin 2",53.345053,-6.254344,2.0,2023-06-25 23:00:00,32.3
EPA-69,88_52,Station 69,"Pearse Street, Dublin 2",53.345053,-6.254344,2.0,2023-06-26 00:00:00,14.22
EPA-69,88_52,Station 69,"Pearse Street, Dublin 2",53.345053,-6.254344,2.0,2023-06-26 01:00:00,11.65
EPA-69,88_52,Station 69,"Pearse Street, Dublin 2",53.345053,-6.254344,2.0,2023-06-26 02:00:00,6.74
EPA-69,88_52,Station 69,"Pearse Street, Dublin 2",53.345053,-6.254344,2.0,2023-06-26 03:00:00,5.89
EPA-69,88_52,Station 69,"Pearse Street, Dublin 2",53.345053,-6.254344,2.0,2023-06-26 04:00:00,5.06
EPA-69,88_52,Station 69,"Pearse Street, Dublin 2",53.345053,-6.254344,2.0,2023-06-26 05:00:00,12.36
EPA-69,88_52,Station 69,"Pearse Street, Dublin 2",53.345053,-6.254344,2.0,2023-06-26 06:00:00,25.91
EPA-69,88_52,Station 69,"Pearse Street, Dublin 2",53.345053,-6.254344,2.0,2023-06-26 07:00:00,35.18
EPA-69,88_52,Station 69,"Pearse Street, Dublin 2",53.345053,-6.254344,2.0,2023-06-26 08:00:00,36.83
EPA-69,88_52,Station 69,"Pearse Street, Dublin 2",53.345053,-6.254344,2.0,2023-06-26 09:00:00,44.15
EPA-69,88_52,Station 69,"Pearse Street, Dublin 2",53.345053,-6.254344,2.0,2023-06-26 10:00:00,42.33
EPA-69,88_52,Station 69,"Pearse Street, Dublin 2",53.345053,-6.254344,2.0,2023-06-26 11:00:00,41.26
EPA-69,88_52,Station 69,"Pearse Street, Dublin 2",53.345053,-6.254344,2.0,2023-06-26 12:00:00,43.55
EPA-69,88_52,Station 69,"Pearse Street, Dublin 2",53.345053,-6.254344,2.0,2023-06-26 13:00:00,38.05
EPA-69,88_52,Station 69,"Pearse Street, Dublin 2",53.345053,-6.254344,2.0,2023-06-26 14:00:00,29.71
EPA-69,88_52,Station 69,"Pearse Street, Dublin 2",53.345053,-6.254344,2.0,2023-06-26 15:00:00,33.19
EPA-69,88_52,Station 69,"Pearse Street, Dublin 2",53.345053,-6.254344,2.0,2023-06-26 16:00:00,49.79
EPA-69,88_52,Station 69,"Pearse Street, Dublin 2",53.345053,-6.254344,2.0,2023-06-26 17:00:00,48.73
EPA-69,88_52,Station 69,"Pearse Street, Dublin 2",53.345053,-6.254344,2.0,2023-06-26 18:00:00,39.25
EPA-69,88_52,Station 69,"Pearse Street, Dublin 2",53.345053,-6.254344,2.0,2023-06-26 19:00:00,33.19
EPA-69,88_52,Station 69,"Pearse Street, Dublin 2",53.345053,-6.254344,2.0,2023-06-26 20:00:00,23.54
EPA-69,88_52,Station 69,"Pearse Street, Dublin 2",53.345053,-6.254344,2.0,2023-06-26 21:00:00,25.63
EPA-69,88_52,Station 69,"Pearse Street, Dublin 2",53.345053,-6.254344,2.0,2023-06-26 22:00:00,27.17
EPA-69,88_52,Station 69,"Pearse Street, Dublin 2",53.345053,-6.254344,2.0,2023-06-26 23:00:00,26.05
EPA-69,88_52,Station 69,"Pearse Street, Dublin 2",53.345053,-6.254344,2.0,2023-06-27 00:00:00,13.31
EPA-69,88_52,Station 69,"Pearse Street, Dublin 2",53.345053,-6.254344,2.0,2023-06-27 01:00:00,7.18
EPA-69,88_52,Station 69,"Pearse Street, Dublin 2",53.345053,-6.254344,2.0,2023-06-27 02:00:00,4.81
EPA-69,88_52,Station 69,"Pearse Street, Dublin 2",53.345053,-6.254344,2.0,2023-06-27 03:00:00,5.34
EPA-69,88_52,Station 69,"Pearse Street, Dublin 2",53.345053,-6.254344,2.0,2023-06-27 04:00:00,4.63
EPA-69,88_52,Station 69,"Pearse Street, Dublin 2",53.345053,-6.254344,2.0,2023-06-27 05:00:00,22.32
EPA-69,88_52,Station 69,"Pearse Street, Dublin 2",53.345053,-6.254344,2.0,2023-06-27 06:00:00,44.45
EPA-69,88_52,Station 69,"Pearse Street, Dublin 2",53.345053,-6.254344,2.0,2023-06-27 07:00:00,37.28
EPA-69,88_52,Station 69,"Pearse Street, Dublin 2",53.345053,-6.254344,2.0,2023-06-27 08:00:00,38.28
EPA-69,88_52,Station 69,"Pearse Street, Dublin 2",53.345053,-6.254344,2.0,2023-06-27 09:00:00,45.2
EPA-69,88_52,Station 69,"Pearse Street, Dublin 2",53.345053,-6.254344,2.0,2023-06-27 10:00:00,33.16
EPA-69,88_52,Station 69,"Pearse Street, Dublin 2",53.345053,-6.254344,2.0,2023-06-27 11:00:00,37.9
EPA-69,88_52,Station 69,"Pearse Street, Dublin 2",53.345053,-6.254344,2.0,2023-06-27 12:00:00,33.05
EPA-69,88_52,Station 69,"Pearse Street, Dublin 2",53.345053,-6.254344,2.0,2023-06-27 13:00:00,35.53
EPA-69,88_52,Station 69,"Pearse Street, Dublin 2",53.345053,-6.254344,2.0,2023-06-27 14:00:00,39.4
EPA-69,88_52,Station 69,"Pearse Street, Dublin 2",53.345053,-6.254344,2.0,2023-06-27 15:00:00,36.77
EPA-69,88_52,Station 69,"Pearse Street, Dublin 2",53.345053,-6.254344,2.0,2023-06-27 16:00:00,46.04
EPA-69,88_52,Station 69,"Pearse Street, Dublin 2",53.345053,-6.254344,2.0,2023-06-27 17:00:00,56.3
EPA-69,88_52,Station 69,"Pearse Street, Dublin 2",53.345053,-6.254344,2.0,2023-06-27 18:00:00,47.34
EPA-69,88_52,Station 69,"Pearse Street, Dublin 2",53.345053,-6.254344,2.0,2023-06-27 19:00:00,30.08
EPA-69,88_52,Station 69,"Pearse Street, Dublin 2",53.345053,-6.254344,2.0,2023-06-27 20:00:00,25.96
EPA-69,88_52,Station 69,"Pearse Street, Dublin 2",53.345053,-6.254344,2.0,2023-06-27 21:00:00,30.77
EPA-69,88_52,Station 69,"Pearse Street, Dublin 2",53.345053,-6.254344,2.0,2023-06-27 22:00:00,19.97
EPA-69,88_52,Station 69,"Pearse Street, Dublin 2",53.345053,-6.254344,2.0,2023-06-27 23:00:00,20.27
EPA-69,88_52,Station 69,"Pearse Street, Dublin 2",53.345053,-6.254344,2.0,2023-06-28 00:00:00,14.24
EPA-69,88_52,Station 69,"Pearse Street, Dublin 2",53.345053,-6.254344,2.0,2023-06-28 01:00:00,10.34
EPA-69,88_52,Station 69,"Pearse Street, Dublin 2",53.345053,-6.254344,2.0,2023-06-28 02:00:00,6.73
EPA-69,88_52,Station 69,"Pearse Street, Dublin 2",53.345053,-6.254344,2.0,2023-06-28 03:00:00,7.92
EPA-69,88_52,Station 69,"Pearse Street, Dublin 2",53.345053,-6.254344,2.0,2023-06-28 04:00:00,6.94
EPA-69,88_52,Station 69,"Pearse Street, Dublin 2",53.345053,-6.254344,2.0,2023-06-28 05:00:00,22.4
EPA-69,88_52,Station 69,"Pearse Street, Dublin 2",53.345053,-6.254344,2.0,2023-06-28 06:00:00,41.22
EPA-69,88_52,Station 69,"Pearse Street, Dublin 2",53.345053,-6.254344,2.0,2023-06-28 07:00:00,47.63
EPA-69,88_52,Station 69,"Pearse Street, Dublin 2",53.345053,-6.254344,2.0,2023-06-28 08:00:00,42.46
EPA-69,88_52,Station 69,"Pearse Street, Dublin 2",53.345053,-6.254344,2.0,2023-06-28 09:00:00,37.86
EPA-69,88_52,Station 69,"Pearse Street, Dublin 2",53.345053,-6.254344,2.0,2023-06-28 10:00:00,26.15
EPA-69,88_52,Station 69,"Pearse Street, Dublin 2",53.345053,-6.254344,2.0,2023-06-28 11:00:00,64.31
EPA-69,88_52,Station 69,"Pearse Street, Dublin 2",53.345053,-6.254344,2.0,2023-06-28 12:00:00,52.88
EPA-69,88_52,Station 69,"Pearse Street, Dublin 2",53.345053,-6.254344,2.0,2023-06-28 13:00:00,57.75
EPA-69,88_52,Station 69,"Pearse Street, Dublin 2",53.345053,-6.254344,2.0,2023-06-28 14:00:00,46.88
EPA-69,88_52,Station 69,"Pearse Street, Dublin 2",53.345053,-6.254344,2.0,2023-06-28 15:00:00,40.96
EPA-69,88_52,Station 69,"Pearse Street, Dublin 2",53.345053,-6.254344,2.0,2023-06-28 16:00:00,59.27
EPA-69,88_52,Station 69,"Pearse Street, Dublin 2",53.345053,-6.254344,2.0,2023-06-28 17:00:00,66.66
EPA-69,88_52,Station 69,"Pearse Street, Dublin 2",53.345053,-6.254344,2.0,2023-06-28 18:00:00,56.02
EPA-69,88_52,Station 69,"Pearse Street, Dublin 2",53.345053,-6.254344,2.0,2023-06-28 19:00:00,49.84
EPA-69,88_52,Station 69,"Pearse Street, Dublin 2",53.345053,-6.254344,2.0,2023-06-28 20:00:00,33.55
EPA-69,88_52,Station 69,"Pearse Street, Dublin 2",53.345053,-6.254344,2.0,2023-06-28 21:00:00,41.9
EPA-69,88_52,Station 69,"Pearse Street, Dublin 2",53.345053,-6.254344,2.0,2023-06-28 22:00:00,28.18
EPA-69,88_52,Station 69,"Pearse Street, Dublin 2",53.345053,-6.254344,2.0,2023-06-29 01:00:00,12.14
EPA-69,88_52,Station 69,"Pearse Street, Dublin 2",53.345053,-6.254344,2.0,2023-06-29 02:00:00,11.2
EPA-69,88_52,Station 69,"Pearse Street, Dublin 2",53.345053,-6.254344,2.0,2023-06-29 03:00:00,9.51
EPA-69,88_52,Station 69,"Pearse Street, Dublin 2",53.345053,-6.254344,2.0,2023-06-29 04:00:00,12.45
EPA-69,88_52,Station 69,"Pearse Street, Dublin 2",53.345053,-6.254344,2.0,2023-06-29 05:00:00,19.81
EPA-69,88_52,Station 69,"Pearse Street, Dublin 2",53.345053,-6.254344,2.0,2023-06-29 06:00:00,38.09
EPA-69,88_52,Station 69,"Pearse Street, Dublin 2",53.345053,-6.254344,2.0,2023-06-29 07:00:00,43.26
EPA-69,88_52,Station 69,"Pearse Street, Dublin 2",53.345053,-6.254344,2.0,2023-06-29 08:00:00,46.21
EPA-69,88_52,Station 69,"Pearse Street, Dublin 2",53.345053,-6.254344,2.0,2023-06-29 09:00:00,50.7
EPA-69,88_52,Station 69,"Pearse Street, Dublin 2",53.345053,-6.254344,2.0,2023-06-29 10:00:00,36.66
EPA-69,88_52,Station 69,"Pearse Street, Dublin 2",53.345053,-6.254344,2.0,2023-06-29 11:00:00,52.62
EPA-69,88_52,Station 69,"Pearse Street, Dublin 2",53.345053,-6.254344,2.0,2023-06-29 12:00:00,46.23
EPA-69,88_52,Station 69,"Pearse Street, Dublin 2",53.345053,-6.254344,2.0,2023-06-29 13:00:00,50.66
EPA-69,88_52,Station 69,"Pearse Street, Dublin 2",53.345053,-6.254344,2.0,2023-06-29 14:00:00,48.61
EPA-69,88_52,Station 69,"Pearse Street, Dublin 2",53.345053,-6.254344,2.0,2023-06-29 15:00:00,51.93
EPA-69,88_52,Station 69,"Pearse Street, Dublin 2",53.345053,-6.254344,2.0,2023-06-29 16:00:00,63.28
EPA-69,88_52,Station 69,"Pearse Street, Dublin 2",53.345053,-6.254344,2.0,2023-06-29 17:00:00,63.7
EPA-69,88_52,Station 69,"Pearse Street, Dublin 2",53.345053,-6.254344,2.0,2023-06-29 18:00:00,51.61
EPA-69,88_52,Station 69,"Pearse Street, Dublin 2",53.345053,-6.254344,2.0,2023-06-29 19:00:00,46.48
EPA-69,88_52,Station 69,"Pearse Street, Dublin 2",53.345053,-6.254344,2.0,2023-06-29 20:00:00,28.61
EPA-69,88_52,Station 69,"Pearse Street, Dublin 2",53.345053,-6.254344,2.0,2023-06-29 21:00:00,28.01
EPA-69,88_52,Station 69,"Pearse Street, Dublin 2",53.345053,-6.254344,2.0,2023-06-29 22:00:00,26.53
EPA-69,88_52,Station 69,"Pearse Street, Dublin 2",53.345053,-6.254344,2.0,2023-06-29 23:00:00,29.67
EPA-69,88_52,Station 69,"Pearse Street, Dublin 2",53.345053,-6.254344,2.0,2023-06-30 00:00:00,12.67
EPA-69,88_52,Station 69,"Pearse Street, Dublin 2",53.345053,-6.254344,2.0,2023-06-30 01:00:00,7.07
EPA-69,88_52,Station 69,"Pearse Street, Dublin 2",53.345053,-6.254344,2.0,2023-06-30 02:00:00,5.49
EPA-69,88_52,Station 69,"Pearse Street, Dublin 2",53.345053,-6.254344,2.0,2023-06-30 03:00:00,6.05
EPA-69,88_52,Station 69,"Pearse Street, Dublin 2",53.345053,-6.254344,2.0,2023-06-30 04:00:00,6.24
EPA-69,88_52,Station 69,"Pearse Street, Dublin 2",53.345053,-6.254344,2.0,2023-06-30 05:00:00,14.15
EPA-69,88_52,Station 69,"Pearse Street, Dublin 2",53.345053,-6.254344,2.0,2023-06-30 06:00:00,32.59
EPA-69,88_52,Station 69,"Pearse Street, Dublin 2",53.345053,-6.254344,2.0,2023-06-30 07:00:00,34.32
EPA-69,88_52,Station 69,"Pearse Street, Dublin 2",53.345053,-6.254344,2.0,2023-06-30 08:00:00,37.27
EPA-69,88_52,Station 69,"Pearse Street, Dublin 2",53.345053,-6.254344,2.0,2023-06-30 09:00:00,36.56
EPA-69,88_52,Station 69,"Pearse Street, Dublin 2",53.345053,-6.254344,2.0,2023-06-30 10:00:00,33.11
EPA-69,88_52,Station 69,"Pearse Street, Dublin 2",53.345053,-6.254344,2.0,2023-06-30 11:00:00,28.49
EPA-69,88_52,Station 69,"Pearse Street, Dublin 2",53.345053,-6.254344,2.0,2023-06-30 12:00:00,29.76
EPA-69,88_52,Station 69,"Pearse Street, Dublin 2",53.345053,-6.254344,2.0,2023-06-30 13:00:00,32.25
EPA-69,88_52,Station 69,"Pearse Street, Dublin 2",53.345053,-6.254344,2.0,2023-06-30 14:00:00,30.26
EPA-69,88_52,Station 69,"Pearse Street, Dublin 2",53.345053,-6.254344,2.0,2023-06-30 15:00:00,21.63
EPA-69,88_52,Station 69,"Pearse Street, Dublin 2",53.345053,-6.254344,2.0,2023-06-30 16:00:00,36.07
EPA-69,88_52,Station 69,"Pearse Street, Dublin 2",53.345053,-6.254344,2.0,2023-06-30 17:00:00,41.09
EPA-69,88_52,Station 69,"Pearse Street, Dublin 2",53.345053,-6.254344,2.0,2023-06-30 18:00:00,34.72
EPA-69,88_52,Station 69,"Pearse Street, Dublin 2",53.345053,-6.254344,2.0,2023-06-30 19:00:00,27.0
EPA-69,88_52,Station 69,"Pearse Street, Dublin 2",53.345053,-6.254344,2.0,2023-06-30 20:00:00,23.62
EPA-69,88_52,Station 69,"Pearse Street, Dublin 2",53.345053,-6.254344,2.0,2023-06-30 21:00:00,27.3
EPA-69,88_52,Station 69,"Pearse Street, Dublin 2",53.345053,-6.254344,2.0,2023-06-30 22:00:00,21.71
EPA-76,121_61,Station 76,"Dublin Port, Dublin 1",53.351627,-6.203812,2.0,2023-06-01 01:00:00,3.59
EPA-76,121_61,Station 76,"Dublin Port, Dublin 1",53.351627,-6.203812,2.0,2023-06-01 02:00:00,2.63
EPA-76,121_61,Station 76,"Dublin Port, Dublin 1",53.351627,-6.203812,2.0,2023-06-01 03:00:00,2.2
EPA-76,121_61,Station 76,"Dublin Port, Dublin 1",53.351627,-6.203812,2.0,2023-06-01 04:00:00,4.99
EPA-76,121_61,Station 76,"Dublin Port, Dublin 1",53.351627,-6.203812,2.0,2023-06-01 05:00:00,12.7
EPA-76,121_61,Station 76,"Dublin Port, Dublin 1",53.351627,-6.203812,2.0,2023-06-01 06:00:00,26.91
EPA-76,121_61,Station 76,"Dublin Port, Dublin 1",53.351627,-6.203812,2.0,2023-06-01 07:00:00,7.66
EPA-76,121_61,Station 76,"Dublin Port, Dublin 1",53.351627,-6.203812,2.0,2023-06-01 08:00:00,7.76
EPA-76,121_61,Station 76,"Dublin Port, Dublin 1",53.351627,-6.203812,2.0,2023-06-01 09:00:00,3.9
EPA-76,121_61,Station 76,"Dublin Port, Dublin 1",53.351627,-6.203812,2.0,2023-06-01 10:00:00,1.75
EPA-76,121_61,Station 76,"Dublin Port, Dublin 1",53.351627,-6.203812,2.0,2023-06-01 11:00:00,2.7
EPA-76,121_61,Station 76,"Dublin Port, Dublin 1",53.351627,-6.203812,2.0,2023-06-01 12:00:00,0.64
EPA-76,121_61,Station 76,"Dublin Port, Dublin 1",53.351627,-6.203812,2.0,2023-06-01 13:00:00,1.65
EPA-76,121_61,Station 76,"Dublin Port, Dublin 1",53.351627,-6.203812,2.0,2023-06-01 14:00:00,1.79
EPA-76,121_61,Station 76,"Dublin Port, Dublin 1",53.351627,-6.203812,2.0,2023-06-01 15:00:00,1.37
EPA-76,121_61,Station 76,"Dublin Port, Dublin 1",53.351627,-6.203812,2.0,2023-06-01 16:00:00,1.23
EPA-76,121_61,Station 76,"Dublin Port, Dublin 1",53.351627,-6.203812,2.0,2023-06-01 17:00:00,0.76
EPA-76,121_61,Station 76,"Dublin Port, Dublin 1",53.351627,-6.203812,2.0,2023-06-01 18:00:00,0.68
EPA-76,121_61,Station 76,"Dublin Port, Dublin 1",53.351627,-6.203812,2.0,2023-06-01 19:00:00,1.04
EPA-76,121_61,Station 76,"Dublin Port, Dublin 1",53.351627,-6.203812,2.0,2023-06-01 20:00:00,2.18
EPA-76,121_61,Station 76,"Dublin Port, Dublin 1",53.351627,-6.203812,2.0,2023-06-01 21:00:00,2.89
EPA-76,121_61,Station 76,"Dublin Port, Dublin 1",53.351627,-6.203812,2.0,2023-06-01 22:00:00,2.69
EPA-76,121_61,Station 76,"Dublin Port, Dublin 1",53.351627,-6.203812,2.0,2023-06-01 23:00:00,4.31
EPA-76,121_61,Station 76,"Dublin Port, Dublin 1",53.351627,-6.203812,2.0,2023-06-02 00:00:00,2.43
EPA-76,121_61,Station 76,"Dublin Port, Dublin 1",53.351627,-6.203812,2.0,2023-06-02 01:00:00,3.56
EPA-76,121_61,Station 76,"Dublin Port, Dublin 1",53.351627,-6.203812,2.0,2023-06-02 02:00:00,8.07
EPA-76,121_61,Station 76,"Dublin Port, Dublin 1",53.351627,-6.203812,2.0,2023-06-02 03:00:00,5.02
EPA-76,121_61,Station 76,"Dublin Port, Dublin 1",53.351627,-6.203812,2.0,2023-06-02 04:00:00,3.47
EPA-76,121_61,Station 76,"Dublin Port, Dublin 1",53.351627,-6.203812,2.0,2023-06-02 05:00:00,8.05
EPA-76,121_61,Station 76,"Dublin Port, Dublin 1",53.351627,-6.203812,2.0,2023-06-02 06:00:00,2.36
EPA-76,121_61,Station 76,"Dublin Port, Dublin 1",53.351627,-6.203812,2.0,2023-06-02 07:00:00,3.2
EPA-76,121_61,Station 76,"Dublin Port, Dublin 1",53.351627,-6.203812,2.0,2023-06-02 08:00:00,2.89
EPA-76,121_61,Station 76,"Dublin Port, Dublin 1",53.351627,-6.203812,2.0,2023-06-02 09:00:00,4.12
EPA-76,121_61,Station 76,"Dublin Port, Dublin 1",53.351627,-6.203812,2.0,2023-06-02 10:00:00,6.62
EPA-76,121_61,Station 76,"Dublin Port, Dublin 1",53.351627,-6.203812,2.0,2023-06-02 11:00:00,6.3
EPA-76,121_61,Station 76,"Dublin Port, Dublin 1",53.351627,-6.203812,2.0,2023-06-02 12:00:00,12.31
EPA-76,121_61,Station 76,"Dublin Port, Dublin 1",53.351627,-6.203812,2.0,2023-06-02 13:00:00,15.06
EPA-76,121_61,Station 76,"Dublin Port, Dublin 1",53.351627,-6.203812,2.0,2023-06-02 14:00:00,11.44
EPA-76,121_61,Station 76,"Dublin Port, Dublin 1",53.351627,-6.203812,2.0,2023-06-02 15:00:00,9.67
EPA-76,121_61,Station 76,"Dublin Port, Dublin 1",53.351627,-6.203812,2.0,2023-06-02 16:00:00,7.45
EPA-76,121_61,Station 76,"Dublin Port, Dublin 1",53.351627,-6.203812,2.0,2023-06-02 17:00:00,3.75
EPA-76,121_61,Station 76,"Dublin Port, Dublin 1",53.351627,-6.203812,2.0,2023-06-02 18:00:00,9.16
EPA-76,121_61,Station 76,"Dublin Port, Dublin 1",53.351627,-6.203812,2.0,2023-06-02 19:00:00,7.16
EPA-76,121_61,Station 76,"Dublin Port, Dublin 1",53.351627,-6.203812,2.0,2023-06-02 20:00:00,6.36
EPA-76,121_61,Station 76,"Dublin Port, Dublin 1",53.351627,-6.203812,2.0,2023-06-02 21:00:00,2.35
EPA-76,121_61,Station 76,"Dublin Port, Dublin 1",53.351627,-6.203812,2.0,2023-06-02 22:00:00,5.23
EPA-76,121_61,Station 76,"Dublin Port, Dublin 1",53.351627,-6.203812,2.0,2023-06-02 23:00:00,9.39
EPA-76,121_61,Station 76,"Dublin Port, Dublin 1",53.351627,-6.203812,2.0,2023-06-03 00:00:00,16.66
EPA-76,121_61,Station 76,"Dublin Port, Dublin 1",53.351627,-6.203812,2.0,2023-06-03 01:00:00,19.32
EPA-76,121_61,Station 76,"Dublin Port, Dublin 1",53.351627,-6.203812,2.0,2023-06-03 02:00:00,26.06
EPA-76,121_61,Station 76,"Dublin Port, Dublin 1",53.351627,-6.203812,2.0,2023-06-03 03:00:00,13.54
EPA-76,121_61,Station 76,"Dublin Port, Dublin 1",53.351627,-6.203812,2.0,2023-06-03 04:00:00,33.02
EPA-76,121_61,Station 76,"Dublin Port, Dublin 1",53.351627,-6.203812,2.0,2023-06-03 05:00:00,34.26
EPA-76,121_61,Station 76,"Dublin Port, Dublin 1",53.351627,-6.203812,2.0,2023-06-03 06:00:00,24.36
EPA-76,121_61,Station 76,"Dublin Port, Dublin 1",53.351627,-6.203812,2.0,2023-06-03 07:00:00,17.5
EPA-76,121_61,Station 76,"Dublin Port, Dublin 1",53.351627,-6.203812,2.0,2023-06-03 08:00:00,20.05
EPA-76,121_61,Station 76,"Dublin Port, Dublin 1",53.351627,-6.203812,2.0,2023-06-03 09:00:00,17.13
EPA-76,121_61,Station 76,"Dublin Port, Dublin 1",53.351627,-6.203812,2.0,2023-06-03 10:00:00,21.27
EPA-76,121_61,Station 76,"Dublin Port, Dublin 1",53.351627,-6.203812,2.0,2023-06-03 11:00:00,27.19
EPA-76,121_61,Station 76,"Dublin Port, Dublin 1",53.351627,-6.203812,2.0,2023-06-03 12:00:00,17.78
EPA-76,121_61,Station 76,"Dublin Port, Dublin 1",53.351627,-6.203812,2.0,2023-06-03 13:00:00,16.91
EPA-76,121_61,Station 76,"Dublin Port, Dublin 1",53.351627,-6.203812,2.0,2023-06-03 14:00:00,12.32
EPA-76,121_61,Station 76,"Dublin Port, Dublin 1",53.351627,-6.203812,2.0,2023-06-03 15:00:00,11.85
EPA-76,121_61,Station 76,"Dublin Port, Dublin 1",53.351627,-6.203812,2.0,2023-06-03 16:00:00,23.08
EPA-76,121_61,Station 76,"Dublin Port, Dublin 1",53.351627,-6.203812,2.0,2023-06-03 17:00:00,21.23
EPA-76,121_61,Station 76,"Dublin Port, Dublin 1",53.351627,-6.203812,2.0,2023-06-03 18:00:00,33.18
EPA-76,121_61,Station 76,"Dublin Port, Dublin 1",53.351627,-6.203812,2.0,2023-06-03 19:00:00,28.23
EPA-76,121_61,Station 76,"Dublin Port, Dublin 1",53.351627,-6.203812,2.0,2023-06-03 20:00:00,28.74
EPA-76,121_61,Station 76,"Dublin Port, Dublin 1",53.351627,-6.203812,2.0,2023-06-03 21:00:00,25.81
EPA-76,121_61,Station 76,"Dublin Port, Dublin 1",53.351627,-6.203812,2.0,2023-06-03 22:00:00,23.25
EPA-76,121_61,Station 76,"Dublin Port, Dublin 1",53.351627,-6.203812,2.0,2023-06-03 23:00:00,14.31
EPA-76,121_61,Station 76,"Dublin Port, Dublin 1",53.351627,-6.203812,2.0,2023-06-04 00:00:00,12.41
EPA-76,121_61,Station 76,"Dublin Port, Dublin 1",53.351627,-6.203812,2.0,2023-06-04 01:00:00,12.37
EPA-76,121_61,Station 76,"Dublin Port, Dublin 1",53.351627,-6.203812,2.0,2023-06-04 02:00:00,19.3
EPA-76,121_61,Station 76,"Dublin Port, Dublin 1",53.351627,-6.203812,2.0,2023-06-04 03:00:00,21.46
EPA-76,121_61,Station 76,"Dublin Port, Dublin 1",53.351627,-6.203812,2.0,2023-06-04 04:00:00,11.51
EPA-76,121_61,Station 76,"Dublin Port, Dublin 1",53.351627,-6.203812,2.0,2023-06-04 05:00:00,8.96
EPA-76,121_61,Station 76,"Dublin Port, Dublin 1",53.351627,-6.203812,2.0,2023-06-04 06:00:00,10.06
EPA-76,121_61,Station 76,"Dublin Port, Dublin 1",53.351627,-6.203812,2.0,2023-06-04 07:00:00,26.36
EPA-76,121_61,Station 76,"Dublin Port, Dublin 1",53.351627,-6.203812,2.0,2023-06-04 08:00:00,17.81
EPA-76,121_61,Station 76,"Dublin Port, Dublin 1",53.351627,-6.203812,2.0,2023-06-04 09:00:00,25.27
EPA-76,121_61,Station 76,"Dublin Port, Dublin 1",53.351627,-6.203812,2.0,2023-06-04 10:00:00,27.1
EPA-76,121_61,Station 76,"Dublin Port, Dublin 1",53.351627,-6.203812,2.0,2023-06-04 11:00:00,10.72
EPA-76,121_61,Station 76,"Dublin Port, Dublin 1",53.351627,-6.203812,2.0,2023-06-04 12:00:00,12.73
EPA-76,121_61,Station 76,"Dublin Port, Dublin 1",53.351627,-6.203812,2.0,2023-06-04 13:00:00,15.48
EPA-76,121_61,Station 76,"Dublin Port, Dublin 1",53.351627,-6.203812,2.0,2023-06-04 14:00:00,10.34
EPA-76,121_61,Station 76,"Dublin Port, Dublin 1",53.351627,-6.203812,2.0,2023-06-04 15:00:00,2.78
EPA-76,121_61,Station 76,"Dublin Port, Dublin 1",53.351627,-6.203812,2.0,2023-06-04 16:00:00,4.49
EPA-76,121_61,Station 76,"Dublin Port, Dublin 1",53.351627,-6.203812,2.0,2023-06-04 17:00:00,3.7
EPA-76,121_61,Station 76,"Dublin Port, Dublin 1",53.351627,-6.203812,2.0,2023-06-04 18:00:00,5.33
EPA-76,121_61,Station 76,"Dublin Port, Dublin 1",53.351627,-6.203812,2.0,2023-06-04 19:00:00,4.51
EPA-76,121_61,Station 76,"Dublin Port, Dublin 1",53.351627,-6.203812,2.0,2023-06-04 20:00:00,2.56
EPA-76,121_61,Station 76,"Dublin Port, Dublin 1",53.351627,-6.203812,2.0,2023-06-04 21:00:00,2.57
EPA-76,121_61,Station 76,"Dublin Port, Dublin 1",53.351627,-6.203812,2.0,2023-06-04 22:00:00,10.92
EPA-76,121_61,Station 76,"Dublin Port, Dublin 1",53.351627,-6.203812,2.0,2023-06-04 23:00:00,17.62
EPA-76,121_61,Station 76,"Dublin Port, Dublin 1",53.351627,-6.203812,2.0,2023-06-05 00:00:00,12.24
EPA-76,121_61,Station 76,"Dublin Port, Dublin 1",53.351627,-6.203812,2.0,2023-06-05 01:00:00,15.49
EPA-76,121_61,Station 76,"Dublin Port, Dublin 1",53.351627,-6.203812,2.0,2023-06-05 02:00:00,18.65
EPA-76,121_61,Station 76,"Dublin Port, Dublin 1",53.351627,-6.203812,2.0,2023-06-05 03:00:00,20.92
EPA-76,121_61,Station 76,"Dublin Port, Dublin 1",53.351627,-6.203812,2.0,2023-06-05 04:00:00,24.51
EPA-76,121_61,Station 76,"Dublin Port, Dublin 1",53.351627,-6.203812,2.0,2023-06-05 05:00:00,14.48
EPA-76,121_61,Station 76,"Dublin Port, Dublin 1",53.351627,-6.203812,2.0,2023-06-05 06:00:00,14.6
EPA-76,121_61,Station 76,"Dublin Port, Dublin 1",53.351627,-6.203812,2.0,2023-06-05 07:00:00,8.35
EPA-76,121_61,Station 76,"Dublin Port, Dublin 1",53.351627,-6.203812,2.0,2023-06-05 08:00:00,7.93
EPA-76,121_61,Station 76,"Dublin Port, Dublin 1",53.351627,-6.203812,2.0,2023-06-05 09:00:00,11.6
EPA-76,121_61,Station 76,"Dublin Port, Dublin 1",53.351627,-6.203812,2.0,2023-06-05 10:00:00,11.55
EPA-76,121_61,Station 76,"Dublin Port, Dublin 1",53.351627,-6.203812,2.0,2023-06-05 11:00:00,12.58
EPA-76,121_61,Station 76,"Dublin Port, Dublin 1",53.351627,-6.203812,2.0,2023-06-05 12:00:00,10.49
EPA-76,121_61,Station 76,"Dublin Port, Dublin 1",53.351627,-6.203812,2.0,2023-06-05 13:00:00,9.79
EPA-76,121_61,Station 76,"Dublin Port, Dublin 1",53.351627,-6.203812,2.0,2023-06-05 14:00:00,7.19
EPA-76,121_61,Station 76,"Dublin Port, Dublin 1",53.351627,-6.203812,2.0,2023-06-05 15:00:00,4.78
EPA-76,121_61,Station 76,"Dublin Port, Dublin 1",53.351627,-6.203812,2.0,2023-06-05 16:00:00,11.22
EPA-76,121_61,Station 76,"Dublin Port, Dublin 1",53.351627,-6.203812,2.0,2023-06-05 17:00:00,4.78
EPA-76,121_61,Station 76,"Dublin Port, Dublin 1",53.351627,-6.203812,2.0,2023-06-05 18:00:00,3.52
EPA-76,121_61,Station 76,"Dublin Port, Dublin 1",53.351627,-6.203812,2.0,2023-06-05 19:00:00,3.64
EPA-76,121_61,Station 76,"Dublin Port, Dublin 1",53.351627,-6.203812,2.0,2023-06-05 20:00:00,3.6
EPA-76,121_61,Station 76,"Dublin Port, Dublin 1",53.351627,-6.203812,2.0,2023-06-05 21:00:00,2.98
EPA-76,121_61,Station 76,"Dublin Port, Dublin 1",53.351627,-6.203812,2.0,2023-06-05 22:00:00,3.02
EPA-76,121_61,Station 76,"Dublin Port, Dublin 1",53.351627,-6.203812,2.0,2023-06-05 23:00:00,6.72
EPA-76,121_61,Station 76,"Dublin Port, Dublin 1",53.351627,-6.203812,2.0,2023-06-06 00:00:00,7.87
EPA-76,121_61,Station 76,"Dublin Port, Dublin 1",53.351627,-6.203812,2.0,2023-06-06 01:00:00,9.55
EPA-76,121_61,Station 76,"Dublin Port, Dublin 1",53.351627,-6.203812,2.0,2023-06-06 02:00:00,8.33
EPA-76,121_61,Station 76,"Dublin Port, Dublin 1",53.351627,-6.203812,2.0,2023-06-06 03:00:00,9.75
EPA-76,121_61,Station 76,"Dublin Port, Dublin 1",53.351627,-6.203812,2.0,2023-06-06 04:00:00,9.46
EPA-76,121_61,Station 76,"Dublin Port, Dublin 1",53.351627,-6.203812,2.0,2023-06-06 05:00:00,9.71
EPA-76,121_61,Station 76,"Dublin Port, Dublin 1",53.351627,-6.203812,2.0,2023-06-06 06:00:00,13.56
EPA-76,121_61,Station 76,"Dublin Port, Dublin 1",53.351627,-6.203812,2.0,2023-06-06 07:00:00,15.66
EPA-76,121_61,Station 76,"Dublin Port, Dublin 1",53.351627,-6.203812,2.0,2023-06-06 08:00:00,30.79
EPA-76,121_61,Station 76,"Dublin Port, Dublin 1",53.351627,-6.203812,2.0,2023-06-06 09:00:00,26.4
EPA-76,121_61,Station 76,"Dublin Port, Dublin 1",53.351627,-6.203812,2.0,2023-06-06 10:00:00,12.19
EPA-76,121_61,Station 76,"Dublin Port, Dublin 1",53.351627,-6.203812,2.0,2023-06-06 11:00:00,11.5
EPA-76,121_61,Station 76,"Dublin Port, Dublin 1",53.351627,-6.203812,2.0,2023-06-06 12:00:00,17.85
EPA-76,121_61,Station 76,"Dublin Port, Dublin 1",53.351627,-6.203812,2.0,2023-06-06 13:00:00,15.07
EPA-76,121_61,Station 76,"Dublin Port, Dublin 1",53.351627,-6.203812,2.0,2023-06-06 14:00:00,10.51
EPA-76,121_61,Station 76,"Dublin Port, Dublin 1",53.351627,-6.203812,2.0,2023-06-06 15:00:00,15.95
EPA-76,121_61,Station 76,"Dublin Port, Dublin 1",53.351627,-6.203812,2.0,2023-06-06 16:00:00,12.63
EPA-76,121_61,Station 76,"Dublin Port, Dublin 1",53.351627,-6.203812,2.0,2023-06-06 17:00:00,4.92
EPA-76,121_61,Station 76,"Dublin Port, Dublin 1",53.351627,-6.203812,2.0,2023-06-06 18:00:00,3.33
EPA-76,121_61,Station 76,"Dublin Port, Dublin 1",53.351627,-6.203812,2.0,2023-06-06 19:00:00,3.52
EPA-76,121_61,Station 76,"Dublin Port, Dublin 1",53.351627,-6.203812,2.0,2023-06-06 20:00:00,3.98
EPA-76,121_61,Station 76,"Dublin Port, Dublin 1",53.351627,-6.203812,2.0,2023-06-06 21:00:00,5.37
EPA-76,121_61,Station 76,"Dublin Port, Dublin 1",53.351627,-6.203812,2.0,2023-06-06 22:00:00,16.67
EPA-76,121_61,Station 76,"Dublin Port, Dublin 1",53.351627,-6.203812,2.0,2023-06-06 23:00:00,11.65
EPA-76,121_61,Station 76,"Dublin Port, Dublin 1",53.351627,-6.203812,2.0,2023-06-07 00:00:00,9.9
EPA-76,121_61,Station 76,"Dublin Port, Dublin 1",53.351627,-6.203812,2.0,2023-06-07 01:00:00,7.02
EPA-76,121_61,Station 76,"Dublin Port, Dublin 1",53.351627,-6.203812,2.0,2023-06-07 02:00:00,10.0
EPA-76,121_61,Station 76,"Dublin Port, Dublin 1",53.351627,-6.203812,2.0,2023-06-07 03:00:00,14.8
EPA-76,121_61,Station 76,"Dublin Port, Dublin 1",53.351627,-6.203812,2.0,2023-06-07 04:00:00,22.41
EPA-76,121_61,Station 76,"Dublin Port, Dublin 1",53.351627,-6.203812,2.0,2023-06-07 05:00:00,35.68
EPA-76,121_61,Station 76,"Dublin Port, Dublin 1",53.351627,-6.203812,2.0,2023-06-07 06:00:00,21.42
EPA-76,121_61,Station 76,"Dublin Port, Dublin 1",53.351627,-6.203812,2.0,2023-06-07 07:00:00,17.3
EPA-76,121_61,Station 76,"Dublin Port, Dublin 1",53.351627,-6.203812,2.0,2023-06-07 08:00:00,17.0
EPA-76,121_61,Station 76,"Dublin Port, Dublin 1",53.351627,-6.203812,2.0,2023-06-07 09:00:00,24.8
EPA-76,121_61,Station 76,"Dublin Port, Dublin 1",53.351627,-6.203812,2.0,2023-06-07 10:00:00,5.15
EPA-76,121_61,Station 76,"Dublin Port, Dublin 1",53.351627,-6.203812,2.0,2023-06-07 11:00:00,8.04
EPA-76,121_61,Station 76,"Dublin Port, Dublin 1",53.351627,-6.203812,2.0,2023-06-07 12:00:00,9.13
EPA-76,121_61,Station 76,"Dublin Port, Dublin 1",53.351627,-6.203812,2.0,2023-06-07 13:00:00,7.51
EPA-76,121_61,Station 76,"Dublin Port, Dublin 1",53.351627,-6.203812,2.0,2023-06-07 14:00:00,1.77
EPA-76,121_61,Station 76,"Dublin Port, Dublin 1",53.351627,-6.203812,2.0,2023-06-07 15:00:00,2.01
EPA-76,121_61,Station 76,"Dublin Port, Dublin 1",53.351627,-6.203812,2.0,2023-06-07 16:00:00,2.78
EPA-76,121_61,Station 76,"Dublin Port, Dublin 1",53.351627,-6.203812,2.0,2023-06-07 17:00:00,3.15
EPA-76,121_61,Station 76,"Dublin Port, Dublin 1",53.351627,-6.203812,2.0,2023-06-07 18:00:00,2.45
EPA-76,121_61,Station 76,"Dublin Port, Dublin 1",53.351627,-6.203812,2.0,2023-06-07 19:00:00,3.04
EPA-76,121_61,Station 76,"Dublin Port, Dublin 1",53.351627,-6.203812,2.0,2023-06-07 20:00:00,1.48
EPA-76,121_61,Station 76,"Dublin Port, Dublin 1",53.351627,-6.203812,2.0,2023-06-07 21:00:00,3.02
EPA-76,121_61,Station 76,"Dublin Port, Dublin 1",53.351627,-6.203812,2.0,2023-06-07 22:00:00,8.0
EPA-76,121_61,Station 76,"Dublin Port, Dublin 1",53.351627,-6.203812,2.0,2023-06-08 01:00:00,6.19
EPA-76,121_61,Station 76,"Dublin Port, Dublin 1",53.351627,-6.203812,2.0,2023-06-08 02:00:00,8.83
EPA-76,121_61,Station 76,"Dublin Port, Dublin 1",53.351627,-6.203812,2.0,2023-06-08 03:00:00,10.08
EPA-76,121_61,Station 76,"Dublin Port, Dublin 1",53.351627,-6.203812,2.0,2023-06-08 04:00:00,5.88
EPA-76,121_61,Station 76,"Dublin Port, Dublin 1",53.351627,-6.203812,2.0,2023-06-08 05:00:00,10.76
EPA-76,121_61,Station 76,"Dublin Port, Dublin 1",53.351627,-6.203812,2.0,2023-06-08 06:00:00,5.31
EPA-76,121_61,Station 76,"Dublin Port, Dublin 1",53.351627,-6.203812,2.0,2023-06-08 07:00:00,8.15
EPA-76,121_61,Station 76,"Dublin Port, Dublin 1",53.351627,-6.203812,2.0,2023-06-08 08:00:00,5.69
EPA-76,121_61,Station 76,"Dublin Port, Dublin 1",53.351627,-6.203812,2.0,2023-06-08 09:00:00,4.13
EPA-76,121_61,Station 76,"Dublin Port, Dublin 1",53.351627,-6.203812,2.0,2023-06-08 10:00:00,3.71
EPA-76,121_61,Station 76,"Dublin Port, Dublin 1",53.351627,-6.203812,2.0,2023-06-08 11:00:00,4.1
EPA-76,121_61,Station 76,"Dublin Port, Dublin 1",53.351627,-6.203812,2.0,2023-06-08 12:00:00,2.94
EPA-76,121_61,Station 76,"Dublin Port, Dublin 1",53.351627,-6.203812,2.0,2023-06-08 13:00:00,4.45
EPA-76,121_61,Station 76,"Dublin Port, Dublin 1",53.351627,-6.203812,2.0,2023-06-08 14:00:00,4.86
EPA-76,121_61,Station 76,"Dublin Port, Dublin 1",53.351627,-6.203812,2.0,2023-06-08 15:00:00,4.08
EPA-76,121_61,Station 76,"Dublin Port, Dublin 1",53.351627,-6.203812,2.0,2023-06-08 16:00:00,4.25
EPA-76,121_61,Station 76,"Dublin Port, Dublin 1",53.351627,-6.203812,2.0,2023-06-08 17:00:00,3.4
EPA-76,121_61,Station 76,"Dublin Port, Dublin 1",53.351627,-6.203812,2.0,2023-06-08 18:00:00,4.52
EPA-76,121_61,Station 76,"Dublin Port, Dublin 1",53.351627,-6.203812,2.0,2023-06-08 19:00:00,5.53
EPA-76,121_61,Station 76,"Dublin Port, Dublin 1",53.351627,-6.203812,2.0,2023-06-08 20:00:00,5.46
EPA-76,121_61,Station 76,"Dublin Port, Dublin 1",53.351627,-6.203812,2.0,2023-06-08 21:00:00,5.14
EPA-76,121_61,Station 76,"Dublin Port, Dublin 1",53.351627,-6.203812,2.0,2023-06-08 22:00:00,5.51
EPA-76,121_61,Station 76,"Dublin Port, Dublin 1",53.351627,-6.203812,2.0,2023-06-08 23:00:00,13.02
EPA-76,121_61,Station 76,"Dublin Port, Dublin 1",53.351627,-6.203812,2.0,2023-06-09 00:00:00,9.63
EPA-76,121_61,Station 76,"Dublin Port, Dublin 1",53.351627,-6.203812,2.0,2023-06-09 01:00:00,10.26
EPA-76,121_61,Station 76,"Dublin Port, Dublin 1",53.351627,-6.203812,2.0,2023-06-09 02:00:00,9.42
EPA-76,121_61,Station 76,"Dublin Port, Dublin 1",53.351627,-6.203812,2.0,2023-06-09 03:00:00,7.11
EPA-76,121_61,Station 76,"Dublin Port, Dublin 1",53.351627,-6.203812,2.0,2023-06-09 04:00:00,5.2
EPA-76,121_61,Station 76,"Dublin Port, Dublin 1",53.351627,-6.203812,2.0,2023-06-09 05:00:00,10.71
EPA-76,121_61,Station 76,"Dublin Port, Dublin 1",53.351627,-6.203812,2.0,2023-06-09 06:00:00,7.07
EPA-76,121_61,Station 76,"Dublin Port, Dublin 1",53.351627,-6.203812,2.0,2023-06-09 07:00:00,8.33
EPA-76,121_61,Station 76,"Dublin Port, Dublin 1",53.351627,-6.203812,2.0,2023-06-09 08:00:00,4.09
EPA-76,121_61,Station 76,"Dublin Port, Dublin 1",53.351627,-6.203812,2.0,2023-06-09 09:00:00,3.72
EPA-76,121_61,Station 76,"Dublin Port, Dublin 1",53.351627,-6.203812,2.0,2023-06-09 10:00:00,12.74
EPA-76,121_61,Station 76,"Dublin Port, Dublin 1",53.351627,-6.203812,2.0,2023-06-09 11:00:00,13.67
EPA-76,121_61,Station 76,"Dublin Port, Dublin 1",53.351627,-6.203812,2.0,2023-06-09 12:00:00,10.67
EPA-76,121_61,Station 76,"Dublin Port, Dublin 1",53.351627,-6.203812,2.0,2023-06-09 13:00:00,13.17
EPA-76,121_61,Station 76,"Dublin Port, Dublin 1",53.351627,-6.203812,2.0,2023-06-09 14:00:00,14.29
EPA-76,121_61,Station 76,"Dublin Port, Dublin 1",53.351627,-6.203812,2.0,2023-06-09 15:00:00,11.13
EPA-76,121_61,Station 76,"Dublin Port, Dublin 1",53.351627,-6.203812,2.0,2023-06-09 16:00:00,8.59
EPA-76,121_61,Station 76,"Dublin Port, Dublin 1",53.351627,-6.203812,2.0,2023-06-09 17:00:00,8.48
EPA-76,121_61,Station 76,"Dublin Port, Dublin 1",53.351627,-6.203812,2.0,2023-06-09 18:00:00,8.2
EPA-76,121_61,Station 76,"Dublin Port, Dublin 1",53.351627,-6.203812,2.0,2023-06-09 19:00:00,10.58
EPA-76,121_61,Station 76,"Dublin Port, Dublin 1",53.351627,-6.203812,2.0,2023-06-09 20:00:00,8.16
EPA-76,121_61,Station 76,"Dublin Port, Dublin 1",53.351627,-6.203812,2.0,2023-06-09 21:00:00,5.23
EPA-76,121_61,Station 76,"Dublin Port, Dublin 1",53.351627,-6.203812,2.0,2023-06-09 22:00:00,8.14
EPA-76,121_61,Station 76,"Dublin Port, Dublin 1",53.351627,-6.203812,2.0,2023-06-09 23:00:00,10.39
EPA-76,121_61,Station 76,"Dublin Port, Dublin 1",53.351627,-6.203812,2.0,2023-06-10 00:00:00,12.12
EPA-76,121_61,Station 76,"Dublin Port, Dublin 1",53.351627,-6.203812,2.0,2023-06-10 01:00:00,11.1
EPA-76,121_61,Station 76,"Dublin Port, Dublin 1",53.351627,-6.203812,2.0,2023-06-10 02:00:00,17.76
EPA-76,121_61,Station 76,"Dublin Port, Dublin 1",53.351627,-6.203812,2.0,2023-06-10 03:00:00,15.22
EPA-76,121_61,Station 76,"Dublin Port, Dublin 1",53.351627,-6.203812,2.0,2023-06-10 04:00:00,7.04
EPA-76,121_61,Station 76,"Dublin Port, Dublin 1",53.351627,-6.203812,2.0,2023-06-10 05:00:00,11.87
EPA-76,121_61,Station 76,"Dublin Port, Dublin 1",53.351627,-6.203812,2.0,2023-06-10 06:00:00,22.03
EPA-76,121_61,Station 76,"Dublin Port, Dublin 1",53.351627,-6.203812,2.0,2023-06-10 07:00:00,13.46
EPA-76,121_61,Station 76,"Dublin Port, Dublin 1",53.351627,-6.203812,2.0,2023-06-10 08:00:00,11.21
EPA-76,121_61,Station 76,"Dublin Port, Dublin 1",53.351627,-6.203812,2.0,2023-06-10 09:00:00,11.62
EPA-76,121_61,Station 76,"Dublin Port, Dublin 1",53.351627,-6.203812,2.0,2023-06-10 10:00:00,10.47
EPA-76,121_61,Station 76,"Dublin Port, Dublin 1",53.351627,-6.203812,2.0,2023-06-10 11:00:00,12.34
EPA-76,121_61,Station 76,"Dublin Port, Dublin 1",53.351627,-6.203812,2.0,2023-06-10 12:00:00,9.58
EPA-76,121_61,Station 76,"Dublin Port, Dublin 1",53.351627,-6.203812,2.0,2023-06-10 13:00:00,12.68
EPA-76,121_61,Station 76,"Dublin Port, Dublin 1",53.351627,-6.203812,2.0,2023-06-10 14:00:00,18.87
EPA-76,121_61,Station 76,"Dublin Port, Dublin 1",53.351627,-6.203812,2.0,2023-06-10 15:00:00,33.6
EPA-76,121_61,Station 76,"Dublin Port, Dublin 1",53.351627,-6.203812,2.0,2023-06-10 16:00:00,29.83
EPA-76,121_61,Station 76,"Dublin Port, Dublin 1",53.351627,-6.203812,2.0,2023-06-10 17:00:00,11.23
EPA-76,121_61,Station 76,"Dublin Port, Dublin 1",53.351627,-6.203812,2.0,2023-06-10 18:00:00,50.62
EPA-76,121_61,Station 76,"Dublin Port, Dublin 1",53.351627,-6.203812,2.0,2023-06-10 19:00:00,20.61
EPA-76,121_61,Station 76,"Dublin Port, Dublin 1",53.351627,-6.203812,2.0,2023-06-10 20:00:00,48.86
EPA-76,121_61,Station 76,"Dublin Port, Dublin 1",53.351627,-6.203812,2.0,2023-06-10 21:00:00,47.64
EPA-76,121_61,Station 76,"Dublin Port, Dublin 1",53.351627,-6.203812,2.0,2023-06-10 22:00:00,16.49
EPA-76,121_61,Station 76,"Dublin Port, Dublin 1",53.351627,-6.203812,2.0,2023-06-10 23:00:00,21.03
EPA-76,121_61,Station 76,"Dublin Port, Dublin 1",53.351627,-6.203812,2.0,2023-06-11 00:00:00,33.8
EPA-76,121_61,Station 76,"Dublin Port, Dublin 1",53.351627,-6.203812,2.0,2023-06-11 01:00:00,28.98
EPA-76,121_61,Station 76,"Dublin Port, Dublin 1",53.351627,-6.203812,2.0,2023-06-11 02:00:00,11.44
EPA-76,121_61,Station 76,"Dublin Port, Dublin 1",53.351627,-6.203812,2.0,2023-06-11 03:00:00,17.71
EPA-76,121_61,Station 76,"Dublin Port, Dublin 1",53.351627,-6.203812,2.0,2023-06-11 04:00:00,12.05
EPA-76,121_61,Station 76,"Dublin Port, Dublin 1",53.351627,-6.203812,2.0,2023-06-11 05:00:00,24.51
EPA-76,121_61,Station 76,"Dublin Port, Dublin 1",53.351627,-6.203812,2.0,2023-06-11 06:00:00,14.45
EPA-76,121_61,Station 76,"Dublin Port, Dublin 1",53.351627,-6.203812,2.0,2023-06-11 07:00:00,21.55
EPA-76,121_61,Station 76,"Dublin Port, Dublin 1",53.351627,-6.203812,2.0,2023-06-11 08:00:00,15.62
EPA-76,121_61,Station 76,"Dublin Port, Dublin 1",53.351627,-6.203812,2.0,2023-06-11 09:00:00,14.0
EPA-76,121_61,Station 76,"Dublin Port, Dublin 1",53.351627,-6.203812,2.0,2023-06-11 10:00:00,10.61
EPA-76,121_61,Station 76,"Dublin Port, Dublin 1",53.351627,-6.203812,2.0,2023-06-11 11:00:00,11.45
EPA-76,121_61,Station 76,"Dublin Port, Dublin 1",53.351627,-6.203812,2.0,2023-06-11 12:00:00,21.78
EPA-76,121_61,Station 76,"Dublin Port, Dublin 1",53.351627,-6.203812,2.0,2023-06-11 13:00:00,22.23
EPA-76,121_61,Station 76,"Dublin Port, Dublin 1",53.351627,-6.203812,2.0,2023-06-11 14:00:00,23.23
EPA-76,121_61,Station 76,"Dublin Port, Dublin 1",53.351627,-6.203812,2.0,2023-06-11 15:00:00,21.88
EPA-76,121_61,Station 76,"Dublin Port, Dublin 1",53.351627,-6.203812,2.0,2023-06-11 16:00:00,24.02
EPA-76,121_61,Station 76,"Dublin Port, Dublin 1",53.351627,-6.203812,2.0,2023-06-11 17:00:00,27.52
EPA-76,121_61,Station 76,"Dublin Port, Dublin 1",53.351627,-6.203812,2.0,2023-06-11 18:00:00,19.89
EPA-76,121_61,Station 76,"Dublin Port, Dublin 1",53.351627,-6.203812,2.0,2023-06-11 19:00:00,15.61
EPA-76,121_61,Station 76,"Dublin Port, Dublin 1",53.351627,-6.203812,2.0,2023-06-11 20:00:00,27.54
EPA-76,121_61,Station 76,"Dublin Port, Dublin 1",53.351627,-6.203812,2.0,2023-06-11 21:00:00,40.34
EPA-76,121_61,Station 76,"Dublin Port, Dublin 1",53.351627,-6.203812,2.0,2023-06-11 22:00:00,29.14
EPA-76,121_61,Station 76,"Dublin Port, Dublin 1",53.351627,-6.203812,2.0,2023-06-11 23:00:00,20.98
EPA-76,121_61,Station 76,"Dublin Port, Dublin 1",53.351627,-6.203812,2.0,2023-06-12 00:00:00,16.62
EPA-76,121_61,Station 76,"Dublin Port, Dublin 1",53.351627,-6.203812,2.0,2023-06-12 01:00:00,9.86
EPA-76,121_61,Station 76,"Dublin Port, Dublin 1",53.351627,-6.203812,2.0,2023-06-12 02:00:00,7.43
EPA-76,121_61,Station 76,"Dublin Port, Dublin 1",53.351627,-6.203812,2.0,2023-06-12 03:00:00,8.3
EPA-76,121_61,Station 76,"Dublin Port, Dublin 1",53.351627,-6.203812,2.0,2023-06-12 04:00:00,13.84
EPA-76,121_61,Station 76,"Dublin Port, Dublin 1",53.351627,-6.203812,2.0,2023-06-12 05:00:00,18.84
EPA-76,121_61,Station 76,"Dublin Port, Dublin 1",53.351627,-6.203812,2.0,2023-06-12 06:00:00,14.79
EPA-76,121_61,Station 76,"Dublin Port, Dublin 1",53.351627,-6.203812,2.0,2023-06-12 07:00:00,23.07
EPA-76,121_61,Station 76,"Dublin Port, Dublin 1",53.351627,-6.203812,2.0,2023-06-12 08:00:00,17.51
EPA-76,121_61,Station 76,"Dublin Port, Dublin 1",53.351627,-6.203812,2.0,2023-06-12 09:00:00,14.19
EPA-76,121_61,Station 76,"Dublin Port, Dublin 1",53.351627,-6.203812,2.0,2023-06-12 10:00:00,11.3
EPA-76,121_61,Station 76,"Dublin Port, Dublin 1",53.351627,-6.203812,2.0,2023-06-12 11:00:00,9.93
EPA-76,121_61,Station 76,"Dublin Port, Dublin 1",53.351627,-6.203812,2.0,2023-06-12 12:00:00,17.47
EPA-76,121_61,Station 76,"Dublin Port, Dublin 1",53.351627,-6.203812,2.0,2023-06-12 13:00:00,12.35
EPA-76,121_61,Station 76,"Dublin Port, Dublin 1",53.351627,-6.203812,2.0,2023-06-12 14:00:00,7.63
EPA-76,121_61,Station 76,"Dublin Port, Dublin 1",53.351627,-6.203812,2.0,2023-06-12 15:00:00,18.82
EPA-76,121_61,Station 76,"Dublin Port, Dublin 1",53.351627,-6.203812,2.0,2023-06-12 16:00:00,21.86
EPA-76,121_61,Station 76,"Dublin Port, Dublin 1",53.351627,-6.203812,2.0,2023-06-12 17:00:00,17.77
EPA-76,121_61,Station 76,"Dublin Port, Dublin 1",53.351627,-6.203812,2.0,2023-06-12 18:00:00,15.24
EPA-76,121_61,Station 76,"Dublin Port, Dublin 1",53.351627,-6.203812,2.0,2023-06-12 19:00:00,14.37
EPA-76,121_61,Station 76,"Dublin Port, Dublin 1",53.351627,-6.203812,2.0,2023-06-12 20:00:00,15.66
EPA-76,121_61,Station 76,"Dublin Port, Dublin 1",53.351627,-6.203812,2.0,2023-06-12 21:00:00,13.16
EPA-76,121_61,Station 76,"Dublin Port, Dublin 1",53.351627,-6.203812,2.0,2023-06-12 22:00:00,27.29
EPA-76,121_61,Station 76,"Dublin Port, Dublin 1",53.351627,-6.203812,2.0,2023-06-12 23:00:00,25.4
EPA-76,121_61,Station 76,"Dublin Port, Dublin 1",53.351627,-6.203812,2.0,2023-06-13 00:00:00,31.23
EPA-76,121_61,Station 76,"Dublin Port, Dublin 1",53.351627,-6.203812,2.0,2023-06-13 01:00:00,20.99
EPA-76,121_61,Station 76,"Dublin Port, Dublin 1",53.351627,-6.203812,2.0,2023-06-13 02:00:00,23.88
EPA-76,121_61,Station 76,"Dublin Port, Dublin 1",53.351627,-6.203812,2.0,2023-06-13 03:00:00,21.44
EPA-76,121_61,Station 76,"Dublin Port, Dublin 1",53.351627,-6.203812,2.0,2023-06-13 04:00:00,12.09
EPA-76,121_61,Station 76,"Dublin Port, Dublin 1",53.351627,-6.203812,2.0,2023-06-13 05:00:00,12.71
EPA-76,121_61,Station 76,"Dublin Port, Dublin 1",53.351627,-6.203812,2.0,2023-06-13 06:00:00,38.02
EPA-76,121_61,Station 76,"Dublin Port, Dublin 1",53.351627,-6.203812,2.0,2023-06-13 07:00:00,48.07
EPA-76,121_61,Station 76,"Dublin Port, Dublin 1",53.351627,-6.203812,2.0,2023-06-13 08:00:00,28.05
EPA-76,121_61,Station 76,"Dublin Port, Dublin 1",53.351627,-6.203812,2.0,2023-06-13 09:00:00,15.68
EPA-76,121_61,Station 76,"Dublin Port, Dublin 1",53.351627,-6.203812,2.0,2023-06-13 10:00:00,35.62
EPA-76,121_61,Station 76,"Dublin Port, Dublin 1",53.351627,-6.203812,2.0,2023-06-13 11:00:00,27.51
EPA-76,121_61,Station 76,"Dublin Port, Dublin 1",53.351627,-6.203812,2.0,2023-06-13 12:00:00,27.85
EPA-76,121_61,Station 76,"Dublin Port, Dublin 1",53.351627,-6.203812,2.0,2023-06-13 13:00:00,35.59
EPA-76,121_61,Station 76,"Dublin Port, Dublin 1",53.351627,-6.203812,2.0,2023-06-13 14:00:00,25.08
EPA-76,121_61,Station 76,"Dublin Port, Dublin 1",53.351627,-6.203812,2.0,2023-06-13 15:00:00,58.46
EPA-76,121_61,Station 76,"Dublin Port, Dublin 1",53.351627,-6.203812,2.0,2023-06-13 16:00:00,18.99
EPA-76,121_61,Station 76,"Dublin Port, Dublin 1",53.351627,-6.203812,2.0,2023-06-13 17:00:00,6.76
EPA-76,121_61,Station 76,"Dublin Port, Dublin 1",53.351627,-6.203812,2.0,2023-06-13 18:00:00,8.73
EPA-76,121_61,Station 76,"Dublin Port, Dublin 1",53.351627,-6.203812,2.0,2023-06-13 19:00:00,5.45
EPA-76,121_61,Station 76,"Dublin Port, Dublin 1",53.351627,-6.203812,2.0,2023-06-13 20:00:00,9.59
EPA-76,121_61,Station 76,"Dublin Port, Dublin 1",53.351627,-6.203812,2.0,2023-06-13 21:00:00,76.01
EPA-76,121_61,Station 76,"Dublin Port, Dublin 1",53.351627,-6.203812,2.0,2023-06-13 22:00:00,14.46
EPA-76,121_61,Station 76,"Dublin Port, Dublin 1",53.351627,-6.203812,2.0,2023-06-13 23:00:00,7.75
EPA-76,121_61,Station 76,"Dublin Port, Dublin 1",53.351627,-6.203812,2.0,2023-06-14 00:00:00,9.12
EPA-76,121_61,Station 76,"Dublin Port, Dublin 1",53.351627,-6.203812,2.0,2023-06-14 01:00:00,18.43
EPA-76,121_61,Station 76,"Dublin Port, Dublin 1",53.351627,-6.203812,2.0,2023-06-14 02:00:00,13.06
EPA-76,121_61,Station 76,"Dublin Port, Dublin 1",53.351627,-6.203812,2.0,2023-06-14 03:00:00,9.82
EPA-76,121_61,Station 76,"Dublin Port, Dublin 1",53.351627,-6.203812,2.0,2023-06-14 04:00:00,13.87
EPA-76,121_61,Station 76,"Dublin Port, Dublin 1",53.351627,-6.203812,2.0,2023-06-14 05:00:00,46.78
EPA-76,121_61,Station 76,"Dublin Port, Dublin 1",53.351627,-6.203812,2.0,2023-06-14 06:00:00,64.63
EPA-76,121_61,Station 76,"Dublin Port, Dublin 1",53.351627,-6.203812,2.0,2023-06-14 07:00:00,21.6
EPA-76,121_61,Station 76,"Dublin Port, Dublin 1",53.351627,-6.203812,2.0,2023-06-14 08:00:00,38.14
EPA-76,121_61,Station 76,"Dublin Port, Dublin 1",53.351627,-6.203812,2.0,2023-06-14 09:00:00,17.55
EPA-76,121_61,Station 76,"Dublin Port, Dublin 1",53.351627,-6.203812,2.0,2023-06-14 10:00:00,16.99
EPA-76,121_61,Station 76,"Dublin Port, Dublin 1",53.351627,-6.203812,2.0,2023-06-14 11:00:00,17.35
EPA-76,121_61,Station 76,"Dublin Port, Dublin 1",53.351627,-6.203812,2.0,2023-06-14 12:00:00,7.79
EPA-76,121_61,Station 76,"Dublin Port, Dublin 1",53.351627,-6.203812,2.0,2023-06-14 13:00:00,3.84
EPA-76,121_61,Station 76,"Dublin Port, Dublin 1",53.351627,-6.203812,2.0,2023-06-14 14:00:00,12.5
EPA-76,121_61,Station 76,"Dublin Port, Dublin 1",53.351627,-6.203812,2.0,2023-06-14 15:00:00,15.15
EPA-76,121_61,Station 76,"Dublin Port, Dublin 1",53.351627,-6.203812,2.0,2023-06-14 16:00:00,30.62
EPA-76,121_61,Station 76,"Dublin Port, Dublin 1",53.351627,-6.203812,2.0,2023-06-14 17:00:00,32.83
EPA-76,121_61,Station 76,"Dublin Port, Dublin 1",53.351627,-6.203812,2.0,2023-06-14 18:00:00,36.75
EPA-76,121_61,Station 76,"Dublin Port, Dublin 1",53.351627,-6.203812,2.0,2023-06-14 19:00:00,43.81
EPA-76,121_61,Station 76,"Dublin Port, Dublin 1",53.351627,-6.203812,2.0,2023-06-14 20:00:00,21.68
EPA-76,121_61,Station 76,"Dublin Port, Dublin 1",53.351627,-6.203812,2.0,2023-06-14 21:00:00,63.78
EPA-76,121_61,Station 76,"Dublin Port, Dublin 1",53.351627,-6.203812,2.0,2023-06-14 22:00:00,24.87
EPA-76,121_61,Station 76,"Dublin Port, Dublin 1",53.351627,-6.203812,2.0,2023-06-15 01:00:00,21.27
EPA-76,121_61,Station 76,"Dublin Port, Dublin 1",53.351627,-6.203812,2.0,2023-06-15 02:00:00,16.9
EPA-76,121_61,Station 76,"Dublin Port, Dublin 1",53.351627,-6.203812,2.0,2023-06-15 03:00:00,41.95
EPA-76,121_61,Station 76,"Dublin Port, Dublin 1",53.351627,-6.203812,2.0,2023-06-15 04:00:00,51.79
EPA-76,121_61,Station 76,"Dublin Port, Dublin 1",53.351627,-6.203812,2.0,2023-06-15 05:00:00,57.58
EPA-76,121_61,Station 76,"Dublin Port, Dublin 1",53.351627,-6.203812,2.0,2023-06-15 06:00:00,66.47
EPA-76,121_61,Station 76,"Dublin Port, Dublin 1",53.351627,-6.203812,2.0,2023-06-15 07:00:00,55.33
EPA-76,121_61,Station 76,"Dublin Port, Dublin 1",53.351627,-6.203812,2.0,2023-06-15 08:00:00,35.09
EPA-76,121_61,Station 76,"Dublin Port, Dublin 1",53.351627,-6.203812,2.0,2023-06-15 09:00:00,36.99
EPA-76,121_61,Station 76,"Dublin Port, Dublin 1",53.351627,-6.203812,2.0,2023-06-15 10:00:00,20.06
EPA-76,121_61,Station 76,"Dublin Port, Dublin 1",53.351627,-6.203812,2.0,2023-06-15 11:00:00,16.18
EPA-76,121_61,Station 76,"Dublin Port, Dublin 1",53.351627,-6.203812,2.0,2023-06-15 12:00:00,41.79
EPA-76,121_61,Station 76,"Dublin Port, Dublin 1",53.351627,-6.203812,2.0,2023-06-15 13:00:00,45.72
EPA-76,121_61,Station 76,"Dublin Port, Dublin 1",53.351627,-6.203812,2.0,2023-06-15 14:00:00,30.16
EPA-76,121_61,Station 76,"Dublin Port, Dublin 1",53.351627,-6.203812,2.0,2023-06-15 15:00:00,32.93
EPA-76,121_61,Station 76,"Dublin Port, Dublin 1",53.351627,-6.203812,2.0,2023-06-15 16:00:00,16.17
EPA-76,121_61,Station 76,"Dublin Port, Dublin 1",53.351627,-6.203812,2.0,2023-06-15 17:00:00,12.87
EPA-76,121_61,Station 76,"Dublin Port, Dublin 1",53.351627,-6.203812,2.0,2023-06-15 18:00:00,13.18
EPA-76,121_61,Station 76,"Dublin Port, Dublin 1",53.351627,-6.203812,2.0,2023-06-15 19:00:00,24.89
EPA-76,121_61,Station 76,"Dublin Port, Dublin 1",53.351627,-6.203812,2.0,2023-06-15 20:00:00,24.31
EPA-76,121_61,Station 76,"Dublin Port, Dublin 1",53.351627,-6.203812,2.0,2023-06-15 21:00:00,41.4
EPA-76,121_61,Station 76,"Dublin Port, Dublin 1",53.351627,-6.203812,2.0,2023-06-15 22:00:00,41.84
EPA-76,121_61,Station 76,"Dublin Port, Dublin 1",53.351627,-6.203812,2.0,2023-06-15 23:00:00,18.46
EPA-76,121_61,Station 76,"Dublin Port, Dublin 1",53.351627,-6.203812,2.0,2023-06-16 00:00:00,41.73
EPA-76,121_61,Station 76,"Dublin Port, Dublin 1",53.351627,-6.203812,2.0,2023-06-16 01:00:00,11.67
EPA-76,121_61,Station 76,"Dublin Port, Dublin 1",53.351627,-6.203812,2.0,2023-06-16 02:00:00,25.36
EPA-76,121_61,Station 76,"Dublin Port, Dublin 1",53.351627,-6.203812,2.0,2023-06-16 03:00:00,14.34
EPA-76,121_61,Station 76,"Dublin Port, Dublin 1",53.351627,-6.203812,2.0,2023-06-16 04:00:00,37.9
EPA-76,121_61,Station 76,"Dublin Port, Dublin 1",53.351627,-6.203812,2.0,2023-06-16 05:00:00,25.94
EPA-76,121_61,Station 76,"Dublin Port, Dublin 1",53.351627,-6.203812,2.0,2023-06-16 06:00:00,65.79
EPA-76,121_61,Station 76,"Dublin Port, Dublin 1",53.351627,-6.203812,2.0,2023-06-16 07:00:00,49.45
EPA-76,121_61,Station 76,"Dublin Port, Dublin 1",53.351627,-6.203812,2.0,2023-06-16 08:00:00,48.55
EPA-76,121_61,Station 76,"Dublin Port, Dublin 1",53.351627,-6.203812,2.0,2023-06-16 09:00:00,31.21
EPA-76,121_61,Station 76,"Dublin Port, Dublin 1",53.351627,-6.203812,2.0,2023-06-16 10:00:00,28.35
EPA-76,121_61,Station 76,"Dublin Port, Dublin 1",53.351627,-6.203812,2.0,2023-06-16 11:00:00,28.03
EPA-76,121_61,Station 76,"Dublin Port, Dublin 1",53.351627,-6.203812,2.0,2023-06-16 12:00:00,32.88
EPA-76,121_61,Station 76,"Dublin Port, Dublin 1",53.351627,-6.203812,2.0,2023-06-16 13:00:00,41.04
EPA-76,121_61,Station 76,"Dublin Port, Dublin 1",53.351627,-6.203812,2.0,2023-06-16 14:00:00,35.23
EPA-76,121_61,Station 76,"Dublin Port, Dublin 1",53.351627,-6.203812,2.0,2023-06-16 15:00:00,36.99
EPA-76,121_61,Station 76,"Dublin Port, Dublin 1",53.351627,-6.203812,2.0,2023-06-16 16:00:00,22.49
EPA-76,121_61,Station 76,"Dublin Port, Dublin 1",53.351627,-6.203812,2.0,2023-06-16 17:00:00,41.69
EPA-76,121_61,Station 76,"Dublin Port, Dublin 1",53.351627,-6.203812,2.0,2023-06-16 18:00:00,56.89
EPA-76,121_61,Station 76,"Dublin Port, Dublin 1",53.351627,-6.203812,2.0,2023-06-16 19:00:00,44.51
EPA-76,121_61,Station 76,"Dublin Port, Dublin 1",53.351627,-6.203812,2.0,2023-06-16 20:00:00,37.97
EPA-76,121_61,Station 76,"Dublin Port, Dublin 1",53.351627,-6.203812,2.0,2023-06-16 21:00:00,50.39
EPA-76,121_61,Station 76,"Dublin Port, Dublin 1",53.351627,-6.203812,2.0,2023-06-16 22:00:00,32.81
EPA-76,121_61,Station 76,"Dublin Port, Dublin 1",53.351627,-6.203812,2.0,2023-06-16 23:00:00,38.64
EPA-76,121_61,Station 76,"Dublin Port, Dublin 1",53.351627,-6.203812,2.0,2023-06-17 00:00:00,37.11
EPA-76,121_61,Station 76,"Dublin Port, Dublin 1",53.351627,-6.203812,2.0,2023-06-17 01:00:00,28.87
EPA-76,121_61,Station 76,"Dublin Port, Dublin 1",53.351627,-6.203812,2.0,2023-06-17 02:00:00,13.86
EPA-76,121_61,Station 76,"Dublin Port, Dublin 1",53.351627,-6.203812,2.0,2023-06-17 03:00:00,22.99
EPA-76,121_61,Station 76,"Dublin Port, Dublin 1",53.351627,-6.203812,2.0,2023-06-17 04:00:00,22.31
EPA-76,121_61,Station 76,"Dublin Port, Dublin 1",53.351627,-6.203812,2.0,2023-06-17 05:00:00,37.46
EPA-76,121_61,Station 76,"Dublin Port, Dublin 1",53.351627,-6.203812,2.0,2023-06-17 06:00:00,54.13
EPA-76,121_61,Station 76,"Dublin Port, Dublin 1",53.351627,-6.203812,2.0,2023-06-17 07:00:00,50.02
EPA-76,121_61,Station 76,"Dublin Port, Dublin 1",53.351627,-6.203812,2.0,2023-06-17 08:00:00,51.27
EPA-76,121_61,Station 76,"Dublin Port, Dublin 1",53.351627,-6.203812,2.0,2023-06-17 09:00:00,38.81
EPA-76,121_61,Station 76,"Dublin Port, Dublin 1",53.351627,-6.203812,2.0,2023-06-17 10:00:00,10.23
EPA-76,121_61,Station 76,"Dublin Port, Dublin 1",53.351627,-6.203812,2.0,2023-06-17 11:00:00,27.82
EPA-76,121_61,Station 76,"Dublin Port, Dublin 1",53.351627,-6.203812,2.0,2023-06-17 12:00:00,26.24
EPA-76,121_61,Station 76,"Dublin Port, Dublin 1",53.351627,-6.203812,2.0,2023-06-17 13:00:00,17.45
EPA-76,121_61,Station 76,"Dublin Port, Dublin 1",53.351627,-6.203812,2.0,2023-06-17 14:00:00,15.73
EPA-76,121_61,Station 76,"Dublin Port, Dublin 1",53.351627,-6.203812,2.0,2023-06-17 15:00:00,14.66
EPA-76,121_61,Station 76,"Dublin Port, Dublin 1",53.351627,-6.203812,2.0,2023-06-17 16:00:00,18.13
EPA-76,121_61,Station 76,"Dublin Port, Dublin 1",53.351627,-6.203812,2.0,2023-06-17 17:00:00,29.63
EPA-76,121_61,Station 76,"Dublin Port, Dublin 1",53.351627,-6.203812,2.0,2023-06-17 18:00:00,36.35
EPA-76,121_61,Station 76,"Dublin Port, Dublin 1",53.351627,-6.203812,2.0,2023-06-17 19:00:00,20.23
EPA-76,121_61,Station 76,"Dublin Port, Dublin 1",53.351627,-6.203812,2.0,2023-06-17 20:00:00,43.33
EPA-76,121_61,Station 76,"Dublin Port, Dublin 1",53.351627,-6.203812,2.0,2023-06-17 21:00:00,42.27
EPA-76,121_61,Station 76,"Dublin Port, Dublin 1",53.351627,-6.203812,2.0,2023-06-17 22:00:00,12.41
EPA-76,121_61,Station 76,"Dublin Port, Dublin 1",53.351627,-6.203812,2.0,2023-06-17 23:00:00,22.7
EPA-76,121_61,Station 76,"Dublin Port, Dublin 1",53.351627,-6.203812,2.0,2023-06-18 00:00:00,18.25
EPA-76,121_61,Station 76,"Dublin Port, Dublin 1",53.351627,-6.203812,2.0,2023-06-18 01:00:00,19.39
EPA-76,121_61,Station 76,"Dublin Port, Dublin 1",53.351627,-6.203812,2.0,2023-06-18 02:00:00,22.67
EPA-76,121_61,Station 76,"Dublin Port, Dublin 1",53.351627,-6.203812,2.0,2023-06-18 03:00:00,21.39
EPA-76,121_61,Station 76,"Dublin Port, Dublin 1",53.351627,-6.203812,2.0,2023-06-18 04:00:00,17.1
EPA-76,121_61,Station 76,"Dublin Port, Dublin 1",53.351627,-6.203812,2.0,2023-06-18 05:00:00,25.81
EPA-76,121_61,Station 76,"Dublin Port, Dublin 1",53.351627,-6.203812,2.0,2023-06-18 06:00:00,25.73
EPA-76,121_61,Station 76,"Dublin Port, Dublin 1",53.351627,-6.203812,2.0,2023-06-18 07:00:00,39.61
EPA-76,121_61,Station 76,"Dublin Port, Dublin 1",53.351627,-6.203812,2.0,2023-06-18 08:00:00,32.52
EPA-76,121_61,Station 76,"Dublin Port, Dublin 1",53.351627,-6.203812,2.0,2023-06-18 09:00:00,34.34
EPA-76,121_61,Station 76,"Dublin Port, Dublin 1",53.351627,-6.203812,2.0,2023-06-18 10:00:00,14.94
EPA-76,121_61,Station 76,"Dublin Port, Dublin 1",53.351627,-6.203812,2.0,2023-06-18 11:00:00,27.53
EPA-76,121_61,Station 76,"Dublin Port, Dublin 1",53.351627,-6.203812,2.0,2023-06-18 12:00:00,6.5
EPA-76,121_61,Station 76,"Dublin Port, Dublin 1",53.351627,-6.203812,2.0,2023-06-18 13:00:00,7.89
EPA-76,121_61,Station 76,"Dublin Port, Dublin 1",53.351627,-6.203812,2.0,2023-06-18 14:00:00,5.11
EPA-76,121_61,Station 76,"Dublin Port, Dublin 1",53.351627,-6.203812,2.0,2023-06-18 15:00:00,28.2
EPA-76,121_61,Station 76,"Dublin Port, Dublin 1",53.351627,-6.203812,2.0,2023-06-18 16:00:00,18.28
EPA-76,121_61,Station 76,"Dublin Port, Dublin 1",53.351627,-6.203812,2.0,2023-06-18 17:00:00,21.14
EPA-76,121_61,Station 76,"Dublin Port, Dublin 1",53.351627,-6.203812,2.0,2023-06-18 18:00:00,32.83
EPA-76,121_61,Station 76,"Dublin Port, Dublin 1",53.351627,-6.203812,2.0,2023-06-18 19:00:00,38.47
EPA-76,121_61,Station 76,"Dublin Port, Dublin 1",53.351627,-6.203812,2.0,2023-06-18 20:00:00,44.84
EPA-76,121_61,Station 76,"Dublin Port, Dublin 1",53.351627,-6.203812,2.0,2023-06-18 21:00:00,29.17
EPA-76,121_61,Station 76,"Dublin Port, Dublin 1",53.351627,-6.203812,2.0,2023-06-18 22:00:00,24.72
EPA-76,121_61,Station 76,"Dublin Port, Dublin 1",53.351627,-6.203812,2.0,2023-06-18 23:00:00,20.25
EPA-76,121_61,Station 76,"Dublin Port, Dublin 1",53.351627,-6.203812,2.0,2023-06-19 00:00:00,32.37
EPA-76,121_61,Station 76,"Dublin Port, Dublin 1",53.351627,-6.203812,2.0,2023-06-19 01:00:00,19.97
EPA-76,121_61,Station 76,"Dublin Port, Dublin 1",53.351627,-6.203812,2.0,2023-06-19 02:00:00,26.72
EPA-76,121_61,Station 76,"Dublin Port, Dublin 1",53.351627,-6.203812,2.0,2023-06-19 03:00:00,21.69
EPA-76,121_61,Station 76,"Dublin Port, Dublin 1",53.351627,-6.203812,2.0,2023-06-19 04:00:00,27.95
EPA-76,121_61,Station 76,"Dublin Port, Dublin 1",53.351627,-6.203812,2.0,2023-06-19 05:00:00,31.88
EPA-76,121_61,Station 76,"Dublin Port, Dublin 1",53.351627,-6.203812,2.0,2023-06-19 06:00:00,47.28
EPA-76,121_61,Station 76,"Dublin Port, Dublin 1",53.351627,-6.203812,2.0,2023-06-19 07:00:00,38.45
EPA-76,121_61,Station 76,"Dublin Port, Dublin 1",53.351627,-6.203812,2.0,2023-06-19 08:00:00,33.2
EPA-76,121_61,Station 76,"Dublin Port, Dublin 1",53.351627,-6.203812,2.0,2023-06-19 09:00:00,28.9
EPA-76,121_61,Station 76,"Dublin Port, Dublin 1",53.351627,-6.203812,2.0,2023-06-19 10:00:00,31.05
EPA-76,121_61,Station 76,"Dublin Port, Dublin 1",53.351627,-6.203812,2.0,2023-06-19 11:00:00,33.03
EPA-76,121_61,Station 76,"Dublin Port, Dublin 1",53.351627,-6.203812,2.0,2023-06-19 12:00:00,29.96
EPA-76,121_61,Station 76,"Dublin Port, Dublin 1",53.351627,-6.203812,2.0,2023-06-19 13:00:00,37.68
EPA-76,121_61,Station 76,"Dublin Port, Dublin 1",53.351627,-6.203812,2.0,2023-06-19 14:00:00,38.89
EPA-76,121_61,Station 76,"Dublin Port, Dublin 1",53.351627,-6.203812,2.0,2023-06-19 15:00:00,30.69
EPA-76,121_61,Station 76,"Dublin Port, Dublin 1",53.351627,-6.203812,2.0,2023-06-19 16:00:00,23.88
EPA-76,121_61,Station 76,"Dublin Port, Dublin 1",53.351627,-6.203812,2.0,2023-06-19 17:00:00,22.13
EPA-76,121_61,Station 76,"Dublin Port, Dublin 1",53.351627,-6.203812,2.0,2023-06-19 18:00:00,38.43
EPA-76,121_61,Station 76,"Dublin Port, Dublin 1",53.351627,-6.203812,2.0,2023-06-19 19:00:00,28.78
EPA-76,121_61,Station 76,"Dublin Port, Dublin 1",53.351627,-6.203812,2.0,2023-06-19 20:00:00,28.23
EPA-76,121_61,Station 76,"Dublin Port, Dublin 1",53.351627,-6.203812,2.0,2023-06-19 21:00:00,19.22
EPA-76,121_61,Station 76,"Dublin Port, Dublin 1",53.351627,-6.203812,2.0,2023-06-19 22:00:00,34.11
EPA-76,121_61,Station 76,"Dublin Port, Dublin 1",53.351627,-6.203812,2.0,2023-06-19 23:00:00,22.31
EPA-76,121_61,Station 76,"Dublin Port, Dublin 1",53.351627,-6.203812,2.0,2023-06-20 00:00:00,35.58
EPA-76,121_61,Station 76,"Dublin Port, Dublin 1",53.351627,-6.203812,2.0,2023-06-20 01:00:00,26.25
EPA-76,121_61,Station 76,"Dublin Port, Dublin 1",53.351627,-6.203812,2.0,2023-06-20 02:00:00,22.7
EPA-76,121_61,Station 76,"Dublin Port, Dublin 1",53.351627,-6.203812,2.0,2023-06-20 03:00:00,45.22
EPA-76,121_61,Station 76,"Dublin Port, Dublin 1",53.351627,-6.203812,2.0,2023-06-20 04:00:00,45.82
EPA-76,121_61,Station 76,"Dublin Port, Dublin 1",53.351627,-6.203812,2.0,2023-06-20 05:00:00,30.62
EPA-76,121_61,Station 76,"Dublin Port, Dublin 1",53.351627,-6.203812,2.0,2023-06-20 06:00:00,47.63
EPA-76,121_61,Station 76,"Dublin Port, Dublin 1",53.351627,-6.203812,2.0,2023-06-20 07:00:00,42.6
EPA-76,121_61,Station 76,"Dublin Port, Dublin 1",53.351627,-6.203812,2.0,2023-06-20 08:00:00,41.02
EPA-76,121_61,Station 76,"Dublin Port, Dublin 1",53.351627,-6.203812,2.0,2023-06-20 09:00:00,18.79
EPA-76,121_61,Station 76,"Dublin Port, Dublin 1",53.351627,-6.203812,2.0,2023-06-20 10:00:00,28.15
EPA-76,121_61,Station 76,"Dublin Port, Dublin 1",53.351627,-6.203812,2.0,2023-06-20 11:00:00,34.45
EPA-76,121_61,Station 76,"Dublin Port, Dublin 1",53.351627,-6.203812,2.0,2023-06-20 12:00:00,53.12
EPA-76,121_61,Station 76,"Dublin Port, Dublin 1",53.351627,-6.203812,2.0,2023-06-20 13:00:00,53.2
EPA-76,121_61,Station 76,"Dublin Port, Dublin 1",53.351627,-6.203812,2.0,2023-06-20 14:00:00,41.78
EPA-76,121_61,Station 76,"Dublin Port, Dublin 1",53.351627,-6.203812,2.0,2023-06-20 15:00:00,33.45
EPA-76,121_61,Station 76,"Dublin Port, Dublin 1",53.351627,-6.203812,2.0,2023-06-20 16:00:00,27.7
EPA-76,121_61,Station 76,"Dublin Port, Dublin 1",53.351627,-6.203812,2.0,2023-06-20 17:00:00,26.12
EPA-76,121_61,Station 76,"Dublin Port, Dublin 1",53.351627,-6.203812,2.0,2023-06-20 18:00:00,40.95
EPA-76,121_61,Station 76,"Dublin Port, Dublin 1",53.351627,-6.203812,2.0,2023-06-20 19:00:00,33.86
EPA-76,121_61,Station 76,"Dublin Port, Dublin 1",53.351627,-6.203812,2.0,2023-06-20 20:00:00,28.57
EPA-76,121_61,Station 76,"Dublin Port, Dublin 1",53.351627,-6.203812,2.0,2023-06-20 21:00:00,16.71
EPA-76,121_61,Station 76,"Dublin Port, Dublin 1",53.351627,-6.203812,2.0,2023-06-20 22:00:00,36.69
EPA-76,121_61,Station 76,"Dublin Port, Dublin 1",53.351627,-6.203812,2.0,2023-06-20 23:00:00,21.39
EPA-76,121_61,Station 76,"Dublin Port, Dublin 1",53.351627,-6.203812,2.0,2023-06-21 00:00:00,21.32
EPA-76,121_61,Station 76,"Dublin Port, Dublin 1",53.351627,-6.203812,2.0,2023-06-21 01:00:00,16.76
EPA-76,121_61,Station 76,"Dublin Port, Dublin 1",53.351627,-6.203812,2.0,2023-06-21 02:00:00,10.87
EPA-76,121_61,Station 76,"Dublin Port, Dublin 1",53.351627,-6.203812,2.0,2023-06-21 03:00:00,5.34
EPA-76,121_61,Station 76,"Dublin Port, Dublin 1",53.351627,-6.203812,2.0,2023-06-21 04:00:00,8.52
EPA-76,121_61,Station 76,"Dublin Port, Dublin 1",53.351627,-6.203812,2.0,2023-06-21 05:00:00,19.35
EPA-76,121_61,Station 76,"Dublin Port, Dublin 1",53.351627,-6.203812,2.0,2023-06-21 06:00:00,44.67
EPA-76,121_61,Station 76,"Dublin Port, Dublin 1",53.351627,-6.203812,2.0,2023-06-21 07:00:00,39.71
EPA-76,121_61,Station 76,"Dublin Port, Dublin 1",53.351627,-6.203812,2.0,2023-06-21 08:00:00,28.18
EPA-76,121_61,Station 76,"Dublin Port, Dublin 1",53.351627,-6.203812,2.0,2023-06-21 09:00:00,26.86
EPA-76,121_61,Station 76,"Dublin Port, Dublin 1",53.351627,-6.203812,2.0,2023-06-21 10:00:00,28.66
EPA-76,121_61,Station 76,"Dublin Port, Dublin 1",53.351627,-6.203812,2.0,2023-06-21 11:00:00,29.41
EPA-76,121_61,Station 76,"Dublin Port, Dublin 1",53.351627,-6.203812,2.0,2023-06-21 12:00:00,31.97
EPA-76,121_61,Station 76,"Dublin Port, Dublin 1",53.351627,-6.203812,2.0,2023-06-21 13:00:00,41.44
EPA-76,121_61,Station 76,"Dublin Port, Dublin 1",53.351627,-6.203812,2.0,2023-06-21 14:00:00,37.7
EPA-76,121_61,Station 76,"Dublin Port, Dublin 1",53.351627,-6.203812,2.0,2023-06-21 15:00:00,29.73
EPA-76,121_61,Station 76,"Dublin Port, Dublin 1",53.351627,-6.203812,2.0,2023-06-21 16:00:00,26.2
EPA-76,121_61,Station 76,"Dublin Port, Dublin 1",53.351627,-6.203812,2.0,2023-06-21 17:00:00,16.05
EPA-76,121_61,Station 76,"Dublin Port, Dublin 1",53.351627,-6.203812,2.0,2023-06-21 18:00:00,13.54
EPA-76,121_61,Station 76,"Dublin Port, Dublin 1",53.351627,-6.203812,2.0,2023-06-21 19:00:00,9.32
EPA-76,121_61,Station 76,"Dublin Port, Dublin 1",53.351627,-6.203812,2.0,2023-06-21 20:00:00,4.63
EPA-76,121_61,Station 76,"Dublin Port, Dublin 1",53.351627,-6.203812,2.0,2023-06-21 21:00:00,5.6
EPA-76,121_61,Station 76,"Dublin Port, Dublin 1",53.351627,-6.203812,2.0,2023-06-21 22:00:00,16.51
EPA-76,121_61,Station 76,"Dublin Port, Dublin 1",53.351627,-6.203812,2.0,2023-06-22 01:00:00,41.02
EPA-76,121_61,Station 76,"Dublin Port, Dublin 1",53.351627,-6.203812,2.0,2023-06-22 02:00:00,16.76
EPA-76,121_61,Station 76,"Dublin Port, Dublin 1",53.351627,-6.203812,2.0,2023-06-22 03:00:00,17.37
EPA-76,121_61,Station 76,"Dublin Port, Dublin 1",53.351627,-6.203812,2.0,2023-06-22 04:00:00,8.54
EPA-76,121_61,Station 76,"Dublin Port, Dublin 1",53.351627,-6.203812,2.0,2023-06-22 05:00:00,6.68
EPA-76,121_61,Station 76,"Dublin Port, Dublin 1",53.351627,-6.203812,2.0,2023-06-22 06:00:00,9.18
EPA-76,121_61,Station 76,"Dublin Port, Dublin 1",53.351627,-6.203812,2.0,2023-06-22 07:00:00,6.58
EPA-76,121_61,Station 76,"Dublin Port, Dublin 1",53.351627,-6.203812,2.0,2023-06-22 07:01:00,
EPA-76,121_61,Station 76,"Dublin Port, Dublin 1",53.351627,-6.203812,2.0,2023-06-22 08:01:00,
EPA-76,121_61,Station 76,"Dublin Port, Dublin 1",53.351627,-6.203812,2.0,2023-06-22 09:00:00,6.82
EPA-76,121_61,Station 76,"Dublin Port, Dublin 1",53.351627,-6.203812,2.0,2023-06-22 10:00:00,5.27
EPA-76,121_61,Station 76,"Dublin Port, Dublin 1",53.351627,-6.203812,2.0,2023-06-22 11:00:00,6.85
EPA-76,121_61,Station 76,"Dublin Port, Dublin 1",53.351627,-6.203812,2.0,2023-06-22 12:00:00,16.0
EPA-76,121_61,Station 76,"Dublin Port, Dublin 1",53.351627,-6.203812,2.0,2023-06-22 13:00:00,28.86
EPA-76,121_61,Station 76,"Dublin Port, Dublin 1",53.351627,-6.203812,2.0,2023-06-22 14:00:00,25.6
EPA-76,121_61,Station 76,"Dublin Port, Dublin 1",53.351627,-6.203812,2.0,2023-06-22 15:00:00,29.18
EPA-76,121_61,Station 76,"Dublin Port, Dublin 1",53.351627,-6.203812,2.0,2023-06-22 16:00:00,17.38
EPA-76,121_61,Station 76,"Dublin Port, Dublin 1",53.351627,-6.203812,2.0,2023-06-22 17:00:00,28.2
EPA-76,121_61,Station 76,"Dublin Port, Dublin 1",53.351627,-6.203812,2.0,2023-06-22 18:00:00,41.77
EPA-76,121_61,Station 76,"Dublin Port, Dublin 1",53.351627,-6.203812,2.0,2023-06-22 19:00:00,40.6
EPA-76,121_61,Station 76,"Dublin Port, Dublin 1",53.351627,-6.203812,2.0,2023-06-22 20:00:00,31.13
EPA-76,121_61,Station 76,"Dublin Port, Dublin 1",53.351627,-6.203812,2.0,2023-06-22 21:00:00,27.85
EPA-76,121_61,Station 76,"Dublin Port, Dublin 1",53.351627,-6.203812,2.0,2023-06-22 22:00:00,27.05
EPA-76,121_61,Station 76,"Dublin Port, Dublin 1",53.351627,-6.203812,2.0,2023-06-22 23:00:00,43.98
EPA-76,121_61,Station 76,"Dublin Port, Dublin 1",53.351627,-6.203812,2.0,2023-06-23 00:00:00,54.65
EPA-76,121_61,Station 76,"Dublin Port, Dublin 1",53.351627,-6.203812,2.0,2023-06-23 01:00:00,35.59
EPA-76,121_61,Station 76,"Dublin Port, Dublin 1",53.351627,-6.203812,2.0,2023-06-23 02:00:00,30.95
EPA-76,121_61,Station 76,"Dublin Port, Dublin 1",53.351627,-6.203812,2.0,2023-06-23 03:00:00,23.14
EPA-76,121_61,Station 76,"Dublin Port, Dublin 1",53.351627,-6.203812,2.0,2023-06-23 04:00:00,23.43
EPA-76,121_61,Station 76,"Dublin Port, Dublin 1",53.351627,-6.203812,2.0,2023-06-23 05:00:00,29.6
EPA-76,121_61,Station 76,"Dublin Port, Dublin 1",53.351627,-6.203812,2.0,2023-06-23 06:00:00,37.2
EPA-76,121_61,Station 76,"Dublin Port, Dublin 1",53.351627,-6.203812,2.0,2023-06-23 07:00:00,46.24
EPA-76,121_61,Station 76,"Dublin Port, Dublin 1",53.351627,-6.203812,2.0,2023-06-23 08:00:00,47.62
EPA-76,121_61,Station 76,"Dublin Port, Dublin 1",53.351627,-6.203812,2.0,2023-06-23 09:00:00,50.46
EPA-76,121_61,Station 76,"Dublin Port, Dublin 1",53.351627,-6.203812,2.0,2023-06-23 10:00:00,19.55
EPA-76,121_61,Station 76,"Dublin Port, Dublin 1",53.351627,-6.203812,2.0,2023-06-23 11:00:00,19.76
EPA-76,121_61,Station 76,"Dublin Port, Dublin 1",53.351627,-6.203812,2.0,2023-06-23 12:00:00,30.65
EPA-76,121_61,Station 76,"Dublin Port, Dublin 1",53.351627,-6.203812,2.0,2023-06-23 13:00:00,30.55
EPA-76,121_61,Station 76,"Dublin Port, Dublin 1",53.351627,-6.203812,2.0,2023-06-23 14:00:00,31.46
EPA-76,121_61,Station 76,"Dublin Port, Dublin 1",53.351627,-6.203812,2.0,2023-06-23 15:00:00,24.0
EPA-76,121_61,Station 76,"Dublin Port, Dublin 1",53.351627,-6.203812,2.0,2023-06-23 16:00:00,22.26
EPA-76,121_61,Station 76,"Dublin Port, Dublin 1",53.351627,-6.203812,2.0,2023-06-23 17:00:00,29.13
EPA-76,121_61,Station 76,"Dublin Port, Dublin 1",53.351627,-6.203812,2.0,2023-06-23 18:00:00,20.82
EPA-76,121_61,Station 76,"Dublin Port, Dublin 1",53.351627,-6.203812,2.0,2023-06-23 19:00:00,19.55
EPA-76,121_61,Station 76,"Dublin Port, Dublin 1",53.351627,-6.203812,2.0,2023-06-23 20:00:00,18.41
EPA-76,121_61,Station 76,"Dublin Port, Dublin 1",53.351627,-6.203812,2.0,2023-06-23 21:00:00,21.86
EPA-76,121_61,Station 76,"Dublin Port, Dublin 1",53.351627,-6.203812,2.0,2023-06-23 22:00:00,22.2
EPA-76,121_61,Station 76,"Dublin Port, Dublin 1",53.351627,-6.203812,2.0,2023-06-23 23:00:00,17.46
EPA-76,121_61,Station 76,"Dublin Port, Dublin 1",53.351627,-6.203812,2.0,2023-06-24 00:00:00,20.94
EPA-76,121_61,Station 76,"Dublin Port, Dublin 1",53.351627,-6.203812,2.0,2023-06-24 01:00:00,30.22
EPA-76,121_61,Station 76,"Dublin Port, Dublin 1",53.351627,-6.203812,2.0,2023-06-24 02:00:00,28.66
EPA-76,121_61,Station 76,"Dublin Port, Dublin 1",53.351627,-6.203812,2.0,2023-06-24 03:00:00,17.05
EPA-76,121_61,Station 76,"Dublin Port, Dublin 1",53.351627,-6.203812,2.0,2023-06-24 04:00:00,14.95
EPA-76,121_61,Station 76,"Dublin Port, Dublin 1",53.351627,-6.203812,2.0,2023-06-24 05:00:00,20.45
EPA-76,121_61,Station 76,"Dublin Port, Dublin 1",53.351627,-6.203812,2.0,2023-06-24 06:00:00,19.16
EPA-76,121_61,Station 76,"Dublin Port, Dublin 1",53.351627,-6.203812,2.0,2023-06-24 07:00:00,17.46
EPA-76,121_61,Station 76,"Dublin Port, Dublin 1",53.351627,-6.203812,2.0,2023-06-24 08:00:00,22.8
EPA-76,121_61,Station 76,"Dublin Port, Dublin 1",53.351627,-6.203812,2.0,2023-06-24 09:00:00,25.02
EPA-76,121_61,Station 76,"Dublin Port, Dublin 1",53.351627,-6.203812,2.0,2023-06-24 10:00:00,25.39
EPA-76,121_61,Station 76,"Dublin Port, Dublin 1",53.351627,-6.203812,2.0,2023-06-24 11:00:00,20.88
EPA-76,121_61,Station 76,"Dublin Port, Dublin 1",53.351627,-6.203812,2.0,2023-06-24 12:00:00,22.39
EPA-76,121_61,Station 76,"Dublin Port, Dublin 1",53.351627,-6.203812,2.0,2023-06-24 13:00:00,9.33
EPA-76,121_61,Station 76,"Dublin Port, Dublin 1",53.351627,-6.203812,2.0,2023-06-24 14:00:00,7.64
EPA-76,121_61,Station 76,"Dublin Port, Dublin 1",53.351627,-6.203812,2.0,2023-06-24 15:00:00,4.26
EPA-76,121_61,Station 76,"Dublin Port, Dublin 1",53.351627,-6.203812,2.0,2023-06-24 16:00:00,3.62
EPA-76,121_61,Station 76,"Dublin Port, Dublin 1",53.351627,-6.203812,2.0,2023-06-24 17:00:00,6.32
EPA-76,121_61,Station 76,"Dublin Port, Dublin 1",53.351627,-6.203812,2.0,2023-06-24 18:00:00,13.6
EPA-76,121_61,Station 76,"Dublin Port, Dublin 1",53.351627,-6.203812,2.0,2023-06-24 19:00:00,19.22
EPA-76,121_61,Station 76,"Dublin Port, Dublin 1",53.351627,-6.203812,2.0,2023-06-24 20:00:00,11.65
EPA-76,121_61,Station 76,"Dublin Port, Dublin 1",53.351627,-6.203812,2.0,2023-06-24 21:00:00,8.09
EPA-76,121_61,Station 76,"Dublin Port, Dublin 1",53.351627,-6.203812,2.0,2023-06-24 22:00:00,39.1
EPA-76,121_61,Station 76,"Dublin Port, Dublin 1",53.351627,-6.203812,2.0,2023-06-24 23:00:00,26.73
EPA-76,121_61,Station 76,"Dublin Port, Dublin 1",53.351627,-6.203812,2.0,2023-06-25 00:00:00,19.94
EPA-76,121_61,Station 76,"Dublin Port, Dublin 1",53.351627,-6.203812,2.0,2023-06-25 01:00:00,6.93
EPA-76,121_61,Station 76,"Dublin Port, Dublin 1",53.351627,-6.203812,2.0,2023-06-25 02:00:00,19.79
EPA-76,121_61,Station 76,"Dublin Port, Dublin 1",53.351627,-6.203812,2.0,2023-06-25 03:00:00,9.3
EPA-76,121_61,Station 76,"Dublin Port, Dublin 1",53.351627,-6.203812,2.0,2023-06-25 04:00:00,5.88
EPA-76,121_61,Station 76,"Dublin Port, Dublin 1",53.351627,-6.203812,2.0,2023-06-25 05:00:00,16.08
EPA-76,121_61,Station 76,"Dublin Port, Dublin 1",53.351627,-6.203812,2.0,2023-06-25 06:00:00,7.55
EPA-76,121_61,Station 76,"Dublin Port, Dublin 1",53.351627,-6.203812,2.0,2023-06-25 07:00:00,11.8
EPA-76,121_61,Station 76,"Dublin Port, Dublin 1",53.351627,-6.203812,2.0,2023-06-25 08:00:00,27.8
EPA-76,121_61,Station 76,"Dublin Port, Dublin 1",53.351627,-6.203812,2.0,2023-06-25 09:00:00,13.5
EPA-76,121_61,Station 76,"Dublin Port, Dublin 1",53.351627,-6.203812,2.0,2023-06-25 10:00:00,10.86
EPA-76,121_61,Station 76,"Dublin Port, Dublin 1",53.351627,-6.203812,2.0,2023-06-25 11:00:00,18.93
EPA-76,121_61,Station 76,"Dublin Port, Dublin 1",53.351627,-6.203812,2.0,2023-06-25 12:00:00,13.77
EPA-76,121_61,Station 76,"Dublin Port, Dublin 1",53.351627,-6.203812,2.0,2023-06-25 13:00:00,13.97
EPA-76,121_61,Station 76,"Dublin Port, Dublin 1",53.351627,-6.203812,2.0,2023-06-25 14:00:00,11.61
EPA-76,121_61,Station 76,"Dublin Port, Dublin 1",53.351627,-6.203812,2.0,2023-06-25 15:00:00,11.34
EPA-76,121_61,Station 76,"Dublin Port, Dublin 1",53.351627,-6.203812,2.0,2023-06-25 16:00:00,11.23
EPA-76,121_61,Station 76,"Dublin Port, Dublin 1",53.351627,-6.203812,2.0,2023-06-25 17:00:00,15.39
EPA-76,121_61,Station 76,"Dublin Port, Dublin 1",53.351627,-6.203812,2.0,2023-06-25 18:00:00,17.81
EPA-76,121_61,Station 76,"Dublin Port, Dublin 1",53.351627,-6.203812,2.0,2023-06-25 19:00:00,8.72
EPA-76,121_61,Station 76,"Dublin Port, Dublin 1",53.351627,-6.203812,2.0,2023-06-25 20:00:00,6.0
EPA-76,121_61,Station 76,"Dublin Port, Dublin 1",53.351627,-6.203812,2.0,2023-06-25 21:00:00,11.6
EPA-76,121_61,Station 76,"Dublin Port, Dublin 1",53.351627,-6.203812,2.0,2023-06-25 22:00:00,9.18
EPA-76,121_61,Station 76,"Dublin Port, Dublin 1",53.351627,-6.203812,2.0,2023-06-25 23:00:00,13.79
EPA-76,121_61,Station 76,"Dublin Port, Dublin 1",53.351627,-6.203812,2.0,2023-06-26 00:00:00,21.25
EPA-76,121_61,Station 76,"Dublin Port, Dublin 1",53.351627,-6.203812,2.0,2023-06-26 01:00:00,13.17
EPA-76,121_61,Station 76,"Dublin Port, Dublin 1",53.351627,-6.203812,2.0,2023-06-26 02:00:00,11.98
EPA-76,121_61,Station 76,"Dublin Port, Dublin 1",53.351627,-6.203812,2.0,2023-06-26 03:00:00,8.1
EPA-76,121_61,Station 76,"Dublin Port, Dublin 1",53.351627,-6.203812,2.0,2023-06-26 04:00:00,7.47
EPA-76,121_61,Station 76,"Dublin Port, Dublin 1",53.351627,-6.203812,2.0,2023-06-26 05:00:00,23.73
EPA-76,121_61,Station 76,"Dublin Port, Dublin 1",53.351627,-6.203812,2.0,2023-06-26 06:00:00,30.73
EPA-76,121_61,Station 76,"Dublin Port, Dublin 1",53.351627,-6.203812,2.0,2023-06-26 07:00:00,34.3
EPA-76,121_61,Station 76,"Dublin Port, Dublin 1",53.351627,-6.203812,2.0,2023-06-26 08:00:00,28.53
EPA-76,121_61,Station 76,"Dublin Port, Dublin 1",53.351627,-6.203812,2.0,2023-06-26 09:00:00,27.76
EPA-76,121_61,Station 76,"Dublin Port, Dublin 1",53.351627,-6.203812,2.0,2023-06-26 10:00:00,24.55
EPA-76,121_61,Station 76,"Dublin Port, Dublin 1",53.351627,-6.203812,2.0,2023-06-26 11:00:00,25.37
EPA-76,121_61,Station 76,"Dublin Port, Dublin 1",53.351627,-6.203812,2.0,2023-06-26 12:00:00,23.66
EPA-76,121_61,Station 76,"Dublin Port, Dublin 1",53.351627,-6.203812,2.0,2023-06-26 13:00:00,21.9
EPA-76,121_61,Station 76,"Dublin Port, Dublin 1",53.351627,-6.203812,2.0,2023-06-26 14:00:00,13.93
EPA-76,121_61,Station 76,"Dublin Port, Dublin 1",53.351627,-6.203812,2.0,2023-06-26 15:00:00,22.06
EPA-76,121_61,Station 76,"Dublin Port, Dublin 1",53.351627,-6.203812,2.0,2023-06-26 16:00:00,20.93
EPA-76,121_61,Station 76,"Dublin Port, Dublin 1",53.351627,-6.203812,2.0,2023-06-26 17:00:00,24.07
EPA-76,121_61,Station 76,"Dublin Port, Dublin 1",53.351627,-6.203812,2.0,2023-06-26 18:00:00,23.27
EPA-76,121_61,Station 76,"Dublin Port, Dublin 1",53.351627,-6.203812,2.0,2023-06-26 19:00:00,17.98
EPA-76,121_61,Station 76,"Dublin Port, Dublin 1",53.351627,-6.203812,2.0,2023-06-26 20:00:00,23.72
EPA-76,121_61,Station 76,"Dublin Port, Dublin 1",53.351627,-6.203812,2.0,2023-06-26 21:00:00,12.39
EPA-76,121_61,Station 76,"Dublin Port, Dublin 1",53.351627,-6.203812,2.0,2023-06-26 22:00:00,28.41
EPA-76,121_61,Station 76,"Dublin Port, Dublin 1",53.351627,-6.203812,2.0,2023-06-26 23:00:00,22.99
EPA-76,121_61,Station 76,"Dublin Port, Dublin 1",53.351627,-6.203812,2.0,2023-06-27 00:00:00,32.41
EPA-76,121_61,Station 76,"Dublin Port, Dublin 1",53.351627,-6.203812,2.0,2023-06-27 01:00:00,31.62
EPA-76,121_61,Station 76,"Dublin Port, Dublin 1",53.351627,-6.203812,2.0,2023-06-27 02:00:00,19.61
EPA-76,121_61,Station 76,"Dublin Port, Dublin 1",53.351627,-6.203812,2.0,2023-06-27 03:00:00,16.93
EPA-76,121_61,Station 76,"Dublin Port, Dublin 1",53.351627,-6.203812,2.0,2023-06-27 04:00:00,16.88
EPA-76,121_61,Station 76,"Dublin Port, Dublin 1",53.351627,-6.203812,2.0,2023-06-27 05:00:00,29.49
EPA-76,121_61,Station 76,"Dublin Port, Dublin 1",53.351627,-6.203812,2.0,2023-06-27 06:00:00,60.76
EPA-76,121_61,Station 76,"Dublin Port, Dublin 1",53.351627,-6.203812,2.0,2023-06-27 07:00:00,49.86
EPA-76,121_61,Station 76,"Dublin Port, Dublin 1",53.351627,-6.203812,2.0,2023-06-27 08:00:00,43.88
EPA-76,121_61,Station 76,"Dublin Port, Dublin 1",53.351627,-6.203812,2.0,2023-06-27 09:00:00,32.94
EPA-76,121_61,Station 76,"Dublin Port, Dublin 1",53.351627,-6.203812,2.0,2023-06-27 10:00:00,31.1
EPA-76,121_61,Station 76,"Dublin Port, Dublin 1",53.351627,-6.203812,2.0,2023-06-27 11:00:00,32.72
EPA-76,121_61,Station 76,"Dublin Port, Dublin 1",53.351627,-6.203812,2.0,2023-06-27 12:00:00,36.38
EPA-76,121_61,Station 76,"Dublin Port, Dublin 1",53.351627,-6.203812,2.0,2023-06-27 13:00:00,36.23
EPA-76,121_61,Station 76,"Dublin Port, Dublin 1",53.351627,-6.203812,2.0,2023-06-27 14:00:00,25.59
EPA-76,121_61,Station 76,"Dublin Port, Dublin 1",53.351627,-6.203812,2.0,2023-06-27 15:00:00,21.94
EPA-76,121_61,Station 76,"Dublin Port, Dublin 1",53.351627,-6.203812,2.0,2023-06-27 16:00:00,22.84
EPA-76,121_61,Station 76,"Dublin Port, Dublin 1",53.351627,-6.203812,2.0,2023-06-27 17:00:00,24.69
EPA-76,121_61,Station 76,"Dublin Port, Dublin 1",53.351627,-6.203812,2.0,2023-06-27 18:00:00,24.9
EPA-76,121_61,Station 76,"Dublin Port, Dublin 1",53.351627,-6.203812,2.0,2023-06-27 19:00:00,15.24
EPA-76,121_61,Station 76,"Dublin Port, Dublin 1",53.351627,-6.203812,2.0,2023-06-27 20:00:00,12.8
EPA-76,121_61,Station 76,"Dublin Port, Dublin 1",53.351627,-6.203812,2.0,2023-06-27 21:00:00,11.75
EPA-76,121_61,Station 76,"Dublin Port, Dublin 1",53.351627,-6.203812,2.0,2023-06-27 22:00:00,10.15
EPA-76,121_61,Station 76,"Dublin Port, Dublin 1",53.351627,-6.203812,2.0,2023-06-27 23:00:00,12.25
EPA-76,121_61,Station 76,"Dublin Port, Dublin 1",53.351627,-6.203812,2.0,2023-06-28 00:00:00,18.61
EPA-76,121_61,Station 76,"Dublin Port, Dublin 1",53.351627,-6.203812,2.0,2023-06-28 01:00:00,11.55
EPA-76,121_61,Station 76,"Dublin Port, Dublin 1",53.351627,-6.203812,2.0,2023-06-28 02:00:00,3.51
EPA-76,121_61,Station 76,"Dublin Port, Dublin 1",53.351627,-6.203812,2.0,2023-06-28 03:00:00,4.29
EPA-76,121_61,Station 76,"Dublin Port, Dublin 1",53.351627,-6.203812,2.0,2023-06-28 04:00:00,8.65
EPA-76,121_61,Station 76,"Dublin Port, Dublin 1",53.351627,-6.203812,2.0,2023-06-28 05:00:00,21.51
EPA-76,121_61,Station 76,"Dublin Port, Dublin 1",53.351627,-6.203812,2.0,2023-06-28 06:00:00,36.49
EPA-76,121_61,Station 76,"Dublin Port, Dublin 1",53.351627,-6.203812,2.0,2023-06-28 07:00:00,43.14
EPA-76,121_61,Station 76,"Dublin Port, Dublin 1",53.351627,-6.203812,2.0,2023-06-28 08:00:00,29.52
EPA-76,121_61,Station 76,"Dublin Port, Dublin 1",53.351627,-6.203812,2.0,2023-06-28 09:00:00,31.65
EPA-76,121_61,Station 76,"Dublin Port, Dublin 1",53.351627,-6.203812,2.0,2023-06-28 10:00:00,13.7
EPA-76,121_61,Station 76,"Dublin Port, Dublin 1",53.351627,-6.203812,2.0,2023-06-28 11:00:00,21.28
EPA-76,121_61,Station 76,"Dublin Port, Dublin 1",53.351627,-6.203812,2.0,2023-06-28 12:00:00,26.72
EPA-76,121_61,Station 76,"Dublin Port, Dublin 1",53.351627,-6.203812,2.0,2023-06-28 13:00:00,16.91
EPA-76,121_61,Station 76,"Dublin Port, Dublin 1",53.351627,-6.203812,2.0,2023-06-28 14:00:00,13.81
EPA-76,121_61,Station 76,"Dublin Port, Dublin 1",53.351627,-6.203812,2.0,2023-06-28 15:00:00,17.58
EPA-76,121_61,Station 76,"Dublin Port, Dublin 1",53.351627,-6.203812,2.0,2023-06-28 16:00:00,4.25
EPA-76,121_61,Station 76,"Dublin Port, Dublin 1",53.351627,-6.203812,2.0,2023-06-28 17:00:00,3.57
EPA-76,121_61,Station 76,"Dublin Port, Dublin 1",53.351627,-6.203812,2.0,2023-06-28 18:00:00,9.4
EPA-76,121_61,Station 76,"Dublin Port, Dublin 1",53.351627,-6.203812,2.0,2023-06-28 19:00:00,14.7
EPA-76,121_61,Station 76,"Dublin Port, Dublin 1",53.351627,-6.203812,2.0,2023-06-28 20:00:00,5.03
EPA-76,121_61,Station 76,"Dublin Port, Dublin 1",53.351627,-6.203812,2.0,2023-06-28 21:00:00,5.73
EPA-76,121_61,Station 76,"Dublin Port, Dublin 1",53.351627,-6.203812,2.0,2023-06-28 22:00:00,3.96
EPA-76,121_61,Station 76,"Dublin Port, Dublin 1",53.351627,-6.203812,2.0,2023-06-29 01:00:00,9.02
EPA-76,121_61,Station 76,"Dublin Port, Dublin 1",53.351627,-6.203812,2.0,2023-06-29 02:00:00,7.94
EPA-76,121_61,Station 76,"Dublin Port, Dublin 1",53.351627,-6.203812,2.0,2023-06-29 03:00:00,7.0
EPA-76,121_61,Station 76,"Dublin Port, Dublin 1",53.351627,-6.203812,2.0,2023-06-29 04:00:00,10.51
EPA-76,121_61,Station 76,"Dublin Port, Dublin 1",53.351627,-6.203812,2.0,2023-06-29 05:00:00,23.45
EPA-76,121_61,Station 76,"Dublin Port, Dublin 1",53.351627,-6.203812,2.0,2023-06-29 06:00:00,30.77
EPA-76,121_61,Station 76,"Dublin Port, Dublin 1",53.351627,-6.203812,2.0,2023-06-29 07:00:00,25.19
EPA-76,121_61,Station 76,"Dublin Port, Dublin 1",53.351627,-6.203812,2.0,2023-06-29 08:00:00,26.92
EPA-76,121_61,Station 76,"Dublin Port, Dublin 1",53.351627,-6.203812,2.0,2023-06-29 09:00:00,18.35
EPA-76,121_61,Station 76,"Dublin Port, Dublin 1",53.351627,-6.203812,2.0,2023-06-29 10:00:00,14.66
EPA-76,121_61,Station 76,"Dublin Port, Dublin 1",53.351627,-6.203812,2.0,2023-06-29 11:00:00,17.84
EPA-76,121_61,Station 76,"Dublin Port, Dublin 1",53.351627,-6.203812,2.0,2023-06-29 12:00:00,23.09
EPA-76,121_61,Station 76,"Dublin Port, Dublin 1",53.351627,-6.203812,2.0,2023-06-29 13:00:00,20.04
EPA-76,121_61,Station 76,"Dublin Port, Dublin 1",53.351627,-6.203812,2.0,2023-06-29 14:00:00,23.77
EPA-76,121_61,Station 76,"Dublin Port, Dublin 1",53.351627,-6.203812,2.0,2023-06-29 15:00:00,32.81
EPA-76,121_61,Station 76,"Dublin Port, Dublin 1",53.351627,-6.203812,2.0,2023-06-29 16:00:00,27.66
EPA-76,121_61,Station 76,"Dublin Port, Dublin 1",53.351627,-6.203812,2.0,2023-06-29 17:00:00,26.52
EPA-76,121_61,Station 76,"Dublin Port, Dublin 1",53.351627,-6.203812,2.0,2023-06-29 18:00:00,28.16
EPA-76,121_61,Station 76,"Dublin Port, Dublin 1",53.351627,-6.203812,2.0,2023-06-29 19:00:00,17.87
EPA-76,121_61,Station 76,"Dublin Port, Dublin 1",53.351627,-6.203812,2.0,2023-06-29 20:00:00,27.29
EPA-76,121_61,Station 76,"Dublin Port, Dublin 1",53.351627,-6.203812,2.0,2023-06-29 21:00:00,18.73
EPA-76,121_61,Station 76,"Dublin Port, Dublin 1",53.351627,-6.203812,2.0,2023-06-29 22:00:00,24.8
EPA-76,121_61,Station 76,"Dublin Port, Dublin 1",53.351627,-6.203812,2.0,2023-06-29 23:00:00,15.97
EPA-76,121_61,Station 76,"Dublin Port, Dublin 1",53.351627,-6.203812,2.0,2023-06-30 00:00:00,27.46
EPA-76,121_61,Station 76,"Dublin Port, Dublin 1",53.351627,-6.203812,2.0,2023-06-30 01:00:00,16.97
EPA-76,121_61,Station 76,"Dublin Port, Dublin 1",53.351627,-6.203812,2.0,2023-06-30 02:00:00,16.85
EPA-76,121_61,Station 76,"Dublin Port, Dublin 1",53.351627,-6.203812,2.0,2023-06-30 03:00:00,18.87
EPA-76,121_61,Station 76,"Dublin Port, Dublin 1",53.351627,-6.203812,2.0,2023-06-30 04:00:00,28.76
EPA-76,121_61,Station 76,"Dublin Port, Dublin 1",53.351627,-6.203812,2.0,2023-06-30 05:00:00,34.2
EPA-76,121_61,Station 76,"Dublin Port, Dublin 1",53.351627,-6.203812,2.0,2023-06-30 06:00:00,33.44
EPA-76,121_61,Station 76,"Dublin Port, Dublin 1",53.351627,-6.203812,2.0,2023-06-30 07:00:00,32.87
EPA-76,121_61,Station 76,"Dublin Port, Dublin 1",53.351627,-6.203812,2.0,2023-06-30 08:00:00,29.85
EPA-76,121_61,Station 76,"Dublin Port, Dublin 1",53.351627,-6.203812,2.0,2023-06-30 09:00:00,23.13
EPA-76,121_61,Station 76,"Dublin Port, Dublin 1",53.351627,-6.203812,2.0,2023-06-30 10:00:00,20.45
EPA-76,121_61,Station 76,"Dublin Port, Dublin 1",53.351627,-6.203812,2.0,2023-06-30 11:00:00,22.38
EPA-76,121_61,Station 76,"Dublin Port, Dublin 1",53.351627,-6.203812,2.0,2023-06-30 12:00:00,17.91
EPA-76,121_61,Station 76,"Dublin Port, Dublin 1",53.351627,-6.203812,2.0,2023-06-30 13:00:00,16.51
EPA-76,121_61,Station 76,"Dublin Port, Dublin 1",53.351627,-6.203812,2.0,2023-06-30 14:00:00,15.79
EPA-76,121_61,Station 76,"Dublin Port, Dublin 1",53.351627,-6.203812,2.0,2023-06-30 15:00:00,11.23
EPA-76,121_61,Station 76,"Dublin Port, Dublin 1",53.351627,-6.203812,2.0,2023-06-30 16:00:00,16.34
EPA-76,121_61,Station 76,"Dublin Port, Dublin 1",53.351627,-6.203812,2.0,2023-06-30 17:00:00,15.1
EPA-76,121_61,Station 76,"Dublin Port, Dublin 1",53.351627,-6.203812,2.0,2023-06-30 18:00:00,14.05
EPA-76,121_61,Station 76,"Dublin Port, Dublin 1",53.351627,-6.203812,2.0,2023-06-30 19:00:00,8.67
EPA-76,121_61,Station 76,"Dublin Port, Dublin 1",53.351627,-6.203812,2.0,2023-06-30 20:00:00,5.67
EPA-76,121_61,Station 76,"Dublin Port, Dublin 1",53.351627,-6.203812,2.0,2023-06-30 21:00:00,4.16
EPA-76,121_61,Station 76,"Dublin Port, Dublin 1",53.351627,-6.203812,2.0,2023-06-30 22:00:00,3.81
EPA-91,91_60,Station 91,"Amiens Street, Dublin 1",53.352372,-6.249015,2.0,,
