grid_id,latitude,longitude
0_0,53.30133,-6.388698
0_1,53.302227,-6.388643
0_2,53.303125,-6.388589
0_3,53.304023,-6.388534
0_4,53.304921,-6.388479
0_5,53.305819,-6.388424
0_6,53.306717,-6.388369
0_7,53.307615,-6.388315
0_8,53.308513,-6.38826
0_9,53.309411,-6.388205
0_10,53.310309,-6.38815
0_11,53.311207,-6.388095
0_12,53.312105,-6.38804
0_13,53.313003,-6.387985
0_14,53.313901,-6.387931
0_15,53.314799,-6.387876
0_16,53.315697,-6.387821
0_17,53.316595,-6.387766
0_18,53.317493,-6.387711
0_19,53.318391,-6.387656
0_20,53.319289,-6.387601
0_21,53.320187,-6.387547
0_22,53.321085,-6.387492
0_23,53.321983,-6.387437
0_24,53.322881,-6.387382
0_25,53.323779,-6.387327
0_26,53.324677,-6.387272
0_27,53.325574,-6.387217
0_28,53.326472,-6.387162
0_29,53.32737,-6.387107
0_30,53.328268,-6.387053
0_31,53.329166,-6.386998
0_32,53.330064,-6.386943
0_33,53.330962,-6.386888
0_34,53.33186,-6.386833
0_35,53.332758,-6.386778
0_36,53.333656,-6.386723
0_37,53.334554,-6.386668
0_38,53.335452,-6.386613
0_39,53.33635,-6.386558
0_40,53.337248,-6.386503
0_41,53.338146,-6.386448
0_42,53.339044,-6.386394
0_43,53.339942,-6.386339
0_44,53.34084,-6.386284
0_45,53.341738,-6.386229
0_46,53.342636,-6.386174
0_47,53.343534,-6.386119
0_48,53.344432,-6.386064
0_49,53.345329,-6.386009
0_50,53.346227,-6.385954
0_51,53.347125,-6.385899
0_52,53.348023,-6.385844
0_53,53.348921,-6.385789
0_54,53.349819,-6.385734
0_55,53.350717,-6.385679
0_56,53.351615,-6.385624
0_57,53.352513,-6.385569
0_58,53.353411,-6.385514
0_59,53.354309,-6.385459
0_60,53.355207,-6.385404
0_61,53.356105,-6.385349
0_62,53.357003,-6.385294
0_63,53.357901,-6.385239
0_64,53.358799,-6.385184
0_65,53.359697,-6.385129
0_66,53.360595,-6.385074
0_67,53.361493,-6.385019
0_68,53.362391,-6.384964
0_69,53.363289,-6.384909
0_70,53.364187,-6.384854
0_71,53.365084,-6.384799
0_72,53.365982,-6.384744
0_73,53.36688,-6.384689
0_74,53.367778,-6.384634
0_75,53.368676,-6.384579
0_76,53.369574,-6.384524
0_77,53.370472,-6.384469
0_78,53.37137,-6.384414
0_79,53.372268,-6.384359
0_80,53.373166,-6.384304
0_81,53.374064,-6.384249
0_82,53.374962,-6.384194
0_83,53.37586,-6.384139
0_84,53.376758,-6.384084
0_85,53.377656,-6.384028
0_86,53.378554,-6.383973
0_87,53.379452,-6.383918
0_88,53.38035,-6.383863
0_89,53.381248,-6.383808
0_90,53.382145,-6.383753
0_91,53.383043,-6.383698
0_92,53.383941,-6.383643
0_93,53.384839,-6.383588
0_94,53.385737,-6.383533
0_95,53.386635,-6.383478
0_96,53.387533,-6.383423
0_97,53.388431,-6.383367
0_98,53.389329,-6.383312
0_99,53.390227,-6.383257
0_100,53.391125,-6.383202
0_101,53.392023,-6.383147
0_102,53.392921,-6.383092
0_103,53.393819,-6.383037
0_104,53.394717,-6.382982
0_105,53.395615,-6.382927
0_106,53.396513,-6.382871
0_107,53.397411,-6.382816
0_108,53.398309,-6.382761
0_109,53.399206,-6.382706
0_110,53.400104,-6.382651
0_111,53.401002,-6.382596
0_112,53.4019,-6.382541
0_113,53.402798,-6.382485
0_114,53.403696,-6.38243
0_115,53.404594,-6.382375
0_116,53.405492,-6.38232
0_117,53.40639,-6.382265
0_118,53.407288,-6.38221
0_119,53.408186,-6.382155
0_120,53.409084,-6.382099
0_121,53.409982,-6.382044
0_122,53.41088,-6.381989
0_123,53.411778,-6.381934
0_124,53.412676,-6.381879
0_125,53.413574,-6.381823
0_126,53.414471,-6.381768
1_0,53.301297,-6.387199
1_1,53.302195,-6.387144
1_2,53.303093,-6.38709
1_3,53.303991,-6.387035
1_4,53.304889,-6.38698
1_5,53.305786,-6.386925
1_6,53.306684,-6.38687
1_7,53.307582,-6.386815
1_8,53.30848,-6.38676
1_9,53.309378,-6.386706
1_10,53.310276,-6.386651
1_11,53.311174,-6.386596
1_12,53.312072,-6.386541
1_13,53.31297,-6.386486
1_14,53.313868,-6.386431
1_15,53.314766,-6.386376
1_16,53.315664,-6.386321
1_17,53.316562,-6.386267
1_18,53.31746,-6.386212
1_19,53.318358,-6.386157
1_20,53.319256,-6.386102
1_21,53.320154,-6.386047
1_22,53.321052,-6.385992
1_23,53.32195,-6.385937
1_24,53.322848,-6.385882
1_25,53.323746,-6.385827
1_26,53.324644,-6.385772
1_27,53.325542,-6.385717
1_28,53.32644,-6.385662
1_29,53.327337,-6.385608
1_30,53.328235,-6.385553
1_31,53.329133,-6.385498
1_32,53.330031,-6.385443
1_33,53.330929,-6.385388
1_34,53.331827,-6.385333
1_35,53.332725,-6.385278
1_36,53.333623,-6.385223
1_37,53.334521,-6.385168
1_38,53.335419,-6.385113
1_39,53.336317,-6.385058
1_40,53.337215,-6.385003
1_41,53.338113,-6.384948
1_42,53.339011,-6.384893
1_43,53.339909,-6.384838
1_44,53.340807,-6.384783
1_45,53.341705,-6.384728
1_46,53.342603,-6.384673
1_47,53.343501,-6.384618
1_48,53.344399,-6.384563
1_49,53.345297,-6.384508
1_50,53.346195,-6.384453
1_51,53.347093,-6.384398
1_52,53.34799,-6.384343
1_53,53.348888,-6.384288
1_54,53.349786,-6.384233
1_55,53.350684,-6.384178
1_56,53.351582,-6.384123
1_57,53.35248,-6.384068
1_58,53.353378,-6.384013
1_59,53.354276,-6.383958
1_60,53.355174,-6.383903
1_61,53.356072,-6.383848
1_62,53.35697,-6.383793
1_63,53.357868,-6.383738
1_64,53.358766,-6.383683
1_65,53.359664,-6.383628
1_66,53.360562,-6.383573
1_67,53.36146,-6.383518
1_68,53.362358,-6.383463
1_69,53.363256,-6.383408
1_70,53.364154,-6.383353
1_71,53.365052,-6.383298
1_72,53.365949,-6.383243
1_73,53.366847,-6.383188
1_74,53.367745,-6.383133
1_75,53.368643,-6.383078
1_76,53.369541,-6.383023
1_77,53.370439,-6.382967
1_78,53.371337,-6.382912
1_79,53.372235,-6.382857
1_80,53.373133,-6.382802
1_81,53.374031,-6.382747
1_82,53.374929,-6.382692
1_83,53.375827,-6.382637
1_84,53.376725,-6.382582
1_85,53.377623,-6.382527
1_86,53.378521,-6.382472
1_87,53.379419,-6.382417
1_88,53.380317,-6.382361
1_89,53.381215,-6.382306
1_90,53.382113,-6.382251
1_91,53.38301,-6.382196
1_92,53.383908,-6.382141
1_93,53.384806,-6.382086
1_94,53.385704,-6.382031
1_95,53.386602,-6.381976
1_96,53.3875,-6.381921
1_97,53.388398,-6.381865
1_98,53.389296,-6.38181
1_99,53.390194,-6.381755
1_100,53.391092,-6.3817
1_101,53.39199,-6.381645
1_102,53.392888,-6.38159
1_103,53.393786,-6.381535
1_104,53.394684,-6.381479
1_105,53.395582,-6.381424
1_106,53.39648,-6.381369
1_107,53.397378,-6.381314
1_108,53.398276,-6.381259
1_109,53.399173,-6.381204
1_110,53.400071,-6.381148
1_111,53.400969,-6.381093
1_112,53.401867,-6.381038
1_113,53.402765,-6.380983
1_114,53.403663,-6.380928
1_115,53.404561,-6.380873
1_116,53.405459,-6.380817
1_117,53.406357,-6.380762
1_118,53.407255,-6.380707
1_119,53.408153,-6.380652
1_120,53.409051,-6.380597
1_121,53.409949,-6.380541
1_122,53.410847,-6.380486
1_123,53.411745,-6.380431
1_124,53.412643,-6.380376
1_125,53.413541,-6.380321
1_126,53.414438,-6.380265
2_0,53.301264,-6.3857
2_1,53.302162,-6.385645
2_2,53.30306,-6.385591
2_3,53.303958,-6.385536
2_4,53.304856,-6.385481
2_5,53.305754,-6.385426
2_6,53.306652,-6.385371
2_7,53.30755,-6.385316
2_8,53.308447,-6.385261
2_9,53.309345,-6.385206
2_10,53.310243,-6.385151
2_11,53.311141,-6.385097
2_12,53.312039,-6.385042
2_13,53.312937,-6.384987
2_14,53.313835,-6.384932
2_15,53.314733,-6.384877
2_16,53.315631,-6.384822
2_17,53.316529,-6.384767
2_18,53.317427,-6.384712
2_19,53.318325,-6.384657
2_20,53.319223,-6.384602
2_21,53.320121,-6.384547
2_22,53.321019,-6.384492
2_23,53.321917,-6.384437
2_24,53.322815,-6.384382
2_25,53.323713,-6.384327
2_26,53.324611,-6.384273
2_27,53.325509,-6.384218
2_28,53.326407,-6.384163
2_29,53.327305,-6.384108
2_30,53.328203,-6.384053
2_31,53.329101,-6.383998
2_32,53.329998,-6.383943
2_33,53.330896,-6.383888
2_34,53.331794,-6.383833
2_35,53.332692,-6.383778
2_36,53.33359,-6.383723
2_37,53.334488,-6.383668
2_38,53.335386,-6.383613
2_39,53.336284,-6.383558
2_40,53.337182,-6.383503
2_41,53.33808,-6.383448
2_42,53.338978,-6.383393
2_43,53.339876,-6.383338
2_44,53.340774,-6.383283
2_45,53.341672,-6.383228
2_46,53.34257,-6.383173
2_47,53.343468,-6.383118
2_48,53.344366,-6.383063
2_49,53.345264,-6.383008
2_50,53.346162,-6.382953
2_51,53.34706,-6.382898
2_52,53.347958,-6.382843
2_53,53.348855,-6.382788
2_54,53.349753,-6.382733
2_55,53.350651,-6.382678
2_56,53.351549,-6.382623
2_57,53.352447,-6.382568
2_58,53.353345,-6.382513
2_59,53.354243,-6.382457
2_60,53.355141,-6.382402
2_61,53.356039,-6.382347
2_62,53.356937,-6.382292
2_63,53.357835,-6.382237
2_64,53.358733,-6.382182
2_65,53.359631,-6.382127
2_66,53.360529,-6.382072
2_67,53.361427,-6.382017
2_68,53.362325,-6.381962
2_69,53.363223,-6.381907
2_70,53.364121,-6.381852
2_71,53.365019,-6.381797
2_72,53.365917,-6.381742
2_73,53.366814,-6.381686
2_74,53.367712,-6.381631
2_75,53.36861,-6.381576
2_76,53.369508,-6.381521
2_77,53.370406,-6.381466
2_78,53.371304,-6.381411
2_79,53.372202,-6.381356
2_80,53.3731,-6.381301
2_81,53.373998,-6.381246
2_82,53.374896,-6.38119
2_83,53.375794,-6.381135
2_84,53.376692,-6.38108
2_85,53.37759,-6.381025
2_86,53.378488,-6.38097
2_87,53.379386,-6.380915
2_88,53.380284,-6.38086
2_89,53.381182,-6.380805
2_90,53.38208,-6.380749
2_91,53.382978,-6.380694
2_92,53.383875,-6.380639
2_93,53.384773,-6.380584
2_94,53.385671,-6.380529
2_95,53.386569,-6.380474
2_96,53.387467,-6.380419
2_97,53.388365,-6.380363
2_98,53.389263,-6.380308
2_99,53.390161,-6.380253
2_100,53.391059,-6.380198
2_101,53.391957,-6.380143
2_102,53.392855,-6.380088
2_103,53.393753,-6.380032
2_104,53.394651,-6.379977
2_105,53.395549,-6.379922
2_106,53.396447,-6.379867
2_107,53.397345,-6.379812
2_108,53.398243,-6.379756
2_109,53.399141,-6.379701
2_110,53.400038,-6.379646
2_111,53.400936,-6.379591
2_112,53.401834,-6.379536
2_113,53.402732,-6.37948
2_114,53.40363,-6.379425
2_115,53.404528,-6.37937
2_116,53.405426,-6.379315
2_117,53.406324,-6.379259
2_118,53.407222,-6.379204
2_119,53.40812,-6.379149
2_120,53.409018,-6.379094
2_121,53.409916,-6.379039
2_122,53.410814,-6.378983
2_123,53.411712,-6.378928
2_124,53.41261,-6.378873
2_125,53.413508,-6.378818
2_126,53.414405,-6.378762
3_0,53.301231,-6.384201
3_1,53.302129,-6.384146
3_2,53.303027,-6.384092
3_3,53.303925,-6.384037
3_4,53.304823,-6.383982
3_5,53.305721,-6.383927
3_6,53.306619,-6.383872
3_7,53.307517,-6.383817
3_8,53.308415,-6.383762
3_9,53.309313,-6.383707
3_10,53.310211,-6.383652
3_11,53.311108,-6.383597
3_12,53.312006,-6.383542
3_13,53.312904,-6.383487
3_14,53.313802,-6.383432
3_15,53.3147,-6.383377
3_16,53.315598,-6.383322
3_17,53.316496,-6.383267
3_18,53.317394,-6.383213
3_19,53.318292,-6.383158
3_20,53.31919,-6.383103
3_21,53.320088,-6.383048
3_22,53.320986,-6.382993
3_23,53.321884,-6.382938
3_24,53.322782,-6.382883
3_25,53.32368,-6.382828
3_26,53.324578,-6.382773
3_27,53.325476,-6.382718
3_28,53.326374,-6.382663
3_29,53.327272,-6.382608
3_30,53.32817,-6.382553
3_31,53.329068,-6.382498
3_32,53.329966,-6.382443
3_33,53.330864,-6.382388
3_34,53.331761,-6.382333
3_35,53.332659,-6.382278
3_36,53.333557,-6.382223
3_37,53.334455,-6.382168
3_38,53.335353,-6.382113
3_39,53.336251,-6.382058
3_40,53.337149,-6.382003
3_41,53.338047,-6.381948
3_42,53.338945,-6.381893
3_43,53.339843,-6.381838
3_44,53.340741,-6.381783
3_45,53.341639,-6.381727
3_46,53.342537,-6.381672
3_47,53.343435,-6.381617
3_48,53.344333,-6.381562
3_49,53.345231,-6.381507
3_50,53.346129,-6.381452
3_51,53.347027,-6.381397
3_52,53.347925,-6.381342
3_53,53.348823,-6.381287
3_54,53.349721,-6.381232
3_55,53.350618,-6.381177
3_56,53.351516,-6.381122
3_57,53.352414,-6.381067
3_58,53.353312,-6.381012
3_59,53.35421,-6.380957
3_60,53.355108,-6.380902
3_61,53.356006,-6.380846
3_62,53.356904,-6.380791
3_63,53.357802,-6.380736
3_64,53.3587,-6.380681
3_65,53.359598,-6.380626
3_66,53.360496,-6.380571
3_67,53.361394,-6.380516
3_68,53.362292,-6.380461
3_69,53.36319,-6.380406
3_70,53.364088,-6.380351
3_71,53.364986,-6.380295
3_72,53.365884,-6.38024
3_73,53.366782,-6.380185
3_74,53.367679,-6.38013
3_75,53.368577,-6.380075
3_76,53.369475,-6.38002
3_77,53.370373,-6.379965
3_78,53.371271,-6.37991
3_79,53.372169,-6.379854
3_80,53.373067,-6.379799
3_81,53.373965,-6.379744
3_82,53.374863,-6.379689
3_83,53.375761,-6.379634
3_84,53.376659,-6.379579
3_85,53.377557,-6.379523
3_86,53.378455,-6.379468
3_87,53.379353,-6.379413
3_88,53.380251,-6.379358
3_89,53.381149,-6.379303
3_90,53.382047,-6.379248
3_91,53.382945,-6.379192
3_92,53.383842,-6.379137
3_93,53.38474,-6.379082
3_94,53.385638,-6.379027
3_95,53.386536,-6.378972
3_96,53.387434,-6.378917
3_97,53.388332,-6.378861
3_98,53.38923,-6.378806
3_99,53.390128,-6.378751
3_100,53.391026,-6.378696
3_101,53.391924,-6.378641
3_102,53.392822,-6.378585
3_103,53.39372,-6.37853
3_104,53.394618,-6.378475
3_105,53.395516,-6.37842
3_106,53.396414,-6.378364
3_107,53.397312,-6.378309
3_108,53.39821,-6.378254
3_109,53.399108,-6.378199
3_110,53.400005,-6.378144
3_111,53.400903,-6.378088
3_112,53.401801,-6.378033
3_113,53.402699,-6.377978
3_114,53.403597,-6.377923
3_115,53.404495,-6.377867
3_116,53.405393,-6.377812
3_117,53.406291,-6.377757
3_118,53.407189,-6.377702
3_119,53.408087,-6.377646
3_120,53.408985,-6.377591
3_121,53.409883,-6.377536
3_122,53.410781,-6.377481
3_123,53.411679,-6.377425
3_124,53.412577,-6.37737
3_125,53.413475,-6.377315
3_126,53.414372,-6.377259
4_0,53.301198,-6.382702
4_1,53.302096,-6.382647
4_2,53.302994,-6.382592
4_3,53.303892,-6.382538
4_4,53.30479,-6.382483
4_5,53.305688,-6.382428
4_6,53.306586,-6.382373
4_7,53.307484,-6.382318
4_8,53.308382,-6.382263
4_9,53.30928,-6.382208
4_10,53.310178,-6.382153
4_11,53.311076,-6.382098
4_12,53.311974,-6.382043
4_13,53.312871,-6.381988
4_14,53.313769,-6.381933
4_15,53.314667,-6.381878
4_16,53.315565,-6.381823
4_17,53.316463,-6.381768
4_18,53.317361,-6.381713
4_19,53.318259,-6.381658
4_20,53.319157,-6.381603
4_21,53.320055,-6.381548
4_22,53.320953,-6.381493
4_23,53.321851,-6.381438
4_24,53.322749,-6.381383
4_25,53.323647,-6.381328
4_26,53.324545,-6.381273
4_27,53.325443,-6.381218
4_28,53.326341,-6.381163
4_29,53.327239,-6.381108
4_30,53.328137,-6.381053
4_31,53.329035,-6.380998
4_32,53.329933,-6.380943
4_33,53.330831,-6.380888
4_34,53.331729,-6.380833
4_35,53.332626,-6.380778
4_36,53.333524,-6.380723
4_37,53.334422,-6.380668
4_38,53.33532,-6.380613
4_39,53.336218,-6.380557
4_40,53.337116,-6.380502
4_41,53.338014,-6.380447
4_42,53.338912,-6.380392
4_43,53.33981,-6.380337
4_44,53.340708,-6.380282
4_45,53.341606,-6.380227
4_46,53.342504,-6.380172
4_47,53.343402,-6.380117
4_48,53.3443,-6.380062
4_49,53.345198,-6.380007
4_50,53.346096,-6.379952
4_51,53.346994,-6.379897
4_52,53.347892,-6.379842
4_53,53.34879,-6.379786
4_54,53.349688,-6.379731
4_55,53.350585,-6.379676
4_56,53.351483,-6.379621
4_57,53.352381,-6.379566
4_58,53.353279,-6.379511
4_59,53.354177,-6.379456
4_60,53.355075,-6.379401
4_61,53.355973,-6.379346
4_62,53.356871,-6.37929
4_63,53.357769,-6.379235
4_64,53.358667,-6.37918
4_65,53.359565,-6.379125
4_66,53.360463,-6.37907
4_67,53.361361,-6.379015
4_68,53.362259,-6.37896
4_69,53.363157,-6.378904
4_70,53.364055,-6.378849
4_71,53.364953,-6.378794
4_72,53.365851,-6.378739
4_73,53.366749,-6.378684
4_74,53.367646,-6.378629
4_75,53.368544,-6.378574
4_76,53.369442,-6.378518
4_77,53.37034,-6.378463
4_78,53.371238,-6.378408
4_79,53.372136,-6.378353
4_80,53.373034,-6.378298
4_81,53.373932,-6.378243
4_82,53.37483,-6.378187
4_83,53.375728,-6.378132
4_84,53.376626,-6.378077
4_85,53.377524,-6.378022
4_86,53.378422,-6.377967
4_87,53.37932,-6.377911
4_88,53.380218,-6.377856
4_89,53.381116,-6.377801
4_90,53.382014,-6.377746
4_91,53.382912,-6.377691
4_92,53.383809,-6.377635
4_93,53.384707,-6.37758
4_94,53.385605,-6.377525
4_95,53.386503,-6.37747
4_96,53.387401,-6.377415
4_97,53.388299,-6.377359
4_98,53.389197,-6.377304
4_99,53.390095,-6.377249
4_100,53.390993,-6.377194
4_101,53.391891,-6.377138
4_102,53.392789,-6.377083
4_103,53.393687,-6.377028
4_104,53.394585,-6.376973
4_105,53.395483,-6.376917
4_106,53.396381,-6.376862
4_107,53.397279,-6.376807
4_108,53.398177,-6.376752
4_109,53.399074,-6.376696
4_110,53.399972,-6.376641
4_111,53.40087,-6.376586
4_112,53.401768,-6.376531
4_113,53.402666,-6.376475
4_114,53.403564,-6.37642
4_115,53.404462,-6.376365
4_116,53.40536,-6.376309
4_117,53.406258,-6.376254
4_118,53.407156,-6.376199
4_119,53.408054,-6.376144
4_120,53.408952,-6.376088
4_121,53.40985,-6.376033
4_122,53.410748,-6.375978
4_123,53.411646,-6.375922
4_124,53.412544,-6.375867
4_125,53.413442,-6.375812
4_126,53.414339,-6.375756
5_0,53.301165,-6.381203
5_1,53.302063,-6.381148
5_2,53.302961,-6.381093
5_3,53.303859,-6.381038
5_4,53.304757,-6.380983
5_5,53.305655,-6.380929
5_6,53.306553,-6.380874
5_7,53.307451,-6.380819
5_8,53.308349,-6.380764
5_9,53.309247,-6.380709
5_10,53.310145,-6.380654
5_11,53.311043,-6.380599
5_12,53.311941,-6.380544
5_13,53.312839,-6.380489
5_14,53.313736,-6.380434
5_15,53.314634,-6.380378
5_16,53.315532,-6.380323
5_17,53.31643,-6.380268
5_18,53.317328,-6.380213
5_19,53.318226,-6.380158
5_20,53.319124,-6.380103
5_21,53.320022,-6.380048
5_22,53.32092,-6.379993
5_23,53.321818,-6.379938
5_24,53.322716,-6.379883
5_25,53.323614,-6.379828
5_26,53.324512,-6.379773
5_27,53.32541,-6.379718
5_28,53.326308,-6.379663
5_29,53.327206,-6.379608
5_30,53.328104,-6.379553
5_31,53.329002,-6.379498
5_32,53.3299,-6.379443
5_33,53.330798,-6.379388
5_34,53.331696,-6.379333
5_35,53.332594,-6.379278
5_36,53.333491,-6.379223
5_37,53.334389,-6.379167
5_38,53.335287,-6.379112
5_39,53.336185,-6.379057
5_40,53.337083,-6.379002
5_41,53.337981,-6.378947
5_42,53.338879,-6.378892
5_43,53.339777,-6.378837
5_44,53.340675,-6.378782
5_45,53.341573,-6.378727
5_46,53.342471,-6.378672
5_47,53.343369,-6.378616
5_48,53.344267,-6.378561
5_49,53.345165,-6.378506
5_50,53.346063,-6.378451
5_51,53.346961,-6.378396
5_52,53.347859,-6.378341
5_53,53.348757,-6.378286
5_54,53.349655,-6.378231
5_55,53.350553,-6.378176
5_56,53.35145,-6.37812
5_57,53.352348,-6.378065
5_58,53.353246,-6.37801
5_59,53.354144,-6.377955
5_60,53.355042,-6.3779
5_61,53.35594,-6.377845
5_62,53.356838,-6.377789
5_63,53.357736,-6.377734
5_64,53.358634,-6.377679
5_65,53.359532,-6.377624
5_66,53.36043,-6.377569
5_67,53.361328,-6.377514
5_68,53.362226,-6.377459
5_69,53.363124,-6.377403
5_70,53.364022,-6.377348
5_71,53.36492,-6.377293
5_72,53.365818,-6.377238
5_73,53.366716,-6.377183
5_74,53.367613,-6.377127
5_75,53.368511,-6.377072
5_76,53.369409,-6.377017
5_77,53.370307,-6.376962
5_78,53.371205,-6.376907
5_79,53.372103,-6.376851
5_80,53.373001,-6.376796
5_81,53.373899,-6.376741
5_82,53.374797,-6.376686
5_83,53.375695,-6.376631
5_84,53.376593,-6.376575
5_85,53.377491,-6.37652
5_86,53.378389,-6.376465
5_87,53.379287,-6.37641
5_88,53.380185,-6.376354
5_89,53.381083,-6.376299
5_90,53.381981,-6.376244
5_91,53.382879,-6.376189
5_92,53.383776,-6.376134
5_93,53.384674,-6.376078
5_94,53.385572,-6.376023
5_95,53.38647,-6.375968
5_96,53.387368,-6.375913
5_97,53.388266,-6.375857
5_98,53.389164,-6.375802
5_99,53.390062,-6.375747
5_100,53.39096,-6.375691
5_101,53.391858,-6.375636
5_102,53.392756,-6.375581
5_103,53.393654,-6.375526
5_104,53.394552,-6.37547
5_105,53.39545,-6.375415
5_106,53.396348,-6.37536
5_107,53.397246,-6.375305
5_108,53.398144,-6.375249
5_109,53.399041,-6.375194
5_110,53.399939,-6.375139
5_111,53.400837,-6.375083
5_112,53.401735,-6.375028
5_113,53.402633,-6.374973
5_114,53.403531,-6.374917
5_115,53.404429,-6.374862
5_116,53.405327,-6.374807
5_117,53.406225,-6.374752
5_118,53.407123,-6.374696
5_119,53.408021,-6.374641
5_120,53.408919,-6.374586
5_121,53.409817,-6.37453
5_122,53.410715,-6.374475
5_123,53.411613,-6.37442
5_124,53.412511,-6.374364
5_125,53.413408,-6.374309
5_126,53.414306,-6.374254
6_0,53.301132,-6.379704
6_1,53.30203,-6.379649
6_2,53.302928,-6.379594
6_3,53.303826,-6.379539
6_4,53.304724,-6.379484
6_5,53.305622,-6.379429
6_6,53.30652,-6.379374
6_7,53.307418,-6.379319
6_8,53.308316,-6.379264
6_9,53.309214,-6.379209
6_10,53.310112,-6.379154
6_11,53.31101,-6.379099
6_12,53.311908,-6.379044
6_13,53.312806,-6.378989
6_14,53.313704,-6.378934
6_15,53.314601,-6.378879
6_16,53.315499,-6.378824
6_17,53.316397,-6.378769
6_18,53.317295,-6.378714
6_19,53.318193,-6.378659
6_20,53.319091,-6.378604
6_21,53.319989,-6.378549
6_22,53.320887,-6.378494
6_23,53.321785,-6.378439
6_24,53.322683,-6.378384
6_25,53.323581,-6.378328
6_26,53.324479,-6.378273
6_27,53.325377,-6.378218
6_28,53.326275,-6.378163
6_29,53.327173,-6.378108
6_30,53.328071,-6.378053
6_31,53.328969,-6.377998
6_32,53.329867,-6.377943
6_33,53.330765,-6.377888
6_34,53.331663,-6.377833
6_35,53.332561,-6.377778
6_36,53.333458,-6.377722
6_37,53.334356,-6.377667
6_38,53.335254,-6.377612
6_39,53.336152,-6.377557
6_40,53.33705,-6.377502
6_41,53.337948,-6.377447
6_42,53.338846,-6.377392
6_43,53.339744,-6.377337
6_44,53.340642,-6.377281
6_45,53.34154,-6.377226
6_46,53.342438,-6.377171
6_47,53.343336,-6.377116
6_48,53.344234,-6.377061
6_49,53.345132,-6.377006
6_50,53.34603,-6.376951
6_51,53.346928,-6.376895
6_52,53.347826,-6.37684
6_53,53.348724,-6.376785
6_54,53.349622,-6.37673
6_55,53.35052,-6.376675
6_56,53.351417,-6.37662
6_57,53.352315,-6.376564
6_58,53.353213,-6.376509
6_59,53.354111,-6.376454
6_60,53.355009,-6.376399
6_61,53.355907,-6.376344
6_62,53.356805,-6.376289
6_63,53.357703,-6.376233
6_64,53.358601,-6.376178
6_65,53.359499,-6.376123
6_66,53.360397,-6.376068
6_67,53.361295,-6.376013
6_68,53.362193,-6.375957
6_69,53.363091,-6.375902
6_70,53.363989,-6.375847
6_71,53.364887,-6.375792
6_72,53.365785,-6.375737
6_73,53.366683,-6.375681
6_74,53.36758,-6.375626
6_75,53.368478,-6.375571
6_76,53.369376,-6.375516
6_77,53.370274,-6.37546
6_78,53.371172,-6.375405
6_79,53.37207,-6.37535
6_80,53.372968,-6.375295
6_81,53.373866,-6.37524
6_82,53.374764,-6.375184
6_83,53.375662,-6.375129
6_84,53.37656,-6.375074
6_85,53.377458,-6.375019
6_86,53.378356,-6.374963
6_87,53.379254,-6.374908
6_88,53.380152,-6.374853
6_89,53.38105,-6.374797
6_90,53.381948,-6.374742
6_91,53.382845,-6.374687
6_92,53.383743,-6.374632
6_93,53.384641,-6.374576
6_94,53.385539,-6.374521
6_95,53.386437,-6.374466
6_96,53.387335,-6.374411
6_97,53.388233,-6.374355
6_98,53.389131,-6.3743
6_99,53.390029,-6.374245
6_100,53.390927,-6.374189
6_101,53.391825,-6.374134
6_102,53.392723,-6.374079
6_103,53.393621,-6.374023
6_104,53.394519,-6.373968
6_105,53.395417,-6.373913
6_106,53.396315,-6.373858
6_107,53.397213,-6.373802
6_108,53.39811,-6.373747
6_109,53.399008,-6.373692
6_110,53.399906,-6.373636
6_111,53.400804,-6.373581
6_112,53.401702,-6.373526
6_113,53.4026,-6.37347
6_114,53.403498,-6.373415
6_115,53.404396,-6.37336
6_116,53.405294,-6.373304
6_117,53.406192,-6.373249
6_118,53.40709,-6.373193
6_119,53.407988,-6.373138
6_120,53.408886,-6.373083
6_121,53.409784,-6.373027
6_122,53.410682,-6.372972
6_123,53.41158,-6.372917
6_124,53.412477,-6.372861
6_125,53.413375,-6.372806
6_126,53.414273,-6.372751
7_0,53.301099,-6.378205
7_1,53.301997,-6.37815
7_2,53.302895,-6.378095
7_3,53.303793,-6.37804
7_4,53.304691,-6.377985
7_5,53.305589,-6.37793
7_6,53.306487,-6.377875
7_7,53.307385,-6.37782
7_8,53.308283,-6.377765
7_9,53.309181,-6.37771
7_10,53.310079,-6.377655
7_11,53.310977,-6.3776
7_12,53.311875,-6.377545
7_13,53.312773,-6.37749
7_14,53.313671,-6.377435
7_15,53.314569,-6.37738
7_16,53.315466,-6.377325
7_17,53.316364,-6.377269
7_18,53.317262,-6.377214
7_19,53.31816,-6.377159
7_20,53.319058,-6.377104
7_21,53.319956,-6.377049
7_22,53.320854,-6.376994
7_23,53.321752,-6.376939
7_24,53.32265,-6.376884
7_25,53.323548,-6.376829
7_26,53.324446,-6.376774
7_27,53.325344,-6.376718
7_28,53.326242,-6.376663
7_29,53.32714,-6.376608
7_30,53.328038,-6.376553
7_31,53.328936,-6.376498
7_32,53.329834,-6.376443
7_33,53.330732,-6.376388
7_34,53.33163,-6.376333
7_35,53.332528,-6.376277
7_36,53.333425,-6.376222
7_37,53.334323,-6.376167
7_38,53.335221,-6.376112
7_39,53.336119,-6.376057
7_40,53.337017,-6.376002
7_41,53.337915,-6.375947
7_42,53.338813,-6.375891
7_43,53.339711,-6.375836
7_44,53.340609,-6.375781
7_45,53.341507,-6.375726
7_46,53.342405,-6.375671
7_47,53.343303,-6.375616
7_48,53.344201,-6.37556
7_49,53.345099,-6.375505
7_50,53.345997,-6.37545
7_51,53.346895,-6.375395
7_52,53.347793,-6.37534
7_53,53.348691,-6.375284
7_54,53.349589,-6.375229
7_55,53.350486,-6.375174
7_56,53.351384,-6.375119
7_57,53.352282,-6.375064
7_58,53.35318,-6.375008
7_59,53.354078,-6.374953
7_60,53.354976,-6.374898
7_61,53.355874,-6.374843
7_62,53.356772,-6.374788
7_63,53.35767,-6.374732
7_64,53.358568,-6.374677
7_65,53.359466,-6.374622
7_66,53.360364,-6.374567
7_67,53.361262,-6.374512
7_68,53.36216,-6.374456
7_69,53.363058,-6.374401
7_70,53.363956,-6.374346
7_71,53.364854,-6.374291
7_72,53.365752,-6.374235
7_73,53.366649,-6.37418
7_74,53.367547,-6.374125
7_75,53.368445,-6.37407
7_76,53.369343,-6.374014
7_77,53.370241,-6.373959
7_78,53.371139,-6.373904
7_79,53.372037,-6.373849
7_80,53.372935,-6.373793
7_81,53.373833,-6.373738
7_82,53.374731,-6.373683
7_83,53.375629,-6.373627
7_84,53.376527,-6.373572
7_85,53.377425,-6.373517
7_86,53.378323,-6.373462
7_87,53.379221,-6.373406
7_88,53.380119,-6.373351
7_89,53.381017,-6.373296
7_90,53.381914,-6.37324
7_91,53.382812,-6.373185
7_92,53.38371,-6.37313
7_93,53.384608,-6.373074
7_94,53.385506,-6.373019
7_95,53.386404,-6.372964
7_96,53.387302,-6.372909
7_97,53.3882,-6.372853
7_98,53.389098,-6.372798
7_99,53.389996,-6.372743
7_100,53.390894,-6.372687
7_101,53.391792,-6.372632
7_102,53.39269,-6.372577
7_103,53.393588,-6.372521
7_104,53.394486,-6.372466
7_105,53.395384,-6.372411
7_106,53.396282,-6.372355
7_107,53.397179,-6.3723
7_108,53.398077,-6.372245
7_109,53.398975,-6.372189
7_110,53.399873,-6.372134
7_111,53.400771,-6.372078
7_112,53.401669,-6.372023
7_113,53.402567,-6.371968
7_114,53.403465,-6.371912
7_115,53.404363,-6.371857
7_116,53.405261,-6.371802
7_117,53.406159,-6.371746
7_118,53.407057,-6.371691
7_119,53.407955,-6.371635
7_120,53.408853,-6.37158
7_121,53.409751,-6.371525
7_122,53.410648,-6.371469
7_123,53.411546,-6.371414
7_124,53.412444,-6.371358
7_125,53.413342,-6.371303
7_126,53.41424,-6.371248
8_0,53.301066,-6.376706
8_1,53.301964,-6.376651
8_2,53.302862,-6.376596
8_3,53.30376,-6.376541
8_4,53.304658,-6.376486
8_5,53.305556,-6.376431
8_6,53.306454,-6.376376
8_7,53.307352,-6.376321
8_8,53.30825,-6.376266
8_9,53.309148,-6.376211
8_10,53.310046,-6.376156
8_11,53.310944,-6.376101
8_12,53.311842,-6.376045
8_13,53.31274,-6.37599
8_14,53.313638,-6.375935
8_15,53.314536,-6.37588
8_16,53.315433,-6.375825
8_17,53.316331,-6.37577
8_18,53.317229,-6.375715
8_19,53.318127,-6.37566
8_20,53.319025,-6.375605
8_21,53.319923,-6.375549
8_22,53.320821,-6.375494
8_23,53.321719,-6.375439
8_24,53.322617,-6.375384
8_25,53.323515,-6.375329
8_26,53.324413,-6.375274
8_27,53.325311,-6.375219
8_28,53.326209,-6.375163
8_29,53.327107,-6.375108
8_30,53.328005,-6.375053
8_31,53.328903,-6.374998
8_32,53.329801,-6.374943
8_33,53.330699,-6.374888
8_34,53.331597,-6.374833
8_35,53.332495,-6.374777
8_36,53.333392,-6.374722
8_37,53.33429,-6.374667
8_38,53.335188,-6.374612
8_39,53.336086,-6.374557
8_40,53.336984,-6.374501
8_41,53.337882,-6.374446
8_42,53.33878,-6.374391
8_43,53.339678,-6.374336
8_44,53.340576,-6.374281
8_45,53.341474,-6.374226
8_46,53.342372,-6.37417
8_47,53.34327,-6.374115
8_48,53.344168,-6.37406
8_49,53.345066,-6.374005
8_50,53.345964,-6.37395
8_51,53.346862,-6.373894
8_52,53.34776,-6.373839
8_53,53.348658,-6.373784
8_54,53.349556,-6.373729
8_55,53.350453,-6.373673
8_56,53.351351,-6.373618
8_57,53.352249,-6.373563
8_58,53.353147,-6.373508
8_59,53.354045,-6.373452
8_60,53.354943,-6.373397
8_61,53.355841,-6.373342
8_62,53.356739,-6.373287
8_63,53.357637,-6.373231
8_64,53.358535,-6.373176
8_65,53.359433,-6.373121
8_66,53.360331,-6.373066
8_67,53.361229,-6.37301
8_68,53.362127,-6.372955
8_69,53.363025,-6.3729
8_70,53.363923,-6.372845
8_71,53.364821,-6.372789
8_72,53.365718,-6.372734
8_73,53.366616,-6.372679
8_74,53.367514,-6.372624
8_75,53.368412,-6.372568
8_76,53.36931,-6.372513
8_77,53.370208,-6.372458
8_78,53.371106,-6.372402
8_79,53.372004,-6.372347
8_80,53.372902,-6.372292
8_81,53.3738,-6.372236
8_82,53.374698,-6.372181
8_83,53.375596,-6.372126
8_84,53.376494,-6.372071
8_85,53.377392,-6.372015
8_86,53.37829,-6.37196
8_87,53.379188,-6.371905
8_88,53.380086,-6.371849
8_89,53.380983,-6.371794
8_90,53.381881,-6.371739
8_91,53.382779,-6.371683
8_92,53.383677,-6.371628
8_93,53.384575,-6.371573
8_94,53.385473,-6.371517
8_95,53.386371,-6.371462
8_96,53.387269,-6.371407
8_97,53.388167,-6.371351
8_98,53.389065,-6.371296
8_99,53.389963,-6.37124
8_100,53.390861,-6.371185
8_101,53.391759,-6.37113
8_102,53.392657,-6.371074
8_103,53.393555,-6.371019
8_104,53.394453,-6.370964
8_105,53.39535,-6.370908
8_106,53.396248,-6.370853
8_107,53.397146,-6.370798
8_108,53.398044,-6.370742
8_109,53.398942,-6.370687
8_110,53.39984,-6.370631
8_111,53.400738,-6.370576
8_112,53.401636,-6.370521
8_113,53.402534,-6.370465
8_114,53.403432,-6.37041
8_115,53.40433,-6.370354
8_116,53.405228,-6.370299
8_117,53.406126,-6.370244
8_118,53.407024,-6.370188
8_119,53.407922,-6.370133
8_120,53.40882,-6.370077
8_121,53.409717,-6.370022
8_122,53.410615,-6.369966
8_123,53.411513,-6.369911
8_124,53.412411,-6.369856
8_125,53.413309,-6.3698
8_126,53.414207,-6.369745
9_0,53.301033,-6.375208
9_1,53.301931,-6.375152
9_2,53.302829,-6.375097
9_3,53.303727,-6.375042
9_4,53.304625,-6.374987
9_5,53.305523,-6.374932
9_6,53.306421,-6.374877
9_7,53.307319,-6.374822
9_8,53.308217,-6.374767
9_9,53.309115,-6.374712
9_10,53.310013,-6.374656
9_11,53.310911,-6.374601
9_12,53.311809,-6.374546
9_13,53.312707,-6.374491
9_14,53.313605,-6.374436
9_15,53.314503,-6.374381
9_16,53.3154,-6.374326
9_17,53.316298,-6.37427
9_18,53.317196,-6.374215
9_19,53.318094,-6.37416
9_20,53.318992,-6.374105
9_21,53.31989,-6.37405
9_22,53.320788,-6.373995
9_23,53.321686,-6.37394
9_24,53.322584,-6.373884
9_25,53.323482,-6.373829
9_26,53.32438,-6.373774
9_27,53.325278,-6.373719
9_28,53.326176,-6.373664
9_29,53.327074,-6.373608
9_30,53.327972,-6.373553
9_31,53.32887,-6.373498
9_32,53.329768,-6.373443
9_33,53.330666,-6.373388
9_34,53.331564,-6.373333
9_35,53.332461,-6.373277
9_36,53.333359,-6.373222
9_37,53.334257,-6.373167
9_38,53.335155,-6.373112
9_39,53.336053,-6.373056
9_40,53.336951,-6.373001
9_41,53.337849,-6.372946
9_42,53.338747,-6.372891
9_43,53.339645,-6.372836
9_44,53.340543,-6.37278
9_45,53.341441,-6.372725
9_46,53.342339,-6.37267
9_47,53.343237,-6.372615
9_48,53.344135,-6.372559
9_49,53.345033,-6.372504
9_50,53.345931,-6.372449
9_51,53.346829,-6.372394
9_52,53.347727,-6.372338
9_53,53.348625,-6.372283
9_54,53.349522,-6.372228
9_55,53.35042,-6.372173
9_56,53.351318,-6.372117
9_57,53.352216,-6.372062
9_58,53.353114,-6.372007
9_59,53.354012,-6.371952
9_60,53.35491,-6.371896
9_61,53.355808,-6.371841
9_62,53.356706,-6.371786
9_63,53.357604,-6.371731
9_64,53.358502,-6.371675
9_65,53.3594,-6.37162
9_66,53.360298,-6.371565
9_67,53.361196,-6.371509
9_68,53.362094,-6.371454
9_69,53.362992,-6.371399
9_70,53.36389,-6.371343
9_71,53.364787,-6.371288
9_72,53.365685,-6.371233
9_73,53.366583,-6.371178
9_74,53.367481,-6.371122
9_75,53.368379,-6.371067
9_76,53.369277,-6.371012
9_77,53.370175,-6.370956
9_78,53.371073,-6.370901
9_79,53.371971,-6.370846
9_80,53.372869,-6.37079
9_81,53.373767,-6.370735
9_82,53.374665,-6.37068
9_83,53.375563,-6.370624
9_84,53.376461,-6.370569
9_85,53.377359,-6.370514
9_86,53.378257,-6.370458
9_87,53.379155,-6.370403
9_88,53.380052,-6.370348
9_89,53.38095,-6.370292
9_90,53.381848,-6.370237
9_91,53.382746,-6.370181
9_92,53.383644,-6.370126
9_93,53.384542,-6.370071
9_94,53.38544,-6.370015
9_95,53.386338,-6.36996
9_96,53.387236,-6.369905
9_97,53.388134,-6.369849
9_98,53.389032,-6.369794
9_99,53.38993,-6.369738
9_100,53.390828,-6.369683
9_101,53.391726,-6.369628
9_102,53.392624,-6.369572
9_103,53.393522,-6.369517
9_104,53.394419,-6.369461
9_105,53.395317,-6.369406
9_106,53.396215,-6.369351
9_107,53.397113,-6.369295
9_108,53.398011,-6.36924
9_109,53.398909,-6.369184
9_110,53.399807,-6.369129
9_111,53.400705,-6.369074
9_112,53.401603,-6.369018
9_113,53.402501,-6.368963
9_114,53.403399,-6.368907
9_115,53.404297,-6.368852
9_116,53.405195,-6.368796
9_117,53.406093,-6.368741
9_118,53.406991,-6.368685
9_119,53.407888,-6.36863
9_120,53.408786,-6.368575
9_121,53.409684,-6.368519
9_122,53.410582,-6.368464
9_123,53.41148,-6.368408
9_124,53.412378,-6.368353
9_125,53.413276,-6.368297
9_126,53.414174,-6.368242
10_0,53.301,-6.373709
10_1,53.301898,-6.373653
10_2,53.302796,-6.373598
10_3,53.303694,-6.373543
10_4,53.304592,-6.373488
10_5,53.30549,-6.373433
10_6,53.306388,-6.373378
10_7,53.307286,-6.373323
10_8,53.308184,-6.373267
10_9,53.309082,-6.373212
10_10,53.30998,-6.373157
10_11,53.310878,-6.373102
10_12,53.311776,-6.373047
10_13,53.312674,-6.372992
10_14,53.313572,-6.372936
10_15,53.314469,-6.372881
10_16,53.315367,-6.372826
10_17,53.316265,-6.372771
10_18,53.317163,-6.372716
10_19,53.318061,-6.372661
10_20,53.318959,-6.372605
10_21,53.319857,-6.37255
10_22,53.320755,-6.372495
10_23,53.321653,-6.37244
10_24,53.322551,-6.372385
10_25,53.323449,-6.372329
10_26,53.324347,-6.372274
10_27,53.325245,-6.372219
10_28,53.326143,-6.372164
10_29,53.327041,-6.372109
10_30,53.327939,-6.372053
10_31,53.328837,-6.371998
10_32,53.329735,-6.371943
10_33,53.330633,-6.371888
10_34,53.33153,-6.371832
10_35,53.332428,-6.371777
10_36,53.333326,-6.371722
10_37,53.334224,-6.371667
10_38,53.335122,-6.371612
10_39,53.33602,-6.371556
10_40,53.336918,-6.371501
10_41,53.337816,-6.371446
10_42,53.338714,-6.371391
10_43,53.339612,-6.371335
10_44,53.34051,-6.37128
10_45,53.341408,-6.371225
10_46,53.342306,-6.37117
10_47,53.343204,-6.371114
10_48,53.344102,-6.371059
10_49,53.345,-6.371004
10_50,53.345898,-6.370948
10_51,53.346796,-6.370893
10_52,53.347694,-6.370838
10_53,53.348591,-6.370783
10_54,53.349489,-6.370727
10_55,53.350387,-6.370672
10_56,53.351285,-6.370617
10_57,53.352183,-6.370561
10_58,53.353081,-6.370506
10_59,53.353979,-6.370451
10_60,53.354877,-6.370396
10_61,53.355775,-6.37034
10_62,53.356673,-6.370285
10_63,53.357571,-6.37023
10_64,53.358469,-6.370174
10_65,53.359367,-6.370119
10_66,53.360265,-6.370064
10_67,53.361163,-6.370008
10_68,53.362061,-6.369953
10_69,53.362959,-6.369898
10_70,53.363856,-6.369842
10_71,53.364754,-6.369787
10_72,53.365652,-6.369732
10_73,53.36655,-6.369676
10_74,53.367448,-6.369621
10_75,53.368346,-6.369566
10_76,53.369244,-6.36951
10_77,53.370142,-6.369455
10_78,53.37104,-6.3694
10_79,53.371938,-6.369344
10_80,53.372836,-6.369289
10_81,53.373734,-6.369233
10_82,53.374632,-6.369178
10_83,53.37553,-6.369123
10_84,53.376428,-6.369067
10_85,53.377326,-6.369012
10_86,53.378223,-6.368957
10_87,53.379121,-6.368901
10_88,53.380019,-6.368846
10_89,53.380917,-6.36879
10_90,53.381815,-6.368735
10_91,53.382713,-6.36868
10_92,53.383611,-6.368624
10_93,53.384509,-6.368569
10_94,53.385407,-6.368513
10_95,53.386305,-6.368458
10_96,53.387203,-6.368403
10_97,53.388101,-6.368347
10_98,53.388999,-6.368292
10_99,53.389897,-6.368236
10_100,53.390795,-6.368181
10_101,53.391693,-6.368125
10_102,53.39259,-6.36807
10_103,53.393488,-6.368015
10_104,53.394386,-6.367959
10_105,53.395284,-6.367904
10_106,53.396182,-6.367848
10_107,53.39708,-6.367793
10_108,53.397978,-6.367737
10_109,53.398876,-6.367682
10_110,53.399774,-6.367627
10_111,53.400672,-6.367571
10_112,53.40157,-6.367516
10_113,53.402468,-6.36746
10_114,53.403366,-6.367405
10_115,53.404264,-6.367349
10_116,53.405162,-6.367294
10_117,53.406059,-6.367238
10_118,53.406957,-6.367183
10_119,53.407855,-6.367127
10_120,53.408753,-6.367072
10_121,53.409651,-6.367016
10_122,53.410549,-6.366961
10_123,53.411447,-6.366905
10_124,53.412345,-6.36685
10_125,53.413243,-6.366794
10_126,53.414141,-6.366739
11_0,53.300967,-6.37221
11_1,53.301865,-6.372154
11_2,53.302763,-6.372099
11_3,53.303661,-6.372044
11_4,53.304559,-6.371989
11_5,53.305457,-6.371934
11_6,53.306355,-6.371879
11_7,53.307253,-6.371823
11_8,53.308151,-6.371768
11_9,53.309049,-6.371713
11_10,53.309947,-6.371658
11_11,53.310845,-6.371603
11_12,53.311743,-6.371547
11_13,53.312641,-6.371492
11_14,53.313538,-6.371437
11_15,53.314436,-6.371382
11_16,53.315334,-6.371327
11_17,53.316232,-6.371271
11_18,53.31713,-6.371216
11_19,53.318028,-6.371161
11_20,53.318926,-6.371106
11_21,53.319824,-6.371051
11_22,53.320722,-6.370995
11_23,53.32162,-6.37094
11_24,53.322518,-6.370885
11_25,53.323416,-6.37083
11_26,53.324314,-6.370774
11_27,53.325212,-6.370719
11_28,53.32611,-6.370664
11_29,53.327008,-6.370609
11_30,53.327906,-6.370553
11_31,53.328804,-6.370498
11_32,53.329702,-6.370443
11_33,53.330599,-6.370388
11_34,53.331497,-6.370332
11_35,53.332395,-6.370277
11_36,53.333293,-6.370222
11_37,53.334191,-6.370167
11_38,53.335089,-6.370111
11_39,53.335987,-6.370056
11_40,53.336885,-6.370001
11_41,53.337783,-6.369946
11_42,53.338681,-6.36989
11_43,53.339579,-6.369835
11_44,53.340477,-6.36978
11_45,53.341375,-6.369724
11_46,53.342273,-6.369669
11_47,53.343171,-6.369614
11_48,53.344069,-6.369559
11_49,53.344967,-6.369503
11_50,53.345865,-6.369448
11_51,53.346762,-6.369393
11_52,53.34766,-6.369337
11_53,53.348558,-6.369282
11_54,53.349456,-6.369227
11_55,53.350354,-6.369171
11_56,53.351252,-6.369116
11_57,53.35215,-6.369061
11_58,53.353048,-6.369005
11_59,53.353946,-6.36895
11_60,53.354844,-6.368895
11_61,53.355742,-6.368839
11_62,53.35664,-6.368784
11_63,53.357538,-6.368729
11_64,53.358436,-6.368673
11_65,53.359334,-6.368618
11_66,53.360232,-6.368563
11_67,53.36113,-6.368507
11_68,53.362027,-6.368452
11_69,53.362925,-6.368397
11_70,53.363823,-6.368341
11_71,53.364721,-6.368286
11_72,53.365619,-6.36823
11_73,53.366517,-6.368175
11_74,53.367415,-6.36812
11_75,53.368313,-6.368064
11_76,53.369211,-6.368009
11_77,53.370109,-6.367954
11_78,53.371007,-6.367898
11_79,53.371905,-6.367843
11_80,53.372803,-6.367787
11_81,53.373701,-6.367732
11_82,53.374599,-6.367677
11_83,53.375497,-6.367621
11_84,53.376394,-6.367566
11_85,53.377292,-6.36751
11_86,53.37819,-6.367455
11_87,53.379088,-6.367399
11_88,53.379986,-6.367344
11_89,53.380884,-6.367289
11_90,53.381782,-6.367233
11_91,53.38268,-6.367178
11_92,53.383578,-6.367122
11_93,53.384476,-6.367067
11_94,53.385374,-6.367011
11_95,53.386272,-6.366956
11_96,53.38717,-6.366901
11_97,53.388068,-6.366845
11_98,53.388966,-6.36679
11_99,53.389863,-6.366734
11_100,53.390761,-6.366679
11_101,53.391659,-6.366623
11_102,53.392557,-6.366568
11_103,53.393455,-6.366512
11_104,53.394353,-6.366457
11_105,53.395251,-6.366401
11_106,53.396149,-6.366346
11_107,53.397047,-6.366291
11_108,53.397945,-6.366235
11_109,53.398843,-6.36618
11_110,53.399741,-6.366124
11_111,53.400639,-6.366069
11_112,53.401537,-6.366013
11_113,53.402435,-6.365958
11_114,53.403332,-6.365902
11_115,53.40423,-6.365847
11_116,53.405128,-6.365791
11_117,53.406026,-6.365736
11_118,53.406924,-6.36568
11_119,53.407822,-6.365625
11_120,53.40872,-6.365569
11_121,53.409618,-6.365514
11_122,53.410516,-6.365458
11_123,53.411414,-6.365403
11_124,53.412312,-6.365347
11_125,53.41321,-6.365291
11_126,53.414108,-6.365236
12_0,53.300934,-6.370711
12_1,53.301832,-6.370655
12_2,53.30273,-6.3706
12_3,53.303628,-6.370545
12_4,53.304526,-6.37049
12_5,53.305424,-6.370435
12_6,53.306322,-6.370379
12_7,53.30722,-6.370324
12_8,53.308118,-6.370269
12_9,53.309016,-6.370214
12_10,53.309914,-6.370159
12_11,53.310812,-6.370103
12_12,53.31171,-6.370048
12_13,53.312607,-6.369993
12_14,53.313505,-6.369938
12_15,53.314403,-6.369882
12_16,53.315301,-6.369827
12_17,53.316199,-6.369772
12_18,53.317097,-6.369717
12_19,53.317995,-6.369661
12_20,53.318893,-6.369606
12_21,53.319791,-6.369551
12_22,53.320689,-6.369496
12_23,53.321587,-6.36944
12_24,53.322485,-6.369385
12_25,53.323383,-6.36933
12_26,53.324281,-6.369275
12_27,53.325179,-6.369219
12_28,53.326077,-6.369164
12_29,53.326975,-6.369109
12_30,53.327873,-6.369054
12_31,53.328771,-6.368998
12_32,53.329668,-6.368943
12_33,53.330566,-6.368888
12_34,53.331464,-6.368832
12_35,53.332362,-6.368777
12_36,53.33326,-6.368722
12_37,53.334158,-6.368667
12_38,53.335056,-6.368611
12_39,53.335954,-6.368556
12_40,53.336852,-6.368501
12_41,53.33775,-6.368445
12_42,53.338648,-6.36839
12_43,53.339546,-6.368335
12_44,53.340444,-6.368279
12_45,53.341342,-6.368224
12_46,53.34224,-6.368169
12_47,53.343138,-6.368113
12_48,53.344036,-6.368058
12_49,53.344933,-6.368003
12_50,53.345831,-6.367947
12_51,53.346729,-6.367892
12_52,53.347627,-6.367837
12_53,53.348525,-6.367781
12_54,53.349423,-6.367726
12_55,53.350321,-6.367671
12_56,53.351219,-6.367615
12_57,53.352117,-6.36756
12_58,53.353015,-6.367505
12_59,53.353913,-6.367449
12_60,53.354811,-6.367394
12_61,53.355709,-6.367338
12_62,53.356607,-6.367283
12_63,53.357505,-6.367228
12_64,53.358403,-6.367172
12_65,53.359301,-6.367117
12_66,53.360198,-6.367062
12_67,53.361096,-6.367006
12_68,53.361994,-6.366951
12_69,53.362892,-6.366895
12_70,53.36379,-6.36684
12_71,53.364688,-6.366785
12_72,53.365586,-6.366729
12_73,53.366484,-6.366674
12_74,53.367382,-6.366618
12_75,53.36828,-6.366563
12_76,53.369178,-6.366508
12_77,53.370076,-6.366452
12_78,53.370974,-6.366397
12_79,53.371872,-6.366341
12_80,53.37277,-6.366286
12_81,53.373668,-6.36623
12_82,53.374565,-6.366175
12_83,53.375463,-6.36612
12_84,53.376361,-6.366064
12_85,53.377259,-6.366009
12_86,53.378157,-6.365953
12_87,53.379055,-6.365898
12_88,53.379953,-6.365842
12_89,53.380851,-6.365787
12_90,53.381749,-6.365731
12_91,53.382647,-6.365676
12_92,53.383545,-6.365621
12_93,53.384443,-6.365565
12_94,53.385341,-6.36551
12_95,53.386239,-6.365454
12_96,53.387137,-6.365399
12_97,53.388034,-6.365343
12_98,53.388932,-6.365288
12_99,53.38983,-6.365232
12_100,53.390728,-6.365177
12_101,53.391626,-6.365121
12_102,53.392524,-6.365066
12_103,53.393422,-6.36501
12_104,53.39432,-6.364955
12_105,53.395218,-6.364899
12_106,53.396116,-6.364844
12_107,53.397014,-6.364788
12_108,53.397912,-6.364733
12_109,53.39881,-6.364677
12_110,53.399708,-6.364622
12_111,53.400606,-6.364566
12_112,53.401503,-6.364511
12_113,53.402401,-6.364455
12_114,53.403299,-6.3644
12_115,53.404197,-6.364344
12_116,53.405095,-6.364289
12_117,53.405993,-6.364233
12_118,53.406891,-6.364177
12_119,53.407789,-6.364122
12_120,53.408687,-6.364066
12_121,53.409585,-6.364011
12_122,53.410483,-6.363955
12_123,53.411381,-6.3639
12_124,53.412279,-6.363844
12_125,53.413177,-6.363789
12_126,53.414074,-6.363733
13_0,53.300901,-6.369212
13_1,53.301799,-6.369156
13_2,53.302697,-6.369101
13_3,53.303595,-6.369046
13_4,53.304493,-6.368991
13_5,53.305391,-6.368936
13_6,53.306289,-6.36888
13_7,53.307187,-6.368825
13_8,53.308085,-6.36877
13_9,53.308983,-6.368715
13_10,53.309881,-6.368659
13_11,53.310778,-6.368604
13_12,53.311676,-6.368549
13_13,53.312574,-6.368494
13_14,53.313472,-6.368438
13_15,53.31437,-6.368383
13_16,53.315268,-6.368328
13_17,53.316166,-6.368272
13_18,53.317064,-6.368217
13_19,53.317962,-6.368162
13_20,53.31886,-6.368107
13_21,53.319758,-6.368051
13_22,53.320656,-6.367996
13_23,53.321554,-6.367941
13_24,53.322452,-6.367885
13_25,53.32335,-6.36783
13_26,53.324248,-6.367775
13_27,53.325146,-6.36772
13_28,53.326044,-6.367664
13_29,53.326942,-6.367609
13_30,53.327839,-6.367554
13_31,53.328737,-6.367498
13_32,53.329635,-6.367443
13_33,53.330533,-6.367388
13_34,53.331431,-6.367332
13_35,53.332329,-6.367277
13_36,53.333227,-6.367222
13_37,53.334125,-6.367166
13_38,53.335023,-6.367111
13_39,53.335921,-6.367056
13_40,53.336819,-6.367
13_41,53.337717,-6.366945
13_42,53.338615,-6.36689
13_43,53.339513,-6.366834
13_44,53.340411,-6.366779
13_45,53.341309,-6.366724
13_46,53.342207,-6.366668
13_47,53.343104,-6.366613
13_48,53.344002,-6.366558
13_49,53.3449,-6.366502
13_50,53.345798,-6.366447
13_51,53.346696,-6.366391
13_52,53.347594,-6.366336
13_53,53.348492,-6.366281
13_54,53.34939,-6.366225
13_55,53.350288,-6.36617
13_56,53.351186,-6.366115
13_57,53.352084,-6.366059
13_58,53.352982,-6.366004
13_59,53.35388,-6.365948
13_60,53.354778,-6.365893
13_61,53.355676,-6.365838
13_62,53.356574,-6.365782
13_63,53.357472,-6.365727
13_64,53.358369,-6.365671
13_65,53.359267,-6.365616
13_66,53.360165,-6.365561
13_67,53.361063,-6.365505
13_68,53.361961,-6.36545
13_69,53.362859,-6.365394
13_70,53.363757,-6.365339
13_71,53.364655,-6.365283
13_72,53.365553,-6.365228
13_73,53.366451,-6.365173
13_74,53.367349,-6.365117
13_75,53.368247,-6.365062
13_76,53.369145,-6.365006
13_77,53.370043,-6.364951
13_78,53.370941,-6.364895
13_79,53.371838,-6.36484
13_80,53.372736,-6.364784
13_81,53.373634,-6.364729
13_82,53.374532,-6.364673
13_83,53.37543,-6.364618
13_84,53.376328,-6.364563
13_85,53.377226,-6.364507
13_86,53.378124,-6.364452
13_87,53.379022,-6.364396
13_88,53.37992,-6.364341
13_89,53.380818,-6.364285
13_90,53.381716,-6.36423
13_91,53.382614,-6.364174
13_92,53.383512,-6.364119
13_93,53.38441,-6.364063
13_94,53.385307,-6.364008
13_95,53.386205,-6.363952
13_96,53.387103,-6.363897
13_97,53.388001,-6.363841
13_98,53.388899,-6.363786
13_99,53.389797,-6.36373
13_100,53.390695,-6.363675
13_101,53.391593,-6.363619
13_102,53.392491,-6.363564
13_103,53.393389,-6.363508
13_104,53.394287,-6.363452
13_105,53.395185,-6.363397
13_106,53.396083,-6.363341
13_107,53.396981,-6.363286
13_108,53.397879,-6.36323
13_109,53.398776,-6.363175
13_110,53.399674,-6.363119
13_111,53.400572,-6.363064
13_112,53.40147,-6.363008
13_113,53.402368,-6.362953
13_114,53.403266,-6.362897
13_115,53.404164,-6.362841
13_116,53.405062,-6.362786
13_117,53.40596,-6.36273
13_118,53.406858,-6.362675
13_119,53.407756,-6.362619
13_120,53.408654,-6.362564
13_121,53.409552,-6.362508
13_122,53.41045,-6.362452
13_123,53.411347,-6.362397
13_124,53.412245,-6.362341
13_125,53.413143,-6.362286
13_126,53.414041,-6.36223
14_0,53.300868,-6.367713
14_1,53.301766,-6.367657
14_2,53.302664,-6.367602
14_3,53.303562,-6.367547
14_4,53.30446,-6.367492
14_5,53.305358,-6.367436
14_6,53.306256,-6.367381
14_7,53.307154,-6.367326
14_8,53.308052,-6.367271
14_9,53.308949,-6.367215
14_10,53.309847,-6.36716
14_11,53.310745,-6.367105
14_12,53.311643,-6.367049
14_13,53.312541,-6.366994
14_14,53.313439,-6.366939
14_15,53.314337,-6.366884
14_16,53.315235,-6.366828
14_17,53.316133,-6.366773
14_18,53.317031,-6.366718
14_19,53.317929,-6.366662
14_20,53.318827,-6.366607
14_21,53.319725,-6.366552
14_22,53.320623,-6.366496
14_23,53.321521,-6.366441
14_24,53.322419,-6.366386
14_25,53.323317,-6.36633
14_26,53.324215,-6.366275
14_27,53.325113,-6.36622
14_28,53.32601,-6.366164
14_29,53.326908,-6.366109
14_30,53.327806,-6.366054
14_31,53.328704,-6.365998
14_32,53.329602,-6.365943
14_33,53.3305,-6.365888
14_34,53.331398,-6.365832
14_35,53.332296,-6.365777
14_36,53.333194,-6.365722
14_37,53.334092,-6.365666
14_38,53.33499,-6.365611
14_39,53.335888,-6.365556
14_40,53.336786,-6.3655
14_41,53.337684,-6.365445
14_42,53.338582,-6.365389
14_43,53.33948,-6.365334
14_44,53.340378,-6.365279
14_45,53.341275,-6.365223
14_46,53.342173,-6.365168
14_47,53.343071,-6.365113
14_48,53.343969,-6.365057
14_49,53.344867,-6.365002
14_50,53.345765,-6.364946
14_51,53.346663,-6.364891
14_52,53.347561,-6.364836
14_53,53.348459,-6.36478
14_54,53.349357,-6.364725
14_55,53.350255,-6.364669
14_56,53.351153,-6.364614
14_57,53.352051,-6.364558
14_58,53.352949,-6.364503
14_59,53.353847,-6.364448
14_60,53.354745,-6.364392
14_61,53.355642,-6.364337
14_62,53.35654,-6.364281
14_63,53.357438,-6.364226
14_64,53.358336,-6.36417
14_65,53.359234,-6.364115
14_66,53.360132,-6.36406
14_67,53.36103,-6.364004
14_68,53.361928,-6.363949
14_69,53.362826,-6.363893
14_70,53.363724,-6.363838
14_71,53.364622,-6.363782
14_72,53.36552,-6.363727
14_73,53.366418,-6.363671
14_74,53.367316,-6.363616
14_75,53.368214,-6.36356
14_76,53.369112,-6.363505
14_77,53.370009,-6.363449
14_78,53.370907,-6.363394
14_79,53.371805,-6.363338
14_80,53.372703,-6.363283
14_81,53.373601,-6.363227
14_82,53.374499,-6.363172
14_83,53.375397,-6.363116
14_84,53.376295,-6.363061
14_85,53.377193,-6.363005
14_86,53.378091,-6.36295
14_87,53.378989,-6.362894
14_88,53.379887,-6.362839
14_89,53.380785,-6.362783
14_90,53.381683,-6.362728
14_91,53.382581,-6.362672
14_92,53.383478,-6.362617
14_93,53.384376,-6.362561
14_94,53.385274,-6.362506
14_95,53.386172,-6.36245
14_96,53.38707,-6.362395
14_97,53.387968,-6.362339
14_98,53.388866,-6.362284
14_99,53.389764,-6.362228
14_100,53.390662,-6.362172
14_101,53.39156,-6.362117
14_102,53.392458,-6.362061
14_103,53.393356,-6.362006
14_104,53.394254,-6.36195
14_105,53.395152,-6.361895
14_106,53.396049,-6.361839
14_107,53.396947,-6.361784
14_108,53.397845,-6.361728
14_109,53.398743,-6.361672
14_110,53.399641,-6.361617
14_111,53.400539,-6.361561
14_112,53.401437,-6.361506
14_113,53.402335,-6.36145
14_114,53.403233,-6.361394
14_115,53.404131,-6.361339
14_116,53.405029,-6.361283
14_117,53.405927,-6.361228
14_118,53.406825,-6.361172
14_119,53.407723,-6.361116
14_120,53.40862,-6.361061
14_121,53.409518,-6.361005
14_122,53.410416,-6.36095
14_123,53.411314,-6.360894
14_124,53.412212,-6.360838
14_125,53.41311,-6.360783
14_126,53.414008,-6.360727
15_0,53.300835,-6.366214
15_1,53.301733,-6.366158
15_2,53.302631,-6.366103
15_3,53.303529,-6.366048
15_4,53.304427,-6.365993
15_5,53.305325,-6.365937
15_6,53.306223,-6.365882
15_7,53.30712,-6.365827
15_8,53.308018,-6.365771
15_9,53.308916,-6.365716
15_10,53.309814,-6.365661
15_11,53.310712,-6.365605
15_12,53.31161,-6.36555
15_13,53.312508,-6.365495
15_14,53.313406,-6.365439
15_15,53.314304,-6.365384
15_16,53.315202,-6.365329
15_17,53.3161,-6.365274
15_18,53.316998,-6.365218
15_19,53.317896,-6.365163
15_20,53.318794,-6.365107
15_21,53.319692,-6.365052
15_22,53.32059,-6.364997
15_23,53.321488,-6.364941
15_24,53.322386,-6.364886
15_25,53.323283,-6.364831
15_26,53.324181,-6.364775
15_27,53.325079,-6.36472
15_28,53.325977,-6.364665
15_29,53.326875,-6.364609
15_30,53.327773,-6.364554
15_31,53.328671,-6.364499
15_32,53.329569,-6.364443
15_33,53.330467,-6.364388
15_34,53.331365,-6.364332
15_35,53.332263,-6.364277
15_36,53.333161,-6.364222
15_37,53.334059,-6.364166
15_38,53.334957,-6.364111
15_39,53.335855,-6.364055
15_40,53.336753,-6.364
15_41,53.337651,-6.363945
15_42,53.338548,-6.363889
15_43,53.339446,-6.363834
15_44,53.340344,-6.363778
15_45,53.341242,-6.363723
15_46,53.34214,-6.363668
15_47,53.343038,-6.363612
15_48,53.343936,-6.363557
15_49,53.344834,-6.363501
15_50,53.345732,-6.363446
15_51,53.34663,-6.36339
15_52,53.347528,-6.363335
15_53,53.348426,-6.363279
15_54,53.349324,-6.363224
15_55,53.350222,-6.363169
15_56,53.35112,-6.363113
15_57,53.352018,-6.363058
15_58,53.352915,-6.363002
15_59,53.353813,-6.362947
15_60,53.354711,-6.362891
15_61,53.355609,-6.362836
15_62,53.356507,-6.36278
15_63,53.357405,-6.362725
15_64,53.358303,-6.362669
15_65,53.359201,-6.362614
15_66,53.360099,-6.362558
15_67,53.360997,-6.362503
15_68,53.361895,-6.362448
15_69,53.362793,-6.362392
15_70,53.363691,-6.362337
15_71,53.364589,-6.362281
15_72,53.365487,-6.362226
15_73,53.366385,-6.36217
15_74,53.367282,-6.362115
15_75,53.36818,-6.362059
15_76,53.369078,-6.362004
15_77,53.369976,-6.361948
15_78,53.370874,-6.361893
15_79,53.371772,-6.361837
15_80,53.37267,-6.361781
15_81,53.373568,-6.361726
15_82,53.374466,-6.36167
15_83,53.375364,-6.361615
15_84,53.376262,-6.361559
15_85,53.37716,-6.361504
15_86,53.378058,-6.361448
15_87,53.378956,-6.361393
15_88,53.379854,-6.361337
15_89,53.380751,-6.361282
15_90,53.381649,-6.361226
15_91,53.382547,-6.361171
15_92,53.383445,-6.361115
15_93,53.384343,-6.361059
15_94,53.385241,-6.361004
15_95,53.386139,-6.360948
15_96,53.387037,-6.360893
15_97,53.387935,-6.360837
15_98,53.388833,-6.360782
15_99,53.389731,-6.360726
15_100,53.390629,-6.36067
15_101,53.391527,-6.360615
15_102,53.392425,-6.360559
15_103,53.393322,-6.360504
15_104,53.39422,-6.360448
15_105,53.395118,-6.360392
15_106,53.396016,-6.360337
15_107,53.396914,-6.360281
15_108,53.397812,-6.360226
15_109,53.39871,-6.36017
15_110,53.399608,-6.360114
15_111,53.400506,-6.360059
15_112,53.401404,-6.360003
15_113,53.402302,-6.359948
15_114,53.4032,-6.359892
15_115,53.404098,-6.359836
15_116,53.404996,-6.359781
15_117,53.405893,-6.359725
15_118,53.406791,-6.359669
15_119,53.407689,-6.359614
15_120,53.408587,-6.359558
15_121,53.409485,-6.359503
15_122,53.410383,-6.359447
15_123,53.411281,-6.359391
15_124,53.412179,-6.359336
15_125,53.413077,-6.35928
15_126,53.413975,-6.359224
16_0,53.300802,-6.364715
16_1,53.3017,-6.36466
16_2,53.302598,-6.364604
16_3,53.303496,-6.364549
16_4,53.304394,-6.364494
16_5,53.305291,-6.364438
16_6,53.306189,-6.364383
16_7,53.307087,-6.364328
16_8,53.307985,-6.364272
16_9,53.308883,-6.364217
16_10,53.309781,-6.364162
16_11,53.310679,-6.364106
16_12,53.311577,-6.364051
16_13,53.312475,-6.363995
16_14,53.313373,-6.36394
16_15,53.314271,-6.363885
16_16,53.315169,-6.363829
16_17,53.316067,-6.363774
16_18,53.316965,-6.363719
16_19,53.317863,-6.363663
16_20,53.318761,-6.363608
16_21,53.319659,-6.363553
16_22,53.320556,-6.363497
16_23,53.321454,-6.363442
16_24,53.322352,-6.363386
16_25,53.32325,-6.363331
16_26,53.324148,-6.363276
16_27,53.325046,-6.36322
16_28,53.325944,-6.363165
16_29,53.326842,-6.363109
16_30,53.32774,-6.363054
16_31,53.328638,-6.362999
16_32,53.329536,-6.362943
16_33,53.330434,-6.362888
16_34,53.331332,-6.362832
16_35,53.33223,-6.362777
16_36,53.333128,-6.362722
16_37,53.334026,-6.362666
16_38,53.334924,-6.362611
16_39,53.335821,-6.362555
16_40,53.336719,-6.3625
16_41,53.337617,-6.362444
16_42,53.338515,-6.362389
16_43,53.339413,-6.362333
16_44,53.340311,-6.362278
16_45,53.341209,-6.362223
16_46,53.342107,-6.362167
16_47,53.343005,-6.362112
16_48,53.343903,-6.362056
16_49,53.344801,-6.362001
16_50,53.345699,-6.361945
16_51,53.346597,-6.36189
16_52,53.347495,-6.361834
16_53,53.348393,-6.361779
16_54,53.349291,-6.361723
16_55,53.350188,-6.361668
16_56,53.351086,-6.361612
16_57,53.351984,-6.361557
16_58,53.352882,-6.361501
16_59,53.35378,-6.361446
16_60,53.354678,-6.36139
16_61,53.355576,-6.361335
16_62,53.356474,-6.361279
16_63,53.357372,-6.361224
16_64,53.35827,-6.361168
16_65,53.359168,-6.361113
16_66,53.360066,-6.361057
16_67,53.360964,-6.361002
16_68,53.361862,-6.360946
16_69,53.36276,-6.360891
16_70,53.363658,-6.360835
16_71,53.364555,-6.36078
16_72,53.365453,-6.360724
16_73,53.366351,-6.360669
16_74,53.367249,-6.360613
16_75,53.368147,-6.360558
16_76,53.369045,-6.360502
16_77,53.369943,-6.360447
16_78,53.370841,-6.360391
16_79,53.371739,-6.360336
16_80,53.372637,-6.36028
16_81,53.373535,-6.360224
16_82,53.374433,-6.360169
16_83,53.375331,-6.360113
16_84,53.376229,-6.360058
16_85,53.377126,-6.360002
16_86,53.378024,-6.359947
16_87,53.378922,-6.359891
16_88,53.37982,-6.359835
16_89,53.380718,-6.35978
16_90,53.381616,-6.359724
16_91,53.382514,-6.359669
16_92,53.383412,-6.359613
16_93,53.38431,-6.359558
16_94,53.385208,-6.359502
16_95,53.386106,-6.359446
16_96,53.387004,-6.359391
16_97,53.387902,-6.359335
16_98,53.3888,-6.35928
16_99,53.389698,-6.359224
16_100,53.390595,-6.359168
16_101,53.391493,-6.359113
16_102,53.392391,-6.359057
16_103,53.393289,-6.359001
16_104,53.394187,-6.358946
16_105,53.395085,-6.35889
16_106,53.395983,-6.358835
16_107,53.396881,-6.358779
16_108,53.397779,-6.358723
16_109,53.398677,-6.358668
16_110,53.399575,-6.358612
16_111,53.400473,-6.358556
16_112,53.401371,-6.358501
16_113,53.402268,-6.358445
16_114,53.403166,-6.358389
16_115,53.404064,-6.358334
16_116,53.404962,-6.358278
16_117,53.40586,-6.358222
16_118,53.406758,-6.358167
16_119,53.407656,-6.358111
16_120,53.408554,-6.358055
16_121,53.409452,-6.358
16_122,53.41035,-6.357944
16_123,53.411248,-6.357888
16_124,53.412146,-6.357833
16_125,53.413044,-6.357777
16_126,53.413942,-6.357721
17_0,53.300769,-6.363216
17_1,53.301667,-6.363161
17_2,53.302564,-6.363105
17_3,53.303462,-6.36305
17_4,53.30436,-6.362994
17_5,53.305258,-6.362939
17_6,53.306156,-6.362884
17_7,53.307054,-6.362828
17_8,53.307952,-6.362773
17_9,53.30885,-6.362718
17_10,53.309748,-6.362662
17_11,53.310646,-6.362607
17_12,53.311544,-6.362552
17_13,53.312442,-6.362496
17_14,53.31334,-6.362441
17_15,53.314238,-6.362385
17_16,53.315136,-6.36233
17_17,53.316034,-6.362275
17_18,53.316932,-6.362219
17_19,53.31783,-6.362164
17_20,53.318727,-6.362108
17_21,53.319625,-6.362053
17_22,53.320523,-6.361998
17_23,53.321421,-6.361942
17_24,53.322319,-6.361887
17_25,53.323217,-6.361831
17_26,53.324115,-6.361776
17_27,53.325013,-6.36172
17_28,53.325911,-6.361665
17_29,53.326809,-6.36161
17_30,53.327707,-6.361554
17_31,53.328605,-6.361499
17_32,53.329503,-6.361443
17_33,53.330401,-6.361388
17_34,53.331299,-6.361332
17_35,53.332197,-6.361277
17_36,53.333094,-6.361221
17_37,53.333992,-6.361166
17_38,53.33489,-6.361111
17_39,53.335788,-6.361055
17_40,53.336686,-6.361
17_41,53.337584,-6.360944
17_42,53.338482,-6.360889
17_43,53.33938,-6.360833
17_44,53.340278,-6.360778
17_45,53.341176,-6.360722
17_46,53.342074,-6.360667
17_47,53.342972,-6.360611
17_48,53.34387,-6.360556
17_49,53.344768,-6.3605
17_50,53.345666,-6.360445
17_51,53.346564,-6.360389
17_52,53.347461,-6.360334
17_53,53.348359,-6.360278
17_54,53.349257,-6.360223
17_55,53.350155,-6.360167
17_56,53.351053,-6.360112
17_57,53.351951,-6.360056
17_58,53.352849,-6.360001
17_59,53.353747,-6.359945
17_60,53.354645,-6.35989
17_61,53.355543,-6.359834
17_62,53.356441,-6.359779
17_63,53.357339,-6.359723
17_64,53.358237,-6.359668
17_65,53.359135,-6.359612
17_66,53.360033,-6.359556
17_67,53.36093,-6.359501
17_68,53.361828,-6.359445
17_69,53.362726,-6.35939
17_70,53.363624,-6.359334
17_71,53.364522,-6.359279
17_72,53.36542,-6.359223
17_73,53.366318,-6.359168
17_74,53.367216,-6.359112
17_75,53.368114,-6.359056
17_76,53.369012,-6.359001
17_77,53.36991,-6.358945
17_78,53.370808,-6.35889
17_79,53.371706,-6.358834
17_80,53.372604,-6.358779
17_81,53.373502,-6.358723
17_82,53.374399,-6.358667
17_83,53.375297,-6.358612
17_84,53.376195,-6.358556
17_85,53.377093,-6.358501
17_86,53.377991,-6.358445
17_87,53.378889,-6.358389
17_88,53.379787,-6.358334
17_89,53.380685,-6.358278
17_90,53.381583,-6.358223
17_91,53.382481,-6.358167
17_92,53.383379,-6.358111
17_93,53.384277,-6.358056
17_94,53.385175,-6.358
17_95,53.386073,-6.357944
17_96,53.38697,-6.357889
17_97,53.387868,-6.357833
17_98,53.388766,-6.357778
17_99,53.389664,-6.357722
17_100,53.390562,-6.357666
17_101,53.39146,-6.357611
17_102,53.392358,-6.357555
17_103,53.393256,-6.357499
17_104,53.394154,-6.357444
17_105,53.395052,-6.357388
17_106,53.39595,-6.357332
17_107,53.396848,-6.357277
17_108,53.397746,-6.357221
17_109,53.398644,-6.357165
17_110,53.399541,-6.35711
17_111,53.400439,-6.357054
17_112,53.401337,-6.356998
17_113,53.402235,-6.356943
17_114,53.403133,-6.356887
17_115,53.404031,-6.356831
17_116,53.404929,-6.356776
17_117,53.405827,-6.35672
17_118,53.406725,-6.356664
17_119,53.407623,-6.356608
17_120,53.408521,-6.356553
17_121,53.409419,-6.356497
17_122,53.410317,-6.356441
17_123,53.411214,-6.356386
17_124,53.412112,-6.35633
17_125,53.41301,-6.356274
17_126,53.413908,-6.356218
18_0,53.300735,-6.361717
18_1,53.301633,-6.361662
18_2,53.302531,-6.361606
18_3,53.303429,-6.361551
18_4,53.304327,-6.361495
18_5,53.305225,-6.36144
18_6,53.306123,-6.361385
18_7,53.307021,-6.361329
18_8,53.307919,-6.361274
18_9,53.308817,-6.361218
18_10,53.309715,-6.361163
18_11,53.310613,-6.361108
18_12,53.311511,-6.361052
18_13,53.312409,-6.360997
18_14,53.313307,-6.360941
18_15,53.314205,-6.360886
18_16,53.315102,-6.360831
18_17,53.316,-6.360775
18_18,53.316898,-6.36072
18_19,53.317796,-6.360664
18_20,53.318694,-6.360609
18_21,53.319592,-6.360553
18_22,53.32049,-6.360498
18_23,53.321388,-6.360442
18_24,53.322286,-6.360387
18_25,53.323184,-6.360332
18_26,53.324082,-6.360276
18_27,53.32498,-6.360221
18_28,53.325878,-6.360165
18_29,53.326776,-6.36011
18_30,53.327674,-6.360054
18_31,53.328572,-6.359999
18_32,53.32947,-6.359943
18_33,53.330367,-6.359888
18_34,53.331265,-6.359832
18_35,53.332163,-6.359777
18_36,53.333061,-6.359721
18_37,53.333959,-6.359666
18_38,53.334857,-6.35961
18_39,53.335755,-6.359555
18_40,53.336653,-6.359499
18_41,53.337551,-6.359444
18_42,53.338449,-6.359388
18_43,53.339347,-6.359333
18_44,53.340245,-6.359277
18_45,53.341143,-6.359222
18_46,53.342041,-6.359166
18_47,53.342939,-6.359111
18_48,53.343837,-6.359055
18_49,53.344734,-6.359
18_50,53.345632,-6.358944
18_51,53.34653,-6.358889
18_52,53.347428,-6.358833
18_53,53.348326,-6.358778
18_54,53.349224,-6.358722
18_55,53.350122,-6.358667
18_56,53.35102,-6.358611
18_57,53.351918,-6.358556
18_58,53.352816,-6.3585
18_59,53.353714,-6.358444
18_60,53.354612,-6.358389
18_61,53.35551,-6.358333
18_62,53.356408,-6.358278
18_63,53.357306,-6.358222
18_64,53.358203,-6.358167
18_65,53.359101,-6.358111
18_66,53.359999,-6.358055
18_67,53.360897,-6.358
18_68,53.361795,-6.357944
18_69,53.362693,-6.357889
18_70,53.363591,-6.357833
18_71,53.364489,-6.357778
18_72,53.365387,-6.357722
18_73,53.366285,-6.357666
18_74,53.367183,-6.357611
18_75,53.368081,-6.357555
18_76,53.368979,-6.3575
18_77,53.369877,-6.357444
18_78,53.370774,-6.357388
18_79,53.371672,-6.357333
18_80,53.37257,-6.357277
18_81,53.373468,-6.357221
18_82,53.374366,-6.357166
18_83,53.375264,-6.35711
18_84,53.376162,-6.357055
18_85,53.37706,-6.356999
18_86,53.377958,-6.356943
18_87,53.378856,-6.356888
18_88,53.379754,-6.356832
18_89,53.380652,-6.356776
18_90,53.38155,-6.356721
18_91,53.382448,-6.356665
18_92,53.383345,-6.356609
18_93,53.384243,-6.356554
18_94,53.385141,-6.356498
18_95,53.386039,-6.356442
18_96,53.386937,-6.356387
18_97,53.387835,-6.356331
18_98,53.388733,-6.356275
18_99,53.389631,-6.35622
18_100,53.390529,-6.356164
18_101,53.391427,-6.356108
18_102,53.392325,-6.356053
18_103,53.393223,-6.355997
18_104,53.394121,-6.355941
18_105,53.395019,-6.355886
18_106,53.395916,-6.35583
18_107,53.396814,-6.355774
18_108,53.397712,-6.355719
18_109,53.39861,-6.355663
18_110,53.399508,-6.355607
18_111,53.400406,-6.355552
18_112,53.401304,-6.355496
18_113,53.402202,-6.35544
18_114,53.4031,-6.355384
18_115,53.403998,-6.355329
18_116,53.404896,-6.355273
18_117,53.405794,-6.355217
18_118,53.406692,-6.355161
18_119,53.407589,-6.355106
18_120,53.408487,-6.35505
18_121,53.409385,-6.354994
18_122,53.410283,-6.354939
18_123,53.411181,-6.354883
18_124,53.412079,-6.354827
18_125,53.412977,-6.354771
18_126,53.413875,-6.354716
19_0,53.300702,-6.360218
19_1,53.3016,-6.360163
19_2,53.302498,-6.360107
19_3,53.303396,-6.360052
19_4,53.304294,-6.359996
19_5,53.305192,-6.359941
19_6,53.30609,-6.359885
19_7,53.306988,-6.35983
19_8,53.307886,-6.359775
19_9,53.308784,-6.359719
19_10,53.309682,-6.359664
19_11,53.31058,-6.359608
19_12,53.311478,-6.359553
19_13,53.312375,-6.359497
19_14,53.313273,-6.359442
19_15,53.314171,-6.359387
19_16,53.315069,-6.359331
19_17,53.315967,-6.359276
19_18,53.316865,-6.35922
19_19,53.317763,-6.359165
19_20,53.318661,-6.359109
19_21,53.319559,-6.359054
19_22,53.320457,-6.358998
19_23,53.321355,-6.358943
19_24,53.322253,-6.358887
19_25,53.323151,-6.358832
19_26,53.324049,-6.358776
19_27,53.324947,-6.358721
19_28,53.325845,-6.358665
19_29,53.326742,-6.35861
19_30,53.32764,-6.358554
19_31,53.328538,-6.358499
19_32,53.329436,-6.358443
19_33,53.330334,-6.358388
19_34,53.331232,-6.358332
19_35,53.33213,-6.358277
19_36,53.333028,-6.358221
19_37,53.333926,-6.358166
19_38,53.334824,-6.35811
19_39,53.335722,-6.358055
19_40,53.33662,-6.357999
19_41,53.337518,-6.357944
19_42,53.338416,-6.357888
19_43,53.339314,-6.357833
19_44,53.340212,-6.357777
19_45,53.341109,-6.357722
19_46,53.342007,-6.357666
19_47,53.342905,-6.35761
19_48,53.343803,-6.357555
19_49,53.344701,-6.357499
19_50,53.345599,-6.357444
19_51,53.346497,-6.357388
19_52,53.347395,-6.357333
19_53,53.348293,-6.357277
19_54,53.349191,-6.357222
19_55,53.350089,-6.357166
19_56,53.350987,-6.35711
19_57,53.351885,-6.357055
19_58,53.352783,-6.356999
19_59,53.353681,-6.356944
19_60,53.354578,-6.356888
19_61,53.355476,-6.356832
19_62,53.356374,-6.356777
19_63,53.357272,-6.356721
19_64,53.35817,-6.356666
19_65,53.359068,-6.35661
19_66,53.359966,-6.356554
19_67,53.360864,-6.356499
19_68,53.361762,-6.356443
19_69,53.36266,-6.356388
19_70,53.363558,-6.356332
19_71,53.364456,-6.356276
19_72,53.365354,-6.356221
19_73,53.366252,-6.356165
19_74,53.36715,-6.356109
19_75,53.368047,-6.356054
19_76,53.368945,-6.355998
19_77,53.369843,-6.355943
19_78,53.370741,-6.355887
19_79,53.371639,-6.355831
19_80,53.372537,-6.355776
19_81,53.373435,-6.35572
19_82,53.374333,-6.355664
19_83,53.375231,-6.355609
19_84,53.376129,-6.355553
19_85,53.377027,-6.355497
19_86,53.377925,-6.355442
19_87,53.378823,-6.355386
19_88,53.379721,-6.35533
19_89,53.380618,-6.355275
19_90,53.381516,-6.355219
19_91,53.382414,-6.355163
19_92,53.383312,-6.355108
19_93,53.38421,-6.355052
19_94,53.385108,-6.354996
19_95,53.386006,-6.354941
19_96,53.386904,-6.354885
19_97,53.387802,-6.354829
19_98,53.3887,-6.354773
19_99,53.389598,-6.354718
19_100,53.390496,-6.354662
19_101,53.391394,-6.354606
19_102,53.392291,-6.354551
19_103,53.393189,-6.354495
19_104,53.394087,-6.354439
19_105,53.394985,-6.354383
19_106,53.395883,-6.354328
19_107,53.396781,-6.354272
19_108,53.397679,-6.354216
19_109,53.398577,-6.354161
19_110,53.399475,-6.354105
19_111,53.400373,-6.354049
19_112,53.401271,-6.353993
19_113,53.402169,-6.353938
19_114,53.403067,-6.353882
19_115,53.403964,-6.353826
19_116,53.404862,-6.35377
19_117,53.40576,-6.353715
19_118,53.406658,-6.353659
19_119,53.407556,-6.353603
19_120,53.408454,-6.353547
19_121,53.409352,-6.353492
19_122,53.41025,-6.353436
19_123,53.411148,-6.35338
19_124,53.412046,-6.353324
19_125,53.412944,-6.353268
19_126,53.413842,-6.353213
20_0,53.300669,-6.358719
20_1,53.301567,-6.358664
20_2,53.302465,-6.358608
20_3,53.303363,-6.358553
20_4,53.304261,-6.358497
20_5,53.305159,-6.358442
20_6,53.306057,-6.358386
20_7,53.306955,-6.358331
20_8,53.307853,-6.358275
20_9,53.30875,-6.35822
20_10,53.309648,-6.358165
20_11,53.310546,-6.358109
20_12,53.311444,-6.358054
20_13,53.312342,-6.357998
20_14,53.31324,-6.357943
20_15,53.314138,-6.357887
20_16,53.315036,-6.357832
20_17,53.315934,-6.357776
20_18,53.316832,-6.357721
20_19,53.31773,-6.357665
20_20,53.318628,-6.35761
20_21,53.319526,-6.357554
20_22,53.320424,-6.357499
20_23,53.321322,-6.357443
20_24,53.32222,-6.357388
20_25,53.323118,-6.357332
20_26,53.324015,-6.357277
20_27,53.324913,-6.357221
20_28,53.325811,-6.357166
20_29,53.326709,-6.35711
20_30,53.327607,-6.357054
20_31,53.328505,-6.356999
20_32,53.329403,-6.356943
20_33,53.330301,-6.356888
20_34,53.331199,-6.356832
20_35,53.332097,-6.356777
20_36,53.332995,-6.356721
20_37,53.333893,-6.356666
20_38,53.334791,-6.35661
20_39,53.335689,-6.356555
20_40,53.336587,-6.356499
20_41,53.337484,-6.356443
20_42,53.338382,-6.356388
20_43,53.33928,-6.356332
20_44,53.340178,-6.356277
20_45,53.341076,-6.356221
20_46,53.341974,-6.356166
20_47,53.342872,-6.35611
20_48,53.34377,-6.356054
20_49,53.344668,-6.355999
20_50,53.345566,-6.355943
20_51,53.346464,-6.355888
20_52,53.347362,-6.355832
20_53,53.34826,-6.355776
20_54,53.349158,-6.355721
20_55,53.350056,-6.355665
20_56,53.350953,-6.35561
20_57,53.351851,-6.355554
20_58,53.352749,-6.355498
20_59,53.353647,-6.355443
20_60,53.354545,-6.355387
20_61,53.355443,-6.355332
20_62,53.356341,-6.355276
20_63,53.357239,-6.35522
20_64,53.358137,-6.355165
20_65,53.359035,-6.355109
20_66,53.359933,-6.355053
20_67,53.360831,-6.354998
20_68,53.361729,-6.354942
20_69,53.362627,-6.354886
20_70,53.363525,-6.354831
20_71,53.364422,-6.354775
20_72,53.36532,-6.35472
20_73,53.366218,-6.354664
20_74,53.367116,-6.354608
20_75,53.368014,-6.354553
20_76,53.368912,-6.354497
20_77,53.36981,-6.354441
20_78,53.370708,-6.354386
20_79,53.371606,-6.35433
20_80,53.372504,-6.354274
20_81,53.373402,-6.354219
20_82,53.3743,-6.354163
20_83,53.375198,-6.354107
20_84,53.376096,-6.354051
20_85,53.376993,-6.353996
20_86,53.377891,-6.35394
20_87,53.378789,-6.353884
20_88,53.379687,-6.353829
20_89,53.380585,-6.353773
20_90,53.381483,-6.353717
20_91,53.382381,-6.353662
20_92,53.383279,-6.353606
20_93,53.384177,-6.35355
20_94,53.385075,-6.353494
20_95,53.385973,-6.353439
20_96,53.386871,-6.353383
20_97,53.387769,-6.353327
20_98,53.388666,-6.353271
20_99,53.389564,-6.353216
20_100,53.390462,-6.35316
20_101,53.39136,-6.353104
20_102,53.392258,-6.353048
20_103,53.393156,-6.352993
20_104,53.394054,-6.352937
20_105,53.394952,-6.352881
20_106,53.39585,-6.352825
20_107,53.396748,-6.35277
20_108,53.397646,-6.352714
20_109,53.398544,-6.352658
20_110,53.399442,-6.352602
20_111,53.400339,-6.352547
20_112,53.401237,-6.352491
20_113,53.402135,-6.352435
20_114,53.403033,-6.352379
20_115,53.403931,-6.352324
20_116,53.404829,-6.352268
20_117,53.405727,-6.352212
20_118,53.406625,-6.352156
20_119,53.407523,-6.3521
20_120,53.408421,-6.352045
20_121,53.409319,-6.351989
20_122,53.410217,-6.351933
20_123,53.411115,-6.351877
20_124,53.412012,-6.351821
20_125,53.41291,-6.351766
20_126,53.413808,-6.35171
21_0,53.300636,-6.35722
21_1,53.301534,-6.357165
21_2,53.302432,-6.357109
21_3,53.30333,-6.357054
21_4,53.304228,-6.356998
21_5,53.305126,-6.356943
21_6,53.306023,-6.356887
21_7,53.306921,-6.356832
21_8,53.307819,-6.356776
21_9,53.308717,-6.356721
21_10,53.309615,-6.356665
21_11,53.310513,-6.35661
21_12,53.311411,-6.356554
21_13,53.312309,-6.356499
21_14,53.313207,-6.356443
21_15,53.314105,-6.356388
21_16,53.315003,-6.356332
21_17,53.315901,-6.356277
21_18,53.316799,-6.356221
21_19,53.317697,-6.356166
21_20,53.318595,-6.35611
21_21,53.319493,-6.356055
21_22,53.32039,-6.355999
21_23,53.321288,-6.355943
21_24,53.322186,-6.355888
21_25,53.323084,-6.355832
21_26,53.323982,-6.355777
21_27,53.32488,-6.355721
21_28,53.325778,-6.355666
21_29,53.326676,-6.35561
21_30,53.327574,-6.355555
21_31,53.328472,-6.355499
21_32,53.32937,-6.355443
21_33,53.330268,-6.355388
21_34,53.331166,-6.355332
21_35,53.332064,-6.355277
21_36,53.332962,-6.355221
21_37,53.333859,-6.355166
21_38,53.334757,-6.35511
21_39,53.335655,-6.355054
21_40,53.336553,-6.354999
21_41,53.337451,-6.354943
21_42,53.338349,-6.354888
21_43,53.339247,-6.354832
21_44,53.340145,-6.354776
21_45,53.341043,-6.354721
21_46,53.341941,-6.354665
21_47,53.342839,-6.35461
21_48,53.343737,-6.354554
21_49,53.344635,-6.354498
21_50,53.345533,-6.354443
21_51,53.346431,-6.354387
21_52,53.347328,-6.354332
21_53,53.348226,-6.354276
21_54,53.349124,-6.35422
21_55,53.350022,-6.354165
21_56,53.35092,-6.354109
21_57,53.351818,-6.354053
21_58,53.352716,-6.353998
21_59,53.353614,-6.353942
21_60,53.354512,-6.353886
21_61,53.35541,-6.353831
21_62,53.356308,-6.353775
21_63,53.357206,-6.353719
21_64,53.358104,-6.353664
21_65,53.359002,-6.353608
21_66,53.359899,-6.353552
21_67,53.360797,-6.353497
21_68,53.361695,-6.353441
21_69,53.362593,-6.353385
21_70,53.363491,-6.35333
21_71,53.364389,-6.353274
21_72,53.365287,-6.353218
21_73,53.366185,-6.353163
21_74,53.367083,-6.353107
21_75,53.367981,-6.353051
21_76,53.368879,-6.352996
21_77,53.369777,-6.35294
21_78,53.370675,-6.352884
21_79,53.371573,-6.352828
21_80,53.37247,-6.352773
21_81,53.373368,-6.352717
21_82,53.374266,-6.352661
21_83,53.375164,-6.352606
21_84,53.376062,-6.35255
21_85,53.37696,-6.352494
21_86,53.377858,-6.352438
21_87,53.378756,-6.352383
21_88,53.379654,-6.352327
21_89,53.380552,-6.352271
21_90,53.38145,-6.352215
21_91,53.382348,-6.35216
21_92,53.383246,-6.352104
21_93,53.384144,-6.352048
21_94,53.385041,-6.351992
21_95,53.385939,-6.351937
21_96,53.386837,-6.351881
21_97,53.387735,-6.351825
21_98,53.388633,-6.351769
21_99,53.389531,-6.351714
21_100,53.390429,-6.351658
21_101,53.391327,-6.351602
21_102,53.392225,-6.351546
21_103,53.393123,-6.351491
21_104,53.394021,-6.351435
21_105,53.394919,-6.351379
21_106,53.395817,-6.351323
21_107,53.396714,-6.351267
21_108,53.397612,-6.351212
21_109,53.39851,-6.351156
21_110,53.399408,-6.3511
21_111,53.400306,-6.351044
21_112,53.401204,-6.350988
21_113,53.402102,-6.350933
21_114,53.403,-6.350877
21_115,53.403898,-6.350821
21_116,53.404796,-6.350765
21_117,53.405694,-6.350709
21_118,53.406592,-6.350654
21_119,53.407489,-6.350598
21_120,53.408387,-6.350542
21_121,53.409285,-6.350486
21_122,53.410183,-6.35043
21_123,53.411081,-6.350374
21_124,53.411979,-6.350319
21_125,53.412877,-6.350263
21_126,53.413775,-6.350207
22_0,53.300603,-6.355721
22_1,53.301501,-6.355666
22_2,53.302398,-6.35561
22_3,53.303296,-6.355555
22_4,53.304194,-6.355499
22_5,53.305092,-6.355444
22_6,53.30599,-6.355388
22_7,53.306888,-6.355333
22_8,53.307786,-6.355277
22_9,53.308684,-6.355222
22_10,53.309582,-6.355166
22_11,53.31048,-6.35511
22_12,53.311378,-6.355055
22_13,53.312276,-6.354999
22_14,53.313174,-6.354944
22_15,53.314072,-6.354888
22_16,53.31497,-6.354833
22_17,53.315868,-6.354777
22_18,53.316765,-6.354722
22_19,53.317663,-6.354666
22_20,53.318561,-6.354611
22_21,53.319459,-6.354555
22_22,53.320357,-6.354499
22_23,53.321255,-6.354444
22_24,53.322153,-6.354388
22_25,53.323051,-6.354333
22_26,53.323949,-6.354277
22_27,53.324847,-6.354222
22_28,53.325745,-6.354166
22_29,53.326643,-6.35411
22_30,53.327541,-6.354055
22_31,53.328439,-6.353999
22_32,53.329337,-6.353944
22_33,53.330234,-6.353888
22_34,53.331132,-6.353832
22_35,53.33203,-6.353777
22_36,53.332928,-6.353721
22_37,53.333826,-6.353666
22_38,53.334724,-6.35361
22_39,53.335622,-6.353554
22_40,53.33652,-6.353499
22_41,53.337418,-6.353443
22_42,53.338316,-6.353387
22_43,53.339214,-6.353332
22_44,53.340112,-6.353276
22_45,53.34101,-6.35322
22_46,53.341908,-6.353165
22_47,53.342806,-6.353109
22_48,53.343703,-6.353054
22_49,53.344601,-6.352998
22_50,53.345499,-6.352942
22_51,53.346397,-6.352887
22_52,53.347295,-6.352831
22_53,53.348193,-6.352775
22_54,53.349091,-6.35272
22_55,53.349989,-6.352664
22_56,53.350887,-6.352608
22_57,53.351785,-6.352553
22_58,53.352683,-6.352497
22_59,53.353581,-6.352441
22_60,53.354479,-6.352386
22_61,53.355377,-6.35233
22_62,53.356274,-6.352274
22_63,53.357172,-6.352219
22_64,53.35807,-6.352163
22_65,53.358968,-6.352107
22_66,53.359866,-6.352051
22_67,53.360764,-6.351996
22_68,53.361662,-6.35194
22_69,53.36256,-6.351884
22_70,53.363458,-6.351829
22_71,53.364356,-6.351773
22_72,53.365254,-6.351717
22_73,53.366152,-6.351661
22_74,53.36705,-6.351606
22_75,53.367948,-6.35155
22_76,53.368845,-6.351494
22_77,53.369743,-6.351439
22_78,53.370641,-6.351383
22_79,53.371539,-6.351327
22_80,53.372437,-6.351271
22_81,53.373335,-6.351216
22_82,53.374233,-6.35116
22_83,53.375131,-6.351104
22_84,53.376029,-6.351048
22_85,53.376927,-6.350993
22_86,53.377825,-6.350937
22_87,53.378723,-6.350881
22_88,53.379621,-6.350825
22_89,53.380518,-6.350769
22_90,53.381416,-6.350714
22_91,53.382314,-6.350658
22_92,53.383212,-6.350602
22_93,53.38411,-6.350546
22_94,53.385008,-6.350491
22_95,53.385906,-6.350435
22_96,53.386804,-6.350379
22_97,53.387702,-6.350323
22_98,53.3886,-6.350267
22_99,53.389498,-6.350212
22_100,53.390396,-6.350156
22_101,53.391294,-6.3501
22_102,53.392191,-6.350044
22_103,53.393089,-6.349988
22_104,53.393987,-6.349933
22_105,53.394885,-6.349877
22_106,53.395783,-6.349821
22_107,53.396681,-6.349765
22_108,53.397579,-6.349709
22_109,53.398477,-6.349653
22_110,53.399375,-6.349598
22_111,53.400273,-6.349542
22_112,53.401171,-6.349486
22_113,53.402069,-6.34943
22_114,53.402967,-6.349374
22_115,53.403864,-6.349318
22_116,53.404762,-6.349263
22_117,53.40566,-6.349207
22_118,53.406558,-6.349151
22_119,53.407456,-6.349095
22_120,53.408354,-6.349039
22_121,53.409252,-6.348983
22_122,53.41015,-6.348927
22_123,53.411048,-6.348872
22_124,53.411946,-6.348816
22_125,53.412844,-6.34876
22_126,53.413742,-6.348704
23_0,53.300569,-6.354222
23_1,53.301467,-6.354167
23_2,53.302365,-6.354111
23_3,53.303263,-6.354056
23_4,53.304161,-6.354
23_5,53.305059,-6.353945
23_6,53.305957,-6.353889
23_7,53.306855,-6.353833
23_8,53.307753,-6.353778
23_9,53.308651,-6.353722
23_10,53.309549,-6.353667
23_11,53.310447,-6.353611
23_12,53.311345,-6.353556
23_13,53.312242,-6.3535
23_14,53.31314,-6.353445
23_15,53.314038,-6.353389
23_16,53.314936,-6.353333
23_17,53.315834,-6.353278
23_18,53.316732,-6.353222
23_19,53.31763,-6.353167
23_20,53.318528,-6.353111
23_21,53.319426,-6.353055
23_22,53.320324,-6.353
23_23,53.321222,-6.352944
23_24,53.32212,-6.352889
23_25,53.323018,-6.352833
23_26,53.323916,-6.352777
23_27,53.324814,-6.352722
23_28,53.325712,-6.352666
23_29,53.326609,-6.35261
23_30,53.327507,-6.352555
23_31,53.328405,-6.352499
23_32,53.329303,-6.352444
23_33,53.330201,-6.352388
23_34,53.331099,-6.352332
23_35,53.331997,-6.352277
23_36,53.332895,-6.352221
23_37,53.333793,-6.352165
23_38,53.334691,-6.35211
23_39,53.335589,-6.352054
23_40,53.336487,-6.351998
23_41,53.337385,-6.351943
23_42,53.338283,-6.351887
23_43,53.33918,-6.351831
23_44,53.340078,-6.351776
23_45,53.340976,-6.35172
23_46,53.341874,-6.351664
23_47,53.342772,-6.351609
23_48,53.34367,-6.351553
23_49,53.344568,-6.351497
23_50,53.345466,-6.351442
23_51,53.346364,-6.351386
23_52,53.347262,-6.35133
23_53,53.34816,-6.351275
23_54,53.349058,-6.351219
23_55,53.349956,-6.351163
23_56,53.350854,-6.351108
23_57,53.351752,-6.351052
23_58,53.352649,-6.350996
23_59,53.353547,-6.35094
23_60,53.354445,-6.350885
23_61,53.355343,-6.350829
23_62,53.356241,-6.350773
23_63,53.357139,-6.350718
23_64,53.358037,-6.350662
23_65,53.358935,-6.350606
23_66,53.359833,-6.35055
23_67,53.360731,-6.350495
23_68,53.361629,-6.350439
23_69,53.362527,-6.350383
23_70,53.363425,-6.350327
23_71,53.364322,-6.350272
23_72,53.36522,-6.350216
23_73,53.366118,-6.35016
23_74,53.367016,-6.350104
23_75,53.367914,-6.350049
23_76,53.368812,-6.349993
23_77,53.36971,-6.349937
23_78,53.370608,-6.349881
23_79,53.371506,-6.349826
23_80,53.372404,-6.34977
23_81,53.373302,-6.349714
23_82,53.3742,-6.349658
23_83,53.375098,-6.349603
23_84,53.375996,-6.349547
23_85,53.376893,-6.349491
23_86,53.377791,-6.349435
23_87,53.378689,-6.349379
23_88,53.379587,-6.349324
23_89,53.380485,-6.349268
23_90,53.381383,-6.349212
23_91,53.382281,-6.349156
23_92,53.383179,-6.3491
23_93,53.384077,-6.349045
23_94,53.384975,-6.348989
23_95,53.385873,-6.348933
23_96,53.386771,-6.348877
23_97,53.387668,-6.348821
23_98,53.388566,-6.348765
23_99,53.389464,-6.34871
23_100,53.390362,-6.348654
23_101,53.39126,-6.348598
23_102,53.392158,-6.348542
23_103,53.393056,-6.348486
23_104,53.393954,-6.34843
23_105,53.394852,-6.348375
23_106,53.39575,-6.348319
23_107,53.396648,-6.348263
23_108,53.397546,-6.348207
23_109,53.398444,-6.348151
23_110,53.399341,-6.348095
23_111,53.400239,-6.348039
23_112,53.401137,-6.347984
23_113,53.402035,-6.347928
23_114,53.402933,-6.347872
23_115,53.403831,-6.347816
23_116,53.404729,-6.34776
23_117,53.405627,-6.347704
23_118,53.406525,-6.347648
23_119,53.407423,-6.347592
23_120,53.408321,-6.347536
23_121,53.409219,-6.347481
23_122,53.410116,-6.347425
23_123,53.411014,-6.347369
23_124,53.411912,-6.347313
23_125,53.41281,-6.347257
23_126,53.413708,-6.347201
24_0,53.300536,-6.352723
24_1,53.301434,-6.352668
24_2,53.302332,-6.352612
24_3,53.30323,-6.352557
24_4,53.304128,-6.352501
24_5,53.305026,-6.352446
24_6,53.305924,-6.35239
24_7,53.306822,-6.352334
24_8,53.30772,-6.352279
24_9,53.308617,-6.352223
24_10,53.309515,-6.352168
24_11,53.310413,-6.352112
24_12,53.311311,-6.352056
24_13,53.312209,-6.352001
24_14,53.313107,-6.351945
24_15,53.314005,-6.35189
24_16,53.314903,-6.351834
24_17,53.315801,-6.351778
24_18,53.316699,-6.351723
24_19,53.317597,-6.351667
24_20,53.318495,-6.351611
24_21,53.319393,-6.351556
24_22,53.320291,-6.3515
24_23,53.321189,-6.351445
24_24,53.322086,-6.351389
24_25,53.322984,-6.351333
24_26,53.323882,-6.351278
24_27,53.32478,-6.351222
24_28,53.325678,-6.351166
24_29,53.326576,-6.351111
24_30,53.327474,-6.351055
24_31,53.328372,-6.350999
24_32,53.32927,-6.350944
24_33,53.330168,-6.350888
24_34,53.331066,-6.350832
24_35,53.331964,-6.350777
24_36,53.332862,-6.350721
24_37,53.33376,-6.350665
24_38,53.334658,-6.35061
24_39,53.335555,-6.350554
24_40,53.336453,-6.350498
24_41,53.337351,-6.350443
24_42,53.338249,-6.350387
24_43,53.339147,-6.350331
24_44,53.340045,-6.350276
24_45,53.340943,-6.35022
24_46,53.341841,-6.350164
24_47,53.342739,-6.350108
24_48,53.343637,-6.350053
24_49,53.344535,-6.349997
24_50,53.345433,-6.349941
24_51,53.346331,-6.349886
24_52,53.347229,-6.34983
24_53,53.348126,-6.349774
24_54,53.349024,-6.349718
24_55,53.349922,-6.349663
24_56,53.35082,-6.349607
24_57,53.351718,-6.349551
24_58,53.352616,-6.349495
24_59,53.353514,-6.34944
24_60,53.354412,-6.349384
24_61,53.35531,-6.349328
24_62,53.356208,-6.349272
24_63,53.357106,-6.349217
24_64,53.358004,-6.349161
24_65,53.358902,-6.349105
24_66,53.3598,-6.349049
24_67,53.360697,-6.348994
24_68,53.361595,-6.348938
24_69,53.362493,-6.348882
24_70,53.363391,-6.348826
24_71,53.364289,-6.348771
24_72,53.365187,-6.348715
24_73,53.366085,-6.348659
24_74,53.366983,-6.348603
24_75,53.367881,-6.348547
24_76,53.368779,-6.348492
24_77,53.369677,-6.348436
24_78,53.370575,-6.34838
24_79,53.371473,-6.348324
24_80,53.37237,-6.348268
24_81,53.373268,-6.348213
24_82,53.374166,-6.348157
24_83,53.375064,-6.348101
24_84,53.375962,-6.348045
24_85,53.37686,-6.347989
24_86,53.377758,-6.347934
24_87,53.378656,-6.347878
24_88,53.379554,-6.347822
24_89,53.380452,-6.347766
24_90,53.38135,-6.34771
24_91,53.382248,-6.347654
24_92,53.383146,-6.347599
24_93,53.384043,-6.347543
24_94,53.384941,-6.347487
24_95,53.385839,-6.347431
24_96,53.386737,-6.347375
24_97,53.387635,-6.347319
24_98,53.388533,-6.347263
24_99,53.389431,-6.347208
24_100,53.390329,-6.347152
24_101,53.391227,-6.347096
24_102,53.392125,-6.34704
24_103,53.393023,-6.346984
24_104,53.393921,-6.346928
24_105,53.394818,-6.346872
24_106,53.395716,-6.346816
24_107,53.396614,-6.346761
24_108,53.397512,-6.346705
24_109,53.39841,-6.346649
24_110,53.399308,-6.346593
24_111,53.400206,-6.346537
24_112,53.401104,-6.346481
24_113,53.402002,-6.346425
24_114,53.4029,-6.346369
24_115,53.403798,-6.346313
24_116,53.404696,-6.346257
24_117,53.405593,-6.346202
24_118,53.406491,-6.346146
24_119,53.407389,-6.34609
24_120,53.408287,-6.346034
24_121,53.409185,-6.345978
24_122,53.410083,-6.345922
24_123,53.410981,-6.345866
24_124,53.411879,-6.34581
24_125,53.412777,-6.345754
24_126,53.413675,-6.345698
25_0,53.300503,-6.351224
25_1,53.301401,-6.351169
25_2,53.302299,-6.351113
25_3,53.303197,-6.351058
25_4,53.304094,-6.351002
25_5,53.304992,-6.350946
25_6,53.30589,-6.350891
25_7,53.306788,-6.350835
25_8,53.307686,-6.35078
25_9,53.308584,-6.350724
25_10,53.309482,-6.350668
25_11,53.31038,-6.350613
25_12,53.311278,-6.350557
25_13,53.312176,-6.350501
25_14,53.313074,-6.350446
25_15,53.313972,-6.35039
25_16,53.31487,-6.350334
25_17,53.315768,-6.350279
25_18,53.316666,-6.350223
25_19,53.317563,-6.350168
25_20,53.318461,-6.350112
25_21,53.319359,-6.350056
25_22,53.320257,-6.350001
25_23,53.321155,-6.349945
25_24,53.322053,-6.349889
25_25,53.322951,-6.349834
25_26,53.323849,-6.349778
25_27,53.324747,-6.349722
25_28,53.325645,-6.349667
25_29,53.326543,-6.349611
25_30,53.327441,-6.349555
25_31,53.328339,-6.349499
25_32,53.329237,-6.349444
25_33,53.330135,-6.349388
25_34,53.331032,-6.349332
25_35,53.33193,-6.349277
25_36,53.332828,-6.349221
25_37,53.333726,-6.349165
25_38,53.334624,-6.34911
25_39,53.335522,-6.349054
25_40,53.33642,-6.348998
25_41,53.337318,-6.348942
25_42,53.338216,-6.348887
25_43,53.339114,-6.348831
25_44,53.340012,-6.348775
25_45,53.34091,-6.348719
25_46,53.341808,-6.348664
25_47,53.342706,-6.348608
25_48,53.343603,-6.348552
25_49,53.344501,-6.348497
25_50,53.345399,-6.348441
25_51,53.346297,-6.348385
25_52,53.347195,-6.348329
25_53,53.348093,-6.348274
25_54,53.348991,-6.348218
25_55,53.349889,-6.348162
25_56,53.350787,-6.348106
25_57,53.351685,-6.34805
25_58,53.352583,-6.347995
25_59,53.353481,-6.347939
25_60,53.354379,-6.347883
25_61,53.355277,-6.347827
25_62,53.356174,-6.347772
25_63,53.357072,-6.347716
25_64,53.35797,-6.34766
25_65,53.358868,-6.347604
25_66,53.359766,-6.347548
25_67,53.360664,-6.347493
25_68,53.361562,-6.347437
25_69,53.36246,-6.347381
25_70,53.363358,-6.347325
25_71,53.364256,-6.347269
25_72,53.365154,-6.347214
25_73,53.366052,-6.347158
25_74,53.36695,-6.347102
25_75,53.367847,-6.347046
25_76,53.368745,-6.34699
25_77,53.369643,-6.346934
25_78,53.370541,-6.346879
25_79,53.371439,-6.346823
25_80,53.372337,-6.346767
25_81,53.373235,-6.346711
25_82,53.374133,-6.346655
25_83,53.375031,-6.346599
25_84,53.375929,-6.346544
25_85,53.376827,-6.346488
25_86,53.377725,-6.346432
25_87,53.378623,-6.346376
25_88,53.37952,-6.34632
25_89,53.380418,-6.346264
25_90,53.381316,-6.346208
25_91,53.382214,-6.346153
25_92,53.383112,-6.346097
25_93,53.38401,-6.346041
25_94,53.384908,-6.345985
25_95,53.385806,-6.345929
25_96,53.386704,-6.345873
25_97,53.387602,-6.345817
25_98,53.3885,-6.345761
25_99,53.389398,-6.345706
25_100,53.390295,-6.34565
25_101,53.391193,-6.345594
25_102,53.392091,-6.345538
25_103,53.392989,-6.345482
25_104,53.393887,-6.345426
25_105,53.394785,-6.34537
25_106,53.395683,-6.345314
25_107,53.396581,-6.345258
25_108,53.397479,-6.345202
25_109,53.398377,-6.345146
25_110,53.399275,-6.34509
25_111,53.400173,-6.345035
25_112,53.40107,-6.344979
25_113,53.401968,-6.344923
25_114,53.402866,-6.344867
25_115,53.403764,-6.344811
25_116,53.404662,-6.344755
25_117,53.40556,-6.344699
25_118,53.406458,-6.344643
25_119,53.407356,-6.344587
25_120,53.408254,-6.344531
25_121,53.409152,-6.344475
25_122,53.41005,-6.344419
25_123,53.410948,-6.344363
25_124,53.411845,-6.344307
25_125,53.412743,-6.344251
25_126,53.413641,-6.344195
26_0,53.300469,-6.349726
26_1,53.301367,-6.34967
26_2,53.302265,-6.349614
26_3,53.303163,-6.349559
26_4,53.304061,-6.349503
26_5,53.304959,-6.349447
26_6,53.305857,-6.349392
26_7,53.306755,-6.349336
26_8,53.307653,-6.34928
26_9,53.308551,-6.349225
26_10,53.309449,-6.349169
26_11,53.310347,-6.349113
26_12,53.311245,-6.349058
26_13,53.312143,-6.349002
26_14,53.31304,-6.348946
26_15,53.313938,-6.348891
26_16,53.314836,-6.348835
26_17,53.315734,-6.348779
26_18,53.316632,-6.348724
26_19,53.31753,-6.348668
26_20,53.318428,-6.348612
26_21,53.319326,-6.348557
26_22,53.320224,-6.348501
26_23,53.321122,-6.348445
26_24,53.32202,-6.34839
26_25,53.322918,-6.348334
26_26,53.323816,-6.348278
26_27,53.324714,-6.348222
26_28,53.325612,-6.348167
26_29,53.326509,-6.348111
26_30,53.327407,-6.348055
26_31,53.328305,-6.348
26_32,53.329203,-6.347944
26_33,53.330101,-6.347888
26_34,53.330999,-6.347832
26_35,53.331897,-6.347777
26_36,53.332795,-6.347721
26_37,53.333693,-6.347665
26_38,53.334591,-6.347609
26_39,53.335489,-6.347554
26_40,53.336387,-6.347498
26_41,53.337285,-6.347442
26_42,53.338183,-6.347386
26_43,53.33908,-6.347331
26_44,53.339978,-6.347275
26_45,53.340876,-6.347219
26_46,53.341774,-6.347163
26_47,53.342672,-6.347108
26_48,53.34357,-6.347052
26_49,53.344468,-6.346996
26_50,53.345366,-6.34694
26_51,53.346264,-6.346885
26_52,53.347162,-6.346829
26_53,53.34806,-6.346773
26_54,53.348958,-6.346717
26_55,53.349856,-6.346661
26_56,53.350754,-6.346606
26_57,53.351651,-6.34655
26_58,53.352549,-6.346494
26_59,53.353447,-6.346438
26_60,53.354345,-6.346382
26_61,53.355243,-6.346327
26_62,53.356141,-6.346271
26_63,53.357039,-6.346215
26_64,53.357937,-6.346159
26_65,53.358835,-6.346103
26_66,53.359733,-6.346047
26_67,53.360631,-6.345992
26_68,53.361529,-6.345936
26_69,53.362427,-6.34588
26_70,53.363324,-6.345824
26_71,53.364222,-6.345768
26_72,53.36512,-6.345712
26_73,53.366018,-6.345657
26_74,53.366916,-6.345601
26_75,53.367814,-6.345545
26_76,53.368712,-6.345489
26_77,53.36961,-6.345433
26_78,53.370508,-6.345377
26_79,53.371406,-6.345321
26_80,53.372304,-6.345266
26_81,53.373202,-6.34521
26_82,53.374099,-6.345154
26_83,53.374997,-6.345098
26_84,53.375895,-6.345042
26_85,53.376793,-6.344986
26_86,53.377691,-6.34493
26_87,53.378589,-6.344874
26_88,53.379487,-6.344819
26_89,53.380385,-6.344763
26_90,53.381283,-6.344707
26_91,53.382181,-6.344651
26_92,53.383079,-6.344595
26_93,53.383977,-6.344539
26_94,53.384875,-6.344483
26_95,53.385772,-6.344427
26_96,53.38667,-6.344371
26_97,53.387568,-6.344315
26_98,53.388466,-6.344259
26_99,53.389364,-6.344203
26_100,53.390262,-6.344148
26_101,53.39116,-6.344092
26_102,53.392058,-6.344036
26_103,53.392956,-6.34398
26_104,53.393854,-6.343924
26_105,53.394752,-6.343868
26_106,53.39565,-6.343812
26_107,53.396547,-6.343756
26_108,53.397445,-6.3437
26_109,53.398343,-6.343644
26_110,53.399241,-6.343588
26_111,53.400139,-6.343532
26_112,53.401037,-6.343476
26_113,53.401935,-6.34342
26_114,53.402833,-6.343364
26_115,53.403731,-6.343308
26_116,53.404629,-6.343252
26_117,53.405527,-6.343196
26_118,53.406425,-6.34314
26_119,53.407322,-6.343084
26_120,53.40822,-6.343028
26_121,53.409118,-6.342972
26_122,53.410016,-6.342916
26_123,53.410914,-6.34286
26_124,53.411812,-6.342804
26_125,53.41271,-6.342748
26_126,53.413608,-6.342692
27_0,53.300436,-6.348227
27_1,53.301334,-6.348171
27_2,53.302232,-6.348115
27_3,53.30313,-6.34806
27_4,53.304028,-6.348004
27_5,53.304926,-6.347948
27_6,53.305824,-6.347893
27_7,53.306722,-6.347837
27_8,53.30762,-6.347781
27_9,53.308517,-6.347726
27_10,53.309415,-6.34767
27_11,53.310313,-6.347614
27_12,53.311211,-6.347558
27_13,53.312109,-6.347503
27_14,53.313007,-6.347447
27_15,53.313905,-6.347391
27_16,53.314803,-6.347336
27_17,53.315701,-6.34728
27_18,53.316599,-6.347224
27_19,53.317497,-6.347169
27_20,53.318395,-6.347113
27_21,53.319293,-6.347057
27_22,53.320191,-6.347001
27_23,53.321089,-6.346946
27_24,53.321986,-6.34689
27_25,53.322884,-6.346834
27_26,53.323782,-6.346778
27_27,53.32468,-6.346723
27_28,53.325578,-6.346667
27_29,53.326476,-6.346611
27_30,53.327374,-6.346555
27_31,53.328272,-6.3465
27_32,53.32917,-6.346444
27_33,53.330068,-6.346388
27_34,53.330966,-6.346332
27_35,53.331864,-6.346277
27_36,53.332762,-6.346221
27_37,53.33366,-6.346165
27_38,53.334557,-6.346109
27_39,53.335455,-6.346054
27_40,53.336353,-6.345998
27_41,53.337251,-6.345942
27_42,53.338149,-6.345886
27_43,53.339047,-6.34583
27_44,53.339945,-6.345775
27_45,53.340843,-6.345719
27_46,53.341741,-6.345663
27_47,53.342639,-6.345607
27_48,53.343537,-6.345551
27_49,53.344435,-6.345496
27_50,53.345333,-6.34544
27_51,53.34623,-6.345384
27_52,53.347128,-6.345328
27_53,53.348026,-6.345272
27_54,53.348924,-6.345217
27_55,53.349822,-6.345161
27_56,53.35072,-6.345105
27_57,53.351618,-6.345049
27_58,53.352516,-6.344993
27_59,53.353414,-6.344937
27_60,53.354312,-6.344882
27_61,53.35521,-6.344826
27_62,53.356108,-6.34477
27_63,53.357006,-6.344714
27_64,53.357903,-6.344658
27_65,53.358801,-6.344602
27_66,53.359699,-6.344546
27_67,53.360597,-6.344491
27_68,53.361495,-6.344435
27_69,53.362393,-6.344379
27_70,53.363291,-6.344323
27_71,53.364189,-6.344267
27_72,53.365087,-6.344211
27_73,53.365985,-6.344155
27_74,53.366883,-6.344099
27_75,53.367781,-6.344044
27_76,53.368679,-6.343988
27_77,53.369576,-6.343932
27_78,53.370474,-6.343876
27_79,53.371372,-6.34382
27_80,53.37227,-6.343764
27_81,53.373168,-6.343708
27_82,53.374066,-6.343652
27_83,53.374964,-6.343596
27_84,53.375862,-6.34354
27_85,53.37676,-6.343485
27_86,53.377658,-6.343429
27_87,53.378556,-6.343373
27_88,53.379454,-6.343317
27_89,53.380352,-6.343261
27_90,53.381249,-6.343205
27_91,53.382147,-6.343149
27_92,53.383045,-6.343093
27_93,53.383943,-6.343037
27_94,53.384841,-6.342981
27_95,53.385739,-6.342925
27_96,53.386637,-6.342869
27_97,53.387535,-6.342813
27_98,53.388433,-6.342757
27_99,53.389331,-6.342701
27_100,53.390229,-6.342646
27_101,53.391127,-6.34259
27_102,53.392024,-6.342534
27_103,53.392922,-6.342478
27_104,53.39382,-6.342422
27_105,53.394718,-6.342366
27_106,53.395616,-6.34231
27_107,53.396514,-6.342254
27_108,53.397412,-6.342198
27_109,53.39831,-6.342142
27_110,53.399208,-6.342086
27_111,53.400106,-6.34203
27_112,53.401004,-6.341974
27_113,53.401901,-6.341918
27_114,53.402799,-6.341862
27_115,53.403697,-6.341806
27_116,53.404595,-6.34175
27_117,53.405493,-6.341694
27_118,53.406391,-6.341638
27_119,53.407289,-6.341582
27_120,53.408187,-6.341526
27_121,53.409085,-6.34147
27_122,53.409983,-6.341414
27_123,53.410881,-6.341358
27_124,53.411779,-6.341302
27_125,53.412676,-6.341246
27_126,53.413574,-6.341189
28_0,53.300403,-6.346728
28_1,53.301301,-6.346672
28_2,53.302199,-6.346616
28_3,53.303097,-6.346561
28_4,53.303994,-6.346505
28_5,53.304892,-6.346449
28_6,53.30579,-6.346394
28_7,53.306688,-6.346338
28_8,53.307586,-6.346282
28_9,53.308484,-6.346226
28_10,53.309382,-6.346171
28_11,53.31028,-6.346115
28_12,53.311178,-6.346059
28_13,53.312076,-6.346003
28_14,53.312974,-6.345948
28_15,53.313872,-6.345892
28_16,53.31477,-6.345836
28_17,53.315668,-6.345781
28_18,53.316565,-6.345725
28_19,53.317463,-6.345669
28_20,53.318361,-6.345613
28_21,53.319259,-6.345558
28_22,53.320157,-6.345502
28_23,53.321055,-6.345446
28_24,53.321953,-6.34539
28_25,53.322851,-6.345334
28_26,53.323749,-6.345279
28_27,53.324647,-6.345223
28_28,53.325545,-6.345167
28_29,53.326443,-6.345111
28_30,53.327341,-6.345056
28_31,53.328239,-6.345
28_32,53.329136,-6.344944
28_33,53.330034,-6.344888
28_34,53.330932,-6.344832
28_35,53.33183,-6.344777
28_36,53.332728,-6.344721
28_37,53.333626,-6.344665
28_38,53.334524,-6.344609
28_39,53.335422,-6.344553
28_40,53.33632,-6.344498
28_41,53.337218,-6.344442
28_42,53.338116,-6.344386
28_43,53.339014,-6.34433
28_44,53.339912,-6.344274
28_45,53.34081,-6.344219
28_46,53.341707,-6.344163
28_47,53.342605,-6.344107
28_48,53.343503,-6.344051
28_49,53.344401,-6.343995
28_50,53.345299,-6.343939
28_51,53.346197,-6.343883
28_52,53.347095,-6.343828
28_53,53.347993,-6.343772
28_54,53.348891,-6.343716
28_55,53.349789,-6.34366
28_56,53.350687,-6.343604
28_57,53.351585,-6.343548
28_58,53.352483,-6.343492
28_59,53.35338,-6.343437
28_60,53.354278,-6.343381
28_61,53.355176,-6.343325
28_62,53.356074,-6.343269
28_63,53.356972,-6.343213
28_64,53.35787,-6.343157
28_65,53.358768,-6.343101
28_66,53.359666,-6.343045
28_67,53.360564,-6.34299
28_68,53.361462,-6.342934
28_69,53.36236,-6.342878
28_70,53.363258,-6.342822
28_71,53.364156,-6.342766
28_72,53.365053,-6.34271
28_73,53.365951,-6.342654
28_74,53.366849,-6.342598
28_75,53.367747,-6.342542
28_76,53.368645,-6.342486
28_77,53.369543,-6.34243
28_78,53.370441,-6.342375
28_79,53.371339,-6.342319
28_80,53.372237,-6.342263
28_81,53.373135,-6.342207
28_82,53.374033,-6.342151
28_83,53.374931,-6.342095
28_84,53.375828,-6.342039
28_85,53.376726,-6.341983
28_86,53.377624,-6.341927
28_87,53.378522,-6.341871
28_88,53.37942,-6.341815
28_89,53.380318,-6.341759
28_90,53.381216,-6.341703
28_91,53.382114,-6.341647
28_92,53.383012,-6.341591
28_93,53.38391,-6.341535
28_94,53.384808,-6.341479
28_95,53.385706,-6.341423
28_96,53.386603,-6.341367
28_97,53.387501,-6.341311
28_98,53.388399,-6.341255
28_99,53.389297,-6.341199
28_100,53.390195,-6.341143
28_101,53.391093,-6.341087
28_102,53.391991,-6.341031
28_103,53.392889,-6.340975
28_104,53.393787,-6.340919
28_105,53.394685,-6.340863
28_106,53.395583,-6.340807
28_107,53.396481,-6.340751
28_108,53.397378,-6.340695
28_109,53.398276,-6.340639
28_110,53.399174,-6.340583
28_111,53.400072,-6.340527
28_112,53.40097,-6.340471
28_113,53.401868,-6.340415
28_114,53.402766,-6.340359
28_115,53.403664,-6.340303
28_116,53.404562,-6.340247
28_117,53.40546,-6.340191
28_118,53.406358,-6.340135
28_119,53.407255,-6.340079
28_120,53.408153,-6.340023
28_121,53.409051,-6.339967
28_122,53.409949,-6.339911
28_123,53.410847,-6.339855
28_124,53.411745,-6.339799
28_125,53.412643,-6.339743
28_126,53.413541,-6.339687
29_0,53.300369,-6.345229
29_1,53.301267,-6.345173
29_2,53.302165,-6.345117
29_3,53.303063,-6.345062
29_4,53.303961,-6.345006
29_5,53.304859,-6.34495
29_6,53.305757,-6.344894
29_7,53.306655,-6.344839
29_8,53.307553,-6.344783
29_9,53.308451,-6.344727
29_10,53.309349,-6.344671
29_11,53.310247,-6.344616
29_12,53.311145,-6.34456
29_13,53.312042,-6.344504
29_14,53.31294,-6.344448
29_15,53.313838,-6.344393
29_16,53.314736,-6.344337
29_17,53.315634,-6.344281
29_18,53.316532,-6.344225
29_19,53.31743,-6.34417
29_20,53.318328,-6.344114
29_21,53.319226,-6.344058
29_22,53.320124,-6.344002
29_23,53.321022,-6.343946
29_24,53.32192,-6.343891
29_25,53.322818,-6.343835
29_26,53.323716,-6.343779
29_27,53.324613,-6.343723
29_28,53.325511,-6.343667
29_29,53.326409,-6.343612
29_30,53.327307,-6.343556
29_31,53.328205,-6.3435
29_32,53.329103,-6.343444
29_33,53.330001,-6.343388
29_34,53.330899,-6.343332
29_35,53.331797,-6.343277
29_36,53.332695,-6.343221
29_37,53.333593,-6.343165
29_38,53.334491,-6.343109
29_39,53.335389,-6.343053
29_40,53.336286,-6.342997
29_41,53.337184,-6.342942
29_42,53.338082,-6.342886
29_43,53.33898,-6.34283
29_44,53.339878,-6.342774
29_45,53.340776,-6.342718
29_46,53.341674,-6.342662
29_47,53.342572,-6.342606
29_48,53.34347,-6.342551
29_49,53.344368,-6.342495
29_50,53.345266,-6.342439
29_51,53.346164,-6.342383
29_52,53.347062,-6.342327
29_53,53.347959,-6.342271
29_54,53.348857,-6.342215
29_55,53.349755,-6.342159
29_56,53.350653,-6.342104
29_57,53.351551,-6.342048
29_58,53.352449,-6.341992
29_59,53.353347,-6.341936
29_60,53.354245,-6.34188
29_61,53.355143,-6.341824
29_62,53.356041,-6.341768
29_63,53.356939,-6.341712
29_64,53.357837,-6.341656
29_65,53.358735,-6.3416
29_66,53.359632,-6.341544
29_67,53.36053,-6.341489
29_68,53.361428,-6.341433
29_69,53.362326,-6.341377
29_70,53.363224,-6.341321
29_71,53.364122,-6.341265
29_72,53.36502,-6.341209
29_73,53.365918,-6.341153
29_74,53.366816,-6.341097
29_75,53.367714,-6.341041
29_76,53.368612,-6.340985
29_77,53.36951,-6.340929
29_78,53.370407,-6.340873
29_79,53.371305,-6.340817
29_80,53.372203,-6.340761
29_81,53.373101,-6.340705
29_82,53.373999,-6.340649
29_83,53.374897,-6.340593
29_84,53.375795,-6.340537
29_85,53.376693,-6.340481
29_86,53.377591,-6.340425
29_87,53.378489,-6.340369
29_88,53.379387,-6.340313
29_89,53.380285,-6.340257
29_90,53.381183,-6.340201
29_91,53.38208,-6.340145
29_92,53.382978,-6.340089
29_93,53.383876,-6.340033
29_94,53.384774,-6.339977
29_95,53.385672,-6.339921
29_96,53.38657,-6.339865
29_97,53.387468,-6.339809
29_98,53.388366,-6.339753
29_99,53.389264,-6.339697
29_100,53.390162,-6.339641
29_101,53.39106,-6.339585
29_102,53.391957,-6.339529
29_103,53.392855,-6.339473
29_104,53.393753,-6.339417
29_105,53.394651,-6.339361
29_106,53.395549,-6.339305
29_107,53.396447,-6.339249
29_108,53.397345,-6.339193
29_109,53.398243,-6.339137
29_110,53.399141,-6.339081
29_111,53.400039,-6.339025
29_112,53.400937,-6.338969
29_113,53.401835,-6.338913
29_114,53.402732,-6.338857
29_115,53.40363,-6.338801
29_116,53.404528,-6.338745
29_117,53.405426,-6.338689
29_118,53.406324,-6.338632
29_119,53.407222,-6.338576
29_120,53.40812,-6.33852
29_121,53.409018,-6.338464
29_122,53.409916,-6.338408
29_123,53.410814,-6.338352
29_124,53.411712,-6.338296
29_125,53.412609,-6.33824
29_126,53.413507,-6.338184
30_0,53.300336,-6.34373
30_1,53.301234,-6.343674
30_2,53.302132,-6.343618
30_3,53.30303,-6.343563
30_4,53.303928,-6.343507
30_5,53.304826,-6.343451
30_6,53.305724,-6.343395
30_7,53.306621,-6.34334
30_8,53.307519,-6.343284
30_9,53.308417,-6.343228
30_10,53.309315,-6.343172
30_11,53.310213,-6.343116
30_12,53.311111,-6.343061
30_13,53.312009,-6.343005
30_14,53.312907,-6.342949
30_15,53.313805,-6.342893
30_16,53.314703,-6.342837
30_17,53.315601,-6.342782
30_18,53.316499,-6.342726
30_19,53.317397,-6.34267
30_20,53.318295,-6.342614
30_21,53.319192,-6.342558
30_22,53.32009,-6.342503
30_23,53.320988,-6.342447
30_24,53.321886,-6.342391
30_25,53.322784,-6.342335
30_26,53.323682,-6.342279
30_27,53.32458,-6.342223
30_28,53.325478,-6.342168
30_29,53.326376,-6.342112
30_30,53.327274,-6.342056
30_31,53.328172,-6.342
30_32,53.32907,-6.341944
30_33,53.329968,-6.341888
30_34,53.330866,-6.341832
30_35,53.331763,-6.341777
30_36,53.332661,-6.341721
30_37,53.333559,-6.341665
30_38,53.334457,-6.341609
30_39,53.335355,-6.341553
30_40,53.336253,-6.341497
30_41,53.337151,-6.341441
30_42,53.338049,-6.341386
30_43,53.338947,-6.34133
30_44,53.339845,-6.341274
30_45,53.340743,-6.341218
30_46,53.341641,-6.341162
30_47,53.342539,-6.341106
30_48,53.343436,-6.34105
30_49,53.344334,-6.340994
30_50,53.345232,-6.340938
30_51,53.34613,-6.340882
30_52,53.347028,-6.340827
30_53,53.347926,-6.340771
30_54,53.348824,-6.340715
30_55,53.349722,-6.340659
30_56,53.35062,-6.340603
30_57,53.351518,-6.340547
30_58,53.352416,-6.340491
30_59,53.353314,-6.340435
30_60,53.354211,-6.340379
30_61,53.355109,-6.340323
30_62,53.356007,-6.340267
30_63,53.356905,-6.340211
30_64,53.357803,-6.340155
30_65,53.358701,-6.340099
30_66,53.359599,-6.340044
30_67,53.360497,-6.339988
30_68,53.361395,-6.339932
30_69,53.362293,-6.339876
30_70,53.363191,-6.33982
30_71,53.364089,-6.339764
30_72,53.364987,-6.339708
30_73,53.365884,-6.339652
30_74,53.366782,-6.339596
30_75,53.36768,-6.33954
30_76,53.368578,-6.339484
30_77,53.369476,-6.339428
30_78,53.370374,-6.339372
30_79,53.371272,-6.339316
30_80,53.37217,-6.33926
30_81,53.373068,-6.339204
30_82,53.373966,-6.339148
30_83,53.374864,-6.339092
30_84,53.375762,-6.339036
30_85,53.376659,-6.33898
30_86,53.377557,-6.338924
30_87,53.378455,-6.338868
30_88,53.379353,-6.338812
30_89,53.380251,-6.338756
30_90,53.381149,-6.3387
30_91,53.382047,-6.338644
30_92,53.382945,-6.338588
30_93,53.383843,-6.338532
30_94,53.384741,-6.338476
30_95,53.385639,-6.33842
30_96,53.386536,-6.338364
30_97,53.387434,-6.338308
30_98,53.388332,-6.338251
30_99,53.38923,-6.338195
30_100,53.390128,-6.338139
30_101,53.391026,-6.338083
30_102,53.391924,-6.338027
30_103,53.392822,-6.337971
30_104,53.39372,-6.337915
30_105,53.394618,-6.337859
30_106,53.395516,-6.337803
30_107,53.396414,-6.337747
30_108,53.397311,-6.337691
30_109,53.398209,-6.337635
30_110,53.399107,-6.337579
30_111,53.400005,-6.337523
30_112,53.400903,-6.337466
30_113,53.401801,-6.33741
30_114,53.402699,-6.337354
30_115,53.403597,-6.337298
30_116,53.404495,-6.337242
30_117,53.405393,-6.337186
30_118,53.406291,-6.33713
30_119,53.407188,-6.337074
30_120,53.408086,-6.337018
30_121,53.408984,-6.336962
30_122,53.409882,-6.336905
30_123,53.41078,-6.336849
30_124,53.411678,-6.336793
30_125,53.412576,-6.336737
30_126,53.413474,-6.336681
31_0,53.300303,-6.342231
31_1,53.3012,-6.342175
31_2,53.302098,-6.342119
31_3,53.302996,-6.342064
31_4,53.303894,-6.342008
31_5,53.304792,-6.341952
31_6,53.30569,-6.341896
31_7,53.306588,-6.34184
31_8,53.307486,-6.341785
31_9,53.308384,-6.341729
31_10,53.309282,-6.341673
31_11,53.31018,-6.341617
31_12,53.311078,-6.341561
31_13,53.311976,-6.341506
31_14,53.312874,-6.34145
31_15,53.313771,-6.341394
31_16,53.314669,-6.341338
31_17,53.315567,-6.341282
31_18,53.316465,-6.341226
31_19,53.317363,-6.341171
31_20,53.318261,-6.341115
31_21,53.319159,-6.341059
31_22,53.320057,-6.341003
31_23,53.320955,-6.340947
31_24,53.321853,-6.340891
31_25,53.322751,-6.340835
31_26,53.323649,-6.34078
31_27,53.324547,-6.340724
31_28,53.325445,-6.340668
31_29,53.326342,-6.340612
31_30,53.32724,-6.340556
31_31,53.328138,-6.3405
31_32,53.329036,-6.340444
31_33,53.329934,-6.340388
31_34,53.330832,-6.340333
31_35,53.33173,-6.340277
31_36,53.332628,-6.340221
31_37,53.333526,-6.340165
31_38,53.334424,-6.340109
31_39,53.335322,-6.340053
31_40,53.33622,-6.339997
31_41,53.337118,-6.339941
31_42,53.338015,-6.339885
31_43,53.338913,-6.339829
31_44,53.339811,-6.339773
31_45,53.340709,-6.339718
31_46,53.341607,-6.339662
31_47,53.342505,-6.339606
31_48,53.343403,-6.33955
31_49,53.344301,-6.339494
31_50,53.345199,-6.339438
31_51,53.346097,-6.339382
31_52,53.346995,-6.339326
31_53,53.347893,-6.33927
31_54,53.34879,-6.339214
31_55,53.349688,-6.339158
31_56,53.350586,-6.339102
31_57,53.351484,-6.339046
31_58,53.352382,-6.33899
31_59,53.35328,-6.338934
31_60,53.354178,-6.338878
31_61,53.355076,-6.338822
31_62,53.355974,-6.338766
31_63,53.356872,-6.33871
31_64,53.35777,-6.338654
31_65,53.358668,-6.338599
31_66,53.359566,-6.338543
31_67,53.360463,-6.338487
31_68,53.361361,-6.338431
31_69,53.362259,-6.338375
31_70,53.363157,-6.338319
31_71,53.364055,-6.338263
31_72,53.364953,-6.338207
31_73,53.365851,-6.338151
31_74,53.366749,-6.338095
31_75,53.367647,-6.338039
31_76,53.368545,-6.337983
31_77,53.369443,-6.337927
31_78,53.370341,-6.33787
31_79,53.371238,-6.337814
31_80,53.372136,-6.337758
31_81,53.373034,-6.337702
31_82,53.373932,-6.337646
31_83,53.37483,-6.33759
31_84,53.375728,-6.337534
31_85,53.376626,-6.337478
31_86,53.377524,-6.337422
31_87,53.378422,-6.337366
31_88,53.37932,-6.33731
31_89,53.380218,-6.337254
31_90,53.381116,-6.337198
31_91,53.382013,-6.337142
31_92,53.382911,-6.337086
31_93,53.383809,-6.33703
31_94,53.384707,-6.336974
31_95,53.385605,-6.336918
31_96,53.386503,-6.336862
31_97,53.387401,-6.336806
31_98,53.388299,-6.336749
31_99,53.389197,-6.336693
31_100,53.390095,-6.336637
31_101,53.390993,-6.336581
31_102,53.39189,-6.336525
31_103,53.392788,-6.336469
31_104,53.393686,-6.336413
31_105,53.394584,-6.336357
31_106,53.395482,-6.336301
31_107,53.39638,-6.336245
31_108,53.397278,-6.336189
31_109,53.398176,-6.336132
31_110,53.399074,-6.336076
31_111,53.399972,-6.33602
31_112,53.40087,-6.335964
31_113,53.401767,-6.335908
31_114,53.402665,-6.335852
31_115,53.403563,-6.335796
31_116,53.404461,-6.33574
31_117,53.405359,-6.335683
31_118,53.406257,-6.335627
31_119,53.407155,-6.335571
31_120,53.408053,-6.335515
31_121,53.408951,-6.335459
31_122,53.409849,-6.335403
31_123,53.410747,-6.335346
31_124,53.411644,-6.33529
31_125,53.412542,-6.335234
31_126,53.41344,-6.335178
32_0,53.300269,-6.340732
32_1,53.301167,-6.340676
32_2,53.302065,-6.34062
32_3,53.302963,-6.340565
32_4,53.303861,-6.340509
32_5,53.304759,-6.340453
32_6,53.305657,-6.340397
32_7,53.306555,-6.340341
32_8,53.307453,-6.340285
32_9,53.30835,-6.34023
32_10,53.309248,-6.340174
32_11,53.310146,-6.340118
32_12,53.311044,-6.340062
32_13,53.311942,-6.340006
32_14,53.31284,-6.33995
32_15,53.313738,-6.339894
32_16,53.314636,-6.339839
32_17,53.315534,-6.339783
32_18,53.316432,-6.339727
32_19,53.31733,-6.339671
32_20,53.318228,-6.339615
32_21,53.319126,-6.339559
32_22,53.320024,-6.339503
32_23,53.320921,-6.339447
32_24,53.321819,-6.339392
32_25,53.322717,-6.339336
32_26,53.323615,-6.33928
32_27,53.324513,-6.339224
32_28,53.325411,-6.339168
32_29,53.326309,-6.339112
32_30,53.327207,-6.339056
32_31,53.328105,-6.339
32_32,53.329003,-6.338944
32_33,53.329901,-6.338888
32_34,53.330799,-6.338833
32_35,53.331697,-6.338777
32_36,53.332594,-6.338721
32_37,53.333492,-6.338665
32_38,53.33439,-6.338609
32_39,53.335288,-6.338553
32_40,53.336186,-6.338497
32_41,53.337084,-6.338441
32_42,53.337982,-6.338385
32_43,53.33888,-6.338329
32_44,53.339778,-6.338273
32_45,53.340676,-6.338217
32_46,53.341574,-6.338161
32_47,53.342472,-6.338105
32_48,53.343369,-6.338049
32_49,53.344267,-6.337993
32_50,53.345165,-6.337937
32_51,53.346063,-6.337881
32_52,53.346961,-6.337825
32_53,53.347859,-6.33777
32_54,53.348757,-6.337714
32_55,53.349655,-6.337658
32_56,53.350553,-6.337602
32_57,53.351451,-6.337546
32_58,53.352349,-6.33749
32_59,53.353247,-6.337434
32_60,53.354145,-6.337378
32_61,53.355042,-6.337322
32_62,53.35594,-6.337266
32_63,53.356838,-6.33721
32_64,53.357736,-6.337154
32_65,53.358634,-6.337098
32_66,53.359532,-6.337042
32_67,53.36043,-6.336986
32_68,53.361328,-6.33693
32_69,53.362226,-6.336873
32_70,53.363124,-6.336817
32_71,53.364022,-6.336761
32_72,53.36492,-6.336705
32_73,53.365817,-6.336649
32_74,53.366715,-6.336593
32_75,53.367613,-6.336537
32_76,53.368511,-6.336481
32_77,53.369409,-6.336425
32_78,53.370307,-6.336369
32_79,53.371205,-6.336313
32_80,53.372103,-6.336257
32_81,53.373001,-6.336201
32_82,53.373899,-6.336145
32_83,53.374797,-6.336089
32_84,53.375694,-6.336033
32_85,53.376592,-6.335977
32_86,53.37749,-6.335921
32_87,53.378388,-6.335865
32_88,53.379286,-6.335808
32_89,53.380184,-6.335752
32_90,53.381082,-6.335696
32_91,53.38198,-6.33564
32_92,53.382878,-6.335584
32_93,53.383776,-6.335528
32_94,53.384674,-6.335472
32_95,53.385572,-6.335416
32_96,53.386469,-6.33536
32_97,53.387367,-6.335304
32_98,53.388265,-6.335247
32_99,53.389163,-6.335191
32_100,53.390061,-6.335135
32_101,53.390959,-6.335079
32_102,53.391857,-6.335023
32_103,53.392755,-6.334967
32_104,53.393653,-6.334911
32_105,53.394551,-6.334855
32_106,53.395449,-6.334798
32_107,53.396346,-6.334742
32_108,53.397244,-6.334686
32_109,53.398142,-6.33463
32_110,53.39904,-6.334574
32_111,53.399938,-6.334518
32_112,53.400836,-6.334462
32_113,53.401734,-6.334405
32_114,53.402632,-6.334349
32_115,53.40353,-6.334293
32_116,53.404428,-6.334237
32_117,53.405326,-6.334181
32_118,53.406223,-6.334125
32_119,53.407121,-6.334068
32_120,53.408019,-6.334012
32_121,53.408917,-6.333956
32_122,53.409815,-6.3339
32_123,53.410713,-6.333844
32_124,53.411611,-6.333788
32_125,53.412509,-6.333731
32_126,53.413407,-6.333675
33_0,53.300236,-6.339233
33_1,53.301134,-6.339177
33_2,53.302032,-6.339122
33_3,53.302929,-6.339066
33_4,53.303827,-6.33901
33_5,53.304725,-6.338954
33_6,53.305623,-6.338898
33_7,53.306521,-6.338842
33_8,53.307419,-6.338786
33_9,53.308317,-6.33873
33_10,53.309215,-6.338675
33_11,53.310113,-6.338619
33_12,53.311011,-6.338563
33_13,53.311909,-6.338507
33_14,53.312807,-6.338451
33_15,53.313705,-6.338395
33_16,53.314602,-6.338339
33_17,53.3155,-6.338283
33_18,53.316398,-6.338227
33_19,53.317296,-6.338172
33_20,53.318194,-6.338116
33_21,53.319092,-6.33806
33_22,53.31999,-6.338004
33_23,53.320888,-6.337948
33_24,53.321786,-6.337892
33_25,53.322684,-6.337836
33_26,53.323582,-6.33778
33_27,53.32448,-6.337724
33_28,53.325378,-6.337668
33_29,53.326275,-6.337612
33_30,53.327173,-6.337556
33_31,53.328071,-6.3375
33_32,53.328969,-6.337444
33_33,53.329867,-6.337389
33_34,53.330765,-6.337333
33_35,53.331663,-6.337277
33_36,53.332561,-6.337221
33_37,53.333459,-6.337165
33_38,53.334357,-6.337109
33_39,53.335255,-6.337053
33_40,53.336153,-6.336997
33_41,53.337051,-6.336941
33_42,53.337948,-6.336885
33_43,53.338846,-6.336829
33_44,53.339744,-6.336773
33_45,53.340642,-6.336717
33_46,53.34154,-6.336661
33_47,53.342438,-6.336605
33_48,53.343336,-6.336549
33_49,53.344234,-6.336493
33_50,53.345132,-6.336437
33_51,53.34603,-6.336381
33_52,53.346928,-6.336325
33_53,53.347826,-6.336269
33_54,53.348723,-6.336213
33_55,53.349621,-6.336157
33_56,53.350519,-6.336101
33_57,53.351417,-6.336045
33_58,53.352315,-6.335989
33_59,53.353213,-6.335933
33_60,53.354111,-6.335877
33_61,53.355009,-6.335821
33_62,53.355907,-6.335765
33_63,53.356805,-6.335709
33_64,53.357703,-6.335653
33_65,53.358601,-6.335597
33_66,53.359499,-6.335541
33_67,53.360396,-6.335485
33_68,53.361294,-6.335428
33_69,53.362192,-6.335372
33_70,53.36309,-6.335316
33_71,53.363988,-6.33526
33_72,53.364886,-6.335204
33_73,53.365784,-6.335148
33_74,53.366682,-6.335092
33_75,53.36758,-6.335036
33_76,53.368478,-6.33498
33_77,53.369376,-6.334924
33_78,53.370273,-6.334868
33_79,53.371171,-6.334812
33_80,53.372069,-6.334756
33_81,53.372967,-6.3347
33_82,53.373865,-6.334643
33_83,53.374763,-6.334587
33_84,53.375661,-6.334531
33_85,53.376559,-6.334475
33_86,53.377457,-6.334419
33_87,53.378355,-6.334363
33_88,53.379253,-6.334307
33_89,53.380151,-6.334251
33_90,53.381048,-6.334195
33_91,53.381946,-6.334138
33_92,53.382844,-6.334082
33_93,53.383742,-6.334026
33_94,53.38464,-6.33397
33_95,53.385538,-6.333914
33_96,53.386436,-6.333858
33_97,53.387334,-6.333802
33_98,53.388232,-6.333746
33_99,53.38913,-6.333689
33_100,53.390028,-6.333633
33_101,53.390925,-6.333577
33_102,53.391823,-6.333521
33_103,53.392721,-6.333465
33_104,53.393619,-6.333409
33_105,53.394517,-6.333352
33_106,53.395415,-6.333296
33_107,53.396313,-6.33324
33_108,53.397211,-6.333184
33_109,53.398109,-6.333128
33_110,53.399007,-6.333072
33_111,53.399905,-6.333015
33_112,53.400802,-6.332959
33_113,53.4017,-6.332903
33_114,53.402598,-6.332847
33_115,53.403496,-6.332791
33_116,53.404394,-6.332734
33_117,53.405292,-6.332678
33_118,53.40619,-6.332622
33_119,53.407088,-6.332566
33_120,53.407986,-6.33251
33_121,53.408884,-6.332453
33_122,53.409782,-6.332397
33_123,53.410679,-6.332341
33_124,53.411577,-6.332285
33_125,53.412475,-6.332229
33_126,53.413373,-6.332172
34_0,53.300202,-6.337734
34_1,53.3011,-6.337678
34_2,53.301998,-6.337623
34_3,53.302896,-6.337567
34_4,53.303794,-6.337511
34_5,53.304692,-6.337455
34_6,53.30559,-6.337399
34_7,53.306488,-6.337343
34_8,53.307386,-6.337287
34_9,53.308284,-6.337231
34_10,53.309181,-6.337175
34_11,53.310079,-6.337119
34_12,53.310977,-6.337064
34_13,53.311875,-6.337008
34_14,53.312773,-6.336952
34_15,53.313671,-6.336896
34_16,53.314569,-6.33684
34_17,53.315467,-6.336784
34_18,53.316365,-6.336728
34_19,53.317263,-6.336672
34_20,53.318161,-6.336616
34_21,53.319059,-6.33656
34_22,53.319957,-6.336504
34_23,53.320854,-6.336448
34_24,53.321752,-6.336392
34_25,53.32265,-6.336336
34_26,53.323548,-6.33628
34_27,53.324446,-6.336224
34_28,53.325344,-6.336168
34_29,53.326242,-6.336113
34_30,53.32714,-6.336057
34_31,53.328038,-6.336001
34_32,53.328936,-6.335945
34_33,53.329834,-6.335889
34_34,53.330732,-6.335833
34_35,53.33163,-6.335777
34_36,53.332527,-6.335721
34_37,53.333425,-6.335665
34_38,53.334323,-6.335609
34_39,53.335221,-6.335553
34_40,53.336119,-6.335497
34_41,53.337017,-6.335441
34_42,53.337915,-6.335385
34_43,53.338813,-6.335329
34_44,53.339711,-6.335273
34_45,53.340609,-6.335217
34_46,53.341507,-6.335161
34_47,53.342405,-6.335105
34_48,53.343302,-6.335049
34_49,53.3442,-6.334993
34_50,53.345098,-6.334937
34_51,53.345996,-6.33488
34_52,53.346894,-6.334824
34_53,53.347792,-6.334768
34_54,53.34869,-6.334712
34_55,53.349588,-6.334656
34_56,53.350486,-6.3346
34_57,53.351384,-6.334544
34_58,53.352282,-6.334488
34_59,53.35318,-6.334432
34_60,53.354077,-6.334376
34_61,53.354975,-6.33432
34_62,53.355873,-6.334264
34_63,53.356771,-6.334208
34_64,53.357669,-6.334152
34_65,53.358567,-6.334096
34_66,53.359465,-6.33404
34_67,53.360363,-6.333984
34_68,53.361261,-6.333927
34_69,53.362159,-6.333871
34_70,53.363057,-6.333815
34_71,53.363955,-6.333759
34_72,53.364852,-6.333703
34_73,53.36575,-6.333647
34_74,53.366648,-6.333591
34_75,53.367546,-6.333535
34_76,53.368444,-6.333479
34_77,53.369342,-6.333423
34_78,53.37024,-6.333366
34_79,53.371138,-6.33331
34_80,53.372036,-6.333254
34_81,53.372934,-6.333198
34_82,53.373832,-6.333142
34_83,53.374729,-6.333086
34_84,53.375627,-6.33303
34_85,53.376525,-6.332974
34_86,53.377423,-6.332917
34_87,53.378321,-6.332861
34_88,53.379219,-6.332805
34_89,53.380117,-6.332749
34_90,53.381015,-6.332693
34_91,53.381913,-6.332637
34_92,53.382811,-6.332581
34_93,53.383709,-6.332524
34_94,53.384607,-6.332468
34_95,53.385504,-6.332412
34_96,53.386402,-6.332356
34_97,53.3873,-6.3323
34_98,53.388198,-6.332244
34_99,53.389096,-6.332187
34_100,53.389994,-6.332131
34_101,53.390892,-6.332075
34_102,53.39179,-6.332019
34_103,53.392688,-6.331963
34_104,53.393586,-6.331906
34_105,53.394484,-6.33185
34_106,53.395381,-6.331794
34_107,53.396279,-6.331738
34_108,53.397177,-6.331682
34_109,53.398075,-6.331625
34_110,53.398973,-6.331569
34_111,53.399871,-6.331513
34_112,53.400769,-6.331457
34_113,53.401667,-6.331401
34_114,53.402565,-6.331344
34_115,53.403463,-6.331288
34_116,53.40436,-6.331232
34_117,53.405258,-6.331176
34_118,53.406156,-6.331119
34_119,53.407054,-6.331063
34_120,53.407952,-6.331007
34_121,53.40885,-6.330951
34_122,53.409748,-6.330894
34_123,53.410646,-6.330838
34_124,53.411544,-6.330782
34_125,53.412442,-6.330726
34_126,53.41334,-6.330669
35_0,53.300169,-6.336235
35_1,53.301067,-6.33618
35_2,53.301965,-6.336124
35_3,53.302862,-6.336068
35_4,53.30376,-6.336012
35_5,53.304658,-6.335956
35_6,53.305556,-6.3359
35_7,53.306454,-6.335844
35_8,53.307352,-6.335788
35_9,53.30825,-6.335732
35_10,53.309148,-6.335676
35_11,53.310046,-6.33562
35_12,53.310944,-6.335564
35_13,53.311842,-6.335508
35_14,53.31274,-6.335452
35_15,53.313638,-6.335396
35_16,53.314536,-6.33534
35_17,53.315433,-6.335284
35_18,53.316331,-6.335229
35_19,53.317229,-6.335173
35_20,53.318127,-6.335117
35_21,53.319025,-6.335061
35_22,53.319923,-6.335005
35_23,53.320821,-6.334949
35_24,53.321719,-6.334893
35_25,53.322617,-6.334837
35_26,53.323515,-6.334781
35_27,53.324413,-6.334725
35_28,53.325311,-6.334669
35_29,53.326208,-6.334613
35_30,53.327106,-6.334557
35_31,53.328004,-6.334501
35_32,53.328902,-6.334445
35_33,53.3298,-6.334389
35_34,53.330698,-6.334333
35_35,53.331596,-6.334277
35_36,53.332494,-6.334221
35_37,53.333392,-6.334165
35_38,53.33429,-6.334109
35_39,53.335188,-6.334053
35_40,53.336086,-6.333997
35_41,53.336984,-6.33394
35_42,53.337881,-6.333884
35_43,53.338779,-6.333828
35_44,53.339677,-6.333772
35_45,53.340575,-6.333716
35_46,53.341473,-6.33366
35_47,53.342371,-6.333604
35_48,53.343269,-6.333548
35_49,53.344167,-6.333492
35_50,53.345065,-6.333436
35_51,53.345963,-6.33338
35_52,53.346861,-6.333324
35_53,53.347759,-6.333268
35_54,53.348656,-6.333212
35_55,53.349554,-6.333156
35_56,53.350452,-6.3331
35_57,53.35135,-6.333044
35_58,53.352248,-6.332987
35_59,53.353146,-6.332931
35_60,53.354044,-6.332875
35_61,53.354942,-6.332819
35_62,53.35584,-6.332763
35_63,53.356738,-6.332707
35_64,53.357636,-6.332651
35_65,53.358533,-6.332595
35_66,53.359431,-6.332539
35_67,53.360329,-6.332483
35_68,53.361227,-6.332426
35_69,53.362125,-6.33237
35_70,53.363023,-6.332314
35_71,53.363921,-6.332258
35_72,53.364819,-6.332202
35_73,53.365717,-6.332146
35_74,53.366615,-6.33209
35_75,53.367513,-6.332034
35_76,53.368411,-6.331977
35_77,53.369308,-6.331921
35_78,53.370206,-6.331865
35_79,53.371104,-6.331809
35_80,53.372002,-6.331753
35_81,53.3729,-6.331697
35_82,53.373798,-6.331641
35_83,53.374696,-6.331584
35_84,53.375594,-6.331528
35_85,53.376492,-6.331472
35_86,53.37739,-6.331416
35_87,53.378288,-6.33136
35_88,53.379185,-6.331303
35_89,53.380083,-6.331247
35_90,53.380981,-6.331191
35_91,53.381879,-6.331135
35_92,53.382777,-6.331079
35_93,53.383675,-6.331023
35_94,53.384573,-6.330966
35_95,53.385471,-6.33091
35_96,53.386369,-6.330854
35_97,53.387267,-6.330798
35_98,53.388165,-6.330742
35_99,53.389062,-6.330685
35_100,53.38996,-6.330629
35_101,53.390858,-6.330573
35_102,53.391756,-6.330517
35_103,53.392654,-6.33046
35_104,53.393552,-6.330404
35_105,53.39445,-6.330348
35_106,53.395348,-6.330292
35_107,53.396246,-6.330236
35_108,53.397144,-6.330179
35_109,53.398042,-6.330123
35_110,53.398939,-6.330067
35_111,53.399837,-6.330011
35_112,53.400735,-6.329954
35_113,53.401633,-6.329898
35_114,53.402531,-6.329842
35_115,53.403429,-6.329786
35_116,53.404327,-6.329729
35_117,53.405225,-6.329673
35_118,53.406123,-6.329617
35_119,53.407021,-6.329561
35_120,53.407918,-6.329504
35_121,53.408816,-6.329448
35_122,53.409714,-6.329392
35_123,53.410612,-6.329335
35_124,53.41151,-6.329279
35_125,53.412408,-6.329223
35_126,53.413306,-6.329167
36_0,53.300135,-6.334737
36_1,53.301033,-6.334681
36_2,53.301931,-6.334625
36_3,53.302829,-6.334569
36_4,53.303727,-6.334513
36_5,53.304625,-6.334457
36_6,53.305523,-6.334401
36_7,53.306421,-6.334345
36_8,53.307319,-6.334289
36_9,53.308217,-6.334233
36_10,53.309114,-6.334177
36_11,53.310012,-6.334121
36_12,53.31091,-6.334065
36_13,53.311808,-6.334009
36_14,53.312706,-6.333953
36_15,53.313604,-6.333897
36_16,53.314502,-6.333841
36_17,53.3154,-6.333785
36_18,53.316298,-6.333729
36_19,53.317196,-6.333673
36_20,53.318094,-6.333617
36_21,53.318992,-6.333561
36_22,53.31989,-6.333505
36_23,53.320787,-6.333449
36_24,53.321685,-6.333393
36_25,53.322583,-6.333337
36_26,53.323481,-6.333281
36_27,53.324379,-6.333225
36_28,53.325277,-6.333169
36_29,53.326175,-6.333113
36_30,53.327073,-6.333057
36_31,53.327971,-6.333001
36_32,53.328869,-6.332945
36_33,53.329767,-6.332889
36_34,53.330665,-6.332833
36_35,53.331562,-6.332777
36_36,53.33246,-6.332721
36_37,53.333358,-6.332665
36_38,53.334256,-6.332609
36_39,53.335154,-6.332552
36_40,53.336052,-6.332496
36_41,53.33695,-6.33244
36_42,53.337848,-6.332384
36_43,53.338746,-6.332328
36_44,53.339644,-6.332272
36_45,53.340542,-6.332216
36_46,53.34144,-6.33216
36_47,53.342337,-6.332104
36_48,53.343235,-6.332048
36_49,53.344133,-6.331992
36_50,53.345031,-6.331936
36_51,53.345929,-6.33188
36_52,53.346827,-6.331823
36_53,53.347725,-6.331767
36_54,53.348623,-6.331711
36_55,53.349521,-6.331655
36_56,53.350419,-6.331599
36_57,53.351317,-6.331543
36_58,53.352215,-6.331487
36_59,53.353112,-6.331431
36_60,53.35401,-6.331375
36_61,53.354908,-6.331318
36_62,53.355806,-6.331262
36_63,53.356704,-6.331206
36_64,53.357602,-6.33115
36_65,53.3585,-6.331094
36_66,53.359398,-6.331038
36_67,53.360296,-6.330982
36_68,53.361194,-6.330925
36_69,53.362092,-6.330869
36_70,53.362989,-6.330813
36_71,53.363887,-6.330757
36_72,53.364785,-6.330701
36_73,53.365683,-6.330645
36_74,53.366581,-6.330588
36_75,53.367479,-6.330532
36_76,53.368377,-6.330476
36_77,53.369275,-6.33042
36_78,53.370173,-6.330364
36_79,53.371071,-6.330308
36_80,53.371969,-6.330251
36_81,53.372866,-6.330195
36_82,53.373764,-6.330139
36_83,53.374662,-6.330083
36_84,53.37556,-6.330027
36_85,53.376458,-6.32997
36_86,53.377356,-6.329914
36_87,53.378254,-6.329858
36_88,53.379152,-6.329802
36_89,53.38005,-6.329746
36_90,53.380948,-6.329689
36_91,53.381846,-6.329633
36_92,53.382743,-6.329577
36_93,53.383641,-6.329521
36_94,53.384539,-6.329465
36_95,53.385437,-6.329408
36_96,53.386335,-6.329352
36_97,53.387233,-6.329296
36_98,53.388131,-6.32924
36_99,53.389029,-6.329183
36_100,53.389927,-6.329127
36_101,53.390825,-6.329071
36_102,53.391723,-6.329015
36_103,53.39262,-6.328958
36_104,53.393518,-6.328902
36_105,53.394416,-6.328846
36_106,53.395314,-6.32879
36_107,53.396212,-6.328733
36_108,53.39711,-6.328677
36_109,53.398008,-6.328621
36_110,53.398906,-6.328565
36_111,53.399804,-6.328508
36_112,53.400702,-6.328452
36_113,53.4016,-6.328396
36_114,53.402497,-6.328339
36_115,53.403395,-6.328283
36_116,53.404293,-6.328227
36_117,53.405191,-6.328171
36_118,53.406089,-6.328114
36_119,53.406987,-6.328058
36_120,53.407885,-6.328002
36_121,53.408783,-6.327945
36_122,53.409681,-6.327889
36_123,53.410579,-6.327833
36_124,53.411476,-6.327776
36_125,53.412374,-6.32772
36_126,53.413272,-6.327664
37_0,53.300102,-6.333238
37_1,53.301,-6.333182
37_2,53.301898,-6.333126
37_3,53.302795,-6.33307
37_4,53.303693,-6.333014
37_5,53.304591,-6.332958
37_6,53.305489,-6.332902
37_7,53.306387,-6.332846
37_8,53.307285,-6.33279
37_9,53.308183,-6.332734
37_10,53.309081,-6.332678
37_11,53.309979,-6.332622
37_12,53.310877,-6.332566
37_13,53.311775,-6.33251
37_14,53.312673,-6.332454
37_15,53.313571,-6.332398
37_16,53.314468,-6.332342
37_17,53.315366,-6.332286
37_18,53.316264,-6.33223
37_19,53.317162,-6.332174
37_20,53.31806,-6.332118
37_21,53.318958,-6.332062
37_22,53.319856,-6.332005
37_23,53.320754,-6.331949
37_24,53.321652,-6.331893
37_25,53.32255,-6.331837
37_26,53.323448,-6.331781
37_27,53.324346,-6.331725
37_28,53.325243,-6.331669
37_29,53.326141,-6.331613
37_30,53.327039,-6.331557
37_31,53.327937,-6.331501
37_32,53.328835,-6.331445
37_33,53.329733,-6.331389
37_34,53.330631,-6.331333
37_35,53.331529,-6.331277
37_36,53.332427,-6.331221
37_37,53.333325,-6.331165
37_38,53.334223,-6.331108
37_39,53.335121,-6.331052
37_40,53.336018,-6.330996
37_41,53.336916,-6.33094
37_42,53.337814,-6.330884
37_43,53.338712,-6.330828
37_44,53.33961,-6.330772
37_45,53.340508,-6.330716
37_46,53.341406,-6.33066
37_47,53.342304,-6.330604
37_48,53.343202,-6.330547
37_49,53.3441,-6.330491
37_50,53.344998,-6.330435
37_51,53.345896,-6.330379
37_52,53.346793,-6.330323
37_53,53.347691,-6.330267
37_54,53.348589,-6.330211
37_55,53.349487,-6.330154
37_56,53.350385,-6.330098
37_57,53.351283,-6.330042
37_58,53.352181,-6.329986
37_59,53.353079,-6.32993
37_60,53.353977,-6.329874
37_61,53.354875,-6.329818
37_62,53.355773,-6.329761
37_63,53.35667,-6.329705
37_64,53.357568,-6.329649
37_65,53.358466,-6.329593
37_66,53.359364,-6.329537
37_67,53.360262,-6.329481
37_68,53.36116,-6.329424
37_69,53.362058,-6.329368
37_70,53.362956,-6.329312
37_71,53.363854,-6.329256
37_72,53.364752,-6.3292
37_73,53.36565,-6.329143
37_74,53.366548,-6.329087
37_75,53.367445,-6.329031
37_76,53.368343,-6.328975
37_77,53.369241,-6.328919
37_78,53.370139,-6.328862
37_79,53.371037,-6.328806
37_80,53.371935,-6.32875
37_81,53.372833,-6.328694
37_82,53.373731,-6.328638
37_83,53.374629,-6.328581
37_84,53.375527,-6.328525
37_85,53.376425,-6.328469
37_86,53.377322,-6.328413
37_87,53.37822,-6.328356
37_88,53.379118,-6.3283
37_89,53.380016,-6.328244
37_90,53.380914,-6.328188
37_91,53.381812,-6.328131
37_92,53.38271,-6.328075
37_93,53.383608,-6.328019
37_94,53.384506,-6.327963
37_95,53.385404,-6.327906
37_96,53.386301,-6.32785
37_97,53.387199,-6.327794
37_98,53.388097,-6.327738
37_99,53.388995,-6.327681
37_100,53.389893,-6.327625
37_101,53.390791,-6.327569
37_102,53.391689,-6.327513
37_103,53.392587,-6.327456
37_104,53.393485,-6.3274
37_105,53.394383,-6.327344
37_106,53.395281,-6.327287
37_107,53.396178,-6.327231
37_108,53.397076,-6.327175
37_109,53.397974,-6.327118
37_110,53.398872,-6.327062
37_111,53.39977,-6.327006
37_112,53.400668,-6.32695
37_113,53.401566,-6.326893
37_114,53.402464,-6.326837
37_115,53.403362,-6.326781
37_116,53.40426,-6.326724
37_117,53.405157,-6.326668
37_118,53.406055,-6.326612
37_119,53.406953,-6.326555
37_120,53.407851,-6.326499
37_121,53.408749,-6.326443
37_122,53.409647,-6.326386
37_123,53.410545,-6.32633
37_124,53.411443,-6.326274
37_125,53.412341,-6.326217
37_126,53.413239,-6.326161
38_0,53.300068,-6.331739
38_1,53.300966,-6.331683
38_2,53.301864,-6.331627
38_3,53.302762,-6.331571
38_4,53.30366,-6.331515
38_5,53.304558,-6.331459
38_6,53.305456,-6.331403
38_7,53.306354,-6.331347
38_8,53.307252,-6.331291
38_9,53.308149,-6.331235
38_10,53.309047,-6.331179
38_11,53.309945,-6.331123
38_12,53.310843,-6.331066
38_13,53.311741,-6.33101
38_14,53.312639,-6.330954
38_15,53.313537,-6.330898
38_16,53.314435,-6.330842
38_17,53.315333,-6.330786
38_18,53.316231,-6.33073
38_19,53.317129,-6.330674
38_20,53.318027,-6.330618
38_21,53.318924,-6.330562
38_22,53.319822,-6.330506
38_23,53.32072,-6.33045
38_24,53.321618,-6.330394
38_25,53.322516,-6.330338
38_26,53.323414,-6.330282
38_27,53.324312,-6.330226
38_28,53.32521,-6.330169
38_29,53.326108,-6.330113
38_30,53.327006,-6.330057
38_31,53.327904,-6.330001
38_32,53.328802,-6.329945
38_33,53.329699,-6.329889
38_34,53.330597,-6.329833
38_35,53.331495,-6.329777
38_36,53.332393,-6.329721
38_37,53.333291,-6.329664
38_38,53.334189,-6.329608
38_39,53.335087,-6.329552
38_40,53.335985,-6.329496
38_41,53.336883,-6.32944
38_42,53.337781,-6.329384
38_43,53.338679,-6.329328
38_44,53.339577,-6.329272
38_45,53.340474,-6.329215
38_46,53.341372,-6.329159
38_47,53.34227,-6.329103
38_48,53.343168,-6.329047
38_49,53.344066,-6.328991
38_50,53.344964,-6.328935
38_51,53.345862,-6.328879
38_52,53.34676,-6.328822
38_53,53.347658,-6.328766
38_54,53.348556,-6.32871
38_55,53.349454,-6.328654
38_56,53.350352,-6.328598
38_57,53.351249,-6.328542
38_58,53.352147,-6.328485
38_59,53.353045,-6.328429
38_60,53.353943,-6.328373
38_61,53.354841,-6.328317
38_62,53.355739,-6.328261
38_63,53.356637,-6.328204
38_64,53.357535,-6.328148
38_65,53.358433,-6.328092
38_66,53.359331,-6.328036
38_67,53.360229,-6.32798
38_68,53.361126,-6.327923
38_69,53.362024,-6.327867
38_70,53.362922,-6.327811
38_71,53.36382,-6.327755
38_72,53.364718,-6.327699
38_73,53.365616,-6.327642
38_74,53.366514,-6.327586
38_75,53.367412,-6.32753
38_76,53.36831,-6.327474
38_77,53.369208,-6.327417
38_78,53.370106,-6.327361
38_79,53.371003,-6.327305
38_80,53.371901,-6.327249
38_81,53.372799,-6.327192
38_82,53.373697,-6.327136
38_83,53.374595,-6.32708
38_84,53.375493,-6.327024
38_85,53.376391,-6.326967
38_86,53.377289,-6.326911
38_87,53.378187,-6.326855
38_88,53.379085,-6.326799
38_89,53.379983,-6.326742
38_90,53.38088,-6.326686
38_91,53.381778,-6.32663
38_92,53.382676,-6.326573
38_93,53.383574,-6.326517
38_94,53.384472,-6.326461
38_95,53.38537,-6.326405
38_96,53.386268,-6.326348
38_97,53.387166,-6.326292
38_98,53.388064,-6.326236
38_99,53.388962,-6.326179
38_100,53.389859,-6.326123
38_101,53.390757,-6.326067
38_102,53.391655,-6.32601
38_103,53.392553,-6.325954
38_104,53.393451,-6.325898
38_105,53.394349,-6.325841
38_106,53.395247,-6.325785
38_107,53.396145,-6.325729
38_108,53.397043,-6.325672
38_109,53.397941,-6.325616
38_110,53.398839,-6.32556
38_111,53.399736,-6.325503
38_112,53.400634,-6.325447
38_113,53.401532,-6.325391
38_114,53.40243,-6.325334
38_115,53.403328,-6.325278
38_116,53.404226,-6.325222
38_117,53.405124,-6.325165
38_118,53.406022,-6.325109
38_119,53.40692,-6.325053
38_120,53.407818,-6.324996
38_121,53.408715,-6.32494
38_122,53.409613,-6.324884
38_123,53.410511,-6.324827
38_124,53.411409,-6.324771
38_125,53.412307,-6.324714
38_126,53.413205,-6.324658
39_0,53.300035,-6.33024
39_1,53.300933,-6.330184
39_2,53.30183,-6.330128
39_3,53.302728,-6.330072
39_4,53.303626,-6.330016
39_5,53.304524,-6.32996
39_6,53.305422,-6.329904
39_7,53.30632,-6.329848
39_8,53.307218,-6.329792
39_9,53.308116,-6.329735
39_10,53.309014,-6.329679
39_11,53.309912,-6.329623
39_12,53.31081,-6.329567
39_13,53.311708,-6.329511
39_14,53.312605,-6.329455
39_15,53.313503,-6.329399
39_16,53.314401,-6.329343
39_17,53.315299,-6.329287
39_18,53.316197,-6.329231
39_19,53.317095,-6.329175
39_20,53.317993,-6.329119
39_21,53.318891,-6.329062
39_22,53.319789,-6.329006
39_23,53.320687,-6.32895
39_24,53.321585,-6.328894
39_25,53.322483,-6.328838
39_26,53.32338,-6.328782
39_27,53.324278,-6.328726
39_28,53.325176,-6.32867
39_29,53.326074,-6.328614
39_30,53.326972,-6.328557
39_31,53.32787,-6.328501
39_32,53.328768,-6.328445
39_33,53.329666,-6.328389
39_34,53.330564,-6.328333
39_35,53.331462,-6.328277
39_36,53.33236,-6.328221
39_37,53.333258,-6.328164
39_38,53.334155,-6.328108
39_39,53.335053,-6.328052
39_40,53.335951,-6.327996
39_41,53.336849,-6.32794
39_42,53.337747,-6.327884
39_43,53.338645,-6.327827
39_44,53.339543,-6.327771
39_45,53.340441,-6.327715
39_46,53.341339,-6.327659
39_47,53.342237,-6.327603
39_48,53.343135,-6.327547
39_49,53.344033,-6.32749
39_50,53.34493,-6.327434
39_51,53.345828,-6.327378
39_52,53.346726,-6.327322
39_53,53.347624,-6.327266
39_54,53.348522,-6.327209
39_55,53.34942,-6.327153
39_56,53.350318,-6.327097
39_57,53.351216,-6.327041
39_58,53.352114,-6.326985
39_59,53.353012,-6.326928
39_60,53.35391,-6.326872
39_61,53.354807,-6.326816
39_62,53.355705,-6.32676
39_63,53.356603,-6.326704
39_64,53.357501,-6.326647
39_65,53.358399,-6.326591
39_66,53.359297,-6.326535
39_67,53.360195,-6.326479
39_68,53.361093,-6.326422
39_69,53.361991,-6.326366
39_70,53.362889,-6.32631
39_71,53.363787,-6.326254
39_72,53.364684,-6.326197
39_73,53.365582,-6.326141
39_74,53.36648,-6.326085
39_75,53.367378,-6.326029
39_76,53.368276,-6.325972
39_77,53.369174,-6.325916
39_78,53.370072,-6.32586
39_79,53.37097,-6.325804
39_80,53.371868,-6.325747
39_81,53.372766,-6.325691
39_82,53.373664,-6.325635
39_83,53.374561,-6.325578
39_84,53.375459,-6.325522
39_85,53.376357,-6.325466
39_86,53.377255,-6.325409
39_87,53.378153,-6.325353
39_88,53.379051,-6.325297
39_89,53.379949,-6.325241
39_90,53.380847,-6.325184
39_91,53.381745,-6.325128
39_92,53.382643,-6.325072
39_93,53.38354,-6.325015
39_94,53.384438,-6.324959
39_95,53.385336,-6.324903
39_96,53.386234,-6.324846
39_97,53.387132,-6.32479
39_98,53.38803,-6.324734
39_99,53.388928,-6.324677
39_100,53.389826,-6.324621
39_101,53.390724,-6.324565
39_102,53.391622,-6.324508
39_103,53.39252,-6.324452
39_104,53.393417,-6.324396
39_105,53.394315,-6.324339
39_106,53.395213,-6.324283
39_107,53.396111,-6.324227
39_108,53.397009,-6.32417
39_109,53.397907,-6.324114
39_110,53.398805,-6.324057
39_111,53.399703,-6.324001
39_112,53.400601,-6.323945
39_113,53.401499,-6.323888
39_114,53.402396,-6.323832
39_115,53.403294,-6.323776
39_116,53.404192,-6.323719
39_117,53.40509,-6.323663
39_118,53.405988,-6.323606
39_119,53.406886,-6.32355
39_120,53.407784,-6.323494
39_121,53.408682,-6.323437
39_122,53.40958,-6.323381
39_123,53.410478,-6.323324
39_124,53.411375,-6.323268
39_125,53.412273,-6.323212
39_126,53.413171,-6.323155
40_0,53.300001,-6.328741
40_1,53.300899,-6.328685
40_2,53.301797,-6.328629
40_3,53.302695,-6.328573
40_4,53.303593,-6.328517
40_5,53.304491,-6.328461
40_6,53.305389,-6.328405
40_7,53.306286,-6.328348
40_8,53.307184,-6.328292
40_9,53.308082,-6.328236
40_10,53.30898,-6.32818
40_11,53.309878,-6.328124
40_12,53.310776,-6.328068
40_13,53.311674,-6.328012
40_14,53.312572,-6.327956
40_15,53.31347,-6.3279
40_16,53.314368,-6.327844
40_17,53.315266,-6.327787
40_18,53.316164,-6.327731
40_19,53.317061,-6.327675
40_20,53.317959,-6.327619
40_21,53.318857,-6.327563
40_22,53.319755,-6.327507
40_23,53.320653,-6.327451
40_24,53.321551,-6.327395
40_25,53.322449,-6.327338
40_26,53.323347,-6.327282
40_27,53.324245,-6.327226
40_28,53.325143,-6.32717
40_29,53.326041,-6.327114
40_30,53.326939,-6.327058
40_31,53.327836,-6.327001
40_32,53.328734,-6.326945
40_33,53.329632,-6.326889
40_34,53.33053,-6.326833
40_35,53.331428,-6.326777
40_36,53.332326,-6.326721
40_37,53.333224,-6.326664
40_38,53.334122,-6.326608
40_39,53.33502,-6.326552
40_40,53.335918,-6.326496
40_41,53.336816,-6.32644
40_42,53.337713,-6.326383
40_43,53.338611,-6.326327
40_44,53.339509,-6.326271
40_45,53.340407,-6.326215
40_46,53.341305,-6.326159
40_47,53.342203,-6.326102
40_48,53.343101,-6.326046
40_49,53.343999,-6.32599
40_50,53.344897,-6.325934
40_51,53.345795,-6.325878
40_52,53.346693,-6.325821
40_53,53.347591,-6.325765
40_54,53.348488,-6.325709
40_55,53.349386,-6.325653
40_56,53.350284,-6.325596
40_57,53.351182,-6.32554
40_58,53.35208,-6.325484
40_59,53.352978,-6.325428
40_60,53.353876,-6.325371
40_61,53.354774,-6.325315
40_62,53.355672,-6.325259
40_63,53.35657,-6.325203
40_64,53.357468,-6.325146
40_65,53.358365,-6.32509
40_66,53.359263,-6.325034
40_67,53.360161,-6.324978
40_68,53.361059,-6.324921
40_69,53.361957,-6.324865
40_70,53.362855,-6.324809
40_71,53.363753,-6.324753
40_72,53.364651,-6.324696
40_73,53.365549,-6.32464
40_74,53.366447,-6.324584
40_75,53.367345,-6.324527
40_76,53.368242,-6.324471
40_77,53.36914,-6.324415
40_78,53.370038,-6.324358
40_79,53.370936,-6.324302
40_80,53.371834,-6.324246
40_81,53.372732,-6.32419
40_82,53.37363,-6.324133
40_83,53.374528,-6.324077
40_84,53.375426,-6.324021
40_85,53.376324,-6.323964
40_86,53.377221,-6.323908
40_87,53.378119,-6.323852
40_88,53.379017,-6.323795
40_89,53.379915,-6.323739
40_90,53.380813,-6.323683
40_91,53.381711,-6.323626
40_92,53.382609,-6.32357
40_93,53.383507,-6.323514
40_94,53.384405,-6.323457
40_95,53.385303,-6.323401
40_96,53.386201,-6.323344
40_97,53.387098,-6.323288
40_98,53.387996,-6.323232
40_99,53.388894,-6.323175
40_100,53.389792,-6.323119
40_101,53.39069,-6.323063
40_102,53.391588,-6.323006
40_103,53.392486,-6.32295
40_104,53.393384,-6.322894
40_105,53.394282,-6.322837
40_106,53.39518,-6.322781
40_107,53.396077,-6.322724
40_108,53.396975,-6.322668
40_109,53.397873,-6.322612
40_110,53.398771,-6.322555
40_111,53.399669,-6.322499
40_112,53.400567,-6.322442
40_113,53.401465,-6.322386
40_114,53.402363,-6.32233
40_115,53.403261,-6.322273
40_116,53.404159,-6.322217
40_117,53.405056,-6.32216
40_118,53.405954,-6.322104
40_119,53.406852,-6.322047
40_120,53.40775,-6.321991
40_121,53.408648,-6.321935
40_122,53.409546,-6.321878
40_123,53.410444,-6.321822
40_124,53.411342,-6.321765
40_125,53.41224,-6.321709
40_126,53.413138,-6.321652
41_0,53.299967,-6.327242
41_1,53.300865,-6.327186
41_2,53.301763,-6.32713
41_3,53.302661,-6.327074
41_4,53.303559,-6.327018
41_5,53.304457,-6.326962
41_6,53.305355,-6.326906
41_7,53.306253,-6.326849
41_8,53.307151,-6.326793
41_9,53.308049,-6.326737
41_10,53.308947,-6.326681
41_11,53.309845,-6.326625
41_12,53.310742,-6.326569
41_13,53.31164,-6.326513
41_14,53.312538,-6.326456
41_15,53.313436,-6.3264
41_16,53.314334,-6.326344
41_17,53.315232,-6.326288
41_18,53.31613,-6.326232
41_19,53.317028,-6.326176
41_20,53.317926,-6.32612
41_21,53.318824,-6.326063
41_22,53.319722,-6.326007
41_23,53.320619,-6.325951
41_24,53.321517,-6.325895
41_25,53.322415,-6.325839
41_26,53.323313,-6.325783
41_27,53.324211,-6.325726
41_28,53.325109,-6.32567
41_29,53.326007,-6.325614
41_30,53.326905,-6.325558
41_31,53.327803,-6.325502
41_32,53.328701,-6.325445
41_33,53.329599,-6.325389
41_34,53.330497,-6.325333
41_35,53.331394,-6.325277
41_36,53.332292,-6.325221
41_37,53.33319,-6.325164
41_38,53.334088,-6.325108
41_39,53.334986,-6.325052
41_40,53.335884,-6.324996
41_41,53.336782,-6.32494
41_42,53.33768,-6.324883
41_43,53.338578,-6.324827
41_44,53.339476,-6.324771
41_45,53.340374,-6.324715
41_46,53.341271,-6.324658
41_47,53.342169,-6.324602
41_48,53.343067,-6.324546
41_49,53.343965,-6.32449
41_50,53.344863,-6.324433
41_51,53.345761,-6.324377
41_52,53.346659,-6.324321
41_53,53.347557,-6.324265
41_54,53.348455,-6.324208
41_55,53.349353,-6.324152
41_56,53.350251,-6.324096
41_57,53.351148,-6.32404
41_58,53.352046,-6.323983
41_59,53.352944,-6.323927
41_60,53.353842,-6.323871
41_61,53.35474,-6.323814
41_62,53.355638,-6.323758
41_63,53.356536,-6.323702
41_64,53.357434,-6.323646
41_65,53.358332,-6.323589
41_66,53.35923,-6.323533
41_67,53.360128,-6.323477
41_68,53.361025,-6.32342
41_69,53.361923,-6.323364
41_70,53.362821,-6.323308
41_71,53.363719,-6.323251
41_72,53.364617,-6.323195
41_73,53.365515,-6.323139
41_74,53.366413,-6.323082
41_75,53.367311,-6.323026
41_76,53.368209,-6.32297
41_77,53.369107,-6.322913
41_78,53.370005,-6.322857
41_79,53.370902,-6.322801
41_80,53.3718,-6.322744
41_81,53.372698,-6.322688
41_82,53.373596,-6.322632
41_83,53.374494,-6.322575
41_84,53.375392,-6.322519
41_85,53.37629,-6.322463
41_86,53.377188,-6.322406
41_87,53.378086,-6.32235
41_88,53.378984,-6.322294
41_89,53.379881,-6.322237
41_90,53.380779,-6.322181
41_91,53.381677,-6.322125
41_92,53.382575,-6.322068
41_93,53.383473,-6.322012
41_94,53.384371,-6.321955
41_95,53.385269,-6.321899
41_96,53.386167,-6.321843
41_97,53.387065,-6.321786
41_98,53.387963,-6.32173
41_99,53.388861,-6.321673
41_100,53.389758,-6.321617
41_101,53.390656,-6.321561
41_102,53.391554,-6.321504
41_103,53.392452,-6.321448
41_104,53.39335,-6.321391
41_105,53.394248,-6.321335
41_106,53.395146,-6.321279
41_107,53.396044,-6.321222
41_108,53.396942,-6.321166
41_109,53.39784,-6.321109
41_110,53.398737,-6.321053
41_111,53.399635,-6.320996
41_112,53.400533,-6.32094
41_113,53.401431,-6.320884
41_114,53.402329,-6.320827
41_115,53.403227,-6.320771
41_116,53.404125,-6.320714
41_117,53.405023,-6.320658
41_118,53.405921,-6.320601
41_119,53.406818,-6.320545
41_120,53.407716,-6.320488
41_121,53.408614,-6.320432
41_122,53.409512,-6.320375
41_123,53.41041,-6.320319
41_124,53.411308,-6.320262
41_125,53.412206,-6.320206
41_126,53.413104,-6.32015
42_0,53.299934,-6.325743
42_1,53.300832,-6.325687
42_2,53.30173,-6.325631
42_3,53.302628,-6.325575
42_4,53.303525,-6.325519
42_5,53.304423,-6.325463
42_6,53.305321,-6.325406
42_7,53.306219,-6.32535
42_8,53.307117,-6.325294
42_9,53.308015,-6.325238
42_10,53.308913,-6.325182
42_11,53.309811,-6.325126
42_12,53.310709,-6.325069
42_13,53.311607,-6.325013
42_14,53.312505,-6.324957
42_15,53.313403,-6.324901
42_16,53.3143,-6.324845
42_17,53.315198,-6.324789
42_18,53.316096,-6.324732
42_19,53.316994,-6.324676
42_20,53.317892,-6.32462
42_21,53.31879,-6.324564
42_22,53.319688,-6.324508
42_23,53.320586,-6.324451
42_24,53.321484,-6.324395
42_25,53.322382,-6.324339
42_26,53.32328,-6.324283
42_27,53.324178,-6.324227
42_28,53.325075,-6.32417
42_29,53.325973,-6.324114
42_30,53.326871,-6.324058
42_31,53.327769,-6.324002
42_32,53.328667,-6.323946
42_33,53.329565,-6.323889
42_34,53.330463,-6.323833
42_35,53.331361,-6.323777
42_36,53.332259,-6.323721
42_37,53.333157,-6.323664
42_38,53.334055,-6.323608
42_39,53.334952,-6.323552
42_40,53.33585,-6.323496
42_41,53.336748,-6.323439
42_42,53.337646,-6.323383
42_43,53.338544,-6.323327
42_44,53.339442,-6.323271
42_45,53.34034,-6.323214
42_46,53.341238,-6.323158
42_47,53.342136,-6.323102
42_48,53.343034,-6.323045
42_49,53.343932,-6.322989
42_50,53.344829,-6.322933
42_51,53.345727,-6.322877
42_52,53.346625,-6.32282
42_53,53.347523,-6.322764
42_54,53.348421,-6.322708
42_55,53.349319,-6.322651
42_56,53.350217,-6.322595
42_57,53.351115,-6.322539
42_58,53.352013,-6.322483
42_59,53.352911,-6.322426
42_60,53.353809,-6.32237
42_61,53.354706,-6.322314
42_62,53.355604,-6.322257
42_63,53.356502,-6.322201
42_64,53.3574,-6.322145
42_65,53.358298,-6.322088
42_66,53.359196,-6.322032
42_67,53.360094,-6.321976
42_68,53.360992,-6.321919
42_69,53.36189,-6.321863
42_70,53.362788,-6.321807
42_71,53.363686,-6.32175
42_72,53.364583,-6.321694
42_73,53.365481,-6.321638
42_74,53.366379,-6.321581
42_75,53.367277,-6.321525
42_76,53.368175,-6.321469
42_77,53.369073,-6.321412
42_78,53.369971,-6.321356
42_79,53.370869,-6.321299
42_80,53.371767,-6.321243
42_81,53.372665,-6.321187
42_82,53.373562,-6.32113
42_83,53.37446,-6.321074
42_84,53.375358,-6.321018
42_85,53.376256,-6.320961
42_86,53.377154,-6.320905
42_87,53.378052,-6.320848
42_88,53.37895,-6.320792
42_89,53.379848,-6.320736
42_90,53.380746,-6.320679
42_91,53.381644,-6.320623
42_92,53.382541,-6.320566
42_93,53.383439,-6.32051
42_94,53.384337,-6.320454
42_95,53.385235,-6.320397
42_96,53.386133,-6.320341
42_97,53.387031,-6.320284
42_98,53.387929,-6.320228
42_99,53.388827,-6.320171
42_100,53.389725,-6.320115
42_101,53.390623,-6.320059
42_102,53.39152,-6.320002
42_103,53.392418,-6.319946
42_104,53.393316,-6.319889
42_105,53.394214,-6.319833
42_106,53.395112,-6.319776
42_107,53.39601,-6.31972
42_108,53.396908,-6.319663
42_109,53.397806,-6.319607
42_110,53.398704,-6.31955
42_111,53.399602,-6.319494
42_112,53.400499,-6.319438
42_113,53.401397,-6.319381
42_114,53.402295,-6.319325
42_115,53.403193,-6.319268
42_116,53.404091,-6.319212
42_117,53.404989,-6.319155
42_118,53.405887,-6.319099
42_119,53.406785,-6.319042
42_120,53.407683,-6.318986
42_121,53.408581,-6.318929
42_122,53.409478,-6.318873
42_123,53.410376,-6.318816
42_124,53.411274,-6.31876
42_125,53.412172,-6.318703
42_126,53.41307,-6.318647
43_0,53.2999,-6.324244
43_1,53.300798,-6.324188
43_2,53.301696,-6.324132
43_3,53.302594,-6.324076
43_4,53.303492,-6.32402
43_5,53.30439,-6.323964
43_6,53.305288,-6.323907
43_7,53.306186,-6.323851
43_8,53.307083,-6.323795
43_9,53.307981,-6.323739
43_10,53.308879,-6.323683
43_11,53.309777,-6.323626
43_12,53.310675,-6.32357
43_13,53.311573,-6.323514
43_14,53.312471,-6.323458
43_15,53.313369,-6.323402
43_16,53.314267,-6.323345
43_17,53.315165,-6.323289
43_18,53.316063,-6.323233
43_19,53.316961,-6.323177
43_20,53.317858,-6.323121
43_21,53.318756,-6.323064
43_22,53.319654,-6.323008
43_23,53.320552,-6.322952
43_24,53.32145,-6.322896
43_25,53.322348,-6.322839
43_26,53.323246,-6.322783
43_27,53.324144,-6.322727
43_28,53.325042,-6.322671
43_29,53.32594,-6.322614
43_30,53.326838,-6.322558
43_31,53.327735,-6.322502
43_32,53.328633,-6.322446
43_33,53.329531,-6.322389
43_34,53.330429,-6.322333
43_35,53.331327,-6.322277
43_36,53.332225,-6.322221
43_37,53.333123,-6.322164
43_38,53.334021,-6.322108
43_39,53.334919,-6.322052
43_40,53.335817,-6.321995
43_41,53.336715,-6.321939
43_42,53.337612,-6.321883
43_43,53.33851,-6.321827
43_44,53.339408,-6.32177
43_45,53.340306,-6.321714
43_46,53.341204,-6.321658
43_47,53.342102,-6.321601
43_48,53.343,-6.321545
43_49,53.343898,-6.321489
43_50,53.344796,-6.321432
43_51,53.345694,-6.321376
43_52,53.346592,-6.32132
43_53,53.347489,-6.321264
43_54,53.348387,-6.321207
43_55,53.349285,-6.321151
43_56,53.350183,-6.321095
43_57,53.351081,-6.321038
43_58,53.351979,-6.320982
43_59,53.352877,-6.320926
43_60,53.353775,-6.320869
43_61,53.354673,-6.320813
43_62,53.355571,-6.320756
43_63,53.356469,-6.3207
43_64,53.357366,-6.320644
43_65,53.358264,-6.320587
43_66,53.359162,-6.320531
43_67,53.36006,-6.320475
43_68,53.360958,-6.320418
43_69,53.361856,-6.320362
43_70,53.362754,-6.320306
43_71,53.363652,-6.320249
43_72,53.36455,-6.320193
43_73,53.365448,-6.320136
43_74,53.366345,-6.32008
43_75,53.367243,-6.320024
43_76,53.368141,-6.319967
43_77,53.369039,-6.319911
43_78,53.369937,-6.319854
43_79,53.370835,-6.319798
43_80,53.371733,-6.319742
43_81,53.372631,-6.319685
43_82,53.373529,-6.319629
43_83,53.374427,-6.319572
43_84,53.375325,-6.319516
43_85,53.376222,-6.31946
43_86,53.37712,-6.319403
43_87,53.378018,-6.319347
43_88,53.378916,-6.31929
43_89,53.379814,-6.319234
43_90,53.380712,-6.319177
43_91,53.38161,-6.319121
43_92,53.382508,-6.319065
43_93,53.383406,-6.319008
43_94,53.384304,-6.318952
43_95,53.385201,-6.318895
43_96,53.386099,-6.318839
43_97,53.386997,-6.318782
43_98,53.387895,-6.318726
43_99,53.388793,-6.318669
43_100,53.389691,-6.318613
43_101,53.390589,-6.318557
43_102,53.391487,-6.3185
43_103,53.392385,-6.318444
43_104,53.393283,-6.318387
43_105,53.39418,-6.318331
43_106,53.395078,-6.318274
43_107,53.395976,-6.318218
43_108,53.396874,-6.318161
43_109,53.397772,-6.318105
43_110,53.39867,-6.318048
43_111,53.399568,-6.317992
43_112,53.400466,-6.317935
43_113,53.401364,-6.317879
43_114,53.402261,-6.317822
43_115,53.403159,-6.317766
43_116,53.404057,-6.317709
43_117,53.404955,-6.317653
43_118,53.405853,-6.317596
43_119,53.406751,-6.31754
43_120,53.407649,-6.317483
43_121,53.408547,-6.317427
43_122,53.409445,-6.31737
43_123,53.410343,-6.317313
43_124,53.41124,-6.317257
43_125,53.412138,-6.3172
43_126,53.413036,-6.317144
44_0,53.299867,-6.322746
44_1,53.300764,-6.322689
44_2,53.301662,-6.322633
44_3,53.30256,-6.322577
44_4,53.303458,-6.322521
44_5,53.304356,-6.322465
44_6,53.305254,-6.322408
44_7,53.306152,-6.322352
44_8,53.30705,-6.322296
44_9,53.307948,-6.32224
44_10,53.308846,-6.322183
44_11,53.309744,-6.322127
44_12,53.310641,-6.322071
44_13,53.311539,-6.322015
44_14,53.312437,-6.321959
44_15,53.313335,-6.321902
44_16,53.314233,-6.321846
44_17,53.315131,-6.32179
44_18,53.316029,-6.321734
44_19,53.316927,-6.321677
44_20,53.317825,-6.321621
44_21,53.318723,-6.321565
44_22,53.319621,-6.321509
44_23,53.320519,-6.321452
44_24,53.321416,-6.321396
44_25,53.322314,-6.32134
44_26,53.323212,-6.321283
44_27,53.32411,-6.321227
44_28,53.325008,-6.321171
44_29,53.325906,-6.321115
44_30,53.326804,-6.321058
44_31,53.327702,-6.321002
44_32,53.3286,-6.320946
44_33,53.329498,-6.320889
44_34,53.330396,-6.320833
44_35,53.331293,-6.320777
44_36,53.332191,-6.320721
44_37,53.333089,-6.320664
44_38,53.333987,-6.320608
44_39,53.334885,-6.320552
44_40,53.335783,-6.320495
44_41,53.336681,-6.320439
44_42,53.337579,-6.320383
44_43,53.338477,-6.320326
44_44,53.339375,-6.32027
44_45,53.340273,-6.320214
44_46,53.34117,-6.320157
44_47,53.342068,-6.320101
44_48,53.342966,-6.320045
44_49,53.343864,-6.319988
44_50,53.344762,-6.319932
44_51,53.34566,-6.319876
44_52,53.346558,-6.319819
44_53,53.347456,-6.319763
44_54,53.348354,-6.319707
44_55,53.349252,-6.31965
44_56,53.350149,-6.319594
44_57,53.351047,-6.319538
44_58,53.351945,-6.319481
44_59,53.352843,-6.319425
44_60,53.353741,-6.319368
44_61,53.354639,-6.319312
44_62,53.355537,-6.319256
44_63,53.356435,-6.319199
44_64,53.357333,-6.319143
44_65,53.358231,-6.319087
44_66,53.359129,-6.31903
44_67,53.360026,-6.318974
44_68,53.360924,-6.318917
44_69,53.361822,-6.318861
44_70,53.36272,-6.318805
44_71,53.363618,-6.318748
44_72,53.364516,-6.318692
44_73,53.365414,-6.318635
44_74,53.366312,-6.318579
44_75,53.36721,-6.318522
44_76,53.368108,-6.318466
44_77,53.369005,-6.31841
44_78,53.369903,-6.318353
44_79,53.370801,-6.318297
44_80,53.371699,-6.31824
44_81,53.372597,-6.318184
44_82,53.373495,-6.318127
44_83,53.374393,-6.318071
44_84,53.375291,-6.318015
44_85,53.376189,-6.317958
44_86,53.377087,-6.317902
44_87,53.377984,-6.317845
44_88,53.378882,-6.317789
44_89,53.37978,-6.317732
44_90,53.380678,-6.317676
44_91,53.381576,-6.317619
44_92,53.382474,-6.317563
44_93,53.383372,-6.317506
44_94,53.38427,-6.31745
44_95,53.385168,-6.317393
44_96,53.386066,-6.317337
44_97,53.386963,-6.31728
44_98,53.387861,-6.317224
44_99,53.388759,-6.317167
44_100,53.389657,-6.317111
44_101,53.390555,-6.317054
44_102,53.391453,-6.316998
44_103,53.392351,-6.316941
44_104,53.393249,-6.316885
44_105,53.394147,-6.316828
44_106,53.395045,-6.316772
44_107,53.395942,-6.316715
44_108,53.39684,-6.316659
44_109,53.397738,-6.316602
44_110,53.398636,-6.316546
44_111,53.399534,-6.316489
44_112,53.400432,-6.316433
44_113,53.40133,-6.316376
44_114,53.402228,-6.31632
44_115,53.403126,-6.316263
44_116,53.404024,-6.316207
44_117,53.404921,-6.31615
44_118,53.405819,-6.316094
44_119,53.406717,-6.316037
44_120,53.407615,-6.31598
44_121,53.408513,-6.315924
44_122,53.409411,-6.315867
44_123,53.410309,-6.315811
44_124,53.411207,-6.315754
44_125,53.412105,-6.315698
44_126,53.413002,-6.315641
45_0,53.299833,-6.321247
45_1,53.300731,-6.32119
45_2,53.301629,-6.321134
45_3,53.302527,-6.321078
45_4,53.303424,-6.321022
45_5,53.304322,-6.320966
45_6,53.30522,-6.320909
45_7,53.306118,-6.320853
45_8,53.307016,-6.320797
45_9,53.307914,-6.320741
45_10,53.308812,-6.320684
45_11,53.30971,-6.320628
45_12,53.310608,-6.320572
45_13,53.311506,-6.320516
45_14,53.312404,-6.320459
45_15,53.313302,-6.320403
45_16,53.314199,-6.320347
45_17,53.315097,-6.32029
45_18,53.315995,-6.320234
45_19,53.316893,-6.320178
45_20,53.317791,-6.320122
45_21,53.318689,-6.320065
45_22,53.319587,-6.320009
45_23,53.320485,-6.319953
45_24,53.321383,-6.319896
45_25,53.322281,-6.31984
45_26,53.323179,-6.319784
45_27,53.324076,-6.319728
45_28,53.324974,-6.319671
45_29,53.325872,-6.319615
45_30,53.32677,-6.319559
45_31,53.327668,-6.319502
45_32,53.328566,-6.319446
45_33,53.329464,-6.31939
45_34,53.330362,-6.319333
45_35,53.33126,-6.319277
45_36,53.332158,-6.319221
45_37,53.333056,-6.319164
45_38,53.333953,-6.319108
45_39,53.334851,-6.319052
45_40,53.335749,-6.318995
45_41,53.336647,-6.318939
45_42,53.337545,-6.318883
45_43,53.338443,-6.318826
45_44,53.339341,-6.31877
45_45,53.340239,-6.318713
45_46,53.341137,-6.318657
45_47,53.342035,-6.318601
45_48,53.342933,-6.318544
45_49,53.34383,-6.318488
45_50,53.344728,-6.318432
45_51,53.345626,-6.318375
45_52,53.346524,-6.318319
45_53,53.347422,-6.318262
45_54,53.34832,-6.318206
45_55,53.349218,-6.31815
45_56,53.350116,-6.318093
45_57,53.351014,-6.318037
45_58,53.351912,-6.317981
45_59,53.352809,-6.317924
45_60,53.353707,-6.317868
45_61,53.354605,-6.317811
45_62,53.355503,-6.317755
45_63,53.356401,-6.317698
45_64,53.357299,-6.317642
45_65,53.358197,-6.317586
45_66,53.359095,-6.317529
45_67,53.359993,-6.317473
45_68,53.360891,-6.317416
45_69,53.361789,-6.31736
45_70,53.362686,-6.317303
45_71,53.363584,-6.317247
45_72,53.364482,-6.317191
45_73,53.36538,-6.317134
45_74,53.366278,-6.317078
45_75,53.367176,-6.317021
45_76,53.368074,-6.316965
45_77,53.368972,-6.316908
45_78,53.36987,-6.316852
45_79,53.370768,-6.316795
45_80,53.371665,-6.316739
45_81,53.372563,-6.316682
45_82,53.373461,-6.316626
45_83,53.374359,-6.31657
45_84,53.375257,-6.316513
45_85,53.376155,-6.316457
45_86,53.377053,-6.3164
45_87,53.377951,-6.316344
45_88,53.378849,-6.316287
45_89,53.379747,-6.316231
45_90,53.380644,-6.316174
45_91,53.381542,-6.316118
45_92,53.38244,-6.316061
45_93,53.383338,-6.316005
45_94,53.384236,-6.315948
45_95,53.385134,-6.315892
45_96,53.386032,-6.315835
45_97,53.38693,-6.315779
45_98,53.387828,-6.315722
45_99,53.388725,-6.315665
45_100,53.389623,-6.315609
45_101,53.390521,-6.315552
45_102,53.391419,-6.315496
45_103,53.392317,-6.315439
45_104,53.393215,-6.315383
45_105,53.394113,-6.315326
45_106,53.395011,-6.31527
45_107,53.395909,-6.315213
45_108,53.396807,-6.315157
45_109,53.397704,-6.3151
45_110,53.398602,-6.315044
45_111,53.3995,-6.314987
45_112,53.400398,-6.31493
45_113,53.401296,-6.314874
45_114,53.402194,-6.314817
45_115,53.403092,-6.314761
45_116,53.40399,-6.314704
45_117,53.404888,-6.314648
45_118,53.405785,-6.314591
45_119,53.406683,-6.314534
45_120,53.407581,-6.314478
45_121,53.408479,-6.314421
45_122,53.409377,-6.314365
45_123,53.410275,-6.314308
45_124,53.411173,-6.314251
45_125,53.412071,-6.314195
45_126,53.412969,-6.314138
46_0,53.299799,-6.319748
46_1,53.300697,-6.319692
46_2,53.301595,-6.319635
46_3,53.302493,-6.319579
46_4,53.303391,-6.319523
46_5,53.304289,-6.319467
46_6,53.305187,-6.31941
46_7,53.306085,-6.319354
46_8,53.306982,-6.319298
46_9,53.30788,-6.319241
46_10,53.308778,-6.319185
46_11,53.309676,-6.319129
46_12,53.310574,-6.319073
46_13,53.311472,-6.319016
46_14,53.31237,-6.31896
46_15,53.313268,-6.318904
46_16,53.314166,-6.318847
46_17,53.315064,-6.318791
46_18,53.315962,-6.318735
46_19,53.316859,-6.318678
46_20,53.317757,-6.318622
46_21,53.318655,-6.318566
46_22,53.319553,-6.318509
46_23,53.320451,-6.318453
46_24,53.321349,-6.318397
46_25,53.322247,-6.31834
46_26,53.323145,-6.318284
46_27,53.324043,-6.318228
46_28,53.324941,-6.318171
46_29,53.325839,-6.318115
46_30,53.326736,-6.318059
46_31,53.327634,-6.318002
46_32,53.328532,-6.317946
46_33,53.32943,-6.31789
46_34,53.330328,-6.317833
46_35,53.331226,-6.317777
46_36,53.332124,-6.317721
46_37,53.333022,-6.317664
46_38,53.33392,-6.317608
46_39,53.334818,-6.317552
46_40,53.335716,-6.317495
46_41,53.336613,-6.317439
46_42,53.337511,-6.317382
46_43,53.338409,-6.317326
46_44,53.339307,-6.31727
46_45,53.340205,-6.317213
46_46,53.341103,-6.317157
46_47,53.342001,-6.3171
46_48,53.342899,-6.317044
46_49,53.343797,-6.316988
46_50,53.344695,-6.316931
46_51,53.345592,-6.316875
46_52,53.34649,-6.316818
46_53,53.347388,-6.316762
46_54,53.348286,-6.316706
46_55,53.349184,-6.316649
46_56,53.350082,-6.316593
46_57,53.35098,-6.316536
46_58,53.351878,-6.31648
46_59,53.352776,-6.316423
46_60,53.353674,-6.316367
46_61,53.354572,-6.316311
46_62,53.355469,-6.316254
46_63,53.356367,-6.316198
46_64,53.357265,-6.316141
46_65,53.358163,-6.316085
46_66,53.359061,-6.316028
46_67,53.359959,-6.315972
46_68,53.360857,-6.315915
46_69,53.361755,-6.315859
46_70,53.362653,-6.315802
46_71,53.363551,-6.315746
46_72,53.364448,-6.315689
46_73,53.365346,-6.315633
46_74,53.366244,-6.315577
46_75,53.367142,-6.31552
46_76,53.36804,-6.315464
46_77,53.368938,-6.315407
46_78,53.369836,-6.315351
46_79,53.370734,-6.315294
46_80,53.371632,-6.315238
46_81,53.37253,-6.315181
46_82,53.373427,-6.315125
46_83,53.374325,-6.315068
46_84,53.375223,-6.315012
46_85,53.376121,-6.314955
46_86,53.377019,-6.314899
46_87,53.377917,-6.314842
46_88,53.378815,-6.314785
46_89,53.379713,-6.314729
46_90,53.380611,-6.314672
46_91,53.381509,-6.314616
46_92,53.382406,-6.314559
46_93,53.383304,-6.314503
46_94,53.384202,-6.314446
46_95,53.3851,-6.31439
46_96,53.385998,-6.314333
46_97,53.386896,-6.314277
46_98,53.387794,-6.31422
46_99,53.388692,-6.314164
46_100,53.38959,-6.314107
46_101,53.390487,-6.31405
46_102,53.391385,-6.313994
46_103,53.392283,-6.313937
46_104,53.393181,-6.313881
46_105,53.394079,-6.313824
46_106,53.394977,-6.313768
46_107,53.395875,-6.313711
46_108,53.396773,-6.313654
46_109,53.397671,-6.313598
46_110,53.398569,-6.313541
46_111,53.399466,-6.313485
46_112,53.400364,-6.313428
46_113,53.401262,-6.313371
46_114,53.40216,-6.313315
46_115,53.403058,-6.313258
46_116,53.403956,-6.313202
46_117,53.404854,-6.313145
46_118,53.405752,-6.313088
46_119,53.40665,-6.313032
46_120,53.407547,-6.312975
46_121,53.408445,-6.312919
46_122,53.409343,-6.312862
46_123,53.410241,-6.312805
46_124,53.411139,-6.312749
46_125,53.412037,-6.312692
46_126,53.412935,-6.312635
47_0,53.299765,-6.318249
47_1,53.300663,-6.318193
47_2,53.301561,-6.318136
47_3,53.302459,-6.31808
47_4,53.303357,-6.318024
47_5,53.304255,-6.317968
47_6,53.305153,-6.317911
47_7,53.306051,-6.317855
47_8,53.306949,-6.317799
47_9,53.307847,-6.317742
47_10,53.308745,-6.317686
47_11,53.309642,-6.31763
47_12,53.31054,-6.317573
47_13,53.311438,-6.317517
47_14,53.312336,-6.317461
47_15,53.313234,-6.317404
47_16,53.314132,-6.317348
47_17,53.31503,-6.317292
47_18,53.315928,-6.317235
47_19,53.316826,-6.317179
47_20,53.317724,-6.317123
47_21,53.318622,-6.317066
47_22,53.319519,-6.31701
47_23,53.320417,-6.316954
47_24,53.321315,-6.316897
47_25,53.322213,-6.316841
47_26,53.323111,-6.316784
47_27,53.324009,-6.316728
47_28,53.324907,-6.316672
47_29,53.325805,-6.316615
47_30,53.326703,-6.316559
47_31,53.327601,-6.316503
47_32,53.328499,-6.316446
47_33,53.329396,-6.31639
47_34,53.330294,-6.316333
47_35,53.331192,-6.316277
47_36,53.33209,-6.316221
47_37,53.332988,-6.316164
47_38,53.333886,-6.316108
47_39,53.334784,-6.316051
47_40,53.335682,-6.315995
47_41,53.33658,-6.315939
47_42,53.337478,-6.315882
47_43,53.338375,-6.315826
47_44,53.339273,-6.315769
47_45,53.340171,-6.315713
47_46,53.341069,-6.315657
47_47,53.341967,-6.3156
47_48,53.342865,-6.315544
47_49,53.343763,-6.315487
47_50,53.344661,-6.315431
47_51,53.345559,-6.315374
47_52,53.346457,-6.315318
47_53,53.347355,-6.315261
47_54,53.348252,-6.315205
47_55,53.34915,-6.315149
47_56,53.350048,-6.315092
47_57,53.350946,-6.315036
47_58,53.351844,-6.314979
47_59,53.352742,-6.314923
47_60,53.35364,-6.314866
47_61,53.354538,-6.31481
47_62,53.355436,-6.314753
47_63,53.356334,-6.314697
47_64,53.357231,-6.31464
47_65,53.358129,-6.314584
47_66,53.359027,-6.314527
47_67,53.359925,-6.314471
47_68,53.360823,-6.314414
47_69,53.361721,-6.314358
47_70,53.362619,-6.314301
47_71,53.363517,-6.314245
47_72,53.364415,-6.314188
47_73,53.365313,-6.314132
47_74,53.36621,-6.314075
47_75,53.367108,-6.314019
47_76,53.368006,-6.313962
47_77,53.368904,-6.313906
47_78,53.369802,-6.313849
47_79,53.3707,-6.313793
47_80,53.371598,-6.313736
47_81,53.372496,-6.31368
47_82,53.373394,-6.313623
47_83,53.374292,-6.313567
47_84,53.375189,-6.31351
47_85,53.376087,-6.313454
47_86,53.376985,-6.313397
47_87,53.377883,-6.31334
47_88,53.378781,-6.313284
47_89,53.379679,-6.313227
47_90,53.380577,-6.313171
47_91,53.381475,-6.313114
47_92,53.382373,-6.313058
47_93,53.38327,-6.313001
47_94,53.384168,-6.312944
47_95,53.385066,-6.312888
47_96,53.385964,-6.312831
47_97,53.386862,-6.312775
47_98,53.38776,-6.312718
47_99,53.388658,-6.312662
47_100,53.389556,-6.312605
47_101,53.390454,-6.312548
47_102,53.391352,-6.312492
47_103,53.392249,-6.312435
47_104,53.393147,-6.312379
47_105,53.394045,-6.312322
47_106,53.394943,-6.312265
47_107,53.395841,-6.312209
47_108,53.396739,-6.312152
47_109,53.397637,-6.312096
47_110,53.398535,-6.312039
47_111,53.399433,-6.311982
47_112,53.40033,-6.311926
47_113,53.401228,-6.311869
47_114,53.402126,-6.311812
47_115,53.403024,-6.311756
47_116,53.403922,-6.311699
47_117,53.40482,-6.311642
47_118,53.405718,-6.311586
47_119,53.406616,-6.311529
47_120,53.407514,-6.311473
47_121,53.408412,-6.311416
47_122,53.409309,-6.311359
47_123,53.410207,-6.311303
47_124,53.411105,-6.311246
47_125,53.412003,-6.311189
47_126,53.412901,-6.311133
48_0,53.299732,-6.31675
48_1,53.30063,-6.316694
48_2,53.301528,-6.316638
48_3,53.302425,-6.316581
48_4,53.303323,-6.316525
48_5,53.304221,-6.316469
48_6,53.305119,-6.316412
48_7,53.306017,-6.316356
48_8,53.306915,-6.316299
48_9,53.307813,-6.316243
48_10,53.308711,-6.316187
48_11,53.309609,-6.31613
48_12,53.310507,-6.316074
48_13,53.311405,-6.316018
48_14,53.312302,-6.315961
48_15,53.3132,-6.315905
48_16,53.314098,-6.315849
48_17,53.314996,-6.315792
48_18,53.315894,-6.315736
48_19,53.316792,-6.31568
48_20,53.31769,-6.315623
48_21,53.318588,-6.315567
48_22,53.319486,-6.31551
48_23,53.320384,-6.315454
48_24,53.321282,-6.315398
48_25,53.322179,-6.315341
48_26,53.323077,-6.315285
48_27,53.323975,-6.315228
48_28,53.324873,-6.315172
48_29,53.325771,-6.315116
48_30,53.326669,-6.315059
48_31,53.327567,-6.315003
48_32,53.328465,-6.314946
48_33,53.329363,-6.31489
48_34,53.330261,-6.314834
48_35,53.331158,-6.314777
48_36,53.332056,-6.314721
48_37,53.332954,-6.314664
48_38,53.333852,-6.314608
48_39,53.33475,-6.314551
48_40,53.335648,-6.314495
48_41,53.336546,-6.314438
48_42,53.337444,-6.314382
48_43,53.338342,-6.314326
48_44,53.33924,-6.314269
48_45,53.340138,-6.314213
48_46,53.341035,-6.314156
48_47,53.341933,-6.3141
48_48,53.342831,-6.314043
48_49,53.343729,-6.313987
48_50,53.344627,-6.31393
48_51,53.345525,-6.313874
48_52,53.346423,-6.313817
48_53,53.347321,-6.313761
48_54,53.348219,-6.313704
48_55,53.349117,-6.313648
48_56,53.350014,-6.313591
48_57,53.350912,-6.313535
48_58,53.35181,-6.313478
48_59,53.352708,-6.313422
48_60,53.353606,-6.313365
48_61,53.354504,-6.313309
48_62,53.355402,-6.313252
48_63,53.3563,-6.313196
48_64,53.357198,-6.313139
48_65,53.358096,-6.313083
48_66,53.358993,-6.313026
48_67,53.359891,-6.31297
48_68,53.360789,-6.312913
48_69,53.361687,-6.312857
48_70,53.362585,-6.3128
48_71,53.363483,-6.312744
48_72,53.364381,-6.312687
48_73,53.365279,-6.312631
48_74,53.366177,-6.312574
48_75,53.367075,-6.312518
48_76,53.367972,-6.312461
48_77,53.36887,-6.312405
48_78,53.369768,-6.312348
48_79,53.370666,-6.312291
48_80,53.371564,-6.312235
48_81,53.372462,-6.312178
48_82,53.37336,-6.312122
48_83,53.374258,-6.312065
48_84,53.375156,-6.312009
48_85,53.376053,-6.311952
48_86,53.376951,-6.311895
48_87,53.377849,-6.311839
48_88,53.378747,-6.311782
48_89,53.379645,-6.311726
48_90,53.380543,-6.311669
48_91,53.381441,-6.311612
48_92,53.382339,-6.311556
48_93,53.383237,-6.311499
48_94,53.384135,-6.311443
48_95,53.385032,-6.311386
48_96,53.38593,-6.311329
48_97,53.386828,-6.311273
48_98,53.387726,-6.311216
48_99,53.388624,-6.31116
48_100,53.389522,-6.311103
48_101,53.39042,-6.311046
48_102,53.391318,-6.31099
48_103,53.392216,-6.310933
48_104,53.393113,-6.310876
48_105,53.394011,-6.31082
48_106,53.394909,-6.310763
48_107,53.395807,-6.310707
48_108,53.396705,-6.31065
48_109,53.397603,-6.310593
48_110,53.398501,-6.310537
48_111,53.399399,-6.31048
48_112,53.400297,-6.310423
48_113,53.401195,-6.310367
48_114,53.402092,-6.31031
48_115,53.40299,-6.310253
48_116,53.403888,-6.310197
48_117,53.404786,-6.31014
48_118,53.405684,-6.310083
48_119,53.406582,-6.310027
48_120,53.40748,-6.30997
48_121,53.408378,-6.309913
48_122,53.409276,-6.309857
48_123,53.410173,-6.3098
48_124,53.411071,-6.309743
48_125,53.411969,-6.309686
48_126,53.412867,-6.30963
49_0,53.299698,-6.315251
49_1,53.300596,-6.315195
49_2,53.301494,-6.315139
49_3,53.302392,-6.315082
49_4,53.30329,-6.315026
49_5,53.304187,-6.31497
49_6,53.305085,-6.314913
49_7,53.305983,-6.314857
49_8,53.306881,-6.3148
49_9,53.307779,-6.314744
49_10,53.308677,-6.314688
49_11,53.309575,-6.314631
49_12,53.310473,-6.314575
49_13,53.311371,-6.314518
49_14,53.312269,-6.314462
49_15,53.313167,-6.314406
49_16,53.314064,-6.314349
49_17,53.314962,-6.314293
49_18,53.31586,-6.314236
49_19,53.316758,-6.31418
49_20,53.317656,-6.314124
49_21,53.318554,-6.314067
49_22,53.319452,-6.314011
49_23,53.32035,-6.313954
49_24,53.321248,-6.313898
49_25,53.322146,-6.313842
49_26,53.323044,-6.313785
49_27,53.323941,-6.313729
49_28,53.324839,-6.313672
49_29,53.325737,-6.313616
49_30,53.326635,-6.313559
49_31,53.327533,-6.313503
49_32,53.328431,-6.313447
49_33,53.329329,-6.31339
49_34,53.330227,-6.313334
49_35,53.331125,-6.313277
49_36,53.332023,-6.313221
49_37,53.33292,-6.313164
49_38,53.333818,-6.313108
49_39,53.334716,-6.313051
49_40,53.335614,-6.312995
49_41,53.336512,-6.312938
49_42,53.33741,-6.312882
49_43,53.338308,-6.312825
49_44,53.339206,-6.312769
49_45,53.340104,-6.312712
49_46,53.341002,-6.312656
49_47,53.3419,-6.312599
49_48,53.342797,-6.312543
49_49,53.343695,-6.312486
49_50,53.344593,-6.31243
49_51,53.345491,-6.312373
49_52,53.346389,-6.312317
49_53,53.347287,-6.31226
49_54,53.348185,-6.312204
49_55,53.349083,-6.312147
49_56,53.349981,-6.312091
49_57,53.350879,-6.312034
49_58,53.351776,-6.311978
49_59,53.352674,-6.311921
49_60,53.353572,-6.311865
49_61,53.35447,-6.311808
49_62,53.355368,-6.311752
49_63,53.356266,-6.311695
49_64,53.357164,-6.311639
49_65,53.358062,-6.311582
49_66,53.35896,-6.311525
49_67,53.359858,-6.311469
49_68,53.360755,-6.311412
49_69,53.361653,-6.311356
49_70,53.362551,-6.311299
49_71,53.363449,-6.311243
49_72,53.364347,-6.311186
49_73,53.365245,-6.31113
49_74,53.366143,-6.311073
49_75,53.367041,-6.311016
49_76,53.367939,-6.31096
49_77,53.368836,-6.310903
49_78,53.369734,-6.310847
49_79,53.370632,-6.31079
49_80,53.37153,-6.310733
49_81,53.372428,-6.310677
49_82,53.373326,-6.31062
49_83,53.374224,-6.310564
49_84,53.375122,-6.310507
49_85,53.37602,-6.31045
49_86,53.376918,-6.310394
49_87,53.377815,-6.310337
49_88,53.378713,-6.310281
49_89,53.379611,-6.310224
49_90,53.380509,-6.310167
49_91,53.381407,-6.310111
49_92,53.382305,-6.310054
49_93,53.383203,-6.309997
49_94,53.384101,-6.309941
49_95,53.384999,-6.309884
49_96,53.385896,-6.309828
49_97,53.386794,-6.309771
49_98,53.387692,-6.309714
49_99,53.38859,-6.309658
49_100,53.389488,-6.309601
49_101,53.390386,-6.309544
49_102,53.391284,-6.309488
49_103,53.392182,-6.309431
49_104,53.39308,-6.309374
49_105,53.393978,-6.309318
49_106,53.394875,-6.309261
49_107,53.395773,-6.309204
49_108,53.396671,-6.309148
49_109,53.397569,-6.309091
49_110,53.398467,-6.309034
49_111,53.399365,-6.308978
49_112,53.400263,-6.308921
49_113,53.401161,-6.308864
49_114,53.402059,-6.308808
49_115,53.402956,-6.308751
49_116,53.403854,-6.308694
49_117,53.404752,-6.308637
49_118,53.40565,-6.308581
49_119,53.406548,-6.308524
49_120,53.407446,-6.308467
49_121,53.408344,-6.308411
49_122,53.409242,-6.308354
49_123,53.41014,-6.308297
49_124,53.411037,-6.30824
49_125,53.411935,-6.308184
49_126,53.412833,-6.308127
50_0,53.299664,-6.313752
50_1,53.300562,-6.313696
50_2,53.30146,-6.31364
50_3,53.302358,-6.313583
50_4,53.303256,-6.313527
50_5,53.304154,-6.313471
50_6,53.305052,-6.313414
50_7,53.30595,-6.313358
50_8,53.306847,-6.313301
50_9,53.307745,-6.313245
50_10,53.308643,-6.313188
50_11,53.309541,-6.313132
50_12,53.310439,-6.313076
50_13,53.311337,-6.313019
50_14,53.312235,-6.312963
50_15,53.313133,-6.312906
50_16,53.314031,-6.31285
50_17,53.314929,-6.312794
50_18,53.315827,-6.312737
50_19,53.316724,-6.312681
50_20,53.317622,-6.312624
50_21,53.31852,-6.312568
50_22,53.319418,-6.312511
50_23,53.320316,-6.312455
50_24,53.321214,-6.312398
50_25,53.322112,-6.312342
50_26,53.32301,-6.312285
50_27,53.323908,-6.312229
50_28,53.324806,-6.312173
50_29,53.325703,-6.312116
50_30,53.326601,-6.31206
50_31,53.327499,-6.312003
50_32,53.328397,-6.311947
50_33,53.329295,-6.31189
50_34,53.330193,-6.311834
50_35,53.331091,-6.311777
50_36,53.331989,-6.311721
50_37,53.332887,-6.311664
50_38,53.333785,-6.311608
50_39,53.334682,-6.311551
50_40,53.33558,-6.311495
50_41,53.336478,-6.311438
50_42,53.337376,-6.311382
50_43,53.338274,-6.311325
50_44,53.339172,-6.311269
50_45,53.34007,-6.311212
50_46,53.340968,-6.311156
50_47,53.341866,-6.311099
50_48,53.342764,-6.311043
50_49,53.343662,-6.310986
50_50,53.344559,-6.31093
50_51,53.345457,-6.310873
50_52,53.346355,-6.310816
50_53,53.347253,-6.31076
50_54,53.348151,-6.310703
50_55,53.349049,-6.310647
50_56,53.349947,-6.31059
50_57,53.350845,-6.310534
50_58,53.351743,-6.310477
50_59,53.35264,-6.310421
50_60,53.353538,-6.310364
50_61,53.354436,-6.310307
50_62,53.355334,-6.310251
50_63,53.356232,-6.310194
50_64,53.35713,-6.310138
50_65,53.358028,-6.310081
50_66,53.358926,-6.310025
50_67,53.359824,-6.309968
50_68,53.360722,-6.309911
50_69,53.361619,-6.309855
50_70,53.362517,-6.309798
50_71,53.363415,-6.309742
50_72,53.364313,-6.309685
50_73,53.365211,-6.309628
50_74,53.366109,-6.309572
50_75,53.367007,-6.309515
50_76,53.367905,-6.309459
50_77,53.368803,-6.309402
50_78,53.369701,-6.309345
50_79,53.370598,-6.309289
50_80,53.371496,-6.309232
50_81,53.372394,-6.309175
50_82,53.373292,-6.309119
50_83,53.37419,-6.309062
50_84,53.375088,-6.309006
50_85,53.375986,-6.308949
50_86,53.376884,-6.308892
50_87,53.377782,-6.308836
50_88,53.378679,-6.308779
50_89,53.379577,-6.308722
50_90,53.380475,-6.308666
50_91,53.381373,-6.308609
50_92,53.382271,-6.308552
50_93,53.383169,-6.308496
50_94,53.384067,-6.308439
50_95,53.384965,-6.308382
50_96,53.385863,-6.308326
50_97,53.386761,-6.308269
50_98,53.387658,-6.308212
50_99,53.388556,-6.308156
50_100,53.389454,-6.308099
50_101,53.390352,-6.308042
50_102,53.39125,-6.307986
50_103,53.392148,-6.307929
50_104,53.393046,-6.307872
50_105,53.393944,-6.307816
50_106,53.394842,-6.307759
50_107,53.395739,-6.307702
50_108,53.396637,-6.307645
50_109,53.397535,-6.307589
50_110,53.398433,-6.307532
50_111,53.399331,-6.307475
50_112,53.400229,-6.307419
50_113,53.401127,-6.307362
50_114,53.402025,-6.307305
50_115,53.402923,-6.307248
50_116,53.40382,-6.307192
50_117,53.404718,-6.307135
50_118,53.405616,-6.307078
50_119,53.406514,-6.307021
50_120,53.407412,-6.306965
50_121,53.40831,-6.306908
50_122,53.409208,-6.306851
50_123,53.410106,-6.306794
50_124,53.411004,-6.306738
50_125,53.411901,-6.306681
50_126,53.412799,-6.306624
51_0,53.29963,-6.312254
51_1,53.300528,-6.312197
51_2,53.301426,-6.312141
51_3,53.302324,-6.312084
51_4,53.303222,-6.312028
51_5,53.30412,-6.311972
51_6,53.305018,-6.311915
51_7,53.305916,-6.311859
51_8,53.306814,-6.311802
51_9,53.307712,-6.311746
51_10,53.308609,-6.311689
51_11,53.309507,-6.311633
51_12,53.310405,-6.311576
51_13,53.311303,-6.31152
51_14,53.312201,-6.311464
51_15,53.313099,-6.311407
51_16,53.313997,-6.311351
51_17,53.314895,-6.311294
51_18,53.315793,-6.311238
51_19,53.316691,-6.311181
51_20,53.317589,-6.311125
51_21,53.318486,-6.311068
51_22,53.319384,-6.311012
51_23,53.320282,-6.310955
51_24,53.32118,-6.310899
51_25,53.322078,-6.310842
51_26,53.322976,-6.310786
51_27,53.323874,-6.310729
51_28,53.324772,-6.310673
51_29,53.32567,-6.310616
51_30,53.326568,-6.31056
51_31,53.327465,-6.310503
51_32,53.328363,-6.310447
51_33,53.329261,-6.31039
51_34,53.330159,-6.310334
51_35,53.331057,-6.310277
51_36,53.331955,-6.310221
51_37,53.332853,-6.310164
51_38,53.333751,-6.310108
51_39,53.334649,-6.310051
51_40,53.335547,-6.309995
51_41,53.336444,-6.309938
51_42,53.337342,-6.309882
51_43,53.33824,-6.309825
51_44,53.339138,-6.309768
51_45,53.340036,-6.309712
51_46,53.340934,-6.309655
51_47,53.341832,-6.309599
51_48,53.34273,-6.309542
51_49,53.343628,-6.309486
51_50,53.344526,-6.309429
51_51,53.345423,-6.309373
51_52,53.346321,-6.309316
51_53,53.347219,-6.309259
51_54,53.348117,-6.309203
51_55,53.349015,-6.309146
51_56,53.349913,-6.30909
51_57,53.350811,-6.309033
51_58,53.351709,-6.308976
51_59,53.352607,-6.30892
51_60,53.353505,-6.308863
51_61,53.354402,-6.308807
51_62,53.3553,-6.30875
51_63,53.356198,-6.308693
51_64,53.357096,-6.308637
51_65,53.357994,-6.30858
51_66,53.358892,-6.308524
51_67,53.35979,-6.308467
51_68,53.360688,-6.30841
51_69,53.361586,-6.308354
51_70,53.362484,-6.308297
51_71,53.363381,-6.308241
51_72,53.364279,-6.308184
51_73,53.365177,-6.308127
51_74,53.366075,-6.308071
51_75,53.366973,-6.308014
51_76,53.367871,-6.307957
51_77,53.368769,-6.307901
51_78,53.369667,-6.307844
51_79,53.370565,-6.307787
51_80,53.371462,-6.307731
51_81,53.37236,-6.307674
51_82,53.373258,-6.307617
51_83,53.374156,-6.307561
51_84,53.375054,-6.307504
51_85,53.375952,-6.307447
51_86,53.37685,-6.307391
51_87,53.377748,-6.307334
51_88,53.378646,-6.307277
51_89,53.379543,-6.307221
51_90,53.380441,-6.307164
51_91,53.381339,-6.307107
51_92,53.382237,-6.307051
51_93,53.383135,-6.306994
51_94,53.384033,-6.306937
51_95,53.384931,-6.306881
51_96,53.385829,-6.306824
51_97,53.386727,-6.306767
51_98,53.387625,-6.30671
51_99,53.388522,-6.306654
51_100,53.38942,-6.306597
51_101,53.390318,-6.30654
51_102,53.391216,-6.306484
51_103,53.392114,-6.306427
51_104,53.393012,-6.30637
51_105,53.39391,-6.306313
51_106,53.394808,-6.306257
51_107,53.395706,-6.3062
51_108,53.396603,-6.306143
51_109,53.397501,-6.306086
51_110,53.398399,-6.30603
51_111,53.399297,-6.305973
51_112,53.400195,-6.305916
51_113,53.401093,-6.305859
51_114,53.401991,-6.305803
51_115,53.402889,-6.305746
51_116,53.403787,-6.305689
51_117,53.404684,-6.305632
51_118,53.405582,-6.305576
51_119,53.40648,-6.305519
51_120,53.407378,-6.305462
51_121,53.408276,-6.305405
51_122,53.409174,-6.305348
51_123,53.410072,-6.305292
51_124,53.41097,-6.305235
51_125,53.411867,-6.305178
51_126,53.412765,-6.305121
52_0,53.299597,-6.310755
52_1,53.300494,-6.310698
52_2,53.301392,-6.310642
52_3,53.30229,-6.310585
52_4,53.303188,-6.310529
52_5,53.304086,-6.310473
52_6,53.304984,-6.310416
52_7,53.305882,-6.31036
52_8,53.30678,-6.310303
52_9,53.307678,-6.310247
52_10,53.308576,-6.31019
52_11,53.309474,-6.310134
52_12,53.310371,-6.310077
52_13,53.311269,-6.310021
52_14,53.312167,-6.309964
52_15,53.313065,-6.309908
52_16,53.313963,-6.309851
52_17,53.314861,-6.309795
52_18,53.315759,-6.309738
52_19,53.316657,-6.309682
52_20,53.317555,-6.309625
52_21,53.318453,-6.309569
52_22,53.31935,-6.309512
52_23,53.320248,-6.309456
52_24,53.321146,-6.309399
52_25,53.322044,-6.309343
52_26,53.322942,-6.309286
52_27,53.32384,-6.30923
52_28,53.324738,-6.309173
52_29,53.325636,-6.309117
52_30,53.326534,-6.30906
52_31,53.327432,-6.309004
52_32,53.32833,-6.308947
52_33,53.329227,-6.30889
52_34,53.330125,-6.308834
52_35,53.331023,-6.308777
52_36,53.331921,-6.308721
52_37,53.332819,-6.308664
52_38,53.333717,-6.308608
52_39,53.334615,-6.308551
52_40,53.335513,-6.308495
52_41,53.336411,-6.308438
52_42,53.337309,-6.308381
52_43,53.338206,-6.308325
52_44,53.339104,-6.308268
52_45,53.340002,-6.308212
52_46,53.3409,-6.308155
52_47,53.341798,-6.308098
52_48,53.342696,-6.308042
52_49,53.343594,-6.307985
52_50,53.344492,-6.307929
52_51,53.34539,-6.307872
52_52,53.346287,-6.307816
52_53,53.347185,-6.307759
52_54,53.348083,-6.307702
52_55,53.348981,-6.307646
52_56,53.349879,-6.307589
52_57,53.350777,-6.307532
52_58,53.351675,-6.307476
52_59,53.352573,-6.307419
52_60,53.353471,-6.307363
52_61,53.354369,-6.307306
52_62,53.355266,-6.307249
52_63,53.356164,-6.307193
52_64,53.357062,-6.307136
52_65,53.35796,-6.307079
52_66,53.358858,-6.307023
52_67,53.359756,-6.306966
52_68,53.360654,-6.306909
52_69,53.361552,-6.306853
52_70,53.36245,-6.306796
52_71,53.363348,-6.306739
52_72,53.364245,-6.306683
52_73,53.365143,-6.306626
52_74,53.366041,-6.306569
52_75,53.366939,-6.306513
52_76,53.367837,-6.306456
52_77,53.368735,-6.306399
52_78,53.369633,-6.306343
52_79,53.370531,-6.306286
52_80,53.371429,-6.306229
52_81,53.372326,-6.306173
52_82,53.373224,-6.306116
52_83,53.374122,-6.306059
52_84,53.37502,-6.306003
52_85,53.375918,-6.305946
52_86,53.376816,-6.305889
52_87,53.377714,-6.305833
52_88,53.378612,-6.305776
52_89,53.37951,-6.305719
52_90,53.380407,-6.305662
52_91,53.381305,-6.305606
52_92,53.382203,-6.305549
52_93,53.383101,-6.305492
52_94,53.383999,-6.305435
52_95,53.384897,-6.305379
52_96,53.385795,-6.305322
52_97,53.386693,-6.305265
52_98,53.387591,-6.305209
52_99,53.388488,-6.305152
52_100,53.389386,-6.305095
52_101,53.390284,-6.305038
52_102,53.391182,-6.304982
52_103,53.39208,-6.304925
52_104,53.392978,-6.304868
52_105,53.393876,-6.304811
52_106,53.394774,-6.304754
52_107,53.395672,-6.304698
52_108,53.396569,-6.304641
52_109,53.397467,-6.304584
52_110,53.398365,-6.304527
52_111,53.399263,-6.304471
52_112,53.400161,-6.304414
52_113,53.401059,-6.304357
52_114,53.401957,-6.3043
52_115,53.402855,-6.304243
52_116,53.403753,-6.304187
52_117,53.40465,-6.30413
52_118,53.405548,-6.304073
52_119,53.406446,-6.304016
52_120,53.407344,-6.303959
52_121,53.408242,-6.303903
52_122,53.40914,-6.303846
52_123,53.410038,-6.303789
52_124,53.410936,-6.303732
52_125,53.411834,-6.303675
52_126,53.412731,-6.303619
53_0,53.299563,-6.309256
53_1,53.300461,-6.309199
53_2,53.301359,-6.309143
53_3,53.302256,-6.309087
53_4,53.303154,-6.30903
53_5,53.304052,-6.308974
53_6,53.30495,-6.308917
53_7,53.305848,-6.308861
53_8,53.306746,-6.308804
53_9,53.307644,-6.308748
53_10,53.308542,-6.308691
53_11,53.30944,-6.308635
53_12,53.310338,-6.308578
53_13,53.311236,-6.308521
53_14,53.312133,-6.308465
53_15,53.313031,-6.308408
53_16,53.313929,-6.308352
53_17,53.314827,-6.308295
53_18,53.315725,-6.308239
53_19,53.316623,-6.308182
53_20,53.317521,-6.308126
53_21,53.318419,-6.308069
53_22,53.319317,-6.308013
53_23,53.320215,-6.307956
53_24,53.321112,-6.3079
53_25,53.32201,-6.307843
53_26,53.322908,-6.307787
53_27,53.323806,-6.30773
53_28,53.324704,-6.307673
53_29,53.325602,-6.307617
53_30,53.3265,-6.30756
53_31,53.327398,-6.307504
53_32,53.328296,-6.307447
53_33,53.329194,-6.307391
53_34,53.330091,-6.307334
53_35,53.330989,-6.307277
53_36,53.331887,-6.307221
53_37,53.332785,-6.307164
53_38,53.333683,-6.307108
53_39,53.334581,-6.307051
53_40,53.335479,-6.306994
53_41,53.336377,-6.306938
53_42,53.337275,-6.306881
53_43,53.338173,-6.306825
53_44,53.33907,-6.306768
53_45,53.339968,-6.306711
53_46,53.340866,-6.306655
53_47,53.341764,-6.306598
53_48,53.342662,-6.306542
53_49,53.34356,-6.306485
53_50,53.344458,-6.306428
53_51,53.345356,-6.306372
53_52,53.346254,-6.306315
53_53,53.347152,-6.306258
53_54,53.348049,-6.306202
53_55,53.348947,-6.306145
53_56,53.349845,-6.306088
53_57,53.350743,-6.306032
53_58,53.351641,-6.305975
53_59,53.352539,-6.305919
53_60,53.353437,-6.305862
53_61,53.354335,-6.305805
53_62,53.355233,-6.305749
53_63,53.35613,-6.305692
53_64,53.357028,-6.305635
53_65,53.357926,-6.305579
53_66,53.358824,-6.305522
53_67,53.359722,-6.305465
53_68,53.36062,-6.305408
53_69,53.361518,-6.305352
53_70,53.362416,-6.305295
53_71,53.363314,-6.305238
53_72,53.364212,-6.305182
53_73,53.365109,-6.305125
53_74,53.366007,-6.305068
53_75,53.366905,-6.305012
53_76,53.367803,-6.304955
53_77,53.368701,-6.304898
53_78,53.369599,-6.304841
53_79,53.370497,-6.304785
53_80,53.371395,-6.304728
53_81,53.372293,-6.304671
53_82,53.37319,-6.304615
53_83,53.374088,-6.304558
53_84,53.374986,-6.304501
53_85,53.375884,-6.304444
53_86,53.376782,-6.304388
53_87,53.37768,-6.304331
53_88,53.378578,-6.304274
53_89,53.379476,-6.304217
53_90,53.380374,-6.304161
53_91,53.381271,-6.304104
53_92,53.382169,-6.304047
53_93,53.383067,-6.30399
53_94,53.383965,-6.303934
53_95,53.384863,-6.303877
53_96,53.385761,-6.30382
53_97,53.386659,-6.303763
53_98,53.387557,-6.303707
53_99,53.388455,-6.30365
53_100,53.389352,-6.303593
53_101,53.39025,-6.303536
53_102,53.391148,-6.303479
53_103,53.392046,-6.303423
53_104,53.392944,-6.303366
53_105,53.393842,-6.303309
53_106,53.39474,-6.303252
53_107,53.395638,-6.303196
53_108,53.396536,-6.303139
53_109,53.397433,-6.303082
53_110,53.398331,-6.303025
53_111,53.399229,-6.302968
53_112,53.400127,-6.302911
53_113,53.401025,-6.302855
53_114,53.401923,-6.302798
53_115,53.402821,-6.302741
53_116,53.403719,-6.302684
53_117,53.404617,-6.302627
53_118,53.405514,-6.30257
53_119,53.406412,-6.302514
53_120,53.40731,-6.302457
53_121,53.408208,-6.3024
53_122,53.409106,-6.302343
53_123,53.410004,-6.302286
53_124,53.410902,-6.302229
53_125,53.4118,-6.302173
53_126,53.412697,-6.302116
54_0,53.299529,-6.307757
54_1,53.300427,-6.307701
54_2,53.301325,-6.307644
54_3,53.302223,-6.307588
54_4,53.303121,-6.307531
54_5,53.304018,-6.307475
54_6,53.304916,-6.307418
54_7,53.305814,-6.307361
54_8,53.306712,-6.307305
54_9,53.30761,-6.307248
54_10,53.308508,-6.307192
54_11,53.309406,-6.307135
54_12,53.310304,-6.307079
54_13,53.311202,-6.307022
54_14,53.3121,-6.306966
54_15,53.312997,-6.306909
54_16,53.313895,-6.306853
54_17,53.314793,-6.306796
54_18,53.315691,-6.306739
54_19,53.316589,-6.306683
54_20,53.317487,-6.306626
54_21,53.318385,-6.30657
54_22,53.319283,-6.306513
54_23,53.320181,-6.306457
54_24,53.321079,-6.3064
54_25,53.321976,-6.306343
54_26,53.322874,-6.306287
54_27,53.323772,-6.30623
54_28,53.32467,-6.306174
54_29,53.325568,-6.306117
54_30,53.326466,-6.30606
54_31,53.327364,-6.306004
54_32,53.328262,-6.305947
54_33,53.32916,-6.305891
54_34,53.330058,-6.305834
54_35,53.330955,-6.305777
54_36,53.331853,-6.305721
54_37,53.332751,-6.305664
54_38,53.333649,-6.305608
54_39,53.334547,-6.305551
54_40,53.335445,-6.305494
54_41,53.336343,-6.305438
54_42,53.337241,-6.305381
54_43,53.338139,-6.305324
54_44,53.339037,-6.305268
54_45,53.339934,-6.305211
54_46,53.340832,-6.305155
54_47,53.34173,-6.305098
54_48,53.342628,-6.305041
54_49,53.343526,-6.304985
54_50,53.344424,-6.304928
54_51,53.345322,-6.304871
54_52,53.34622,-6.304815
54_53,53.347118,-6.304758
54_54,53.348016,-6.304701
54_55,53.348913,-6.304645
54_56,53.349811,-6.304588
54_57,53.350709,-6.304531
54_58,53.351607,-6.304475
54_59,53.352505,-6.304418
54_60,53.353403,-6.304361
54_61,53.354301,-6.304304
54_62,53.355199,-6.304248
54_63,53.356097,-6.304191
54_64,53.356994,-6.304134
54_65,53.357892,-6.304078
54_66,53.35879,-6.304021
54_67,53.359688,-6.303964
54_68,53.360586,-6.303908
54_69,53.361484,-6.303851
54_70,53.362382,-6.303794
54_71,53.36328,-6.303737
54_72,53.364178,-6.303681
54_73,53.365075,-6.303624
54_74,53.365973,-6.303567
54_75,53.366871,-6.30351
54_76,53.367769,-6.303454
54_77,53.368667,-6.303397
54_78,53.369565,-6.30334
54_79,53.370463,-6.303283
54_80,53.371361,-6.303227
54_81,53.372259,-6.30317
54_82,53.373156,-6.303113
54_83,53.374054,-6.303056
54_84,53.374952,-6.303
54_85,53.37585,-6.302943
54_86,53.376748,-6.302886
54_87,53.377646,-6.302829
54_88,53.378544,-6.302773
54_89,53.379442,-6.302716
54_90,53.38034,-6.302659
54_91,53.381237,-6.302602
54_92,53.382135,-6.302545
54_93,53.383033,-6.302489
54_94,53.383931,-6.302432
54_95,53.384829,-6.302375
54_96,53.385727,-6.302318
54_97,53.386625,-6.302261
54_98,53.387523,-6.302205
54_99,53.388421,-6.302148
54_100,53.389318,-6.302091
54_101,53.390216,-6.302034
54_102,53.391114,-6.301977
54_103,53.392012,-6.301921
54_104,53.39291,-6.301864
54_105,53.393808,-6.301807
54_106,53.394706,-6.30175
54_107,53.395604,-6.301693
54_108,53.396502,-6.301636
54_109,53.397399,-6.30158
54_110,53.398297,-6.301523
54_111,53.399195,-6.301466
54_112,53.400093,-6.301409
54_113,53.400991,-6.301352
54_114,53.401889,-6.301295
54_115,53.402787,-6.301239
54_116,53.403685,-6.301182
54_117,53.404583,-6.301125
54_118,53.40548,-6.301068
54_119,53.406378,-6.301011
54_120,53.407276,-6.300954
54_121,53.408174,-6.300897
54_122,53.409072,-6.30084
54_123,53.40997,-6.300784
54_124,53.410868,-6.300727
54_125,53.411766,-6.30067
54_126,53.412663,-6.300613
55_0,53.299495,-6.306258
55_1,53.300393,-6.306202
55_2,53.301291,-6.306145
55_3,53.302189,-6.306089
55_4,53.303087,-6.306032
55_5,53.303985,-6.305976
55_6,53.304882,-6.305919
55_7,53.30578,-6.305862
55_8,53.306678,-6.305806
55_9,53.307576,-6.305749
55_10,53.308474,-6.305693
55_11,53.309372,-6.305636
55_12,53.31027,-6.30558
55_13,53.311168,-6.305523
55_14,53.312066,-6.305466
55_15,53.312964,-6.30541
55_16,53.313861,-6.305353
55_17,53.314759,-6.305297
55_18,53.315657,-6.30524
55_19,53.316555,-6.305183
55_20,53.317453,-6.305127
55_21,53.318351,-6.30507
55_22,53.319249,-6.305014
55_23,53.320147,-6.304957
55_24,53.321045,-6.3049
55_25,53.321943,-6.304844
55_26,53.32284,-6.304787
55_27,53.323738,-6.304731
55_28,53.324636,-6.304674
55_29,53.325534,-6.304617
55_30,53.326432,-6.304561
55_31,53.32733,-6.304504
55_32,53.328228,-6.304447
55_33,53.329126,-6.304391
55_34,53.330024,-6.304334
55_35,53.330922,-6.304278
55_36,53.331819,-6.304221
55_37,53.332717,-6.304164
55_38,53.333615,-6.304108
55_39,53.334513,-6.304051
55_40,53.335411,-6.303994
55_41,53.336309,-6.303938
55_42,53.337207,-6.303881
55_43,53.338105,-6.303824
55_44,53.339003,-6.303768
55_45,53.339901,-6.303711
55_46,53.340798,-6.303654
55_47,53.341696,-6.303598
55_48,53.342594,-6.303541
55_49,53.343492,-6.303484
55_50,53.34439,-6.303427
55_51,53.345288,-6.303371
55_52,53.346186,-6.303314
55_53,53.347084,-6.303257
55_54,53.347982,-6.303201
55_55,53.348879,-6.303144
55_56,53.349777,-6.303087
55_57,53.350675,-6.303031
55_58,53.351573,-6.302974
55_59,53.352471,-6.302917
55_60,53.353369,-6.30286
55_61,53.354267,-6.302804
55_62,53.355165,-6.302747
55_63,53.356063,-6.30269
55_64,53.356961,-6.302634
55_65,53.357858,-6.302577
55_66,53.358756,-6.30252
55_67,53.359654,-6.302463
55_68,53.360552,-6.302407
55_69,53.36145,-6.30235
55_70,53.362348,-6.302293
55_71,53.363246,-6.302236
55_72,53.364144,-6.30218
55_73,53.365042,-6.302123
55_74,53.365939,-6.302066
55_75,53.366837,-6.302009
55_76,53.367735,-6.301952
55_77,53.368633,-6.301896
55_78,53.369531,-6.301839
55_79,53.370429,-6.301782
55_80,53.371327,-6.301725
55_81,53.372225,-6.301669
55_82,53.373123,-6.301612
55_83,53.37402,-6.301555
55_84,53.374918,-6.301498
55_85,53.375816,-6.301441
55_86,53.376714,-6.301385
55_87,53.377612,-6.301328
55_88,53.37851,-6.301271
55_89,53.379408,-6.301214
55_90,53.380306,-6.301157
55_91,53.381204,-6.301101
55_92,53.382101,-6.301044
55_93,53.382999,-6.300987
55_94,53.383897,-6.30093
55_95,53.384795,-6.300873
55_96,53.385693,-6.300816
55_97,53.386591,-6.30076
55_98,53.387489,-6.300703
55_99,53.388387,-6.300646
55_100,53.389285,-6.300589
55_101,53.390182,-6.300532
55_102,53.39108,-6.300475
55_103,53.391978,-6.300419
55_104,53.392876,-6.300362
55_105,53.393774,-6.300305
55_106,53.394672,-6.300248
55_107,53.39557,-6.300191
55_108,53.396468,-6.300134
55_109,53.397365,-6.300077
55_110,53.398263,-6.300021
55_111,53.399161,-6.299964
55_112,53.400059,-6.299907
55_113,53.400957,-6.29985
55_114,53.401855,-6.299793
55_115,53.402753,-6.299736
55_116,53.403651,-6.299679
55_117,53.404549,-6.299622
55_118,53.405446,-6.299565
55_119,53.406344,-6.299509
55_120,53.407242,-6.299452
55_121,53.40814,-6.299395
55_122,53.409038,-6.299338
55_123,53.409936,-6.299281
55_124,53.410834,-6.299224
55_125,53.411732,-6.299167
55_126,53.412629,-6.29911
56_0,53.299461,-6.304759
56_1,53.300359,-6.304703
56_2,53.301257,-6.304646
56_3,53.302155,-6.30459
56_4,53.303053,-6.304533
56_5,53.303951,-6.304477
56_6,53.304849,-6.30442
56_7,53.305746,-6.304363
56_8,53.306644,-6.304307
56_9,53.307542,-6.30425
56_10,53.30844,-6.304194
56_11,53.309338,-6.304137
56_12,53.310236,-6.30408
56_13,53.311134,-6.304024
56_14,53.312032,-6.303967
56_15,53.31293,-6.303911
56_16,53.313828,-6.303854
56_17,53.314725,-6.303797
56_18,53.315623,-6.303741
56_19,53.316521,-6.303684
56_20,53.317419,-6.303627
56_21,53.318317,-6.303571
56_22,53.319215,-6.303514
56_23,53.320113,-6.303458
56_24,53.321011,-6.303401
56_25,53.321909,-6.303344
56_26,53.322807,-6.303288
56_27,53.323704,-6.303231
56_28,53.324602,-6.303174
56_29,53.3255,-6.303118
56_30,53.326398,-6.303061
56_31,53.327296,-6.303004
56_32,53.328194,-6.302948
56_33,53.329092,-6.302891
56_34,53.32999,-6.302834
56_35,53.330888,-6.302778
56_36,53.331786,-6.302721
56_37,53.332683,-6.302664
56_38,53.333581,-6.302608
56_39,53.334479,-6.302551
56_40,53.335377,-6.302494
56_41,53.336275,-6.302437
56_42,53.337173,-6.302381
56_43,53.338071,-6.302324
56_44,53.338969,-6.302267
56_45,53.339867,-6.302211
56_46,53.340764,-6.302154
56_47,53.341662,-6.302097
56_48,53.34256,-6.302041
56_49,53.343458,-6.301984
56_50,53.344356,-6.301927
56_51,53.345254,-6.30187
56_52,53.346152,-6.301814
56_53,53.34705,-6.301757
56_54,53.347948,-6.3017
56_55,53.348846,-6.301643
56_56,53.349743,-6.301587
56_57,53.350641,-6.30153
56_58,53.351539,-6.301473
56_59,53.352437,-6.301416
56_60,53.353335,-6.30136
56_61,53.354233,-6.301303
56_62,53.355131,-6.301246
56_63,53.356029,-6.301189
56_64,53.356927,-6.301133
56_65,53.357824,-6.301076
56_66,53.358722,-6.301019
56_67,53.35962,-6.300962
56_68,53.360518,-6.300906
56_69,53.361416,-6.300849
56_70,53.362314,-6.300792
56_71,53.363212,-6.300735
56_72,53.36411,-6.300678
56_73,53.365008,-6.300622
56_74,53.365905,-6.300565
56_75,53.366803,-6.300508
56_76,53.367701,-6.300451
56_77,53.368599,-6.300394
56_78,53.369497,-6.300338
56_79,53.370395,-6.300281
56_80,53.371293,-6.300224
56_81,53.372191,-6.300167
56_82,53.373089,-6.30011
56_83,53.373986,-6.300054
56_84,53.374884,-6.299997
56_85,53.375782,-6.29994
56_86,53.37668,-6.299883
56_87,53.377578,-6.299826
56_88,53.378476,-6.299769
56_89,53.379374,-6.299713
56_90,53.380272,-6.299656
56_91,53.38117,-6.299599
56_92,53.382067,-6.299542
56_93,53.382965,-6.299485
56_94,53.383863,-6.299428
56_95,53.384761,-6.299371
56_96,53.385659,-6.299315
56_97,53.386557,-6.299258
56_98,53.387455,-6.299201
56_99,53.388353,-6.299144
56_100,53.389251,-6.299087
56_101,53.390148,-6.29903
56_102,53.391046,-6.298973
56_103,53.391944,-6.298916
56_104,53.392842,-6.29886
56_105,53.39374,-6.298803
56_106,53.394638,-6.298746
56_107,53.395536,-6.298689
56_108,53.396434,-6.298632
56_109,53.397331,-6.298575
56_110,53.398229,-6.298518
56_111,53.399127,-6.298461
56_112,53.400025,-6.298404
56_113,53.400923,-6.298347
56_114,53.401821,-6.298291
56_115,53.402719,-6.298234
56_116,53.403617,-6.298177
56_117,53.404515,-6.29812
56_118,53.405412,-6.298063
56_119,53.40631,-6.298006
56_120,53.407208,-6.297949
56_121,53.408106,-6.297892
56_122,53.409004,-6.297835
56_123,53.409902,-6.297778
56_124,53.4108,-6.297721
56_125,53.411698,-6.297664
56_126,53.412595,-6.297607
57_0,53.299427,-6.303261
57_1,53.300325,-6.303204
57_2,53.301223,-6.303147
57_3,53.302121,-6.303091
57_4,53.303019,-6.303034
57_5,53.303917,-6.302978
57_6,53.304815,-6.302921
57_7,53.305713,-6.302864
57_8,53.30661,-6.302808
57_9,53.307508,-6.302751
57_10,53.308406,-6.302694
57_11,53.309304,-6.302638
57_12,53.310202,-6.302581
57_13,53.3111,-6.302525
57_14,53.311998,-6.302468
57_15,53.312896,-6.302411
57_16,53.313794,-6.302355
57_17,53.314692,-6.302298
57_18,53.315589,-6.302241
57_19,53.316487,-6.302185
57_20,53.317385,-6.302128
57_21,53.318283,-6.302071
57_22,53.319181,-6.302015
57_23,53.320079,-6.301958
57_24,53.320977,-6.301901
57_25,53.321875,-6.301845
57_26,53.322773,-6.301788
57_27,53.323671,-6.301731
57_28,53.324568,-6.301675
57_29,53.325466,-6.301618
57_30,53.326364,-6.301561
57_31,53.327262,-6.301505
57_32,53.32816,-6.301448
57_33,53.329058,-6.301391
57_34,53.329956,-6.301334
57_35,53.330854,-6.301278
57_36,53.331752,-6.301221
57_37,53.332649,-6.301164
57_38,53.333547,-6.301108
57_39,53.334445,-6.301051
57_40,53.335343,-6.300994
57_41,53.336241,-6.300937
57_42,53.337139,-6.300881
57_43,53.338037,-6.300824
57_44,53.338935,-6.300767
57_45,53.339833,-6.30071
57_46,53.340731,-6.300654
57_47,53.341628,-6.300597
57_48,53.342526,-6.30054
57_49,53.343424,-6.300483
57_50,53.344322,-6.300427
57_51,53.34522,-6.30037
57_52,53.346118,-6.300313
57_53,53.347016,-6.300256
57_54,53.347914,-6.3002
57_55,53.348812,-6.300143
57_56,53.349709,-6.300086
57_57,53.350607,-6.300029
57_58,53.351505,-6.299973
57_59,53.352403,-6.299916
57_60,53.353301,-6.299859
57_61,53.354199,-6.299802
57_62,53.355097,-6.299745
57_63,53.355995,-6.299689
57_64,53.356893,-6.299632
57_65,53.35779,-6.299575
57_66,53.358688,-6.299518
57_67,53.359586,-6.299461
57_68,53.360484,-6.299405
57_69,53.361382,-6.299348
57_70,53.36228,-6.299291
57_71,53.363178,-6.299234
57_72,53.364076,-6.299177
57_73,53.364974,-6.299121
57_74,53.365871,-6.299064
57_75,53.366769,-6.299007
57_76,53.367667,-6.29895
57_77,53.368565,-6.298893
57_78,53.369463,-6.298836
57_79,53.370361,-6.29878
57_80,53.371259,-6.298723
57_81,53.372157,-6.298666
57_82,53.373055,-6.298609
57_83,53.373952,-6.298552
57_84,53.37485,-6.298495
57_85,53.375748,-6.298438
57_86,53.376646,-6.298382
57_87,53.377544,-6.298325
57_88,53.378442,-6.298268
57_89,53.37934,-6.298211
57_90,53.380238,-6.298154
57_91,53.381136,-6.298097
57_92,53.382033,-6.29804
57_93,53.382931,-6.297983
57_94,53.383829,-6.297927
57_95,53.384727,-6.29787
57_96,53.385625,-6.297813
57_97,53.386523,-6.297756
57_98,53.387421,-6.297699
57_99,53.388319,-6.297642
57_100,53.389217,-6.297585
57_101,53.390114,-6.297528
57_102,53.391012,-6.297471
57_103,53.39191,-6.297414
57_104,53.392808,-6.297358
57_105,53.393706,-6.297301
57_106,53.394604,-6.297244
57_107,53.395502,-6.297187
57_108,53.3964,-6.29713
57_109,53.397297,-6.297073
57_110,53.398195,-6.297016
57_111,53.399093,-6.296959
57_112,53.399991,-6.296902
57_113,53.400889,-6.296845
57_114,53.401787,-6.296788
57_115,53.402685,-6.296731
57_116,53.403583,-6.296674
57_117,53.40448,-6.296617
57_118,53.405378,-6.29656
57_119,53.406276,-6.296503
57_120,53.407174,-6.296446
57_121,53.408072,-6.296389
57_122,53.40897,-6.296332
57_123,53.409868,-6.296275
57_124,53.410766,-6.296219
57_125,53.411664,-6.296162
57_126,53.412561,-6.296105
58_0,53.299393,-6.301762
58_1,53.300291,-6.301705
58_2,53.301189,-6.301649
58_3,53.302087,-6.301592
58_4,53.302985,-6.301535
58_5,53.303883,-6.301479
58_6,53.304781,-6.301422
58_7,53.305679,-6.301365
58_8,53.306577,-6.301309
58_9,53.307474,-6.301252
58_10,53.308372,-6.301195
58_11,53.30927,-6.301139
58_12,53.310168,-6.301082
58_13,53.311066,-6.301025
58_14,53.311964,-6.300969
58_15,53.312862,-6.300912
58_16,53.31376,-6.300855
58_17,53.314658,-6.300799
58_18,53.315556,-6.300742
58_19,53.316453,-6.300685
58_20,53.317351,-6.300629
58_21,53.318249,-6.300572
58_22,53.319147,-6.300515
58_23,53.320045,-6.300458
58_24,53.320943,-6.300402
58_25,53.321841,-6.300345
58_26,53.322739,-6.300288
58_27,53.323637,-6.300232
58_28,53.324534,-6.300175
58_29,53.325432,-6.300118
58_30,53.32633,-6.300061
58_31,53.327228,-6.300005
58_32,53.328126,-6.299948
58_33,53.329024,-6.299891
58_34,53.329922,-6.299835
58_35,53.33082,-6.299778
58_36,53.331718,-6.299721
58_37,53.332616,-6.299664
58_38,53.333513,-6.299608
58_39,53.334411,-6.299551
58_40,53.335309,-6.299494
58_41,53.336207,-6.299437
58_42,53.337105,-6.299381
58_43,53.338003,-6.299324
58_44,53.338901,-6.299267
58_45,53.339799,-6.29921
58_46,53.340697,-6.299153
58_47,53.341594,-6.299097
58_48,53.342492,-6.29904
58_49,53.34339,-6.298983
58_50,53.344288,-6.298926
58_51,53.345186,-6.29887
58_52,53.346084,-6.298813
58_53,53.346982,-6.298756
58_54,53.34788,-6.298699
58_55,53.348778,-6.298642
58_56,53.349675,-6.298586
58_57,53.350573,-6.298529
58_58,53.351471,-6.298472
58_59,53.352369,-6.298415
58_60,53.353267,-6.298358
58_61,53.354165,-6.298301
58_62,53.355063,-6.298245
58_63,53.355961,-6.298188
58_64,53.356859,-6.298131
58_65,53.357756,-6.298074
58_66,53.358654,-6.298017
58_67,53.359552,-6.297961
58_68,53.36045,-6.297904
58_69,53.361348,-6.297847
58_70,53.362246,-6.29779
58_71,53.363144,-6.297733
58_72,53.364042,-6.297676
58_73,53.36494,-6.297619
58_74,53.365837,-6.297563
58_75,53.366735,-6.297506
58_76,53.367633,-6.297449
58_77,53.368531,-6.297392
58_78,53.369429,-6.297335
58_79,53.370327,-6.297278
58_80,53.371225,-6.297221
58_81,53.372123,-6.297164
58_82,53.373021,-6.297108
58_83,53.373918,-6.297051
58_84,53.374816,-6.296994
58_85,53.375714,-6.296937
58_86,53.376612,-6.29688
58_87,53.37751,-6.296823
58_88,53.378408,-6.296766
58_89,53.379306,-6.296709
58_90,53.380204,-6.296652
58_91,53.381102,-6.296596
58_92,53.381999,-6.296539
58_93,53.382897,-6.296482
58_94,53.383795,-6.296425
58_95,53.384693,-6.296368
58_96,53.385591,-6.296311
58_97,53.386489,-6.296254
58_98,53.387387,-6.296197
58_99,53.388285,-6.29614
58_100,53.389182,-6.296083
58_101,53.39008,-6.296026
58_102,53.390978,-6.295969
58_103,53.391876,-6.295912
58_104,53.392774,-6.295855
58_105,53.393672,-6.295798
58_106,53.39457,-6.295742
58_107,53.395468,-6.295685
58_108,53.396366,-6.295628
58_109,53.397263,-6.295571
58_110,53.398161,-6.295514
58_111,53.399059,-6.295457
58_112,53.399957,-6.2954
58_113,53.400855,-6.295343
58_114,53.401753,-6.295286
58_115,53.402651,-6.295229
58_116,53.403549,-6.295172
58_117,53.404446,-6.295115
58_118,53.405344,-6.295058
58_119,53.406242,-6.295001
58_120,53.40714,-6.294944
58_121,53.408038,-6.294887
58_122,53.408936,-6.29483
58_123,53.409834,-6.294773
58_124,53.410732,-6.294716
58_125,53.411629,-6.294659
58_126,53.412527,-6.294602
59_0,53.299359,-6.300263
59_1,53.300257,-6.300206
59_2,53.301155,-6.30015
59_3,53.302053,-6.300093
59_4,53.302951,-6.300036
59_5,53.303849,-6.29998
59_6,53.304747,-6.299923
59_7,53.305645,-6.299866
59_8,53.306543,-6.29981
59_9,53.307441,-6.299753
59_10,53.308338,-6.299696
59_11,53.309236,-6.29964
59_12,53.310134,-6.299583
59_13,53.311032,-6.299526
59_14,53.31193,-6.299469
59_15,53.312828,-6.299413
59_16,53.313726,-6.299356
59_17,53.314624,-6.299299
59_18,53.315522,-6.299243
59_19,53.316419,-6.299186
59_20,53.317317,-6.299129
59_21,53.318215,-6.299072
59_22,53.319113,-6.299016
59_23,53.320011,-6.298959
59_24,53.320909,-6.298902
59_25,53.321807,-6.298845
59_26,53.322705,-6.298789
59_27,53.323603,-6.298732
59_28,53.324501,-6.298675
59_29,53.325398,-6.298618
59_30,53.326296,-6.298562
59_31,53.327194,-6.298505
59_32,53.328092,-6.298448
59_33,53.32899,-6.298391
59_34,53.329888,-6.298335
59_35,53.330786,-6.298278
59_36,53.331684,-6.298221
59_37,53.332582,-6.298164
59_38,53.333479,-6.298108
59_39,53.334377,-6.298051
59_40,53.335275,-6.297994
59_41,53.336173,-6.297937
59_42,53.337071,-6.29788
59_43,53.337969,-6.297824
59_44,53.338867,-6.297767
59_45,53.339765,-6.29771
59_46,53.340663,-6.297653
59_47,53.34156,-6.297596
59_48,53.342458,-6.29754
59_49,53.343356,-6.297483
59_50,53.344254,-6.297426
59_51,53.345152,-6.297369
59_52,53.34605,-6.297312
59_53,53.346948,-6.297255
59_54,53.347846,-6.297199
59_55,53.348744,-6.297142
59_56,53.349641,-6.297085
59_57,53.350539,-6.297028
59_58,53.351437,-6.296971
59_59,53.352335,-6.296914
59_60,53.353233,-6.296858
59_61,53.354131,-6.296801
59_62,53.355029,-6.296744
59_63,53.355927,-6.296687
59_64,53.356825,-6.29663
59_65,53.357722,-6.296573
59_66,53.35862,-6.296516
59_67,53.359518,-6.29646
59_68,53.360416,-6.296403
59_69,53.361314,-6.296346
59_70,53.362212,-6.296289
59_71,53.36311,-6.296232
59_72,53.364008,-6.296175
59_73,53.364906,-6.296118
59_74,53.365803,-6.296061
59_75,53.366701,-6.296005
59_76,53.367599,-6.295948
59_77,53.368497,-6.295891
59_78,53.369395,-6.295834
59_79,53.370293,-6.295777
59_80,53.371191,-6.29572
59_81,53.372089,-6.295663
59_82,53.372987,-6.295606
59_83,53.373884,-6.295549
59_84,53.374782,-6.295492
59_85,53.37568,-6.295435
59_86,53.376578,-6.295379
59_87,53.377476,-6.295322
59_88,53.378374,-6.295265
59_89,53.379272,-6.295208
59_90,53.38017,-6.295151
59_91,53.381067,-6.295094
59_92,53.381965,-6.295037
59_93,53.382863,-6.29498
59_94,53.383761,-6.294923
59_95,53.384659,-6.294866
59_96,53.385557,-6.294809
59_97,53.386455,-6.294752
59_98,53.387353,-6.294695
59_99,53.388251,-6.294638
59_100,53.389148,-6.294581
59_101,53.390046,-6.294524
59_102,53.390944,-6.294467
59_103,53.391842,-6.29441
59_104,53.39274,-6.294353
59_105,53.393638,-6.294296
59_106,53.394536,-6.294239
59_107,53.395434,-6.294182
59_108,53.396331,-6.294125
59_109,53.397229,-6.294068
59_110,53.398127,-6.294011
59_111,53.399025,-6.293954
59_112,53.399923,-6.293897
59_113,53.400821,-6.29384
59_114,53.401719,-6.293783
59_115,53.402617,-6.293726
59_116,53.403515,-6.293669
59_117,53.404412,-6.293612
59_118,53.40531,-6.293555
59_119,53.406208,-6.293498
59_120,53.407106,-6.293441
59_121,53.408004,-6.293384
59_122,53.408902,-6.293327
59_123,53.4098,-6.29327
59_124,53.410698,-6.293213
59_125,53.411595,-6.293156
59_126,53.412493,-6.293099
60_0,53.299325,-6.298764
60_1,53.300223,-6.298707
60_2,53.301121,-6.298651
60_3,53.302019,-6.298594
60_4,53.302917,-6.298537
60_5,53.303815,-6.298481
60_6,53.304713,-6.298424
60_7,53.305611,-6.298367
60_8,53.306509,-6.298311
60_9,53.307407,-6.298254
60_10,53.308304,-6.298197
60_11,53.309202,-6.29814
60_12,53.3101,-6.298084
60_13,53.310998,-6.298027
60_14,53.311896,-6.29797
60_15,53.312794,-6.297913
60_16,53.313692,-6.297857
60_17,53.31459,-6.2978
60_18,53.315488,-6.297743
60_19,53.316385,-6.297686
60_20,53.317283,-6.29763
60_21,53.318181,-6.297573
60_22,53.319079,-6.297516
60_23,53.319977,-6.297459
60_24,53.320875,-6.297403
60_25,53.321773,-6.297346
60_26,53.322671,-6.297289
60_27,53.323569,-6.297232
60_28,53.324467,-6.297175
60_29,53.325364,-6.297119
60_30,53.326262,-6.297062
60_31,53.32716,-6.297005
60_32,53.328058,-6.296948
60_33,53.328956,-6.296892
60_34,53.329854,-6.296835
60_35,53.330752,-6.296778
60_36,53.33165,-6.296721
60_37,53.332548,-6.296664
60_38,53.333445,-6.296608
60_39,53.334343,-6.296551
60_40,53.335241,-6.296494
60_41,53.336139,-6.296437
60_42,53.337037,-6.29638
60_43,53.337935,-6.296323
60_44,53.338833,-6.296267
60_45,53.339731,-6.29621
60_46,53.340629,-6.296153
60_47,53.341526,-6.296096
60_48,53.342424,-6.296039
60_49,53.343322,-6.295982
60_50,53.34422,-6.295926
60_51,53.345118,-6.295869
60_52,53.346016,-6.295812
60_53,53.346914,-6.295755
60_54,53.347812,-6.295698
60_55,53.34871,-6.295641
60_56,53.349607,-6.295584
60_57,53.350505,-6.295528
60_58,53.351403,-6.295471
60_59,53.352301,-6.295414
60_60,53.353199,-6.295357
60_61,53.354097,-6.2953
60_62,53.354995,-6.295243
60_63,53.355893,-6.295186
60_64,53.356791,-6.295129
60_65,53.357688,-6.295072
60_66,53.358586,-6.295016
60_67,53.359484,-6.294959
60_68,53.360382,-6.294902
60_69,53.36128,-6.294845
60_70,53.362178,-6.294788
60_71,53.363076,-6.294731
60_72,53.363974,-6.294674
60_73,53.364872,-6.294617
60_74,53.365769,-6.29456
60_75,53.366667,-6.294503
60_76,53.367565,-6.294446
60_77,53.368463,-6.29439
60_78,53.369361,-6.294333
60_79,53.370259,-6.294276
60_80,53.371157,-6.294219
60_81,53.372055,-6.294162
60_82,53.372952,-6.294105
60_83,53.37385,-6.294048
60_84,53.374748,-6.293991
60_85,53.375646,-6.293934
60_86,53.376544,-6.293877
60_87,53.377442,-6.29382
60_88,53.37834,-6.293763
60_89,53.379238,-6.293706
60_90,53.380136,-6.293649
60_91,53.381033,-6.293592
60_92,53.381931,-6.293535
60_93,53.382829,-6.293478
60_94,53.383727,-6.293421
60_95,53.384625,-6.293364
60_96,53.385523,-6.293307
60_97,53.386421,-6.29325
60_98,53.387319,-6.293193
60_99,53.388216,-6.293136
60_100,53.389114,-6.293079
60_101,53.390012,-6.293022
60_102,53.39091,-6.292965
60_103,53.391808,-6.292908
60_104,53.392706,-6.292851
60_105,53.393604,-6.292794
60_106,53.394502,-6.292737
60_107,53.3954,-6.29268
60_108,53.396297,-6.292623
60_109,53.397195,-6.292566
60_110,53.398093,-6.292509
60_111,53.398991,-6.292452
60_112,53.399889,-6.292395
60_113,53.400787,-6.292338
60_114,53.401685,-6.292281
60_115,53.402583,-6.292224
60_116,53.40348,-6.292167
60_117,53.404378,-6.29211
60_118,53.405276,-6.292053
60_119,53.406174,-6.291996
60_120,53.407072,-6.291939
60_121,53.40797,-6.291882
60_122,53.408868,-6.291824
60_123,53.409766,-6.291767
60_124,53.410663,-6.29171
60_125,53.411561,-6.291653
60_126,53.412459,-6.291596
61_0,53.299291,-6.297265
61_1,53.300189,-6.297209
61_2,53.301087,-6.297152
61_3,53.301985,-6.297095
61_4,53.302883,-6.297038
61_5,53.303781,-6.296982
61_6,53.304679,-6.296925
61_7,53.305577,-6.296868
61_8,53.306475,-6.296811
61_9,53.307373,-6.296755
61_10,53.30827,-6.296698
61_11,53.309168,-6.296641
61_12,53.310066,-6.296584
61_13,53.310964,-6.296528
61_14,53.311862,-6.296471
61_15,53.31276,-6.296414
61_16,53.313658,-6.296357
61_17,53.314556,-6.296301
61_18,53.315454,-6.296244
61_19,53.316351,-6.296187
61_20,53.317249,-6.29613
61_21,53.318147,-6.296073
61_22,53.319045,-6.296017
61_23,53.319943,-6.29596
61_24,53.320841,-6.295903
61_25,53.321739,-6.295846
61_26,53.322637,-6.295789
61_27,53.323535,-6.295733
61_28,53.324433,-6.295676
61_29,53.32533,-6.295619
61_30,53.326228,-6.295562
61_31,53.327126,-6.295505
61_32,53.328024,-6.295449
61_33,53.328922,-6.295392
61_34,53.32982,-6.295335
61_35,53.330718,-6.295278
61_36,53.331616,-6.295221
61_37,53.332514,-6.295164
61_38,53.333411,-6.295108
61_39,53.334309,-6.295051
61_40,53.335207,-6.294994
61_41,53.336105,-6.294937
61_42,53.337003,-6.29488
61_43,53.337901,-6.294823
61_44,53.338799,-6.294766
61_45,53.339697,-6.29471
61_46,53.340595,-6.294653
61_47,53.341492,-6.294596
61_48,53.34239,-6.294539
61_49,53.343288,-6.294482
61_50,53.344186,-6.294425
61_51,53.345084,-6.294368
61_52,53.345982,-6.294311
61_53,53.34688,-6.294255
61_54,53.347778,-6.294198
61_55,53.348676,-6.294141
61_56,53.349573,-6.294084
61_57,53.350471,-6.294027
61_58,53.351369,-6.29397
61_59,53.352267,-6.293913
61_60,53.353165,-6.293856
61_61,53.354063,-6.293799
61_62,53.354961,-6.293742
61_63,53.355859,-6.293685
61_64,53.356757,-6.293629
61_65,53.357654,-6.293572
61_66,53.358552,-6.293515
61_67,53.35945,-6.293458
61_68,53.360348,-6.293401
61_69,53.361246,-6.293344
61_70,53.362144,-6.293287
61_71,53.363042,-6.29323
61_72,53.36394,-6.293173
61_73,53.364837,-6.293116
61_74,53.365735,-6.293059
61_75,53.366633,-6.293002
61_76,53.367531,-6.292945
61_77,53.368429,-6.292888
61_78,53.369327,-6.292831
61_79,53.370225,-6.292774
61_80,53.371123,-6.292717
61_81,53.372021,-6.29266
61_82,53.372918,-6.292603
61_83,53.373816,-6.292546
61_84,53.374714,-6.292489
61_85,53.375612,-6.292432
61_86,53.37651,-6.292375
61_87,53.377408,-6.292318
61_88,53.378306,-6.292262
61_89,53.379204,-6.292205
61_90,53.380101,-6.292148
61_91,53.380999,-6.29209
61_92,53.381897,-6.292033
61_93,53.382795,-6.291976
61_94,53.383693,-6.291919
61_95,53.384591,-6.291862
61_96,53.385489,-6.291805
61_97,53.386387,-6.291748
61_98,53.387285,-6.291691
61_99,53.388182,-6.291634
61_100,53.38908,-6.291577
61_101,53.389978,-6.29152
61_102,53.390876,-6.291463
61_103,53.391774,-6.291406
61_104,53.392672,-6.291349
61_105,53.39357,-6.291292
61_106,53.394468,-6.291235
61_107,53.395365,-6.291178
61_108,53.396263,-6.291121
61_109,53.397161,-6.291064
61_110,53.398059,-6.291007
61_111,53.398957,-6.29095
61_112,53.399855,-6.290893
61_113,53.400753,-6.290836
61_114,53.401651,-6.290779
61_115,53.402548,-6.290721
61_116,53.403446,-6.290664
61_117,53.404344,-6.290607
61_118,53.405242,-6.29055
61_119,53.40614,-6.290493
61_120,53.407038,-6.290436
61_121,53.407936,-6.290379
61_122,53.408834,-6.290322
61_123,53.409731,-6.290265
61_124,53.410629,-6.290208
61_125,53.411527,-6.290151
61_126,53.412425,-6.290093
62_0,53.299257,-6.295767
62_1,53.300155,-6.29571
62_2,53.301053,-6.295653
62_3,53.301951,-6.295596
62_4,53.302849,-6.29554
62_5,53.303747,-6.295483
62_6,53.304645,-6.295426
62_7,53.305543,-6.295369
62_8,53.306441,-6.295312
62_9,53.307339,-6.295256
62_10,53.308236,-6.295199
62_11,53.309134,-6.295142
62_12,53.310032,-6.295085
62_13,53.31093,-6.295028
62_14,53.311828,-6.294972
62_15,53.312726,-6.294915
62_16,53.313624,-6.294858
62_17,53.314522,-6.294801
62_18,53.31542,-6.294744
62_19,53.316317,-6.294688
62_20,53.317215,-6.294631
62_21,53.318113,-6.294574
62_22,53.319011,-6.294517
62_23,53.319909,-6.29446
62_24,53.320807,-6.294403
62_25,53.321705,-6.294347
62_26,53.322603,-6.29429
62_27,53.323501,-6.294233
62_28,53.324399,-6.294176
62_29,53.325296,-6.294119
62_30,53.326194,-6.294062
62_31,53.327092,-6.294006
62_32,53.32799,-6.293949
62_33,53.328888,-6.293892
62_34,53.329786,-6.293835
62_35,53.330684,-6.293778
62_36,53.331582,-6.293721
62_37,53.33248,-6.293664
62_38,53.333377,-6.293608
62_39,53.334275,-6.293551
62_40,53.335173,-6.293494
62_41,53.336071,-6.293437
62_42,53.336969,-6.29338
62_43,53.337867,-6.293323
62_44,53.338765,-6.293266
62_45,53.339663,-6.293209
62_46,53.340561,-6.293152
62_47,53.341458,-6.293096
62_48,53.342356,-6.293039
62_49,53.343254,-6.292982
62_50,53.344152,-6.292925
62_51,53.34505,-6.292868
62_52,53.345948,-6.292811
62_53,53.346846,-6.292754
62_54,53.347744,-6.292697
62_55,53.348641,-6.29264
62_56,53.349539,-6.292583
62_57,53.350437,-6.292526
62_58,53.351335,-6.292469
62_59,53.352233,-6.292412
62_60,53.353131,-6.292356
62_61,53.354029,-6.292299
62_62,53.354927,-6.292242
62_63,53.355825,-6.292185
62_64,53.356722,-6.292128
62_65,53.35762,-6.292071
62_66,53.358518,-6.292014
62_67,53.359416,-6.291957
62_68,53.360314,-6.2919
62_69,53.361212,-6.291843
62_70,53.36211,-6.291786
62_71,53.363008,-6.291729
62_72,53.363906,-6.291672
62_73,53.364803,-6.291615
62_74,53.365701,-6.291558
62_75,53.366599,-6.291501
62_76,53.367497,-6.291444
62_77,53.368395,-6.291387
62_78,53.369293,-6.29133
62_79,53.370191,-6.291273
62_80,53.371089,-6.291216
62_81,53.371986,-6.291159
62_82,53.372884,-6.291102
62_83,53.373782,-6.291045
62_84,53.37468,-6.290988
62_85,53.375578,-6.290931
62_86,53.376476,-6.290874
62_87,53.377374,-6.290817
62_88,53.378272,-6.29076
62_89,53.37917,-6.290703
62_90,53.380067,-6.290646
62_91,53.380965,-6.290589
62_92,53.381863,-6.290532
62_93,53.382761,-6.290475
62_94,53.383659,-6.290418
62_95,53.384557,-6.290361
62_96,53.385455,-6.290304
62_97,53.386353,-6.290247
62_98,53.38725,-6.290189
62_99,53.388148,-6.290132
62_100,53.389046,-6.290075
62_101,53.389944,-6.290018
62_102,53.390842,-6.289961
62_103,53.39174,-6.289904
62_104,53.392638,-6.289847
62_105,53.393536,-6.28979
62_106,53.394433,-6.289733
62_107,53.395331,-6.289676
62_108,53.396229,-6.289619
62_109,53.397127,-6.289562
62_110,53.398025,-6.289505
62_111,53.398923,-6.289447
62_112,53.399821,-6.28939
62_113,53.400719,-6.289333
62_114,53.401616,-6.289276
62_115,53.402514,-6.289219
62_116,53.403412,-6.289162
62_117,53.40431,-6.289105
62_118,53.405208,-6.289048
62_119,53.406106,-6.288991
62_120,53.407004,-6.288933
62_121,53.407902,-6.288876
62_122,53.408799,-6.288819
62_123,53.409697,-6.288762
62_124,53.410595,-6.288705
62_125,53.411493,-6.288648
62_126,53.412391,-6.288591
63_0,53.299223,-6.294268
63_1,53.300121,-6.294211
63_2,53.301019,-6.294154
63_3,53.301917,-6.294097
63_4,53.302815,-6.294041
63_5,53.303713,-6.293984
63_6,53.304611,-6.293927
63_7,53.305509,-6.29387
63_8,53.306407,-6.293813
63_9,53.307305,-6.293757
63_10,53.308202,-6.2937
63_11,53.3091,-6.293643
63_12,53.309998,-6.293586
63_13,53.310896,-6.293529
63_14,53.311794,-6.293472
63_15,53.312692,-6.293416
63_16,53.31359,-6.293359
63_17,53.314488,-6.293302
63_18,53.315386,-6.293245
63_19,53.316283,-6.293188
63_20,53.317181,-6.293131
63_21,53.318079,-6.293074
63_22,53.318977,-6.293018
63_23,53.319875,-6.292961
63_24,53.320773,-6.292904
63_25,53.321671,-6.292847
63_26,53.322569,-6.29279
63_27,53.323467,-6.292733
63_28,53.324364,-6.292676
63_29,53.325262,-6.29262
63_30,53.32616,-6.292563
63_31,53.327058,-6.292506
63_32,53.327956,-6.292449
63_33,53.328854,-6.292392
63_34,53.329752,-6.292335
63_35,53.33065,-6.292278
63_36,53.331548,-6.292221
63_37,53.332445,-6.292164
63_38,53.333343,-6.292108
63_39,53.334241,-6.292051
63_40,53.335139,-6.291994
63_41,53.336037,-6.291937
63_42,53.336935,-6.29188
63_43,53.337833,-6.291823
63_44,53.338731,-6.291766
63_45,53.339629,-6.291709
63_46,53.340526,-6.291652
63_47,53.341424,-6.291595
63_48,53.342322,-6.291538
63_49,53.34322,-6.291481
63_50,53.344118,-6.291424
63_51,53.345016,-6.291367
63_52,53.345914,-6.291311
63_53,53.346812,-6.291254
63_54,53.34771,-6.291197
63_55,53.348607,-6.29114
63_56,53.349505,-6.291083
63_57,53.350403,-6.291026
63_58,53.351301,-6.290969
63_59,53.352199,-6.290912
63_60,53.353097,-6.290855
63_61,53.353995,-6.290798
63_62,53.354893,-6.290741
63_63,53.35579,-6.290684
63_64,53.356688,-6.290627
63_65,53.357586,-6.29057
63_66,53.358484,-6.290513
63_67,53.359382,-6.290456
63_68,53.36028,-6.290399
63_69,53.361178,-6.290342
63_70,53.362076,-6.290285
63_71,53.362974,-6.290228
63_72,53.363871,-6.290171
63_73,53.364769,-6.290114
63_74,53.365667,-6.290057
63_75,53.366565,-6.29
63_76,53.367463,-6.289943
63_77,53.368361,-6.289886
63_78,53.369259,-6.289829
63_79,53.370157,-6.289772
63_80,53.371054,-6.289715
63_81,53.371952,-6.289658
63_82,53.37285,-6.289601
63_83,53.373748,-6.289544
63_84,53.374646,-6.289487
63_85,53.375544,-6.28943
63_86,53.376442,-6.289372
63_87,53.37734,-6.289315
63_88,53.378238,-6.289258
63_89,53.379135,-6.289201
63_90,53.380033,-6.289144
63_91,53.380931,-6.289087
63_92,53.381829,-6.28903
63_93,53.382727,-6.288973
63_94,53.383625,-6.288916
63_95,53.384523,-6.288859
63_96,53.385421,-6.288802
63_97,53.386318,-6.288745
63_98,53.387216,-6.288688
63_99,53.388114,-6.288631
63_100,53.389012,-6.288573
63_101,53.38991,-6.288516
63_102,53.390808,-6.288459
63_103,53.391706,-6.288402
63_104,53.392604,-6.288345
63_105,53.393501,-6.288288
63_106,53.394399,-6.288231
63_107,53.395297,-6.288174
63_108,53.396195,-6.288117
63_109,53.397093,-6.288059
63_110,53.397991,-6.288002
63_111,53.398889,-6.287945
63_112,53.399787,-6.287888
63_113,53.400684,-6.287831
63_114,53.401582,-6.287774
63_115,53.40248,-6.287717
63_116,53.403378,-6.287659
63_117,53.404276,-6.287602
63_118,53.405174,-6.287545
63_119,53.406072,-6.287488
63_120,53.40697,-6.287431
63_121,53.407867,-6.287374
63_122,53.408765,-6.287317
63_123,53.409663,-6.287259
63_124,53.410561,-6.287202
63_125,53.411459,-6.287145
63_126,53.412357,-6.287088
64_0,53.299189,-6.292769
64_1,53.300087,-6.292712
64_2,53.300985,-6.292655
64_3,53.301883,-6.292598
64_4,53.302781,-6.292542
64_5,53.303679,-6.292485
64_6,53.304577,-6.292428
64_7,53.305475,-6.292371
64_8,53.306373,-6.292314
64_9,53.30727,-6.292257
64_10,53.308168,-6.292201
64_11,53.309066,-6.292144
64_12,53.309964,-6.292087
64_13,53.310862,-6.29203
64_14,53.31176,-6.291973
64_15,53.312658,-6.291916
64_16,53.313556,-6.291859
64_17,53.314454,-6.291803
64_18,53.315352,-6.291746
64_19,53.316249,-6.291689
64_20,53.317147,-6.291632
64_21,53.318045,-6.291575
64_22,53.318943,-6.291518
64_23,53.319841,-6.291461
64_24,53.320739,-6.291404
64_25,53.321637,-6.291347
64_26,53.322535,-6.291291
64_27,53.323433,-6.291234
64_28,53.32433,-6.291177
64_29,53.325228,-6.29112
64_30,53.326126,-6.291063
64_31,53.327024,-6.291006
64_32,53.327922,-6.290949
64_33,53.32882,-6.290892
64_34,53.329718,-6.290835
64_35,53.330616,-6.290778
64_36,53.331513,-6.290721
64_37,53.332411,-6.290664
64_38,53.333309,-6.290608
64_39,53.334207,-6.290551
64_40,53.335105,-6.290494
64_41,53.336003,-6.290437
64_42,53.336901,-6.29038
64_43,53.337799,-6.290323
64_44,53.338697,-6.290266
64_45,53.339594,-6.290209
64_46,53.340492,-6.290152
64_47,53.34139,-6.290095
64_48,53.342288,-6.290038
64_49,53.343186,-6.289981
64_50,53.344084,-6.289924
64_51,53.344982,-6.289867
64_52,53.34588,-6.28981
64_53,53.346778,-6.289753
64_54,53.347675,-6.289696
64_55,53.348573,-6.289639
64_56,53.349471,-6.289582
64_57,53.350369,-6.289525
64_58,53.351267,-6.289468
64_59,53.352165,-6.289411
64_60,53.353063,-6.289354
64_61,53.353961,-6.289297
64_62,53.354859,-6.28924
64_63,53.355756,-6.289183
64_64,53.356654,-6.289126
64_65,53.357552,-6.289069
64_66,53.35845,-6.289012
64_67,53.359348,-6.288955
64_68,53.360246,-6.288898
64_69,53.361144,-6.288841
64_70,53.362042,-6.288784
64_71,53.362939,-6.288727
64_72,53.363837,-6.28867
64_73,53.364735,-6.288613
64_74,53.365633,-6.288556
64_75,53.366531,-6.288499
64_76,53.367429,-6.288442
64_77,53.368327,-6.288385
64_78,53.369225,-6.288328
64_79,53.370122,-6.28827
64_80,53.37102,-6.288213
64_81,53.371918,-6.288156
64_82,53.372816,-6.288099
64_83,53.373714,-6.288042
64_84,53.374612,-6.287985
64_85,53.37551,-6.287928
64_86,53.376408,-6.287871
64_87,53.377306,-6.287814
64_88,53.378203,-6.287757
64_89,53.379101,-6.2877
64_90,53.379999,-6.287643
64_91,53.380897,-6.287586
64_92,53.381795,-6.287528
64_93,53.382693,-6.287471
64_94,53.383591,-6.287414
64_95,53.384489,-6.287357
64_96,53.385386,-6.2873
64_97,53.386284,-6.287243
64_98,53.387182,-6.287186
64_99,53.38808,-6.287129
64_100,53.388978,-6.287071
64_101,53.389876,-6.287014
64_102,53.390774,-6.286957
64_103,53.391672,-6.2869
64_104,53.392569,-6.286843
64_105,53.393467,-6.286786
64_106,53.394365,-6.286729
64_107,53.395263,-6.286672
64_108,53.396161,-6.286614
64_109,53.397059,-6.286557
64_110,53.397957,-6.2865
64_111,53.398855,-6.286443
64_112,53.399752,-6.286386
64_113,53.40065,-6.286329
64_114,53.401548,-6.286271
64_115,53.402446,-6.286214
64_116,53.403344,-6.286157
64_117,53.404242,-6.2861
64_118,53.40514,-6.286043
64_119,53.406038,-6.285985
64_120,53.406935,-6.285928
64_121,53.407833,-6.285871
64_122,53.408731,-6.285814
64_123,53.409629,-6.285757
64_124,53.410527,-6.2857
64_125,53.411425,-6.285642
64_126,53.412323,-6.285585
65_0,53.299155,-6.29127
65_1,53.300053,-6.291213
65_2,53.300951,-6.291156
65_3,53.301849,-6.2911
65_4,53.302747,-6.291043
65_5,53.303645,-6.290986
65_6,53.304543,-6.290929
65_7,53.305441,-6.290872
65_8,53.306339,-6.290815
65_9,53.307236,-6.290758
65_10,53.308134,-6.290701
65_11,53.309032,-6.290645
65_12,53.30993,-6.290588
65_13,53.310828,-6.290531
65_14,53.311726,-6.290474
65_15,53.312624,-6.290417
65_16,53.313522,-6.29036
65_17,53.31442,-6.290303
65_18,53.315317,-6.290246
65_19,53.316215,-6.290189
65_20,53.317113,-6.290132
65_21,53.318011,-6.290076
65_22,53.318909,-6.290019
65_23,53.319807,-6.289962
65_24,53.320705,-6.289905
65_25,53.321603,-6.289848
65_26,53.322501,-6.289791
65_27,53.323398,-6.289734
65_28,53.324296,-6.289677
65_29,53.325194,-6.28962
65_30,53.326092,-6.289563
65_31,53.32699,-6.289506
65_32,53.327888,-6.289449
65_33,53.328786,-6.289392
65_34,53.329684,-6.289335
65_35,53.330582,-6.289278
65_36,53.331479,-6.289221
65_37,53.332377,-6.289165
65_38,53.333275,-6.289108
65_39,53.334173,-6.289051
65_40,53.335071,-6.288994
65_41,53.335969,-6.288937
65_42,53.336867,-6.28888
65_43,53.337765,-6.288823
65_44,53.338662,-6.288766
65_45,53.33956,-6.288709
65_46,53.340458,-6.288652
65_47,53.341356,-6.288595
65_48,53.342254,-6.288538
65_49,53.343152,-6.288481
65_50,53.34405,-6.288424
65_51,53.344948,-6.288367
65_52,53.345846,-6.28831
65_53,53.346743,-6.288253
65_54,53.347641,-6.288196
65_55,53.348539,-6.288139
65_56,53.349437,-6.288082
65_57,53.350335,-6.288025
65_58,53.351233,-6.287968
65_59,53.352131,-6.28791
65_60,53.353029,-6.287853
65_61,53.353927,-6.287796
65_62,53.354824,-6.287739
65_63,53.355722,-6.287682
65_64,53.35662,-6.287625
65_65,53.357518,-6.287568
65_66,53.358416,-6.287511
65_67,53.359314,-6.287454
65_68,53.360212,-6.287397
65_69,53.36111,-6.28734
65_70,53.362007,-6.287283
65_71,53.362905,-6.287226
65_72,53.363803,-6.287169
65_73,53.364701,-6.287112
65_74,53.365599,-6.287055
65_75,53.366497,-6.286998
65_76,53.367395,-6.28694
65_77,53.368293,-6.286883
65_78,53.36919,-6.286826
65_79,53.370088,-6.286769
65_80,53.370986,-6.286712
65_81,53.371884,-6.286655
65_82,53.372782,-6.286598
65_83,53.37368,-6.286541
65_84,53.374578,-6.286484
65_85,53.375476,-6.286427
65_86,53.376373,-6.286369
65_87,53.377271,-6.286312
65_88,53.378169,-6.286255
65_89,53.379067,-6.286198
65_90,53.379965,-6.286141
65_91,53.380863,-6.286084
65_92,53.381761,-6.286027
65_93,53.382659,-6.28597
65_94,53.383556,-6.285912
65_95,53.384454,-6.285855
65_96,53.385352,-6.285798
65_97,53.38625,-6.285741
65_98,53.387148,-6.285684
65_99,53.388046,-6.285627
65_100,53.388944,-6.28557
65_101,53.389842,-6.285512
65_102,53.390739,-6.285455
65_103,53.391637,-6.285398
65_104,53.392535,-6.285341
65_105,53.393433,-6.285284
65_106,53.394331,-6.285227
65_107,53.395229,-6.285169
65_108,53.396127,-6.285112
65_109,53.397025,-6.285055
65_110,53.397922,-6.284998
65_111,53.39882,-6.284941
65_112,53.399718,-6.284883
65_113,53.400616,-6.284826
65_114,53.401514,-6.284769
65_115,53.402412,-6.284712
65_116,53.40331,-6.284655
65_117,53.404208,-6.284597
65_118,53.405105,-6.28454
65_119,53.406003,-6.284483
65_120,53.406901,-6.284426
65_121,53.407799,-6.284368
65_122,53.408697,-6.284311
65_123,53.409595,-6.284254
65_124,53.410493,-6.284197
65_125,53.411391,-6.28414
65_126,53.412288,-6.284082
66_0,53.299121,-6.289771
66_1,53.300019,-6.289714
66_2,53.300917,-6.289658
66_3,53.301815,-6.289601
66_4,53.302713,-6.289544
66_5,53.303611,-6.289487
66_6,53.304509,-6.28943
66_7,53.305407,-6.289373
66_8,53.306304,-6.289316
66_9,53.307202,-6.289259
66_10,53.3081,-6.289202
66_11,53.308998,-6.289145
66_12,53.309896,-6.289089
66_13,53.310794,-6.289032
66_14,53.311692,-6.288975
66_15,53.31259,-6.288918
66_16,53.313488,-6.288861
66_17,53.314385,-6.288804
66_18,53.315283,-6.288747
66_19,53.316181,-6.28869
66_20,53.317079,-6.288633
66_21,53.317977,-6.288576
66_22,53.318875,-6.288519
66_23,53.319773,-6.288462
66_24,53.320671,-6.288405
66_25,53.321569,-6.288348
66_26,53.322466,-6.288291
66_27,53.323364,-6.288234
66_28,53.324262,-6.288177
66_29,53.32516,-6.28812
66_30,53.326058,-6.288063
66_31,53.326956,-6.288006
66_32,53.327854,-6.287949
66_33,53.328752,-6.287893
66_34,53.32965,-6.287836
66_35,53.330547,-6.287779
66_36,53.331445,-6.287722
66_37,53.332343,-6.287665
66_38,53.333241,-6.287608
66_39,53.334139,-6.287551
66_40,53.335037,-6.287494
66_41,53.335935,-6.287437
66_42,53.336833,-6.28738
66_43,53.33773,-6.287323
66_44,53.338628,-6.287265
66_45,53.339526,-6.287208
66_46,53.340424,-6.287151
66_47,53.341322,-6.287094
66_48,53.34222,-6.287037
66_49,53.343118,-6.28698
66_50,53.344016,-6.286923
66_51,53.344914,-6.286866
66_52,53.345811,-6.286809
66_53,53.346709,-6.286752
66_54,53.347607,-6.286695
66_55,53.348505,-6.286638
66_56,53.349403,-6.286581
66_57,53.350301,-6.286524
66_58,53.351199,-6.286467
66_59,53.352097,-6.28641
66_60,53.352994,-6.286353
66_61,53.353892,-6.286296
66_62,53.35479,-6.286239
66_63,53.355688,-6.286182
66_64,53.356586,-6.286124
66_65,53.357484,-6.286067
66_66,53.358382,-6.28601
66_67,53.35928,-6.285953
66_68,53.360178,-6.285896
66_69,53.361075,-6.285839
66_70,53.361973,-6.285782
66_71,53.362871,-6.285725
66_72,53.363769,-6.285668
66_73,53.364667,-6.285611
66_74,53.365565,-6.285554
66_75,53.366463,-6.285496
66_76,53.367361,-6.285439
66_77,53.368258,-6.285382
66_78,53.369156,-6.285325
66_79,53.370054,-6.285268
66_80,53.370952,-6.285211
66_81,53.37185,-6.285154
66_82,53.372748,-6.285097
66_83,53.373646,-6.285039
66_84,53.374544,-6.284982
66_85,53.375441,-6.284925
66_86,53.376339,-6.284868
66_87,53.377237,-6.284811
66_88,53.378135,-6.284754
66_89,53.379033,-6.284697
66_90,53.379931,-6.284639
66_91,53.380829,-6.284582
66_92,53.381727,-6.284525
66_93,53.382624,-6.284468
66_94,53.383522,-6.284411
66_95,53.38442,-6.284354
66_96,53.385318,-6.284296
66_97,53.386216,-6.284239
66_98,53.387114,-6.284182
66_99,53.388012,-6.284125
66_100,53.38891,-6.284068
66_101,53.389807,-6.28401
66_102,53.390705,-6.283953
66_103,53.391603,-6.283896
66_104,53.392501,-6.283839
66_105,53.393399,-6.283782
66_106,53.394297,-6.283724
66_107,53.395195,-6.283667
66_108,53.396093,-6.28361
66_109,53.39699,-6.283553
66_110,53.397888,-6.283496
66_111,53.398786,-6.283438
66_112,53.399684,-6.283381
66_113,53.400582,-6.283324
66_114,53.40148,-6.283267
66_115,53.402378,-6.283209
66_116,53.403276,-6.283152
66_117,53.404173,-6.283095
66_118,53.405071,-6.283038
66_119,53.405969,-6.28298
66_120,53.406867,-6.282923
66_121,53.407765,-6.282866
66_122,53.408663,-6.282809
66_123,53.409561,-6.282751
66_124,53.410458,-6.282694
66_125,53.411356,-6.282637
66_126,53.412254,-6.28258
67_0,53.299087,-6.288273
67_1,53.299985,-6.288216
67_2,53.300883,-6.288159
67_3,53.301781,-6.288102
67_4,53.302679,-6.288045
67_5,53.303577,-6.287988
67_6,53.304475,-6.287931
67_7,53.305372,-6.287874
67_8,53.30627,-6.287817
67_9,53.307168,-6.28776
67_10,53.308066,-6.287703
67_11,53.308964,-6.287646
67_12,53.309862,-6.287589
67_13,53.31076,-6.287532
67_14,53.311658,-6.287475
67_15,53.312556,-6.287419
67_16,53.313453,-6.287362
67_17,53.314351,-6.287305
67_18,53.315249,-6.287248
67_19,53.316147,-6.287191
67_20,53.317045,-6.287134
67_21,53.317943,-6.287077
67_22,53.318841,-6.28702
67_23,53.319739,-6.286963
67_24,53.320637,-6.286906
67_25,53.321534,-6.286849
67_26,53.322432,-6.286792
67_27,53.32333,-6.286735
67_28,53.324228,-6.286678
67_29,53.325126,-6.286621
67_30,53.326024,-6.286564
67_31,53.326922,-6.286507
67_32,53.32782,-6.28645
67_33,53.328718,-6.286393
67_34,53.329615,-6.286336
67_35,53.330513,-6.286279
67_36,53.331411,-6.286222
67_37,53.332309,-6.286165
67_38,53.333207,-6.286108
67_39,53.334105,-6.286051
67_40,53.335003,-6.285993
67_41,53.335901,-6.285936
67_42,53.336798,-6.285879
67_43,53.337696,-6.285822
67_44,53.338594,-6.285765
67_45,53.339492,-6.285708
67_46,53.34039,-6.285651
67_47,53.341288,-6.285594
67_48,53.342186,-6.285537
67_49,53.343084,-6.28548
67_50,53.343982,-6.285423
67_51,53.344879,-6.285366
67_52,53.345777,-6.285309
67_53,53.346675,-6.285252
67_54,53.347573,-6.285195
67_55,53.348471,-6.285138
67_56,53.349369,-6.28508
67_57,53.350267,-6.285023
67_58,53.351165,-6.284966
67_59,53.352062,-6.284909
67_60,53.35296,-6.284852
67_61,53.353858,-6.284795
67_62,53.354756,-6.284738
67_63,53.355654,-6.284681
67_64,53.356552,-6.284624
67_65,53.35745,-6.284567
67_66,53.358348,-6.284509
67_67,53.359245,-6.284452
67_68,53.360143,-6.284395
67_69,53.361041,-6.284338
67_70,53.361939,-6.284281
67_71,53.362837,-6.284224
67_72,53.363735,-6.284167
67_73,53.364633,-6.28411
67_74,53.365531,-6.284052
67_75,53.366429,-6.283995
67_76,53.367326,-6.283938
67_77,53.368224,-6.283881
67_78,53.369122,-6.283824
67_79,53.37002,-6.283767
67_80,53.370918,-6.283709
67_81,53.371816,-6.283652
67_82,53.372714,-6.283595
67_83,53.373612,-6.283538
67_84,53.374509,-6.283481
67_85,53.375407,-6.283424
67_86,53.376305,-6.283366
67_87,53.377203,-6.283309
67_88,53.378101,-6.283252
67_89,53.378999,-6.283195
67_90,53.379897,-6.283138
67_91,53.380795,-6.283081
67_92,53.381692,-6.283023
67_93,53.38259,-6.282966
67_94,53.383488,-6.282909
67_95,53.384386,-6.282852
67_96,53.385284,-6.282795
67_97,53.386182,-6.282737
67_98,53.38708,-6.28268
67_99,53.387977,-6.282623
67_100,53.388875,-6.282566
67_101,53.389773,-6.282508
67_102,53.390671,-6.282451
67_103,53.391569,-6.282394
67_104,53.392467,-6.282337
67_105,53.393365,-6.28228
67_106,53.394263,-6.282222
67_107,53.39516,-6.282165
67_108,53.396058,-6.282108
67_109,53.396956,-6.282051
67_110,53.397854,-6.281993
67_111,53.398752,-6.281936
67_112,53.39965,-6.281879
67_113,53.400548,-6.281821
67_114,53.401446,-6.281764
67_115,53.402343,-6.281707
67_116,53.403241,-6.28165
67_117,53.404139,-6.281592
67_118,53.405037,-6.281535
67_119,53.405935,-6.281478
67_120,53.406833,-6.281421
67_121,53.407731,-6.281363
67_122,53.408629,-6.281306
67_123,53.409526,-6.281249
67_124,53.410424,-6.281191
67_125,53.411322,-6.281134
67_126,53.41222,-6.281077
68_0,53.299053,-6.286774
68_1,53.299951,-6.286717
68_2,53.300849,-6.28666
68_3,53.301747,-6.286603
68_4,53.302645,-6.286546
68_5,53.303543,-6.286489
68_6,53.30444,-6.286432
68_7,53.305338,-6.286375
68_8,53.306236,-6.286318
68_9,53.307134,-6.286261
68_10,53.308032,-6.286204
68_11,53.30893,-6.286147
68_12,53.309828,-6.28609
68_13,53.310726,-6.286033
68_14,53.311624,-6.285976
68_15,53.312521,-6.285919
68_16,53.313419,-6.285862
68_17,53.314317,-6.285805
68_18,53.315215,-6.285748
68_19,53.316113,-6.285691
68_20,53.317011,-6.285634
68_21,53.317909,-6.285577
68_22,53.318807,-6.28552
68_23,53.319705,-6.285463
68_24,53.320602,-6.285406
68_25,53.3215,-6.285349
68_26,53.322398,-6.285292
68_27,53.323296,-6.285235
68_28,53.324194,-6.285178
68_29,53.325092,-6.285121
68_30,53.32599,-6.285064
68_31,53.326888,-6.285007
68_32,53.327785,-6.28495
68_33,53.328683,-6.284893
68_34,53.329581,-6.284836
68_35,53.330479,-6.284779
68_36,53.331377,-6.284722
68_37,53.332275,-6.284665
68_38,53.333173,-6.284608
68_39,53.334071,-6.284551
68_40,53.334969,-6.284493
68_41,53.335866,-6.284436
68_42,53.336764,-6.284379
68_43,53.337662,-6.284322
68_44,53.33856,-6.284265
68_45,53.339458,-6.284208
68_46,53.340356,-6.284151
68_47,53.341254,-6.284094
68_48,53.342152,-6.284037
68_49,53.343049,-6.28398
68_50,53.343947,-6.283923
68_51,53.344845,-6.283865
68_52,53.345743,-6.283808
68_53,53.346641,-6.283751
68_54,53.347539,-6.283694
68_55,53.348437,-6.283637
68_56,53.349335,-6.28358
68_57,53.350233,-6.283523
68_58,53.35113,-6.283466
68_59,53.352028,-6.283409
68_60,53.352926,-6.283351
68_61,53.353824,-6.283294
68_62,53.354722,-6.283237
68_63,53.35562,-6.28318
68_64,53.356518,-6.283123
68_65,53.357416,-6.283066
68_66,53.358313,-6.283009
68_67,53.359211,-6.282951
68_68,53.360109,-6.282894
68_69,53.361007,-6.282837
68_70,53.361905,-6.28278
68_71,53.362803,-6.282723
68_72,53.363701,-6.282666
68_73,53.364599,-6.282608
68_74,53.365496,-6.282551
68_75,53.366394,-6.282494
68_76,53.367292,-6.282437
68_77,53.36819,-6.28238
68_78,53.369088,-6.282323
68_79,53.369986,-6.282265
68_80,53.370884,-6.282208
68_81,53.371782,-6.282151
68_82,53.372679,-6.282094
68_83,53.373577,-6.282037
68_84,53.374475,-6.281979
68_85,53.375373,-6.281922
68_86,53.376271,-6.281865
68_87,53.377169,-6.281808
68_88,53.378067,-6.281751
68_89,53.378965,-6.281693
68_90,53.379862,-6.281636
68_91,53.38076,-6.281579
68_92,53.381658,-6.281522
68_93,53.382556,-6.281464
68_94,53.383454,-6.281407
68_95,53.384352,-6.28135
68_96,53.38525,-6.281293
68_97,53.386148,-6.281235
68_98,53.387045,-6.281178
68_99,53.387943,-6.281121
68_100,53.388841,-6.281064
68_101,53.389739,-6.281006
68_102,53.390637,-6.280949
68_103,53.391535,-6.280892
68_104,53.392433,-6.280835
68_105,53.393331,-6.280777
68_106,53.394228,-6.28072
68_107,53.395126,-6.280663
68_108,53.396024,-6.280606
68_109,53.396922,-6.280548
68_110,53.39782,-6.280491
68_111,53.398718,-6.280434
68_112,53.399616,-6.280376
68_113,53.400513,-6.280319
68_114,53.401411,-6.280262
68_115,53.402309,-6.280205
68_116,53.403207,-6.280147
68_117,53.404105,-6.28009
68_118,53.405003,-6.280033
68_119,53.405901,-6.279975
68_120,53.406799,-6.279918
68_121,53.407696,-6.279861
68_122,53.408594,-6.279803
68_123,53.409492,-6.279746
68_124,53.41039,-6.279689
68_125,53.411288,-6.279631
68_126,53.412186,-6.279574
69_0,53.299019,-6.285275
69_1,53.299917,-6.285218
69_2,53.300815,-6.285161
69_3,53.301713,-6.285104
69_4,53.302611,-6.285047
69_5,53.303508,-6.28499
69_6,53.304406,-6.284933
69_7,53.305304,-6.284876
69_8,53.306202,-6.284819
69_9,53.3071,-6.284762
69_10,53.307998,-6.284705
69_11,53.308896,-6.284648
69_12,53.309794,-6.284591
69_13,53.310692,-6.284534
69_14,53.311589,-6.284477
69_15,53.312487,-6.28442
69_16,53.313385,-6.284363
69_17,53.314283,-6.284306
69_18,53.315181,-6.284249
69_19,53.316079,-6.284192
69_20,53.316977,-6.284135
69_21,53.317875,-6.284078
69_22,53.318773,-6.284021
69_23,53.31967,-6.283964
69_24,53.320568,-6.283907
69_25,53.321466,-6.28385
69_26,53.322364,-6.283793
69_27,53.323262,-6.283735
69_28,53.32416,-6.283678
69_29,53.325058,-6.283621
69_30,53.325956,-6.283564
69_31,53.326853,-6.283507
69_32,53.327751,-6.28345
69_33,53.328649,-6.283393
69_34,53.329547,-6.283336
69_35,53.330445,-6.283279
69_36,53.331343,-6.283222
69_37,53.332241,-6.283165
69_38,53.333139,-6.283108
69_39,53.334037,-6.283051
69_40,53.334934,-6.282993
69_41,53.335832,-6.282936
69_42,53.33673,-6.282879
69_43,53.337628,-6.282822
69_44,53.338526,-6.282765
69_45,53.339424,-6.282708
69_46,53.340322,-6.282651
69_47,53.34122,-6.282594
69_48,53.342117,-6.282536
69_49,53.343015,-6.282479
69_50,53.343913,-6.282422
69_51,53.344811,-6.282365
69_52,53.345709,-6.282308
69_53,53.346607,-6.282251
69_54,53.347505,-6.282194
69_55,53.348403,-6.282137
69_56,53.3493,-6.282079
69_57,53.350198,-6.282022
69_58,53.351096,-6.281965
69_59,53.351994,-6.281908
69_60,53.352892,-6.281851
69_61,53.35379,-6.281794
69_62,53.354688,-6.281736
69_63,53.355586,-6.281679
69_64,53.356483,-6.281622
69_65,53.357381,-6.281565
69_66,53.358279,-6.281508
69_67,53.359177,-6.281451
69_68,53.360075,-6.281393
69_69,53.360973,-6.281336
69_70,53.361871,-6.281279
69_71,53.362769,-6.281222
69_72,53.363666,-6.281165
69_73,53.364564,-6.281107
69_74,53.365462,-6.28105
69_75,53.36636,-6.280993
69_76,53.367258,-6.280936
69_77,53.368156,-6.280879
69_78,53.369054,-6.280821
69_79,53.369952,-6.280764
69_80,53.370849,-6.280707
69_81,53.371747,-6.28065
69_82,53.372645,-6.280592
69_83,53.373543,-6.280535
69_84,53.374441,-6.280478
69_85,53.375339,-6.280421
69_86,53.376237,-6.280363
69_87,53.377135,-6.280306
69_88,53.378032,-6.280249
69_89,53.37893,-6.280192
69_90,53.379828,-6.280134
69_91,53.380726,-6.280077
69_92,53.381624,-6.28002
69_93,53.382522,-6.279963
69_94,53.38342,-6.279905
69_95,53.384318,-6.279848
69_96,53.385215,-6.279791
69_97,53.386113,-6.279734
69_98,53.387011,-6.279676
69_99,53.387909,-6.279619
69_100,53.388807,-6.279562
69_101,53.389705,-6.279505
69_102,53.390603,-6.279447
69_103,53.391501,-6.27939
69_104,53.392398,-6.279333
69_105,53.393296,-6.279275
69_106,53.394194,-6.279218
69_107,53.395092,-6.279161
69_108,53.39599,-6.279103
69_109,53.396888,-6.279046
69_110,53.397786,-6.278989
69_111,53.398683,-6.278931
69_112,53.399581,-6.278874
69_113,53.400479,-6.278817
69_114,53.401377,-6.278759
69_115,53.402275,-6.278702
69_116,53.403173,-6.278645
69_117,53.404071,-6.278587
69_118,53.404969,-6.27853
69_119,53.405866,-6.278473
69_120,53.406764,-6.278415
69_121,53.407662,-6.278358
69_122,53.40856,-6.278301
69_123,53.409458,-6.278243
69_124,53.410356,-6.278186
69_125,53.411254,-6.278129
69_126,53.412151,-6.278071
70_0,53.298985,-6.283776
70_1,53.299883,-6.283719
70_2,53.300781,-6.283662
70_3,53.301679,-6.283605
70_4,53.302576,-6.283548
70_5,53.303474,-6.283491
70_6,53.304372,-6.283434
70_7,53.30527,-6.283377
70_8,53.306168,-6.28332
70_9,53.307066,-6.283263
70_10,53.307964,-6.283206
70_11,53.308862,-6.283149
70_12,53.309759,-6.283092
70_13,53.310657,-6.283035
70_14,53.311555,-6.282978
70_15,53.312453,-6.282921
70_16,53.313351,-6.282864
70_17,53.314249,-6.282807
70_18,53.315147,-6.28275
70_19,53.316045,-6.282692
70_20,53.316943,-6.282635
70_21,53.31784,-6.282578
70_22,53.318738,-6.282521
70_23,53.319636,-6.282464
70_24,53.320534,-6.282407
70_25,53.321432,-6.28235
70_26,53.32233,-6.282293
70_27,53.323228,-6.282236
70_28,53.324126,-6.282179
70_29,53.325024,-6.282122
70_30,53.325921,-6.282065
70_31,53.326819,-6.282007
70_32,53.327717,-6.28195
70_33,53.328615,-6.281893
70_34,53.329513,-6.281836
70_35,53.330411,-6.281779
70_36,53.331309,-6.281722
70_37,53.332207,-6.281665
70_38,53.333104,-6.281608
70_39,53.334002,-6.28155
70_40,53.3349,-6.281493
70_41,53.335798,-6.281436
70_42,53.336696,-6.281379
70_43,53.337594,-6.281322
70_44,53.338492,-6.281265
70_45,53.33939,-6.281208
70_46,53.340287,-6.281151
70_47,53.341185,-6.281093
70_48,53.342083,-6.281036
70_49,53.342981,-6.280979
70_50,53.343879,-6.280922
70_51,53.344777,-6.280865
70_52,53.345675,-6.280808
70_53,53.346573,-6.28075
70_54,53.34747,-6.280693
70_55,53.348368,-6.280636
70_56,53.349266,-6.280579
70_57,53.350164,-6.280522
70_58,53.351062,-6.280464
70_59,53.35196,-6.280407
70_60,53.352858,-6.28035
70_61,53.353756,-6.280293
70_62,53.354654,-6.280236
70_63,53.355551,-6.280178
70_64,53.356449,-6.280121
70_65,53.357347,-6.280064
70_66,53.358245,-6.280007
70_67,53.359143,-6.27995
70_68,53.360041,-6.279892
70_69,53.360939,-6.279835
70_70,53.361837,-6.279778
70_71,53.362734,-6.279721
70_72,53.363632,-6.279664
70_73,53.36453,-6.279606
70_74,53.365428,-6.279549
70_75,53.366326,-6.279492
70_76,53.367224,-6.279435
70_77,53.368122,-6.279377
70_78,53.369019,-6.27932
70_79,53.369917,-6.279263
70_80,53.370815,-6.279206
70_81,53.371713,-6.279148
70_82,53.372611,-6.279091
70_83,53.373509,-6.279034
70_84,53.374407,-6.278977
70_85,53.375305,-6.278919
70_86,53.376202,-6.278862
70_87,53.3771,-6.278805
70_88,53.377998,-6.278747
70_89,53.378896,-6.27869
70_90,53.379794,-6.278633
70_91,53.380692,-6.278576
70_92,53.38159,-6.278518
70_93,53.382488,-6.278461
70_94,53.383385,-6.278404
70_95,53.384283,-6.278346
70_96,53.385181,-6.278289
70_97,53.386079,-6.278232
70_98,53.386977,-6.278174
70_99,53.387875,-6.278117
70_100,53.388773,-6.27806
70_101,53.389671,-6.278003
70_102,53.390568,-6.277945
70_103,53.391466,-6.277888
70_104,53.392364,-6.277831
70_105,53.393262,-6.277773
70_106,53.39416,-6.277716
70_107,53.395058,-6.277659
70_108,53.395956,-6.277601
70_109,53.396853,-6.277544
70_110,53.397751,-6.277487
70_111,53.398649,-6.277429
70_112,53.399547,-6.277372
70_113,53.400445,-6.277314
70_114,53.401343,-6.277257
70_115,53.402241,-6.2772
70_116,53.403139,-6.277142
70_117,53.404036,-6.277085
70_118,53.404934,-6.277028
70_119,53.405832,-6.27697
70_120,53.40673,-6.276913
70_121,53.407628,-6.276856
70_122,53.408526,-6.276798
70_123,53.409424,-6.276741
70_124,53.410321,-6.276683
70_125,53.411219,-6.276626
70_126,53.412117,-6.276569
71_0,53.298951,-6.282277
71_1,53.299849,-6.28222
71_2,53.300746,-6.282163
71_3,53.301644,-6.282106
71_4,53.302542,-6.282049
71_5,53.30344,-6.281992
71_6,53.304338,-6.281935
71_7,53.305236,-6.281878
71_8,53.306134,-6.281821
71_9,53.307032,-6.281764
71_10,53.30793,-6.281707
71_11,53.308827,-6.28165
71_12,53.309725,-6.281593
71_13,53.310623,-6.281536
71_14,53.311521,-6.281479
71_15,53.312419,-6.281421
71_16,53.313317,-6.281364
71_17,53.314215,-6.281307
71_18,53.315113,-6.28125
71_19,53.31601,-6.281193
71_20,53.316908,-6.281136
71_21,53.317806,-6.281079
71_22,53.318704,-6.281022
71_23,53.319602,-6.280965
71_24,53.3205,-6.280908
71_25,53.321398,-6.28085
71_26,53.322296,-6.280793
71_27,53.323194,-6.280736
71_28,53.324091,-6.280679
71_29,53.324989,-6.280622
71_30,53.325887,-6.280565
71_31,53.326785,-6.280508
71_32,53.327683,-6.280451
71_33,53.328581,-6.280393
71_34,53.329479,-6.280336
71_35,53.330377,-6.280279
71_36,53.331274,-6.280222
71_37,53.332172,-6.280165
71_38,53.33307,-6.280108
71_39,53.333968,-6.28005
71_40,53.334866,-6.279993
71_41,53.335764,-6.279936
71_42,53.336662,-6.279879
71_43,53.33756,-6.279822
71_44,53.338458,-6.279765
71_45,53.339355,-6.279707
71_46,53.340253,-6.27965
71_47,53.341151,-6.279593
71_48,53.342049,-6.279536
71_49,53.342947,-6.279479
71_50,53.343845,-6.279422
71_51,53.344743,-6.279364
71_52,53.345641,-6.279307
71_53,53.346538,-6.27925
71_54,53.347436,-6.279193
71_55,53.348334,-6.279136
71_56,53.349232,-6.279078
71_57,53.35013,-6.279021
71_58,53.351028,-6.278964
71_59,53.351926,-6.278907
71_60,53.352824,-6.278849
71_61,53.353721,-6.278792
71_62,53.354619,-6.278735
71_63,53.355517,-6.278678
71_64,53.356415,-6.278621
71_65,53.357313,-6.278563
71_66,53.358211,-6.278506
71_67,53.359109,-6.278449
71_68,53.360007,-6.278392
71_69,53.360904,-6.278334
71_70,53.361802,-6.278277
71_71,53.3627,-6.27822
71_72,53.363598,-6.278162
71_73,53.364496,-6.278105
71_74,53.365394,-6.278048
71_75,53.366292,-6.277991
71_76,53.36719,-6.277933
71_77,53.368087,-6.277876
71_78,53.368985,-6.277819
71_79,53.369883,-6.277762
71_80,53.370781,-6.277704
71_81,53.371679,-6.277647
71_82,53.372577,-6.27759
71_83,53.373475,-6.277532
71_84,53.374372,-6.277475
71_85,53.37527,-6.277418
71_86,53.376168,-6.277361
71_87,53.377066,-6.277303
71_88,53.377964,-6.277246
71_89,53.378862,-6.277189
71_90,53.37976,-6.277131
71_91,53.380658,-6.277074
71_92,53.381555,-6.277017
71_93,53.382453,-6.276959
71_94,53.383351,-6.276902
71_95,53.384249,-6.276845
71_96,53.385147,-6.276787
71_97,53.386045,-6.27673
71_98,53.386943,-6.276673
71_99,53.387841,-6.276615
71_100,53.388738,-6.276558
71_101,53.389636,-6.276501
71_102,53.390534,-6.276443
71_103,53.391432,-6.276386
71_104,53.39233,-6.276329
71_105,53.393228,-6.276271
71_106,53.394126,-6.276214
71_107,53.395023,-6.276156
71_108,53.395921,-6.276099
71_109,53.396819,-6.276042
71_110,53.397717,-6.275984
71_111,53.398615,-6.275927
71_112,53.399513,-6.27587
71_113,53.400411,-6.275812
71_114,53.401309,-6.275755
71_115,53.402206,-6.275697
71_116,53.403104,-6.27564
71_117,53.404002,-6.275583
71_118,53.4049,-6.275525
71_119,53.405798,-6.275468
71_120,53.406696,-6.27541
71_121,53.407594,-6.275353
71_122,53.408491,-6.275296
71_123,53.409389,-6.275238
71_124,53.410287,-6.275181
71_125,53.411185,-6.275123
71_126,53.412083,-6.275066
72_0,53.298917,-6.280779
72_1,53.299814,-6.280722
72_2,53.300712,-6.280665
72_3,53.30161,-6.280607
72_4,53.302508,-6.28055
72_5,53.303406,-6.280493
72_6,53.304304,-6.280436
72_7,53.305202,-6.280379
72_8,53.3061,-6.280322
72_9,53.306997,-6.280265
72_10,53.307895,-6.280208
72_11,53.308793,-6.280151
72_12,53.309691,-6.280094
72_13,53.310589,-6.280036
72_14,53.311487,-6.279979
72_15,53.312385,-6.279922
72_16,53.313283,-6.279865
72_17,53.314181,-6.279808
72_18,53.315078,-6.279751
72_19,53.315976,-6.279694
72_20,53.316874,-6.279637
72_21,53.317772,-6.279579
72_22,53.31867,-6.279522
72_23,53.319568,-6.279465
72_24,53.320466,-6.279408
72_25,53.321364,-6.279351
72_26,53.322261,-6.279294
72_27,53.323159,-6.279237
72_28,53.324057,-6.279179
72_29,53.324955,-6.279122
72_30,53.325853,-6.279065
72_31,53.326751,-6.279008
72_32,53.327649,-6.278951
72_33,53.328547,-6.278894
72_34,53.329444,-6.278836
72_35,53.330342,-6.278779
72_36,53.33124,-6.278722
72_37,53.332138,-6.278665
72_38,53.333036,-6.278608
72_39,53.333934,-6.27855
72_40,53.334832,-6.278493
72_41,53.33573,-6.278436
72_42,53.336628,-6.278379
72_43,53.337525,-6.278322
72_44,53.338423,-6.278264
72_45,53.339321,-6.278207
72_46,53.340219,-6.27815
72_47,53.341117,-6.278093
72_48,53.342015,-6.278036
72_49,53.342913,-6.277978
72_50,53.343811,-6.277921
72_51,53.344708,-6.277864
72_52,53.345606,-6.277807
72_53,53.346504,-6.277749
72_54,53.347402,-6.277692
72_55,53.3483,-6.277635
72_56,53.349198,-6.277578
72_57,53.350096,-6.277521
72_58,53.350994,-6.277463
72_59,53.351891,-6.277406
72_60,53.352789,-6.277349
72_61,53.353687,-6.277292
72_62,53.354585,-6.277234
72_63,53.355483,-6.277177
72_64,53.356381,-6.27712
72_65,53.357279,-6.277062
72_66,53.358177,-6.277005
72_67,53.359074,-6.276948
72_68,53.359972,-6.276891
72_69,53.36087,-6.276833
72_70,53.361768,-6.276776
72_71,53.362666,-6.276719
72_72,53.363564,-6.276661
72_73,53.364462,-6.276604
72_74,53.365359,-6.276547
72_75,53.366257,-6.27649
72_76,53.367155,-6.276432
72_77,53.368053,-6.276375
72_78,53.368951,-6.276318
72_79,53.369849,-6.27626
72_80,53.370747,-6.276203
72_81,53.371645,-6.276146
72_82,53.372542,-6.276088
72_83,53.37344,-6.276031
72_84,53.374338,-6.275974
72_85,53.375236,-6.275916
72_86,53.376134,-6.275859
72_87,53.377032,-6.275802
72_88,53.37793,-6.275744
72_89,53.378828,-6.275687
72_90,53.379725,-6.27563
72_91,53.380623,-6.275572
72_92,53.381521,-6.275515
72_93,53.382419,-6.275458
72_94,53.383317,-6.2754
72_95,53.384215,-6.275343
72_96,53.385113,-6.275286
72_97,53.38601,-6.275228
72_98,53.386908,-6.275171
72_99,53.387806,-6.275113
72_100,53.388704,-6.275056
72_101,53.389602,-6.274999
72_102,53.3905,-6.274941
72_103,53.391398,-6.274884
72_104,53.392296,-6.274826
72_105,53.393193,-6.274769
72_106,53.394091,-6.274712
72_107,53.394989,-6.274654
72_108,53.395887,-6.274597
72_109,53.396785,-6.274539
72_110,53.397683,-6.274482
72_111,53.398581,-6.274425
72_112,53.399478,-6.274367
72_113,53.400376,-6.27431
72_114,53.401274,-6.274252
72_115,53.402172,-6.274195
72_116,53.40307,-6.274138
72_117,53.403968,-6.27408
72_118,53.404866,-6.274023
72_119,53.405764,-6.273965
72_120,53.406661,-6.273908
72_121,53.407559,-6.27385
72_122,53.408457,-6.273793
72_123,53.409355,-6.273735
72_124,53.410253,-6.273678
72_125,53.411151,-6.273621
72_126,53.412049,-6.273563
73_0,53.298882,-6.27928
73_1,53.29978,-6.279223
73_2,53.300678,-6.279166
73_3,53.301576,-6.279109
73_4,53.302474,-6.279051
73_5,53.303372,-6.278994
73_6,53.30427,-6.278937
73_7,53.305168,-6.27888
73_8,53.306065,-6.278823
73_9,53.306963,-6.278766
73_10,53.307861,-6.278709
73_11,53.308759,-6.278652
73_12,53.309657,-6.278594
73_13,53.310555,-6.278537
73_14,53.311453,-6.27848
73_15,53.312351,-6.278423
73_16,53.313248,-6.278366
73_17,53.314146,-6.278309
73_18,53.315044,-6.278252
73_19,53.315942,-6.278194
73_20,53.31684,-6.278137
73_21,53.317738,-6.27808
73_22,53.318636,-6.278023
73_23,53.319534,-6.277966
73_24,53.320431,-6.277909
73_25,53.321329,-6.277851
73_26,53.322227,-6.277794
73_27,53.323125,-6.277737
73_28,53.324023,-6.27768
73_29,53.324921,-6.277623
73_30,53.325819,-6.277565
73_31,53.326717,-6.277508
73_32,53.327615,-6.277451
73_33,53.328512,-6.277394
73_34,53.32941,-6.277337
73_35,53.330308,-6.277279
73_36,53.331206,-6.277222
73_37,53.332104,-6.277165
73_38,53.333002,-6.277108
73_39,53.3339,-6.27705
73_40,53.334798,-6.276993
73_41,53.335695,-6.276936
73_42,53.336593,-6.276879
73_43,53.337491,-6.276822
73_44,53.338389,-6.276764
73_45,53.339287,-6.276707
73_46,53.340185,-6.27665
73_47,53.341083,-6.276593
73_48,53.341981,-6.276535
73_49,53.342878,-6.276478
73_50,53.343776,-6.276421
73_51,53.344674,-6.276364
73_52,53.345572,-6.276306
73_53,53.34647,-6.276249
73_54,53.347368,-6.276192
73_55,53.348266,-6.276135
73_56,53.349164,-6.276077
73_57,53.350061,-6.27602
73_58,53.350959,-6.275963
73_59,53.351857,-6.275905
73_60,53.352755,-6.275848
73_61,53.353653,-6.275791
73_62,53.354551,-6.275734
73_63,53.355449,-6.275676
73_64,53.356346,-6.275619
73_65,53.357244,-6.275562
73_66,53.358142,-6.275504
73_67,53.35904,-6.275447
73_68,53.359938,-6.27539
73_69,53.360836,-6.275332
73_70,53.361734,-6.275275
73_71,53.362632,-6.275218
73_72,53.363529,-6.27516
73_73,53.364427,-6.275103
73_74,53.365325,-6.275046
73_75,53.366223,-6.274988
73_76,53.367121,-6.274931
73_77,53.368019,-6.274874
73_78,53.368917,-6.274816
73_79,53.369815,-6.274759
73_80,53.370712,-6.274702
73_81,53.37161,-6.274644
73_82,53.372508,-6.274587
73_83,53.373406,-6.27453
73_84,53.374304,-6.274472
73_85,53.375202,-6.274415
73_86,53.3761,-6.274358
73_87,53.376998,-6.2743
73_88,53.377895,-6.274243
73_89,53.378793,-6.274185
73_90,53.379691,-6.274128
73_91,53.380589,-6.274071
73_92,53.381487,-6.274013
73_93,53.382385,-6.273956
73_94,53.383283,-6.273899
73_95,53.38418,-6.273841
73_96,53.385078,-6.273784
73_97,53.385976,-6.273726
73_98,53.386874,-6.273669
73_99,53.387772,-6.273612
73_100,53.38867,-6.273554
73_101,53.389568,-6.273497
73_102,53.390466,-6.273439
73_103,53.391363,-6.273382
73_104,53.392261,-6.273324
73_105,53.393159,-6.273267
73_106,53.394057,-6.27321
73_107,53.394955,-6.273152
73_108,53.395853,-6.273095
73_109,53.396751,-6.273037
73_110,53.397648,-6.27298
73_111,53.398546,-6.272922
73_112,53.399444,-6.272865
73_113,53.400342,-6.272807
73_114,53.40124,-6.27275
73_115,53.402138,-6.272693
73_116,53.403036,-6.272635
73_117,53.403933,-6.272578
73_118,53.404831,-6.27252
73_119,53.405729,-6.272463
73_120,53.406627,-6.272405
73_121,53.407525,-6.272348
73_122,53.408423,-6.27229
73_123,53.409321,-6.272233
73_124,53.410219,-6.272175
73_125,53.411116,-6.272118
73_126,53.412014,-6.27206
74_0,53.298848,-6.277781
74_1,53.299746,-6.277724
74_2,53.300644,-6.277667
74_3,53.301542,-6.27761
74_4,53.30244,-6.277553
74_5,53.303338,-6.277495
74_6,53.304235,-6.277438
74_7,53.305133,-6.277381
74_8,53.306031,-6.277324
74_9,53.306929,-6.277267
74_10,53.307827,-6.27721
74_11,53.308725,-6.277152
74_12,53.309623,-6.277095
74_13,53.310521,-6.277038
74_14,53.311418,-6.276981
74_15,53.312316,-6.276924
74_16,53.313214,-6.276867
74_17,53.314112,-6.276809
74_18,53.31501,-6.276752
74_19,53.315908,-6.276695
74_20,53.316806,-6.276638
74_21,53.317704,-6.276581
74_22,53.318601,-6.276523
74_23,53.319499,-6.276466
74_24,53.320397,-6.276409
74_25,53.321295,-6.276352
74_26,53.322193,-6.276295
74_27,53.323091,-6.276237
74_28,53.323989,-6.27618
74_29,53.324887,-6.276123
74_30,53.325784,-6.276066
74_31,53.326682,-6.276008
74_32,53.32758,-6.275951
74_33,53.328478,-6.275894
74_34,53.329376,-6.275837
74_35,53.330274,-6.275779
74_36,53.331172,-6.275722
74_37,53.33207,-6.275665
74_38,53.332968,-6.275608
74_39,53.333865,-6.27555
74_40,53.334763,-6.275493
74_41,53.335661,-6.275436
74_42,53.336559,-6.275379
74_43,53.337457,-6.275321
74_44,53.338355,-6.275264
74_45,53.339253,-6.275207
74_46,53.340151,-6.27515
74_47,53.341048,-6.275092
74_48,53.341946,-6.275035
74_49,53.342844,-6.274978
74_50,53.343742,-6.274921
74_51,53.34464,-6.274863
74_52,53.345538,-6.274806
74_53,53.346436,-6.274749
74_54,53.347333,-6.274691
74_55,53.348231,-6.274634
74_56,53.349129,-6.274577
74_57,53.350027,-6.274519
74_58,53.350925,-6.274462
74_59,53.351823,-6.274405
74_60,53.352721,-6.274347
74_61,53.353619,-6.27429
74_62,53.354516,-6.274233
74_63,53.355414,-6.274175
74_64,53.356312,-6.274118
74_65,53.35721,-6.274061
74_66,53.358108,-6.274003
74_67,53.359006,-6.273946
74_68,53.359904,-6.273889
74_69,53.360802,-6.273831
74_70,53.361699,-6.273774
74_71,53.362597,-6.273717
74_72,53.363495,-6.273659
74_73,53.364393,-6.273602
74_74,53.365291,-6.273545
74_75,53.366189,-6.273487
74_76,53.367087,-6.27343
74_77,53.367985,-6.273373
74_78,53.368882,-6.273315
74_79,53.36978,-6.273258
74_80,53.370678,-6.2732
74_81,53.371576,-6.273143
74_82,53.372474,-6.273086
74_83,53.373372,-6.273028
74_84,53.37427,-6.272971
74_85,53.375167,-6.272913
74_86,53.376065,-6.272856
74_87,53.376963,-6.272799
74_88,53.377861,-6.272741
74_89,53.378759,-6.272684
74_90,53.379657,-6.272626
74_91,53.380555,-6.272569
74_92,53.381453,-6.272512
74_93,53.38235,-6.272454
74_94,53.383248,-6.272397
74_95,53.384146,-6.272339
74_96,53.385044,-6.272282
74_97,53.385942,-6.272224
74_98,53.38684,-6.272167
74_99,53.387738,-6.27211
74_100,53.388635,-6.272052
74_101,53.389533,-6.271995
74_102,53.390431,-6.271937
74_103,53.391329,-6.27188
74_104,53.392227,-6.271822
74_105,53.393125,-6.271765
74_106,53.394023,-6.271707
74_107,53.39492,-6.27165
74_108,53.395818,-6.271593
74_109,53.396716,-6.271535
74_110,53.397614,-6.271478
74_111,53.398512,-6.27142
74_112,53.39941,-6.271363
74_113,53.400308,-6.271305
74_114,53.401206,-6.271248
74_115,53.402103,-6.27119
74_116,53.403001,-6.271133
74_117,53.403899,-6.271075
74_118,53.404797,-6.271018
74_119,53.405695,-6.27096
74_120,53.406593,-6.270903
74_121,53.407491,-6.270845
74_122,53.408388,-6.270788
74_123,53.409286,-6.27073
74_124,53.410184,-6.270673
74_125,53.411082,-6.270615
74_126,53.41198,-6.270558
75_0,53.298814,-6.276282
75_1,53.299712,-6.276225
75_2,53.30061,-6.276168
75_3,53.301508,-6.276111
75_4,53.302405,-6.276054
75_5,53.303303,-6.275996
75_6,53.304201,-6.275939
75_7,53.305099,-6.275882
75_8,53.305997,-6.275825
75_9,53.306895,-6.275768
75_10,53.307793,-6.275711
75_11,53.308691,-6.275653
75_12,53.309588,-6.275596
75_13,53.310486,-6.275539
75_14,53.311384,-6.275482
75_15,53.312282,-6.275425
75_16,53.31318,-6.275367
75_17,53.314078,-6.27531
75_18,53.314976,-6.275253
75_19,53.315874,-6.275196
75_20,53.316771,-6.275138
75_21,53.317669,-6.275081
75_22,53.318567,-6.275024
75_23,53.319465,-6.274967
75_24,53.320363,-6.274909
75_25,53.321261,-6.274852
75_26,53.322159,-6.274795
75_27,53.323057,-6.274738
75_28,53.323954,-6.27468
75_29,53.324852,-6.274623
75_30,53.32575,-6.274566
75_31,53.326648,-6.274509
75_32,53.327546,-6.274451
75_33,53.328444,-6.274394
75_34,53.329342,-6.274337
75_35,53.33024,-6.27428
75_36,53.331137,-6.274222
75_37,53.332035,-6.274165
75_38,53.332933,-6.274108
75_39,53.333831,-6.274051
75_40,53.334729,-6.273993
75_41,53.335627,-6.273936
75_42,53.336525,-6.273879
75_43,53.337423,-6.273821
75_44,53.33832,-6.273764
75_45,53.339218,-6.273707
75_46,53.340116,-6.273649
75_47,53.341014,-6.273592
75_48,53.341912,-6.273535
75_49,53.34281,-6.273477
75_50,53.343708,-6.27342
75_51,53.344606,-6.273363
75_52,53.345503,-6.273306
75_53,53.346401,-6.273248
75_54,53.347299,-6.273191
75_55,53.348197,-6.273134
75_56,53.349095,-6.273076
75_57,53.349993,-6.273019
75_58,53.350891,-6.272961
75_59,53.351789,-6.272904
75_60,53.352686,-6.272847
75_61,53.353584,-6.272789
75_62,53.354482,-6.272732
75_63,53.35538,-6.272675
75_64,53.356278,-6.272617
75_65,53.357176,-6.27256
75_66,53.358074,-6.272503
75_67,53.358972,-6.272445
75_68,53.359869,-6.272388
75_69,53.360767,-6.272331
75_70,53.361665,-6.272273
75_71,53.362563,-6.272216
75_72,53.363461,-6.272158
75_73,53.364359,-6.272101
75_74,53.365257,-6.272044
75_75,53.366154,-6.271986
75_76,53.367052,-6.271929
75_77,53.36795,-6.271871
75_78,53.368848,-6.271814
75_79,53.369746,-6.271757
75_80,53.370644,-6.271699
75_81,53.371542,-6.271642
75_82,53.37244,-6.271584
75_83,53.373337,-6.271527
75_84,53.374235,-6.271469
75_85,53.375133,-6.271412
75_86,53.376031,-6.271355
75_87,53.376929,-6.271297
75_88,53.377827,-6.27124
75_89,53.378725,-6.271182
75_90,53.379622,-6.271125
75_91,53.38052,-6.271067
75_92,53.381418,-6.27101
75_93,53.382316,-6.270953
75_94,53.383214,-6.270895
75_95,53.384112,-6.270838
75_96,53.38501,-6.27078
75_97,53.385908,-6.270723
75_98,53.386805,-6.270665
75_99,53.387703,-6.270608
75_100,53.388601,-6.27055
75_101,53.389499,-6.270493
75_102,53.390397,-6.270435
75_103,53.391295,-6.270378
75_104,53.392193,-6.27032
75_105,53.39309,-6.270263
75_106,53.393988,-6.270205
75_107,53.394886,-6.270148
75_108,53.395784,-6.27009
75_109,53.396682,-6.270033
75_110,53.39758,-6.269975
75_111,53.398478,-6.269918
75_112,53.399375,-6.26986
75_113,53.400273,-6.269803
75_114,53.401171,-6.269745
75_115,53.402069,-6.269688
75_116,53.402967,-6.26963
75_117,53.403865,-6.269573
75_118,53.404763,-6.269515
75_119,53.40566,-6.269458
75_120,53.406558,-6.2694
75_121,53.407456,-6.269343
75_122,53.408354,-6.269285
75_123,53.409252,-6.269228
75_124,53.41015,-6.26917
75_125,53.411048,-6.269112
75_126,53.411945,-6.269055
76_0,53.29878,-6.274784
76_1,53.299677,-6.274726
76_2,53.300575,-6.274669
76_3,53.301473,-6.274612
76_4,53.302371,-6.274555
76_5,53.303269,-6.274498
76_6,53.304167,-6.27444
76_7,53.305065,-6.274383
76_8,53.305963,-6.274326
76_9,53.306861,-6.274269
76_10,53.307758,-6.274211
76_11,53.308656,-6.274154
76_12,53.309554,-6.274097
76_13,53.310452,-6.27404
76_14,53.31135,-6.273983
76_15,53.312248,-6.273925
76_16,53.313146,-6.273868
76_17,53.314044,-6.273811
76_18,53.314941,-6.273754
76_19,53.315839,-6.273696
76_20,53.316737,-6.273639
76_21,53.317635,-6.273582
76_22,53.318533,-6.273524
76_23,53.319431,-6.273467
76_24,53.320329,-6.27341
76_25,53.321227,-6.273353
76_26,53.322124,-6.273295
76_27,53.323022,-6.273238
76_28,53.32392,-6.273181
76_29,53.324818,-6.273124
76_30,53.325716,-6.273066
76_31,53.326614,-6.273009
76_32,53.327512,-6.272952
76_33,53.32841,-6.272894
76_34,53.329307,-6.272837
76_35,53.330205,-6.27278
76_36,53.331103,-6.272722
76_37,53.332001,-6.272665
76_38,53.332899,-6.272608
76_39,53.333797,-6.272551
76_40,53.334695,-6.272493
76_41,53.335593,-6.272436
76_42,53.33649,-6.272379
76_43,53.337388,-6.272321
76_44,53.338286,-6.272264
76_45,53.339184,-6.272207
76_46,53.340082,-6.272149
76_47,53.34098,-6.272092
76_48,53.341878,-6.272035
76_49,53.342776,-6.271977
76_50,53.343673,-6.27192
76_51,53.344571,-6.271862
76_52,53.345469,-6.271805
76_53,53.346367,-6.271748
76_54,53.347265,-6.27169
76_55,53.348163,-6.271633
76_56,53.349061,-6.271576
76_57,53.349958,-6.271518
76_58,53.350856,-6.271461
76_59,53.351754,-6.271404
76_60,53.352652,-6.271346
76_61,53.35355,-6.271289
76_62,53.354448,-6.271231
76_63,53.355346,-6.271174
76_64,53.356244,-6.271117
76_65,53.357141,-6.271059
76_66,53.358039,-6.271002
76_67,53.358937,-6.270944
76_68,53.359835,-6.270887
76_69,53.360733,-6.27083
76_70,53.361631,-6.270772
76_71,53.362529,-6.270715
76_72,53.363427,-6.270657
76_73,53.364324,-6.2706
76_74,53.365222,-6.270542
76_75,53.36612,-6.270485
76_76,53.367018,-6.270428
76_77,53.367916,-6.27037
76_78,53.368814,-6.270313
76_79,53.369712,-6.270255
76_80,53.370609,-6.270198
76_81,53.371507,-6.27014
76_82,53.372405,-6.270083
76_83,53.373303,-6.270026
76_84,53.374201,-6.269968
76_85,53.375099,-6.269911
76_86,53.375997,-6.269853
76_87,53.376895,-6.269796
76_88,53.377792,-6.269738
76_89,53.37869,-6.269681
76_90,53.379588,-6.269623
76_91,53.380486,-6.269566
76_92,53.381384,-6.269508
76_93,53.382282,-6.269451
76_94,53.38318,-6.269393
76_95,53.384077,-6.269336
76_96,53.384975,-6.269278
76_97,53.385873,-6.269221
76_98,53.386771,-6.269163
76_99,53.387669,-6.269106
76_100,53.388567,-6.269048
76_101,53.389465,-6.268991
76_102,53.390362,-6.268933
76_103,53.39126,-6.268876
76_104,53.392158,-6.268818
76_105,53.393056,-6.268761
76_106,53.393954,-6.268703
76_107,53.394852,-6.268646
76_108,53.39575,-6.268588
76_109,53.396647,-6.268531
76_110,53.397545,-6.268473
76_111,53.398443,-6.268416
76_112,53.399341,-6.268358
76_113,53.400239,-6.268301
76_114,53.401137,-6.268243
76_115,53.402035,-6.268185
76_116,53.402933,-6.268128
76_117,53.40383,-6.26807
76_118,53.404728,-6.268013
76_119,53.405626,-6.267955
76_120,53.406524,-6.267898
76_121,53.407422,-6.26784
76_122,53.40832,-6.267782
76_123,53.409218,-6.267725
76_124,53.410115,-6.267667
76_125,53.411013,-6.26761
76_126,53.411911,-6.267552
77_0,53.298745,-6.273285
77_1,53.299643,-6.273228
77_2,53.300541,-6.27317
77_3,53.301439,-6.273113
77_4,53.302337,-6.273056
77_5,53.303235,-6.272999
77_6,53.304133,-6.272941
77_7,53.30503,-6.272884
77_8,53.305928,-6.272827
77_9,53.306826,-6.27277
77_10,53.307724,-6.272712
77_11,53.308622,-6.272655
77_12,53.30952,-6.272598
77_13,53.310418,-6.272541
77_14,53.311316,-6.272483
77_15,53.312213,-6.272426
77_16,53.313111,-6.272369
77_17,53.314009,-6.272311
77_18,53.314907,-6.272254
77_19,53.315805,-6.272197
77_20,53.316703,-6.27214
77_21,53.317601,-6.272082
77_22,53.318499,-6.272025
77_23,53.319396,-6.271968
77_24,53.320294,-6.27191
77_25,53.321192,-6.271853
77_26,53.32209,-6.271796
77_27,53.322988,-6.271739
77_28,53.323886,-6.271681
77_29,53.324784,-6.271624
77_30,53.325682,-6.271567
77_31,53.326579,-6.271509
77_32,53.327477,-6.271452
77_33,53.328375,-6.271395
77_34,53.329273,-6.271337
77_35,53.330171,-6.27128
77_36,53.331069,-6.271223
77_37,53.331967,-6.271165
77_38,53.332865,-6.271108
77_39,53.333762,-6.271051
77_40,53.33466,-6.270993
77_41,53.335558,-6.270936
77_42,53.336456,-6.270878
77_43,53.337354,-6.270821
77_44,53.338252,-6.270764
77_45,53.33915,-6.270706
77_46,53.340048,-6.270649
77_47,53.340945,-6.270592
77_48,53.341843,-6.270534
77_49,53.342741,-6.270477
77_50,53.343639,-6.270419
77_51,53.344537,-6.270362
77_52,53.345435,-6.270305
77_53,53.346333,-6.270247
77_54,53.347231,-6.27019
77_55,53.348128,-6.270133
77_56,53.349026,-6.270075
77_57,53.349924,-6.270018
77_58,53.350822,-6.26996
77_59,53.35172,-6.269903
77_60,53.352618,-6.269846
77_61,53.353516,-6.269788
77_62,53.354413,-6.269731
77_63,53.355311,-6.269673
77_64,53.356209,-6.269616
77_65,53.357107,-6.269558
77_66,53.358005,-6.269501
77_67,53.358903,-6.269444
77_68,53.359801,-6.269386
77_69,53.360699,-6.269329
77_70,53.361596,-6.269271
77_71,53.362494,-6.269214
77_72,53.363392,-6.269156
77_73,53.36429,-6.269099
77_74,53.365188,-6.269041
77_75,53.366086,-6.268984
77_76,53.366984,-6.268926
77_77,53.367881,-6.268869
77_78,53.368779,-6.268812
77_79,53.369677,-6.268754
77_80,53.370575,-6.268697
77_81,53.371473,-6.268639
77_82,53.372371,-6.268582
77_83,53.373269,-6.268524
77_84,53.374167,-6.268467
77_85,53.375064,-6.268409
77_86,53.375962,-6.268352
77_87,53.37686,-6.268294
77_88,53.377758,-6.268237
77_89,53.378656,-6.268179
77_90,53.379554,-6.268122
77_91,53.380452,-6.268064
77_92,53.381349,-6.268007
77_93,53.382247,-6.267949
77_94,53.383145,-6.267892
77_95,53.384043,-6.267834
77_96,53.384941,-6.267777
77_97,53.385839,-6.267719
77_98,53.386737,-6.267662
77_99,53.387634,-6.267604
77_100,53.388532,-6.267546
77_101,53.38943,-6.267489
77_102,53.390328,-6.267431
77_103,53.391226,-6.267374
77_104,53.392124,-6.267316
77_105,53.393022,-6.267259
77_106,53.39392,-6.267201
77_107,53.394817,-6.267144
77_108,53.395715,-6.267086
77_109,53.396613,-6.267028
77_110,53.397511,-6.266971
77_111,53.398409,-6.266913
77_112,53.399307,-6.266856
77_113,53.400205,-6.266798
77_114,53.401102,-6.266741
77_115,53.402,-6.266683
77_116,53.402898,-6.266625
77_117,53.403796,-6.266568
77_118,53.404694,-6.26651
77_119,53.405592,-6.266453
77_120,53.40649,-6.266395
77_121,53.407387,-6.266337
77_122,53.408285,-6.26628
77_123,53.409183,-6.266222
77_124,53.410081,-6.266165
77_125,53.410979,-6.266107
77_126,53.411877,-6.266049
78_0,53.298711,-6.271786
78_1,53.299609,-6.271729
78_2,53.300507,-6.271672
78_3,53.301405,-6.271614
78_4,53.302303,-6.271557
78_5,53.3032,-6.2715
78_6,53.304098,-6.271442
78_7,53.304996,-6.271385
78_8,53.305894,-6.271328
78_9,53.306792,-6.271271
78_10,53.30769,-6.271213
78_11,53.308588,-6.271156
78_12,53.309486,-6.271099
78_13,53.310383,-6.271041
78_14,53.311281,-6.270984
78_15,53.312179,-6.270927
78_16,53.313077,-6.27087
78_17,53.313975,-6.270812
78_18,53.314873,-6.270755
78_19,53.315771,-6.270698
78_20,53.316669,-6.27064
78_21,53.317566,-6.270583
78_22,53.318464,-6.270526
78_23,53.319362,-6.270468
78_24,53.32026,-6.270411
78_25,53.321158,-6.270354
78_26,53.322056,-6.270296
78_27,53.322954,-6.270239
78_28,53.323852,-6.270182
78_29,53.324749,-6.270124
78_30,53.325647,-6.270067
78_31,53.326545,-6.27001
78_32,53.327443,-6.269952
78_33,53.328341,-6.269895
78_34,53.329239,-6.269837
78_35,53.330137,-6.26978
78_36,53.331035,-6.269723
78_37,53.331932,-6.269665
78_38,53.33283,-6.269608
78_39,53.333728,-6.269551
78_40,53.334626,-6.269493
78_41,53.335524,-6.269436
78_42,53.336422,-6.269378
78_43,53.33732,-6.269321
78_44,53.338217,-6.269264
78_45,53.339115,-6.269206
78_46,53.340013,-6.269149
78_47,53.340911,-6.269091
78_48,53.341809,-6.269034
78_49,53.342707,-6.268977
78_50,53.343605,-6.268919
78_51,53.344503,-6.268862
78_52,53.3454,-6.268804
78_53,53.346298,-6.268747
78_54,53.347196,-6.268689
78_55,53.348094,-6.268632
78_56,53.348992,-6.268575
78_57,53.34989,-6.268517
78_58,53.350788,-6.26846
78_59,53.351686,-6.268402
78_60,53.352583,-6.268345
78_61,53.353481,-6.268287
78_62,53.354379,-6.26823
78_63,53.355277,-6.268173
78_64,53.356175,-6.268115
78_65,53.357073,-6.268058
78_66,53.357971,-6.268
78_67,53.358868,-6.267943
78_68,53.359766,-6.267885
78_69,53.360664,-6.267828
78_70,53.361562,-6.26777
78_71,53.36246,-6.267713
78_72,53.363358,-6.267655
78_73,53.364256,-6.267598
78_74,53.365154,-6.26754
78_75,53.366051,-6.267483
78_76,53.366949,-6.267425
78_77,53.367847,-6.267368
78_78,53.368745,-6.26731
78_79,53.369643,-6.267253
78_80,53.370541,-6.267195
78_81,53.371439,-6.267138
78_82,53.372336,-6.26708
78_83,53.373234,-6.267023
78_84,53.374132,-6.266965
78_85,53.37503,-6.266908
78_86,53.375928,-6.26685
78_87,53.376826,-6.266793
78_88,53.377724,-6.266735
78_89,53.378621,-6.266678
78_90,53.379519,-6.26662
78_91,53.380417,-6.266563
78_92,53.381315,-6.266505
78_93,53.382213,-6.266447
78_94,53.383111,-6.26639
78_95,53.384009,-6.266332
78_96,53.384906,-6.266275
78_97,53.385804,-6.266217
78_98,53.386702,-6.26616
78_99,53.3876,-6.266102
78_100,53.388498,-6.266045
78_101,53.389396,-6.265987
78_102,53.390294,-6.265929
78_103,53.391192,-6.265872
78_104,53.392089,-6.265814
78_105,53.392987,-6.265757
78_106,53.393885,-6.265699
78_107,53.394783,-6.265641
78_108,53.395681,-6.265584
78_109,53.396579,-6.265526
78_110,53.397477,-6.265469
78_111,53.398374,-6.265411
78_112,53.399272,-6.265353
78_113,53.40017,-6.265296
78_114,53.401068,-6.265238
78_115,53.401966,-6.265181
78_116,53.402864,-6.265123
78_117,53.403762,-6.265065
78_118,53.404659,-6.265008
78_119,53.405557,-6.26495
78_120,53.406455,-6.264893
78_121,53.407353,-6.264835
78_122,53.408251,-6.264777
78_123,53.409149,-6.26472
78_124,53.410047,-6.264662
78_125,53.410944,-6.264604
78_126,53.411842,-6.264547
79_0,53.298677,-6.270287
79_1,53.299575,-6.27023
79_2,53.300472,-6.270173
79_3,53.30137,-6.270115
79_4,53.302268,-6.270058
79_5,53.303166,-6.270001
79_6,53.304064,-6.269944
79_7,53.304962,-6.269886
79_8,53.30586,-6.269829
79_9,53.306758,-6.269772
79_10,53.307655,-6.269714
79_11,53.308553,-6.269657
79_12,53.309451,-6.2696
79_13,53.310349,-6.269542
79_14,53.311247,-6.269485
79_15,53.312145,-6.269428
79_16,53.313043,-6.26937
79_17,53.313941,-6.269313
79_18,53.314838,-6.269256
79_19,53.315736,-6.269198
79_20,53.316634,-6.269141
79_21,53.317532,-6.269083
79_22,53.31843,-6.269026
79_23,53.319328,-6.268969
79_24,53.320226,-6.268911
79_25,53.321124,-6.268854
79_26,53.322021,-6.268797
79_27,53.322919,-6.268739
79_28,53.323817,-6.268682
79_29,53.324715,-6.268625
79_30,53.325613,-6.268567
79_31,53.326511,-6.26851
79_32,53.327409,-6.268452
79_33,53.328307,-6.268395
79_34,53.329204,-6.268338
79_35,53.330102,-6.26828
79_36,53.331,-6.268223
79_37,53.331898,-6.268165
79_38,53.332796,-6.268108
79_39,53.333694,-6.268051
79_40,53.334592,-6.267993
79_41,53.33549,-6.267936
79_42,53.336387,-6.267878
79_43,53.337285,-6.267821
79_44,53.338183,-6.267763
79_45,53.339081,-6.267706
79_46,53.339979,-6.267649
79_47,53.340877,-6.267591
79_48,53.341775,-6.267534
79_49,53.342672,-6.267476
79_50,53.34357,-6.267419
79_51,53.344468,-6.267361
79_52,53.345366,-6.267304
79_53,53.346264,-6.267246
79_54,53.347162,-6.267189
79_55,53.34806,-6.267132
79_56,53.348958,-6.267074
79_57,53.349855,-6.267017
79_58,53.350753,-6.266959
79_59,53.351651,-6.266902
79_60,53.352549,-6.266844
79_61,53.353447,-6.266787
79_62,53.354345,-6.266729
79_63,53.355243,-6.266672
79_64,53.35614,-6.266614
79_65,53.357038,-6.266557
79_66,53.357936,-6.266499
79_67,53.358834,-6.266442
79_68,53.359732,-6.266384
79_69,53.36063,-6.266327
79_70,53.361528,-6.266269
79_71,53.362426,-6.266212
79_72,53.363323,-6.266154
79_73,53.364221,-6.266097
79_74,53.365119,-6.266039
79_75,53.366017,-6.265982
79_76,53.366915,-6.265924
79_77,53.367813,-6.265867
79_78,53.368711,-6.265809
79_79,53.369608,-6.265752
79_80,53.370506,-6.265694
79_81,53.371404,-6.265637
79_82,53.372302,-6.265579
79_83,53.3732,-6.265521
79_84,53.374098,-6.265464
79_85,53.374996,-6.265406
79_86,53.375893,-6.265349
79_87,53.376791,-6.265291
79_88,53.377689,-6.265234
79_89,53.378587,-6.265176
79_90,53.379485,-6.265119
79_91,53.380383,-6.265061
79_92,53.381281,-6.265003
79_93,53.382178,-6.264946
79_94,53.383076,-6.264888
79_95,53.383974,-6.264831
79_96,53.384872,-6.264773
79_97,53.38577,-6.264715
79_98,53.386668,-6.264658
79_99,53.387566,-6.2646
79_100,53.388464,-6.264543
79_101,53.389361,-6.264485
79_102,53.390259,-6.264427
79_103,53.391157,-6.26437
79_104,53.392055,-6.264312
79_105,53.392953,-6.264255
79_106,53.393851,-6.264197
79_107,53.394749,-6.264139
79_108,53.395646,-6.264082
79_109,53.396544,-6.264024
79_110,53.397442,-6.263966
79_111,53.39834,-6.263909
79_112,53.399238,-6.263851
79_113,53.400136,-6.263794
79_114,53.401034,-6.263736
79_115,53.401931,-6.263678
79_116,53.402829,-6.263621
79_117,53.403727,-6.263563
79_118,53.404625,-6.263505
79_119,53.405523,-6.263448
79_120,53.406421,-6.26339
79_121,53.407319,-6.263332
79_122,53.408216,-6.263275
79_123,53.409114,-6.263217
79_124,53.410012,-6.263159
79_125,53.41091,-6.263102
79_126,53.411808,-6.263044
80_0,53.298642,-6.268789
80_1,53.29954,-6.268731
80_2,53.300438,-6.268674
80_3,53.301336,-6.268617
80_4,53.302234,-6.268559
80_5,53.303132,-6.268502
80_6,53.30403,-6.268445
80_7,53.304928,-6.268387
80_8,53.305825,-6.26833
80_9,53.306723,-6.268273
80_10,53.307621,-6.268215
80_11,53.308519,-6.268158
80_12,53.309417,-6.2681
80_13,53.310315,-6.268043
80_14,53.311213,-6.267986
80_15,53.312111,-6.267928
80_16,53.313008,-6.267871
80_17,53.313906,-6.267814
80_18,53.314804,-6.267756
80_19,53.315702,-6.267699
80_20,53.3166,-6.267641
80_21,53.317498,-6.267584
80_22,53.318396,-6.267527
80_23,53.319293,-6.267469
80_24,53.320191,-6.267412
80_25,53.321089,-6.267355
80_26,53.321987,-6.267297
80_27,53.322885,-6.26724
80_28,53.323783,-6.267182
80_29,53.324681,-6.267125
80_30,53.325579,-6.267067
80_31,53.326476,-6.26701
80_32,53.327374,-6.266953
80_33,53.328272,-6.266895
80_34,53.32917,-6.266838
80_35,53.330068,-6.26678
80_36,53.330966,-6.266723
80_37,53.331864,-6.266665
80_38,53.332762,-6.266608
80_39,53.333659,-6.266551
80_40,53.334557,-6.266493
80_41,53.335455,-6.266436
80_42,53.336353,-6.266378
80_43,53.337251,-6.266321
80_44,53.338149,-6.266263
80_45,53.339047,-6.266206
80_46,53.339944,-6.266148
80_47,53.340842,-6.266091
80_48,53.34174,-6.266033
80_49,53.342638,-6.265976
80_50,53.343536,-6.265919
80_51,53.344434,-6.265861
80_52,53.345332,-6.265804
80_53,53.34623,-6.265746
80_54,53.347127,-6.265689
80_55,53.348025,-6.265631
80_56,53.348923,-6.265574
80_57,53.349821,-6.265516
80_58,53.350719,-6.265459
80_59,53.351617,-6.265401
80_60,53.352515,-6.265344
80_61,53.353412,-6.265286
80_62,53.35431,-6.265229
80_63,53.355208,-6.265171
80_64,53.356106,-6.265114
80_65,53.357004,-6.265056
80_66,53.357902,-6.264998
80_67,53.3588,-6.264941
80_68,53.359698,-6.264883
80_69,53.360595,-6.264826
80_70,53.361493,-6.264768
80_71,53.362391,-6.264711
80_72,53.363289,-6.264653
80_73,53.364187,-6.264596
80_74,53.365085,-6.264538
80_75,53.365983,-6.264481
80_76,53.36688,-6.264423
80_77,53.367778,-6.264365
80_78,53.368676,-6.264308
80_79,53.369574,-6.26425
80_80,53.370472,-6.264193
80_81,53.37137,-6.264135
80_82,53.372268,-6.264078
80_83,53.373165,-6.26402
80_84,53.374063,-6.263962
80_85,53.374961,-6.263905
80_86,53.375859,-6.263847
80_87,53.376757,-6.26379
80_88,53.377655,-6.263732
80_89,53.378553,-6.263675
80_90,53.37945,-6.263617
80_91,53.380348,-6.263559
80_92,53.381246,-6.263502
80_93,53.382144,-6.263444
80_94,53.383042,-6.263386
80_95,53.38394,-6.263329
80_96,53.384838,-6.263271
80_97,53.385735,-6.263214
80_98,53.386633,-6.263156
80_99,53.387531,-6.263098
80_100,53.388429,-6.263041
80_101,53.389327,-6.262983
80_102,53.390225,-6.262925
80_103,53.391123,-6.262868
80_104,53.39202,-6.26281
80_105,53.392918,-6.262753
80_106,53.393816,-6.262695
80_107,53.394714,-6.262637
80_108,53.395612,-6.26258
80_109,53.39651,-6.262522
80_110,53.397408,-6.262464
80_111,53.398305,-6.262407
80_112,53.399203,-6.262349
80_113,53.400101,-6.262291
80_114,53.400999,-6.262234
80_115,53.401897,-6.262176
80_116,53.402795,-6.262118
80_117,53.403693,-6.262061
80_118,53.40459,-6.262003
80_119,53.405488,-6.261945
80_120,53.406386,-6.261887
80_121,53.407284,-6.26183
80_122,53.408182,-6.261772
80_123,53.40908,-6.261714
80_124,53.409978,-6.261657
80_125,53.410875,-6.261599
80_126,53.411773,-6.261541
81_0,53.298608,-6.26729
81_1,53.299506,-6.267232
81_2,53.300404,-6.267175
81_3,53.301302,-6.267118
81_4,53.3022,-6.26706
81_5,53.303097,-6.267003
81_6,53.303995,-6.266946
81_7,53.304893,-6.266888
81_8,53.305791,-6.266831
81_9,53.306689,-6.266773
81_10,53.307587,-6.266716
81_11,53.308485,-6.266659
81_12,53.309383,-6.266601
81_13,53.31028,-6.266544
81_14,53.311178,-6.266487
81_15,53.312076,-6.266429
81_16,53.312974,-6.266372
81_17,53.313872,-6.266314
81_18,53.31477,-6.266257
81_19,53.315668,-6.2662
81_20,53.316565,-6.266142
81_21,53.317463,-6.266085
81_22,53.318361,-6.266027
81_23,53.319259,-6.26597
81_24,53.320157,-6.265912
81_25,53.321055,-6.265855
81_26,53.321953,-6.265798
81_27,53.322851,-6.26574
81_28,53.323748,-6.265683
81_29,53.324646,-6.265625
81_30,53.325544,-6.265568
81_31,53.326442,-6.26551
81_32,53.32734,-6.265453
81_33,53.328238,-6.265395
81_34,53.329136,-6.265338
81_35,53.330034,-6.26528
81_36,53.330931,-6.265223
81_37,53.331829,-6.265166
81_38,53.332727,-6.265108
81_39,53.333625,-6.265051
81_40,53.334523,-6.264993
81_41,53.335421,-6.264936
81_42,53.336319,-6.264878
81_43,53.337216,-6.264821
81_44,53.338114,-6.264763
81_45,53.339012,-6.264706
81_46,53.33991,-6.264648
81_47,53.340808,-6.264591
81_48,53.341706,-6.264533
81_49,53.342604,-6.264476
81_50,53.343502,-6.264418
81_51,53.344399,-6.264361
81_52,53.345297,-6.264303
81_53,53.346195,-6.264246
81_54,53.347093,-6.264188
81_55,53.347991,-6.264131
81_56,53.348889,-6.264073
81_57,53.349787,-6.264016
81_58,53.350684,-6.263958
81_59,53.351582,-6.2639
81_60,53.35248,-6.263843
81_61,53.353378,-6.263785
81_62,53.354276,-6.263728
81_63,53.355174,-6.26367
81_64,53.356072,-6.263613
81_65,53.35697,-6.263555
81_66,53.357867,-6.263498
81_67,53.358765,-6.26344
81_68,53.359663,-6.263383
81_69,53.360561,-6.263325
81_70,53.361459,-6.263267
81_71,53.362357,-6.26321
81_72,53.363255,-6.263152
81_73,53.364152,-6.263095
81_74,53.36505,-6.263037
81_75,53.365948,-6.262979
81_76,53.366846,-6.262922
81_77,53.367744,-6.262864
81_78,53.368642,-6.262807
81_79,53.36954,-6.262749
81_80,53.370437,-6.262692
81_81,53.371335,-6.262634
81_82,53.372233,-6.262576
81_83,53.373131,-6.262519
81_84,53.374029,-6.262461
81_85,53.374927,-6.262403
81_86,53.375825,-6.262346
81_87,53.376722,-6.262288
81_88,53.37762,-6.262231
81_89,53.378518,-6.262173
81_90,53.379416,-6.262115
81_91,53.380314,-6.262058
81_92,53.381212,-6.262
81_93,53.38211,-6.261942
81_94,53.383007,-6.261885
81_95,53.383905,-6.261827
81_96,53.384803,-6.261769
81_97,53.385701,-6.261712
81_98,53.386599,-6.261654
81_99,53.387497,-6.261597
81_100,53.388395,-6.261539
81_101,53.389292,-6.261481
81_102,53.39019,-6.261424
81_103,53.391088,-6.261366
81_104,53.391986,-6.261308
81_105,53.392884,-6.261251
81_106,53.393782,-6.261193
81_107,53.39468,-6.261135
81_108,53.395577,-6.261077
81_109,53.396475,-6.26102
81_110,53.397373,-6.260962
81_111,53.398271,-6.260904
81_112,53.399169,-6.260847
81_113,53.400067,-6.260789
81_114,53.400965,-6.260731
81_115,53.401862,-6.260674
81_116,53.40276,-6.260616
81_117,53.403658,-6.260558
81_118,53.404556,-6.2605
81_119,53.405454,-6.260443
81_120,53.406352,-6.260385
81_121,53.40725,-6.260327
81_122,53.408147,-6.26027
81_123,53.409045,-6.260212
81_124,53.409943,-6.260154
81_125,53.410841,-6.260096
81_126,53.411739,-6.260039
82_0,53.298574,-6.265791
82_1,53.299472,-6.265734
82_2,53.300369,-6.265676
82_3,53.301267,-6.265619
82_4,53.302165,-6.265562
82_5,53.303063,-6.265504
82_6,53.303961,-6.265447
82_7,53.304859,-6.265389
82_8,53.305757,-6.265332
82_9,53.306655,-6.265274
82_10,53.307552,-6.265217
82_11,53.30845,-6.26516
82_12,53.309348,-6.265102
82_13,53.310246,-6.265045
82_14,53.311144,-6.264987
82_15,53.312042,-6.26493
82_16,53.31294,-6.264872
82_17,53.313837,-6.264815
82_18,53.314735,-6.264758
82_19,53.315633,-6.2647
82_20,53.316531,-6.264643
82_21,53.317429,-6.264585
82_22,53.318327,-6.264528
82_23,53.319225,-6.26447
82_24,53.320123,-6.264413
82_25,53.32102,-6.264355
82_26,53.321918,-6.264298
82_27,53.322816,-6.264241
82_28,53.323714,-6.264183
82_29,53.324612,-6.264126
82_30,53.32551,-6.264068
82_31,53.326408,-6.264011
82_32,53.327306,-6.263953
82_33,53.328203,-6.263896
82_34,53.329101,-6.263838
82_35,53.329999,-6.263781
82_36,53.330897,-6.263723
82_37,53.331795,-6.263666
82_38,53.332693,-6.263608
82_39,53.333591,-6.263551
82_40,53.334488,-6.263493
82_41,53.335386,-6.263436
82_42,53.336284,-6.263378
82_43,53.337182,-6.263321
82_44,53.33808,-6.263263
82_45,53.338978,-6.263206
82_46,53.339876,-6.263148
82_47,53.340774,-6.26309
82_48,53.341671,-6.263033
82_49,53.342569,-6.262975
82_50,53.343467,-6.262918
82_51,53.344365,-6.26286
82_52,53.345263,-6.262803
82_53,53.346161,-6.262745
82_54,53.347059,-6.262688
82_55,53.347956,-6.26263
82_56,53.348854,-6.262573
82_57,53.349752,-6.262515
82_58,53.35065,-6.262457
82_59,53.351548,-6.2624
82_60,53.352446,-6.262342
82_61,53.353344,-6.262285
82_62,53.354241,-6.262227
82_63,53.355139,-6.26217
82_64,53.356037,-6.262112
82_65,53.356935,-6.262054
82_66,53.357833,-6.261997
82_67,53.358731,-6.261939
82_68,53.359629,-6.261882
82_69,53.360527,-6.261824
82_70,53.361424,-6.261766
82_71,53.362322,-6.261709
82_72,53.36322,-6.261651
82_73,53.364118,-6.261594
82_74,53.365016,-6.261536
82_75,53.365914,-6.261478
82_76,53.366812,-6.261421
82_77,53.367709,-6.261363
82_78,53.368607,-6.261306
82_79,53.369505,-6.261248
82_80,53.370403,-6.26119
82_81,53.371301,-6.261133
82_82,53.372199,-6.261075
82_83,53.373097,-6.261017
82_84,53.373994,-6.26096
82_85,53.374892,-6.260902
82_86,53.37579,-6.260844
82_87,53.376688,-6.260787
82_88,53.377586,-6.260729
82_89,53.378484,-6.260671
82_90,53.379382,-6.260614
82_91,53.380279,-6.260556
82_92,53.381177,-6.260498
82_93,53.382075,-6.260441
82_94,53.382973,-6.260383
82_95,53.383871,-6.260325
82_96,53.384769,-6.260268
82_97,53.385667,-6.26021
82_98,53.386564,-6.260152
82_99,53.387462,-6.260095
82_100,53.38836,-6.260037
82_101,53.389258,-6.259979
82_102,53.390156,-6.259922
82_103,53.391054,-6.259864
82_104,53.391952,-6.259806
82_105,53.392849,-6.259748
82_106,53.393747,-6.259691
82_107,53.394645,-6.259633
82_108,53.395543,-6.259575
82_109,53.396441,-6.259518
82_110,53.397339,-6.25946
82_111,53.398237,-6.259402
82_112,53.399134,-6.259344
82_113,53.400032,-6.259287
82_114,53.40093,-6.259229
82_115,53.401828,-6.259171
82_116,53.402726,-6.259113
82_117,53.403624,-6.259056
82_118,53.404521,-6.258998
82_119,53.405419,-6.25894
82_120,53.406317,-6.258882
82_121,53.407215,-6.258825
82_122,53.408113,-6.258767
82_123,53.409011,-6.258709
82_124,53.409909,-6.258651
82_125,53.410806,-6.258594
82_126,53.411704,-6.258536
83_0,53.298539,-6.264292
83_1,53.299437,-6.264235
83_2,53.300335,-6.264177
83_3,53.301233,-6.26412
83_4,53.302131,-6.264063
83_5,53.303029,-6.264005
83_6,53.303927,-6.263948
83_7,53.304824,-6.26389
83_8,53.305722,-6.263833
83_9,53.30662,-6.263775
83_10,53.307518,-6.263718
83_11,53.308416,-6.263661
83_12,53.309314,-6.263603
83_13,53.310212,-6.263546
83_14,53.311109,-6.263488
83_15,53.312007,-6.263431
83_16,53.312905,-6.263373
83_17,53.313803,-6.263316
83_18,53.314701,-6.263258
83_19,53.315599,-6.263201
83_20,53.316497,-6.263143
83_21,53.317395,-6.263086
83_22,53.318292,-6.263028
83_23,53.31919,-6.262971
83_24,53.320088,-6.262913
83_25,53.320986,-6.262856
83_26,53.321884,-6.262798
83_27,53.322782,-6.262741
83_28,53.32368,-6.262683
83_29,53.324578,-6.262626
83_30,53.325475,-6.262568
83_31,53.326373,-6.262511
83_32,53.327271,-6.262453
83_33,53.328169,-6.262396
83_34,53.329067,-6.262338
83_35,53.329965,-6.262281
83_36,53.330863,-6.262223
83_37,53.33176,-6.262166
83_38,53.332658,-6.262108
83_39,53.333556,-6.262051
83_40,53.334454,-6.261993
83_41,53.335352,-6.261936
83_42,53.33625,-6.261878
83_43,53.337148,-6.261821
83_44,53.338045,-6.261763
83_45,53.338943,-6.261705
83_46,53.339841,-6.261648
83_47,53.340739,-6.26159
83_48,53.341637,-6.261533
83_49,53.342535,-6.261475
83_50,53.343433,-6.261418
83_51,53.344331,-6.26136
83_52,53.345228,-6.261302
83_53,53.346126,-6.261245
83_54,53.347024,-6.261187
83_55,53.347922,-6.26113
83_56,53.34882,-6.261072
83_57,53.349718,-6.261014
83_58,53.350616,-6.260957
83_59,53.351513,-6.260899
83_60,53.352411,-6.260842
83_61,53.353309,-6.260784
83_62,53.354207,-6.260726
83_63,53.355105,-6.260669
83_64,53.356003,-6.260611
83_65,53.356901,-6.260554
83_66,53.357798,-6.260496
83_67,53.358696,-6.260438
83_68,53.359594,-6.260381
83_69,53.360492,-6.260323
83_70,53.36139,-6.260266
83_71,53.362288,-6.260208
83_72,53.363186,-6.26015
83_73,53.364083,-6.260093
83_74,53.364981,-6.260035
83_75,53.365879,-6.259977
83_76,53.366777,-6.25992
83_77,53.367675,-6.259862
83_78,53.368573,-6.259804
83_79,53.369471,-6.259747
83_80,53.370368,-6.259689
83_81,53.371266,-6.259631
83_82,53.372164,-6.259574
83_83,53.373062,-6.259516
83_84,53.37396,-6.259458
83_85,53.374858,-6.259401
83_86,53.375756,-6.259343
83_87,53.376653,-6.259285
83_88,53.377551,-6.259228
83_89,53.378449,-6.25917
83_90,53.379347,-6.259112
83_91,53.380245,-6.259055
83_92,53.381143,-6.258997
83_93,53.382041,-6.258939
83_94,53.382938,-6.258881
83_95,53.383836,-6.258824
83_96,53.384734,-6.258766
83_97,53.385632,-6.258708
83_98,53.38653,-6.258651
83_99,53.387428,-6.258593
83_100,53.388326,-6.258535
83_101,53.389223,-6.258477
83_102,53.390121,-6.25842
83_103,53.391019,-6.258362
83_104,53.391917,-6.258304
83_105,53.392815,-6.258246
83_106,53.393713,-6.258189
83_107,53.394611,-6.258131
83_108,53.395508,-6.258073
83_109,53.396406,-6.258015
83_110,53.397304,-6.257958
83_111,53.398202,-6.2579
83_112,53.3991,-6.257842
83_113,53.399998,-6.257784
83_114,53.400896,-6.257727
83_115,53.401793,-6.257669
83_116,53.402691,-6.257611
83_117,53.403589,-6.257553
83_118,53.404487,-6.257495
83_119,53.405385,-6.257438
83_120,53.406283,-6.25738
83_121,53.407181,-6.257322
83_122,53.408078,-6.257264
83_123,53.408976,-6.257207
83_124,53.409874,-6.257149
83_125,53.410772,-6.257091
83_126,53.41167,-6.257033
84_0,53.298505,-6.262794
84_1,53.299403,-6.262736
84_2,53.300301,-6.262679
84_3,53.301198,-6.262621
84_4,53.302096,-6.262564
84_5,53.302994,-6.262506
84_6,53.303892,-6.262449
84_7,53.30479,-6.262391
84_8,53.305688,-6.262334
84_9,53.306586,-6.262276
84_10,53.307484,-6.262219
84_11,53.308381,-6.262161
84_12,53.309279,-6.262104
84_13,53.310177,-6.262046
84_14,53.311075,-6.261989
84_15,53.311973,-6.261932
84_16,53.312871,-6.261874
84_17,53.313769,-6.261817
84_18,53.314667,-6.261759
84_19,53.315564,-6.261701
84_20,53.316462,-6.261644
84_21,53.31736,-6.261586
84_22,53.318258,-6.261529
84_23,53.319156,-6.261471
84_24,53.320054,-6.261414
84_25,53.320952,-6.261356
84_26,53.321849,-6.261299
84_27,53.322747,-6.261241
84_28,53.323645,-6.261184
84_29,53.324543,-6.261126
84_30,53.325441,-6.261069
84_31,53.326339,-6.261011
84_32,53.327237,-6.260954
84_33,53.328135,-6.260896
84_34,53.329032,-6.260839
84_35,53.32993,-6.260781
84_36,53.330828,-6.260723
84_37,53.331726,-6.260666
84_38,53.332624,-6.260608
84_39,53.333522,-6.260551
84_40,53.33442,-6.260493
84_41,53.335317,-6.260436
84_42,53.336215,-6.260378
84_43,53.337113,-6.26032
84_44,53.338011,-6.260263
84_45,53.338909,-6.260205
84_46,53.339807,-6.260148
84_47,53.340705,-6.26009
84_48,53.341602,-6.260032
84_49,53.3425,-6.259975
84_50,53.343398,-6.259917
84_51,53.344296,-6.25986
84_52,53.345194,-6.259802
84_53,53.346092,-6.259744
84_54,53.34699,-6.259687
84_55,53.347888,-6.259629
84_56,53.348785,-6.259572
84_57,53.349683,-6.259514
84_58,53.350581,-6.259456
84_59,53.351479,-6.259399
84_60,53.352377,-6.259341
84_61,53.353275,-6.259283
84_62,53.354173,-6.259226
84_63,53.35507,-6.259168
84_64,53.355968,-6.259111
84_65,53.356866,-6.259053
84_66,53.357764,-6.258995
84_67,53.358662,-6.258938
84_68,53.35956,-6.25888
84_69,53.360458,-6.258822
84_70,53.361355,-6.258765
84_71,53.362253,-6.258707
84_72,53.363151,-6.258649
84_73,53.364049,-6.258592
84_74,53.364947,-6.258534
84_75,53.365845,-6.258476
84_76,53.366743,-6.258419
84_77,53.36764,-6.258361
84_78,53.368538,-6.258303
84_79,53.369436,-6.258245
84_80,53.370334,-6.258188
84_81,53.371232,-6.25813
84_82,53.37213,-6.258072
84_83,53.373028,-6.258015
84_84,53.373925,-6.257957
84_85,53.374823,-6.257899
84_86,53.375721,-6.257842
84_87,53.376619,-6.257784
84_88,53.377517,-6.257726
84_89,53.378415,-6.257668
84_90,53.379313,-6.257611
84_91,53.38021,-6.257553
84_92,53.381108,-6.257495
84_93,53.382006,-6.257437
84_94,53.382904,-6.25738
84_95,53.383802,-6.257322
84_96,53.3847,-6.257264
84_97,53.385598,-6.257206
84_98,53.386495,-6.257149
84_99,53.387393,-6.257091
84_100,53.388291,-6.257033
84_101,53.389189,-6.256975
84_102,53.390087,-6.256918
84_103,53.390985,-6.25686
84_104,53.391883,-6.256802
84_105,53.39278,-6.256744
84_106,53.393678,-6.256687
84_107,53.394576,-6.256629
84_108,53.395474,-6.256571
84_109,53.396372,-6.256513
84_110,53.39727,-6.256455
84_111,53.398167,-6.256398
84_112,53.399065,-6.25634
84_113,53.399963,-6.256282
84_114,53.400861,-6.256224
84_115,53.401759,-6.256166
84_116,53.402657,-6.256109
84_117,53.403555,-6.256051
84_118,53.404452,-6.255993
84_119,53.40535,-6.255935
84_120,53.406248,-6.255877
84_121,53.407146,-6.25582
84_122,53.408044,-6.255762
84_123,53.408942,-6.255704
84_124,53.40984,-6.255646
84_125,53.410737,-6.255588
84_126,53.411635,-6.25553
85_0,53.29847,-6.261295
85_1,53.299368,-6.261237
85_2,53.300266,-6.26118
85_3,53.301164,-6.261122
85_4,53.302062,-6.261065
85_5,53.30296,-6.261007
85_6,53.303858,-6.26095
85_7,53.304756,-6.260892
85_8,53.305653,-6.260835
85_9,53.306551,-6.260777
85_10,53.307449,-6.26072
85_11,53.308347,-6.260662
85_12,53.309245,-6.260605
85_13,53.310143,-6.260547
85_14,53.311041,-6.26049
85_15,53.311938,-6.260432
85_16,53.312836,-6.260375
85_17,53.313734,-6.260317
85_18,53.314632,-6.26026
85_19,53.31553,-6.260202
85_20,53.316428,-6.260145
85_21,53.317326,-6.260087
85_22,53.318224,-6.26003
85_23,53.319121,-6.259972
85_24,53.320019,-6.259914
85_25,53.320917,-6.259857
85_26,53.321815,-6.259799
85_27,53.322713,-6.259742
85_28,53.323611,-6.259684
85_29,53.324509,-6.259627
85_30,53.325406,-6.259569
85_31,53.326304,-6.259511
85_32,53.327202,-6.259454
85_33,53.3281,-6.259396
85_34,53.328998,-6.259339
85_35,53.329896,-6.259281
85_36,53.330794,-6.259224
85_37,53.331692,-6.259166
85_38,53.332589,-6.259108
85_39,53.333487,-6.259051
85_40,53.334385,-6.258993
85_41,53.335283,-6.258936
85_42,53.336181,-6.258878
85_43,53.337079,-6.25882
85_44,53.337977,-6.258763
85_45,53.338874,-6.258705
85_46,53.339772,-6.258647
85_47,53.34067,-6.25859
85_48,53.341568,-6.258532
85_49,53.342466,-6.258475
85_50,53.343364,-6.258417
85_51,53.344262,-6.258359
85_52,53.345159,-6.258302
85_53,53.346057,-6.258244
85_54,53.346955,-6.258186
85_55,53.347853,-6.258129
85_56,53.348751,-6.258071
85_57,53.349649,-6.258013
85_58,53.350547,-6.257956
85_59,53.351444,-6.257898
85_60,53.352342,-6.25784
85_61,53.35324,-6.257783
85_62,53.354138,-6.257725
85_63,53.355036,-6.257667
85_64,53.355934,-6.25761
85_65,53.356832,-6.257552
85_66,53.357729,-6.257494
85_67,53.358627,-6.257437
85_68,53.359525,-6.257379
85_69,53.360423,-6.257321
85_70,53.361321,-6.257264
85_71,53.362219,-6.257206
85_72,53.363117,-6.257148
85_73,53.364014,-6.257091
85_74,53.364912,-6.257033
85_75,53.36581,-6.256975
85_76,53.366708,-6.256917
85_77,53.367606,-6.25686
85_78,53.368504,-6.256802
85_79,53.369402,-6.256744
85_80,53.370299,-6.256687
85_81,53.371197,-6.256629
85_82,53.372095,-6.256571
85_83,53.372993,-6.256513
85_84,53.373891,-6.256456
85_85,53.374789,-6.256398
85_86,53.375687,-6.25634
85_87,53.376584,-6.256282
85_88,53.377482,-6.256225
85_89,53.37838,-6.256167
85_90,53.379278,-6.256109
85_91,53.380176,-6.256051
85_92,53.381074,-6.255994
85_93,53.381972,-6.255936
85_94,53.382869,-6.255878
85_95,53.383767,-6.25582
85_96,53.384665,-6.255762
85_97,53.385563,-6.255705
85_98,53.386461,-6.255647
85_99,53.387359,-6.255589
85_100,53.388257,-6.255531
85_101,53.389154,-6.255474
85_102,53.390052,-6.255416
85_103,53.39095,-6.255358
85_104,53.391848,-6.2553
85_105,53.392746,-6.255242
85_106,53.393644,-6.255185
85_107,53.394542,-6.255127
85_108,53.395439,-6.255069
85_109,53.396337,-6.255011
85_110,53.397235,-6.254953
85_111,53.398133,-6.254895
85_112,53.399031,-6.254838
85_113,53.399929,-6.25478
85_114,53.400826,-6.254722
85_115,53.401724,-6.254664
85_116,53.402622,-6.254606
85_117,53.40352,-6.254548
85_118,53.404418,-6.254491
85_119,53.405316,-6.254433
85_120,53.406214,-6.254375
85_121,53.407111,-6.254317
85_122,53.408009,-6.254259
85_123,53.408907,-6.254201
85_124,53.409805,-6.254143
85_125,53.410703,-6.254086
85_126,53.411601,-6.254028
86_0,53.298436,-6.259796
86_1,53.299334,-6.259739
86_2,53.300232,-6.259681
86_3,53.30113,-6.259624
86_4,53.302027,-6.259566
86_5,53.302925,-6.259509
86_6,53.303823,-6.259451
86_7,53.304721,-6.259393
86_8,53.305619,-6.259336
86_9,53.306517,-6.259278
86_10,53.307415,-6.259221
86_11,53.308313,-6.259163
86_12,53.30921,-6.259106
86_13,53.310108,-6.259048
86_14,53.311006,-6.258991
86_15,53.311904,-6.258933
86_16,53.312802,-6.258876
86_17,53.3137,-6.258818
86_18,53.314598,-6.25876
86_19,53.315495,-6.258703
86_20,53.316393,-6.258645
86_21,53.317291,-6.258588
86_22,53.318189,-6.25853
86_23,53.319087,-6.258473
86_24,53.319985,-6.258415
86_25,53.320883,-6.258357
86_26,53.321781,-6.2583
86_27,53.322678,-6.258242
86_28,53.323576,-6.258185
86_29,53.324474,-6.258127
86_30,53.325372,-6.258069
86_31,53.32627,-6.258012
86_32,53.327168,-6.257954
86_33,53.328066,-6.257897
86_34,53.328963,-6.257839
86_35,53.329861,-6.257781
86_36,53.330759,-6.257724
86_37,53.331657,-6.257666
86_38,53.332555,-6.257608
86_39,53.333453,-6.257551
86_40,53.334351,-6.257493
86_41,53.335248,-6.257436
86_42,53.336146,-6.257378
86_43,53.337044,-6.25732
86_44,53.337942,-6.257263
86_45,53.33884,-6.257205
86_46,53.339738,-6.257147
86_47,53.340636,-6.25709
86_48,53.341534,-6.257032
86_49,53.342431,-6.256974
86_50,53.343329,-6.256917
86_51,53.344227,-6.256859
86_52,53.345125,-6.256801
86_53,53.346023,-6.256744
86_54,53.346921,-6.256686
86_55,53.347819,-6.256628
86_56,53.348716,-6.256571
86_57,53.349614,-6.256513
86_58,53.350512,-6.256455
86_59,53.35141,-6.256398
86_60,53.352308,-6.25634
86_61,53.353206,-6.256282
86_62,53.354104,-6.256224
86_63,53.355001,-6.256167
86_64,53.355899,-6.256109
86_65,53.356797,-6.256051
86_66,53.357695,-6.255994
86_67,53.358593,-6.255936
86_68,53.359491,-6.255878
86_69,53.360389,-6.25582
86_70,53.361286,-6.255763
86_71,53.362184,-6.255705
86_72,53.363082,-6.255647
86_73,53.36398,-6.255589
86_74,53.364878,-6.255532
86_75,53.365776,-6.255474
86_76,53.366674,-6.255416
86_77,53.367571,-6.255359
86_78,53.368469,-6.255301
86_79,53.369367,-6.255243
86_80,53.370265,-6.255185
86_81,53.371163,-6.255127
86_82,53.372061,-6.25507
86_83,53.372959,-6.255012
86_84,53.373856,-6.254954
86_85,53.374754,-6.254896
86_86,53.375652,-6.254839
86_87,53.37655,-6.254781
86_88,53.377448,-6.254723
86_89,53.378346,-6.254665
86_90,53.379243,-6.254608
86_91,53.380141,-6.25455
86_92,53.381039,-6.254492
86_93,53.381937,-6.254434
86_94,53.382835,-6.254376
86_95,53.383733,-6.254319
86_96,53.384631,-6.254261
86_97,53.385528,-6.254203
86_98,53.386426,-6.254145
86_99,53.387324,-6.254087
86_100,53.388222,-6.254029
86_101,53.38912,-6.253972
86_102,53.390018,-6.253914
86_103,53.390916,-6.253856
86_104,53.391813,-6.253798
86_105,53.392711,-6.25374
86_106,53.393609,-6.253682
86_107,53.394507,-6.253625
86_108,53.395405,-6.253567
86_109,53.396303,-6.253509
86_110,53.397201,-6.253451
86_111,53.398098,-6.253393
86_112,53.398996,-6.253335
86_113,53.399894,-6.253277
86_114,53.400792,-6.25322
86_115,53.40169,-6.253162
86_116,53.402588,-6.253104
86_117,53.403485,-6.253046
86_118,53.404383,-6.252988
86_119,53.405281,-6.25293
86_120,53.406179,-6.252872
86_121,53.407077,-6.252814
86_122,53.407975,-6.252757
86_123,53.408873,-6.252699
86_124,53.40977,-6.252641
86_125,53.410668,-6.252583
86_126,53.411566,-6.252525
87_0,53.298402,-6.258297
87_1,53.299299,-6.25824
87_2,53.300197,-6.258182
87_3,53.301095,-6.258125
87_4,53.301993,-6.258067
87_5,53.302891,-6.25801
87_6,53.303789,-6.257952
87_7,53.304687,-6.257895
87_8,53.305584,-6.257837
87_9,53.306482,-6.257779
87_10,53.30738,-6.257722
87_11,53.308278,-6.257664
87_12,53.309176,-6.257607
87_13,53.310074,-6.257549
87_14,53.310972,-6.257491
87_15,53.31187,-6.257434
87_16,53.312767,-6.257376
87_17,53.313665,-6.257319
87_18,53.314563,-6.257261
87_19,53.315461,-6.257204
87_20,53.316359,-6.257146
87_21,53.317257,-6.257088
87_22,53.318155,-6.257031
87_23,53.319052,-6.256973
87_24,53.31995,-6.256915
87_25,53.320848,-6.256858
87_26,53.321746,-6.2568
87_27,53.322644,-6.256743
87_28,53.323542,-6.256685
87_29,53.32444,-6.256627
87_30,53.325337,-6.25657
87_31,53.326235,-6.256512
87_32,53.327133,-6.256454
87_33,53.328031,-6.256397
87_34,53.328929,-6.256339
87_35,53.329827,-6.256281
87_36,53.330725,-6.256224
87_37,53.331623,-6.256166
87_38,53.33252,-6.256109
87_39,53.333418,-6.256051
87_40,53.334316,-6.255993
87_41,53.335214,-6.255936
87_42,53.336112,-6.255878
87_43,53.33701,-6.25582
87_44,53.337908,-6.255762
87_45,53.338805,-6.255705
87_46,53.339703,-6.255647
87_47,53.340601,-6.255589
87_48,53.341499,-6.255532
87_49,53.342397,-6.255474
87_50,53.343295,-6.255416
87_51,53.344193,-6.255359
87_52,53.34509,-6.255301
87_53,53.345988,-6.255243
87_54,53.346886,-6.255186
87_55,53.347784,-6.255128
87_56,53.348682,-6.25507
87_57,53.34958,-6.255012
87_58,53.350478,-6.254955
87_59,53.351375,-6.254897
87_60,53.352273,-6.254839
87_61,53.353171,-6.254781
87_62,53.354069,-6.254724
87_63,53.354967,-6.254666
87_64,53.355865,-6.254608
87_65,53.356763,-6.254551
87_66,53.35766,-6.254493
87_67,53.358558,-6.254435
87_68,53.359456,-6.254377
87_69,53.360354,-6.25432
87_70,53.361252,-6.254262
87_71,53.36215,-6.254204
87_72,53.363048,-6.254146
87_73,53.363945,-6.254088
87_74,53.364843,-6.254031
87_75,53.365741,-6.253973
87_76,53.366639,-6.253915
87_77,53.367537,-6.253857
87_78,53.368435,-6.2538
87_79,53.369333,-6.253742
87_80,53.37023,-6.253684
87_81,53.371128,-6.253626
87_82,53.372026,-6.253568
87_83,53.372924,-6.253511
87_84,53.373822,-6.253453
87_85,53.37472,-6.253395
87_86,53.375618,-6.253337
87_87,53.376515,-6.253279
87_88,53.377413,-6.253222
87_89,53.378311,-6.253164
87_90,53.379209,-6.253106
87_91,53.380107,-6.253048
87_92,53.381005,-6.25299
87_93,53.381902,-6.252932
87_94,53.3828,-6.252875
87_95,53.383698,-6.252817
87_96,53.384596,-6.252759
87_97,53.385494,-6.252701
87_98,53.386392,-6.252643
87_99,53.38729,-6.252585
87_100,53.388187,-6.252528
87_101,53.389085,-6.25247
87_102,53.389983,-6.252412
87_103,53.390881,-6.252354
87_104,53.391779,-6.252296
87_105,53.392677,-6.252238
87_106,53.393575,-6.25218
87_107,53.394472,-6.252123
87_108,53.39537,-6.252065
87_109,53.396268,-6.252007
87_110,53.397166,-6.251949
87_111,53.398064,-6.251891
87_112,53.398962,-6.251833
87_113,53.399859,-6.251775
87_114,53.400757,-6.251717
87_115,53.401655,-6.251659
87_116,53.402553,-6.251602
87_117,53.403451,-6.251544
87_118,53.404349,-6.251486
87_119,53.405247,-6.251428
87_120,53.406144,-6.25137
87_121,53.407042,-6.251312
87_122,53.40794,-6.251254
87_123,53.408838,-6.251196
87_124,53.409736,-6.251138
87_125,53.410634,-6.25108
87_126,53.411531,-6.251022
88_0,53.298367,-6.256799
88_1,53.299265,-6.256741
88_2,53.300163,-6.256684
88_3,53.301061,-6.256626
88_4,53.301959,-6.256568
88_5,53.302856,-6.256511
88_6,53.303754,-6.256453
88_7,53.304652,-6.256396
88_8,53.30555,-6.256338
88_9,53.306448,-6.25628
88_10,53.307346,-6.256223
88_11,53.308244,-6.256165
88_12,53.309141,-6.256108
88_13,53.310039,-6.25605
88_14,53.310937,-6.255992
88_15,53.311835,-6.255935
88_16,53.312733,-6.255877
88_17,53.313631,-6.255819
88_18,53.314529,-6.255762
88_19,53.315426,-6.255704
88_20,53.316324,-6.255647
88_21,53.317222,-6.255589
88_22,53.31812,-6.255531
88_23,53.319018,-6.255474
88_24,53.319916,-6.255416
88_25,53.320814,-6.255358
88_26,53.321712,-6.255301
88_27,53.322609,-6.255243
88_28,53.323507,-6.255185
88_29,53.324405,-6.255128
88_30,53.325303,-6.25507
88_31,53.326201,-6.255012
88_32,53.327099,-6.254955
88_33,53.327997,-6.254897
88_34,53.328894,-6.254839
88_35,53.329792,-6.254782
88_36,53.33069,-6.254724
88_37,53.331588,-6.254666
88_38,53.332486,-6.254609
88_39,53.333384,-6.254551
88_40,53.334282,-6.254493
88_41,53.335179,-6.254435
88_42,53.336077,-6.254378
88_43,53.336975,-6.25432
88_44,53.337873,-6.254262
88_45,53.338771,-6.254205
88_46,53.339669,-6.254147
88_47,53.340567,-6.254089
88_48,53.341464,-6.254032
88_49,53.342362,-6.253974
88_50,53.34326,-6.253916
88_51,53.344158,-6.253858
88_52,53.345056,-6.253801
88_53,53.345954,-6.253743
88_54,53.346852,-6.253685
88_55,53.347749,-6.253627
88_56,53.348647,-6.25357
88_57,53.349545,-6.253512
88_58,53.350443,-6.253454
88_59,53.351341,-6.253396
88_60,53.352239,-6.253339
88_61,53.353137,-6.253281
88_62,53.354034,-6.253223
88_63,53.354932,-6.253165
88_64,53.35583,-6.253108
88_65,53.356728,-6.25305
88_66,53.357626,-6.252992
88_67,53.358524,-6.252934
88_68,53.359422,-6.252876
88_69,53.360319,-6.252819
88_70,53.361217,-6.252761
88_71,53.362115,-6.252703
88_72,53.363013,-6.252645
88_73,53.363911,-6.252587
88_74,53.364809,-6.25253
88_75,53.365707,-6.252472
88_76,53.366604,-6.252414
88_77,53.367502,-6.252356
88_78,53.3684,-6.252298
88_79,53.369298,-6.252241
88_80,53.370196,-6.252183
88_81,53.371094,-6.252125
88_82,53.371992,-6.252067
88_83,53.372889,-6.252009
88_84,53.373787,-6.251951
88_85,53.374685,-6.251894
88_86,53.375583,-6.251836
88_87,53.376481,-6.251778
88_88,53.377379,-6.25172
88_89,53.378276,-6.251662
88_90,53.379174,-6.251604
88_91,53.380072,-6.251547
88_92,53.38097,-6.251489
88_93,53.381868,-6.251431
88_94,53.382766,-6.251373
88_95,53.383664,-6.251315
88_96,53.384561,-6.251257
88_97,53.385459,-6.251199
88_98,53.386357,-6.251141
88_99,53.387255,-6.251084
88_100,53.388153,-6.251026
88_101,53.389051,-6.250968
88_102,53.389949,-6.25091
88_103,53.390846,-6.250852
88_104,53.391744,-6.250794
88_105,53.392642,-6.250736
88_106,53.39354,-6.250678
88_107,53.394438,-6.25062
88_108,53.395336,-6.250563
88_109,53.396233,-6.250505
88_110,53.397131,-6.250447
88_111,53.398029,-6.250389
88_112,53.398927,-6.250331
88_113,53.399825,-6.250273
88_114,53.400723,-6.250215
88_115,53.401621,-6.250157
88_116,53.402518,-6.250099
88_117,53.403416,-6.250041
88_118,53.404314,-6.249983
88_119,53.405212,-6.249925
88_120,53.40611,-6.249867
88_121,53.407008,-6.249809
88_122,53.407905,-6.249751
88_123,53.408803,-6.249694
88_124,53.409701,-6.249636
88_125,53.410599,-6.249578
88_126,53.411497,-6.24952
89_0,53.298333,-6.2553
89_1,53.29923,-6.255242
89_2,53.300128,-6.255185
89_3,53.301026,-6.255127
89_4,53.301924,-6.255069
89_5,53.302822,-6.255012
89_6,53.30372,-6.254954
89_7,53.304618,-6.254897
89_8,53.305515,-6.254839
89_9,53.306413,-6.254781
89_10,53.307311,-6.254724
89_11,53.308209,-6.254666
89_12,53.309107,-6.254608
89_13,53.310005,-6.254551
89_14,53.310903,-6.254493
89_15,53.311801,-6.254435
89_16,53.312698,-6.254378
89_17,53.313596,-6.25432
89_18,53.314494,-6.254263
89_19,53.315392,-6.254205
89_20,53.31629,-6.254147
89_21,53.317188,-6.25409
89_22,53.318086,-6.254032
89_23,53.318983,-6.253974
89_24,53.319881,-6.253916
89_25,53.320779,-6.253859
89_26,53.321677,-6.253801
89_27,53.322575,-6.253743
89_28,53.323473,-6.253686
89_29,53.324371,-6.253628
89_30,53.325268,-6.25357
89_31,53.326166,-6.253513
89_32,53.327064,-6.253455
89_33,53.327962,-6.253397
89_34,53.32886,-6.25334
89_35,53.329758,-6.253282
89_36,53.330656,-6.253224
89_37,53.331553,-6.253166
89_38,53.332451,-6.253109
89_39,53.333349,-6.253051
89_40,53.334247,-6.252993
89_41,53.335145,-6.252935
89_42,53.336043,-6.252878
89_43,53.336941,-6.25282
89_44,53.337838,-6.252762
89_45,53.338736,-6.252705
89_46,53.339634,-6.252647
89_47,53.340532,-6.252589
89_48,53.34143,-6.252531
89_49,53.342328,-6.252474
89_50,53.343226,-6.252416
89_51,53.344123,-6.252358
89_52,53.345021,-6.2523
89_53,53.345919,-6.252242
89_54,53.346817,-6.252185
89_55,53.347715,-6.252127
89_56,53.348613,-6.252069
89_57,53.349511,-6.252011
89_58,53.350408,-6.251954
89_59,53.351306,-6.251896
89_60,53.352204,-6.251838
89_61,53.353102,-6.25178
89_62,53.354,-6.251722
89_63,53.354898,-6.251665
89_64,53.355796,-6.251607
89_65,53.356693,-6.251549
89_66,53.357591,-6.251491
89_67,53.358489,-6.251433
89_68,53.359387,-6.251376
89_69,53.360285,-6.251318
89_70,53.361183,-6.25126
89_71,53.362081,-6.251202
89_72,53.362978,-6.251144
89_73,53.363876,-6.251086
89_74,53.364774,-6.251029
89_75,53.365672,-6.250971
89_76,53.36657,-6.250913
89_77,53.367468,-6.250855
89_78,53.368366,-6.250797
89_79,53.369263,-6.250739
89_80,53.370161,-6.250682
89_81,53.371059,-6.250624
89_82,53.371957,-6.250566
89_83,53.372855,-6.250508
89_84,53.373753,-6.25045
89_85,53.37465,-6.250392
89_86,53.375548,-6.250334
89_87,53.376446,-6.250276
89_88,53.377344,-6.250219
89_89,53.378242,-6.250161
89_90,53.37914,-6.250103
89_91,53.380038,-6.250045
89_92,53.380935,-6.249987
89_93,53.381833,-6.249929
89_94,53.382731,-6.249871
89_95,53.383629,-6.249813
89_96,53.384527,-6.249755
89_97,53.385425,-6.249698
89_98,53.386323,-6.24964
89_99,53.38722,-6.249582
89_100,53.388118,-6.249524
89_101,53.389016,-6.249466
89_102,53.389914,-6.249408
89_103,53.390812,-6.24935
89_104,53.39171,-6.249292
89_105,53.392607,-6.249234
89_106,53.393505,-6.249176
89_107,53.394403,-6.249118
89_108,53.395301,-6.24906
89_109,53.396199,-6.249002
89_110,53.397097,-6.248945
89_111,53.397995,-6.248887
89_112,53.398892,-6.248829
89_113,53.39979,-6.248771
89_114,53.400688,-6.248713
89_115,53.401586,-6.248655
89_116,53.402484,-6.248597
89_117,53.403382,-6.248539
89_118,53.404279,-6.248481
89_119,53.405177,-6.248423
89_120,53.406075,-6.248365
89_121,53.406973,-6.248307
89_122,53.407871,-6.248249
89_123,53.408769,-6.248191
89_124,53.409667,-6.248133
89_125,53.410564,-6.248075
89_126,53.411462,-6.248017
90_0,53.298298,-6.253801
90_1,53.299196,-6.253744
90_2,53.300094,-6.253686
90_3,53.300992,-6.253628
90_4,53.301889,-6.253571
90_5,53.302787,-6.253513
90_6,53.303685,-6.253455
90_7,53.304583,-6.253398
90_8,53.305481,-6.25334
90_9,53.306379,-6.253282
90_10,53.307277,-6.253225
90_11,53.308175,-6.253167
90_12,53.309072,-6.253109
90_13,53.30997,-6.253052
90_14,53.310868,-6.252994
90_15,53.311766,-6.252936
90_16,53.312664,-6.252879
90_17,53.313562,-6.252821
90_18,53.31446,-6.252763
90_19,53.315357,-6.252706
90_20,53.316255,-6.252648
90_21,53.317153,-6.25259
90_22,53.318051,-6.252532
90_23,53.318949,-6.252475
90_24,53.319847,-6.252417
90_25,53.320745,-6.252359
90_26,53.321642,-6.252302
90_27,53.32254,-6.252244
90_28,53.323438,-6.252186
90_29,53.324336,-6.252128
90_30,53.325234,-6.252071
90_31,53.326132,-6.252013
90_32,53.32703,-6.251955
90_33,53.327927,-6.251897
90_34,53.328825,-6.25184
90_35,53.329723,-6.251782
90_36,53.330621,-6.251724
90_37,53.331519,-6.251667
90_38,53.332417,-6.251609
90_39,53.333315,-6.251551
90_40,53.334212,-6.251493
90_41,53.33511,-6.251435
90_42,53.336008,-6.251378
90_43,53.336906,-6.25132
90_44,53.337804,-6.251262
90_45,53.338702,-6.251204
90_46,53.3396,-6.251147
90_47,53.340497,-6.251089
90_48,53.341395,-6.251031
90_49,53.342293,-6.250973
90_50,53.343191,-6.250915
90_51,53.344089,-6.250858
90_52,53.344987,-6.2508
90_53,53.345885,-6.250742
90_54,53.346782,-6.250684
90_55,53.34768,-6.250626
90_56,53.348578,-6.250569
90_57,53.349476,-6.250511
90_58,53.350374,-6.250453
90_59,53.351272,-6.250395
90_60,53.35217,-6.250337
90_61,53.353067,-6.25028
90_62,53.353965,-6.250222
90_63,53.354863,-6.250164
90_64,53.355761,-6.250106
90_65,53.356659,-6.250048
90_66,53.357557,-6.24999
90_67,53.358455,-6.249933
90_68,53.359352,-6.249875
90_69,53.36025,-6.249817
90_70,53.361148,-6.249759
90_71,53.362046,-6.249701
90_72,53.362944,-6.249643
90_73,53.363842,-6.249585
90_74,53.36474,-6.249528
90_75,53.365637,-6.24947
90_76,53.366535,-6.249412
90_77,53.367433,-6.249354
90_78,53.368331,-6.249296
90_79,53.369229,-6.249238
90_80,53.370127,-6.24918
90_81,53.371024,-6.249122
90_82,53.371922,-6.249065
90_83,53.37282,-6.249007
90_84,53.373718,-6.248949
90_85,53.374616,-6.248891
90_86,53.375514,-6.248833
90_87,53.376412,-6.248775
90_88,53.377309,-6.248717
90_89,53.378207,-6.248659
90_90,53.379105,-6.248601
90_91,53.380003,-6.248543
90_92,53.380901,-6.248485
90_93,53.381799,-6.248428
90_94,53.382697,-6.24837
90_95,53.383594,-6.248312
90_96,53.384492,-6.248254
90_97,53.38539,-6.248196
90_98,53.386288,-6.248138
90_99,53.387186,-6.24808
90_100,53.388084,-6.248022
90_101,53.388981,-6.247964
90_102,53.389879,-6.247906
90_103,53.390777,-6.247848
90_104,53.391675,-6.24779
90_105,53.392573,-6.247732
90_106,53.393471,-6.247674
90_107,53.394369,-6.247616
90_108,53.395266,-6.247558
90_109,53.396164,-6.2475
90_110,53.397062,-6.247442
90_111,53.39796,-6.247384
90_112,53.398858,-6.247326
90_113,53.399756,-6.247268
90_114,53.400653,-6.24721
90_115,53.401551,-6.247152
90_116,53.402449,-6.247094
90_117,53.403347,-6.247036
90_118,53.404245,-6.246978
90_119,53.405143,-6.24692
90_120,53.40604,-6.246862
90_121,53.406938,-6.246804
90_122,53.407836,-6.246746
90_123,53.408734,-6.246688
90_124,53.409632,-6.24663
90_125,53.41053,-6.246572
90_126,53.411428,-6.246514
91_0,53.298263,-6.252303
91_1,53.299161,-6.252245
91_2,53.300059,-6.252187
91_3,53.300957,-6.252129
91_4,53.301855,-6.252072
91_5,53.302753,-6.252014
91_6,53.303651,-6.251956
91_7,53.304549,-6.251899
91_8,53.305446,-6.251841
91_9,53.306344,-6.251783
91_10,53.307242,-6.251726
91_11,53.30814,-6.251668
91_12,53.309038,-6.25161
91_13,53.309936,-6.251553
91_14,53.310834,-6.251495
91_15,53.311731,-6.251437
91_16,53.312629,-6.251379
91_17,53.313527,-6.251322
91_18,53.314425,-6.251264
91_19,53.315323,-6.251206
91_20,53.316221,-6.251149
91_21,53.317119,-6.251091
91_22,53.318016,-6.251033
91_23,53.318914,-6.250975
91_24,53.319812,-6.250918
91_25,53.32071,-6.25086
91_26,53.321608,-6.250802
91_27,53.322506,-6.250744
91_28,53.323404,-6.250687
91_29,53.324301,-6.250629
91_30,53.325199,-6.250571
91_31,53.326097,-6.250513
91_32,53.326995,-6.250456
91_33,53.327893,-6.250398
91_34,53.328791,-6.25034
91_35,53.329689,-6.250282
91_36,53.330586,-6.250224
91_37,53.331484,-6.250167
91_38,53.332382,-6.250109
91_39,53.33328,-6.250051
91_40,53.334178,-6.249993
91_41,53.335076,-6.249935
91_42,53.335974,-6.249878
91_43,53.336871,-6.24982
91_44,53.337769,-6.249762
91_45,53.338667,-6.249704
91_46,53.339565,-6.249646
91_47,53.340463,-6.249589
91_48,53.341361,-6.249531
91_49,53.342259,-6.249473
91_50,53.343156,-6.249415
91_51,53.344054,-6.249357
91_52,53.344952,-6.2493
91_53,53.34585,-6.249242
91_54,53.346748,-6.249184
91_55,53.347646,-6.249126
91_56,53.348544,-6.249068
91_57,53.349441,-6.24901
91_58,53.350339,-6.248952
91_59,53.351237,-6.248895
91_60,53.352135,-6.248837
91_61,53.353033,-6.248779
91_62,53.353931,-6.248721
91_63,53.354829,-6.248663
91_64,53.355726,-6.248605
91_65,53.356624,-6.248547
91_66,53.357522,-6.24849
91_67,53.35842,-6.248432
91_68,53.359318,-6.248374
91_69,53.360216,-6.248316
91_70,53.361113,-6.248258
91_71,53.362011,-6.2482
91_72,53.362909,-6.248142
91_73,53.363807,-6.248084
91_74,53.364705,-6.248027
91_75,53.365603,-6.247969
91_76,53.366501,-6.247911
91_77,53.367398,-6.247853
91_78,53.368296,-6.247795
91_79,53.369194,-6.247737
91_80,53.370092,-6.247679
91_81,53.37099,-6.247621
91_82,53.371888,-6.247563
91_83,53.372786,-6.247505
91_84,53.373683,-6.247447
91_85,53.374581,-6.247389
91_86,53.375479,-6.247332
91_87,53.376377,-6.247274
91_88,53.377275,-6.247216
91_89,53.378173,-6.247158
91_90,53.37907,-6.2471
91_91,53.379968,-6.247042
91_92,53.380866,-6.246984
91_93,53.381764,-6.246926
91_94,53.382662,-6.246868
91_95,53.38356,-6.24681
91_96,53.384458,-6.246752
91_97,53.385355,-6.246694
91_98,53.386253,-6.246636
91_99,53.387151,-6.246578
91_100,53.388049,-6.24652
91_101,53.388947,-6.246462
91_102,53.389845,-6.246404
91_103,53.390742,-6.246346
91_104,53.39164,-6.246288
91_105,53.392538,-6.24623
91_106,53.393436,-6.246172
91_107,53.394334,-6.246114
91_108,53.395232,-6.246056
91_109,53.39613,-6.245998
91_110,53.397027,-6.24594
91_111,53.397925,-6.245882
91_112,53.398823,-6.245824
91_113,53.399721,-6.245766
91_114,53.400619,-6.245708
91_115,53.401517,-6.24565
91_116,53.402414,-6.245592
91_117,53.403312,-6.245534
91_118,53.40421,-6.245476
91_119,53.405108,-6.245418
91_120,53.406006,-6.24536
91_121,53.406904,-6.245302
91_122,53.407801,-6.245244
91_123,53.408699,-6.245186
91_124,53.409597,-6.245128
91_125,53.410495,-6.24507
91_126,53.411393,-6.245012
92_0,53.298229,-6.250804
92_1,53.299127,-6.250746
92_2,53.300025,-6.250688
92_3,53.300923,-6.250631
92_4,53.30182,-6.250573
92_5,53.302718,-6.250515
92_6,53.303616,-6.250458
92_7,53.304514,-6.2504
92_8,53.305412,-6.250342
92_9,53.30631,-6.250284
92_10,53.307208,-6.250227
92_11,53.308105,-6.250169
92_12,53.309003,-6.250111
92_13,53.309901,-6.250053
92_14,53.310799,-6.249996
92_15,53.311697,-6.249938
92_16,53.312595,-6.24988
92_17,53.313493,-6.249822
92_18,53.31439,-6.249765
92_19,53.315288,-6.249707
92_20,53.316186,-6.249649
92_21,53.317084,-6.249591
92_22,53.317982,-6.249534
92_23,53.31888,-6.249476
92_24,53.319778,-6.249418
92_25,53.320675,-6.24936
92_26,53.321573,-6.249303
92_27,53.322471,-6.249245
92_28,53.323369,-6.249187
92_29,53.324267,-6.249129
92_30,53.325165,-6.249071
92_31,53.326063,-6.249014
92_32,53.32696,-6.248956
92_33,53.327858,-6.248898
92_34,53.328756,-6.24884
92_35,53.329654,-6.248782
92_36,53.330552,-6.248725
92_37,53.33145,-6.248667
92_38,53.332348,-6.248609
92_39,53.333245,-6.248551
92_40,53.334143,-6.248493
92_41,53.335041,-6.248435
92_42,53.335939,-6.248378
92_43,53.336837,-6.24832
92_44,53.337735,-6.248262
92_45,53.338633,-6.248204
92_46,53.33953,-6.248146
92_47,53.340428,-6.248088
92_48,53.341326,-6.248031
92_49,53.342224,-6.247973
92_50,53.343122,-6.247915
92_51,53.34402,-6.247857
92_52,53.344918,-6.247799
92_53,53.345815,-6.247741
92_54,53.346713,-6.247683
92_55,53.347611,-6.247626
92_56,53.348509,-6.247568
92_57,53.349407,-6.24751
92_58,53.350305,-6.247452
92_59,53.351202,-6.247394
92_60,53.3521,-6.247336
92_61,53.352998,-6.247278
92_62,53.353896,-6.24722
92_63,53.354794,-6.247163
92_64,53.355692,-6.247105
92_65,53.35659,-6.247047
92_66,53.357487,-6.246989
92_67,53.358385,-6.246931
92_68,53.359283,-6.246873
92_69,53.360181,-6.246815
92_70,53.361079,-6.246757
92_71,53.361977,-6.246699
92_72,53.362875,-6.246641
92_73,53.363772,-6.246583
92_74,53.36467,-6.246525
92_75,53.365568,-6.246468
92_76,53.366466,-6.24641
92_77,53.367364,-6.246352
92_78,53.368262,-6.246294
92_79,53.369159,-6.246236
92_80,53.370057,-6.246178
92_81,53.370955,-6.24612
92_82,53.371853,-6.246062
92_83,53.372751,-6.246004
92_84,53.373649,-6.245946
92_85,53.374547,-6.245888
92_86,53.375444,-6.24583
92_87,53.376342,-6.245772
92_88,53.37724,-6.245714
92_89,53.378138,-6.245656
92_90,53.379036,-6.245598
92_91,53.379934,-6.24554
92_92,53.380831,-6.245482
92_93,53.381729,-6.245424
92_94,53.382627,-6.245366
92_95,53.383525,-6.245308
92_96,53.384423,-6.24525
92_97,53.385321,-6.245192
92_98,53.386219,-6.245134
92_99,53.387116,-6.245076
92_100,53.388014,-6.245018
92_101,53.388912,-6.24496
92_102,53.38981,-6.244902
92_103,53.390708,-6.244844
92_104,53.391606,-6.244786
92_105,53.392503,-6.244728
92_106,53.393401,-6.24467
92_107,53.394299,-6.244612
92_108,53.395197,-6.244554
92_109,53.396095,-6.244496
92_110,53.396993,-6.244438
92_111,53.397891,-6.24438
92_112,53.398788,-6.244322
92_113,53.399686,-6.244264
92_114,53.400584,-6.244206
92_115,53.401482,-6.244148
92_116,53.40238,-6.24409
92_117,53.403278,-6.244032
92_118,53.404175,-6.243974
92_119,53.405073,-6.243915
92_120,53.405971,-6.243857
92_121,53.406869,-6.243799
92_122,53.407767,-6.243741
92_123,53.408665,-6.243683
92_124,53.409562,-6.243625
92_125,53.41046,-6.243567
92_126,53.411358,-6.243509
93_0,53.298194,-6.249305
93_1,53.299092,-6.249247
93_2,53.29999,-6.24919
93_3,53.300888,-6.249132
93_4,53.301786,-6.249074
93_5,53.302684,-6.249016
93_6,53.303582,-6.248959
93_7,53.304479,-6.248901
93_8,53.305377,-6.248843
93_9,53.306275,-6.248785
93_10,53.307173,-6.248728
93_11,53.308071,-6.24867
93_12,53.308969,-6.248612
93_13,53.309867,-6.248554
93_14,53.310764,-6.248497
93_15,53.311662,-6.248439
93_16,53.31256,-6.248381
93_17,53.313458,-6.248323
93_18,53.314356,-6.248265
93_19,53.315254,-6.248208
93_20,53.316152,-6.24815
93_21,53.317049,-6.248092
93_22,53.317947,-6.248034
93_23,53.318845,-6.247976
93_24,53.319743,-6.247919
93_25,53.320641,-6.247861
93_26,53.321539,-6.247803
93_27,53.322437,-6.247745
93_28,53.323334,-6.247687
93_29,53.324232,-6.24763
93_30,53.32513,-6.247572
93_31,53.326028,-6.247514
93_32,53.326926,-6.247456
93_33,53.327824,-6.247398
93_34,53.328722,-6.24734
93_35,53.329619,-6.247283
93_36,53.330517,-6.247225
93_37,53.331415,-6.247167
93_38,53.332313,-6.247109
93_39,53.333211,-6.247051
93_40,53.334109,-6.246993
93_41,53.335007,-6.246935
93_42,53.335904,-6.246878
93_43,53.336802,-6.24682
93_44,53.3377,-6.246762
93_45,53.338598,-6.246704
93_46,53.339496,-6.246646
93_47,53.340394,-6.246588
93_48,53.341291,-6.24653
93_49,53.342189,-6.246472
93_50,53.343087,-6.246415
93_51,53.343985,-6.246357
93_52,53.344883,-6.246299
93_53,53.345781,-6.246241
93_54,53.346679,-6.246183
93_55,53.347576,-6.246125
93_56,53.348474,-6.246067
93_57,53.349372,-6.246009
93_58,53.35027,-6.245951
93_59,53.351168,-6.245894
93_60,53.352066,-6.245836
93_61,53.352964,-6.245778
93_62,53.353861,-6.24572
93_63,53.354759,-6.245662
93_64,53.355657,-6.245604
93_65,53.356555,-6.245546
93_66,53.357453,-6.245488
93_67,53.358351,-6.24543
93_68,53.359248,-6.245372
93_69,53.360146,-6.245314
93_70,53.361044,-6.245256
93_71,53.361942,-6.245198
93_72,53.36284,-6.24514
93_73,53.363738,-6.245082
93_74,53.364636,-6.245024
93_75,53.365533,-6.244966
93_76,53.366431,-6.244909
93_77,53.367329,-6.244851
93_78,53.368227,-6.244793
93_79,53.369125,-6.244735
93_80,53.370023,-6.244677
93_81,53.370921,-6.244619
93_82,53.371818,-6.244561
93_83,53.372716,-6.244503
93_84,53.373614,-6.244445
93_85,53.374512,-6.244387
93_86,53.37541,-6.244329
93_87,53.376308,-6.244271
93_88,53.377205,-6.244213
93_89,53.378103,-6.244155
93_90,53.379001,-6.244097
93_91,53.379899,-6.244039
93_92,53.380797,-6.243981
93_93,53.381695,-6.243923
93_94,53.382593,-6.243865
93_95,53.38349,-6.243807
93_96,53.384388,-6.243749
93_97,53.385286,-6.24369
93_98,53.386184,-6.243632
93_99,53.387082,-6.243574
93_100,53.38798,-6.243516
93_101,53.388877,-6.243458
93_102,53.389775,-6.2434
93_103,53.390673,-6.243342
93_104,53.391571,-6.243284
93_105,53.392469,-6.243226
93_106,53.393367,-6.243168
93_107,53.394264,-6.24311
93_108,53.395162,-6.243052
93_109,53.39606,-6.242994
93_110,53.396958,-6.242936
93_111,53.397856,-6.242878
93_112,53.398754,-6.24282
93_113,53.399652,-6.242762
93_114,53.400549,-6.242703
93_115,53.401447,-6.242645
93_116,53.402345,-6.242587
93_117,53.403243,-6.242529
93_118,53.404141,-6.242471
93_119,53.405039,-6.242413
93_120,53.405936,-6.242355
93_121,53.406834,-6.242297
93_122,53.407732,-6.242239
93_123,53.40863,-6.242181
93_124,53.409528,-6.242122
93_125,53.410426,-6.242064
93_126,53.411323,-6.242006
94_0,53.29816,-6.247806
94_1,53.299058,-6.247749
94_2,53.299955,-6.247691
94_3,53.300853,-6.247633
94_4,53.301751,-6.247575
94_5,53.302649,-6.247518
94_6,53.303547,-6.24746
94_7,53.304445,-6.247402
94_8,53.305343,-6.247344
94_9,53.30624,-6.247286
94_10,53.307138,-6.247229
94_11,53.308036,-6.247171
94_12,53.308934,-6.247113
94_13,53.309832,-6.247055
94_14,53.31073,-6.246997
94_15,53.311628,-6.24694
94_16,53.312525,-6.246882
94_17,53.313423,-6.246824
94_18,53.314321,-6.246766
94_19,53.315219,-6.246708
94_20,53.316117,-6.24665
94_21,53.317015,-6.246593
94_22,53.317913,-6.246535
94_23,53.31881,-6.246477
94_24,53.319708,-6.246419
94_25,53.320606,-6.246361
94_26,53.321504,-6.246303
94_27,53.322402,-6.246246
94_28,53.3233,-6.246188
94_29,53.324198,-6.24613
94_30,53.325095,-6.246072
94_31,53.325993,-6.246014
94_32,53.326891,-6.245956
94_33,53.327789,-6.245898
94_34,53.328687,-6.245841
94_35,53.329585,-6.245783
94_36,53.330483,-6.245725
94_37,53.33138,-6.245667
94_38,53.332278,-6.245609
94_39,53.333176,-6.245551
94_40,53.334074,-6.245493
94_41,53.334972,-6.245435
94_42,53.33587,-6.245378
94_43,53.336768,-6.24532
94_44,53.337665,-6.245262
94_45,53.338563,-6.245204
94_46,53.339461,-6.245146
94_47,53.340359,-6.245088
94_48,53.341257,-6.24503
94_49,53.342155,-6.244972
94_50,53.343053,-6.244914
94_51,53.34395,-6.244856
94_52,53.344848,-6.244798
94_53,53.345746,-6.244741
94_54,53.346644,-6.244683
94_55,53.347542,-6.244625
94_56,53.34844,-6.244567
94_57,53.349337,-6.244509
94_58,53.350235,-6.244451
94_59,53.351133,-6.244393
94_60,53.352031,-6.244335
94_61,53.352929,-6.244277
94_62,53.353827,-6.244219
94_63,53.354725,-6.244161
94_64,53.355622,-6.244103
94_65,53.35652,-6.244045
94_66,53.357418,-6.243987
94_67,53.358316,-6.243929
94_68,53.359214,-6.243871
94_69,53.360112,-6.243813
94_70,53.36101,-6.243755
94_71,53.361907,-6.243697
94_72,53.362805,-6.243639
94_73,53.363703,-6.243581
94_74,53.364601,-6.243523
94_75,53.365499,-6.243465
94_76,53.366397,-6.243407
94_77,53.367294,-6.243349
94_78,53.368192,-6.243291
94_79,53.36909,-6.243233
94_80,53.369988,-6.243175
94_81,53.370886,-6.243117
94_82,53.371784,-6.243059
94_83,53.372682,-6.243001
94_84,53.373579,-6.242943
94_85,53.374477,-6.242885
94_86,53.375375,-6.242827
94_87,53.376273,-6.242769
94_88,53.377171,-6.242711
94_89,53.378069,-6.242653
94_90,53.378966,-6.242595
94_91,53.379864,-6.242537
94_92,53.380762,-6.242479
94_93,53.38166,-6.242421
94_94,53.382558,-6.242363
94_95,53.383456,-6.242305
94_96,53.384353,-6.242247
94_97,53.385251,-6.242189
94_98,53.386149,-6.242131
94_99,53.387047,-6.242073
94_100,53.387945,-6.242015
94_101,53.388843,-6.241956
94_102,53.389741,-6.241898
94_103,53.390638,-6.24184
94_104,53.391536,-6.241782
94_105,53.392434,-6.241724
94_106,53.393332,-6.241666
94_107,53.39423,-6.241608
94_108,53.395128,-6.24155
94_109,53.396025,-6.241492
94_110,53.396923,-6.241434
94_111,53.397821,-6.241376
94_112,53.398719,-6.241317
94_113,53.399617,-6.241259
94_114,53.400515,-6.241201
94_115,53.401412,-6.241143
94_116,53.40231,-6.241085
94_117,53.403208,-6.241027
94_118,53.404106,-6.240969
94_119,53.405004,-6.240911
94_120,53.405902,-6.240852
94_121,53.4068,-6.240794
94_122,53.407697,-6.240736
94_123,53.408595,-6.240678
94_124,53.409493,-6.24062
94_125,53.410391,-6.240562
94_126,53.411289,-6.240504
95_0,53.298125,-6.246308
95_1,53.299023,-6.24625
95_2,53.299921,-6.246192
95_3,53.300819,-6.246134
95_4,53.301717,-6.246076
95_5,53.302614,-6.246019
95_6,53.303512,-6.245961
95_7,53.30441,-6.245903
95_8,53.305308,-6.245845
95_9,53.306206,-6.245787
95_10,53.307104,-6.24573
95_11,53.308002,-6.245672
95_12,53.308899,-6.245614
95_13,53.309797,-6.245556
95_14,53.310695,-6.245498
95_15,53.311593,-6.24544
95_16,53.312491,-6.245383
95_17,53.313389,-6.245325
95_18,53.314287,-6.245267
95_19,53.315184,-6.245209
95_20,53.316082,-6.245151
95_21,53.31698,-6.245093
95_22,53.317878,-6.245035
95_23,53.318776,-6.244978
95_24,53.319674,-6.24492
95_25,53.320572,-6.244862
95_26,53.321469,-6.244804
95_27,53.322367,-6.244746
95_28,53.323265,-6.244688
95_29,53.324163,-6.24463
95_30,53.325061,-6.244572
95_31,53.325959,-6.244515
95_32,53.326857,-6.244457
95_33,53.327754,-6.244399
95_34,53.328652,-6.244341
95_35,53.32955,-6.244283
95_36,53.330448,-6.244225
95_37,53.331346,-6.244167
95_38,53.332244,-6.244109
95_39,53.333142,-6.244051
95_40,53.334039,-6.243993
95_41,53.334937,-6.243935
95_42,53.335835,-6.243878
95_43,53.336733,-6.24382
95_44,53.337631,-6.243762
95_45,53.338529,-6.243704
95_46,53.339426,-6.243646
95_47,53.340324,-6.243588
95_48,53.341222,-6.24353
95_49,53.34212,-6.243472
95_50,53.343018,-6.243414
95_51,53.343916,-6.243356
95_52,53.344814,-6.243298
95_53,53.345711,-6.24324
95_54,53.346609,-6.243182
95_55,53.347507,-6.243124
95_56,53.348405,-6.243066
95_57,53.349303,-6.243008
95_58,53.350201,-6.24295
95_59,53.351099,-6.242892
95_60,53.351996,-6.242834
95_61,53.352894,-6.242776
95_62,53.353792,-6.242718
95_63,53.35469,-6.24266
95_64,53.355588,-6.242602
95_65,53.356486,-6.242544
95_66,53.357383,-6.242486
95_67,53.358281,-6.242428
95_68,53.359179,-6.24237
95_69,53.360077,-6.242312
95_70,53.360975,-6.242254
95_71,53.361873,-6.242196
95_72,53.362771,-6.242138
95_73,53.363668,-6.24208
95_74,53.364566,-6.242022
95_75,53.365464,-6.241964
95_76,53.366362,-6.241906
95_77,53.36726,-6.241848
95_78,53.368158,-6.24179
95_79,53.369055,-6.241732
95_80,53.369953,-6.241674
95_81,53.370851,-6.241616
95_82,53.371749,-6.241558
95_83,53.372647,-6.2415
95_84,53.373545,-6.241442
95_85,53.374443,-6.241384
95_86,53.37534,-6.241326
95_87,53.376238,-6.241268
95_88,53.377136,-6.24121
95_89,53.378034,-6.241152
95_90,53.378932,-6.241094
95_91,53.37983,-6.241036
95_92,53.380727,-6.240977
95_93,53.381625,-6.240919
95_94,53.382523,-6.240861
95_95,53.383421,-6.240803
95_96,53.384319,-6.240745
95_97,53.385217,-6.240687
95_98,53.386114,-6.240629
95_99,53.387012,-6.240571
95_100,53.38791,-6.240513
95_101,53.388808,-6.240455
95_102,53.389706,-6.240396
95_103,53.390604,-6.240338
95_104,53.391501,-6.24028
95_105,53.392399,-6.240222
95_106,53.393297,-6.240164
95_107,53.394195,-6.240106
95_108,53.395093,-6.240048
95_109,53.395991,-6.23999
95_110,53.396889,-6.239931
95_111,53.397786,-6.239873
95_112,53.398684,-6.239815
95_113,53.399582,-6.239757
95_114,53.40048,-6.239699
95_115,53.401378,-6.239641
95_116,53.402276,-6.239583
95_117,53.403173,-6.239524
95_118,53.404071,-6.239466
95_119,53.404969,-6.239408
95_120,53.405867,-6.23935
95_121,53.406765,-6.239292
95_122,53.407663,-6.239234
95_123,53.40856,-6.239175
95_124,53.409458,-6.239117
95_125,53.410356,-6.239059
95_126,53.411254,-6.239001
96_0,53.298091,-6.244809
96_1,53.298988,-6.244751
96_2,53.299886,-6.244693
96_3,53.300784,-6.244635
96_4,53.301682,-6.244578
96_5,53.30258,-6.24452
96_6,53.303478,-6.244462
96_7,53.304376,-6.244404
96_8,53.305273,-6.244346
96_9,53.306171,-6.244288
96_10,53.307069,-6.244231
96_11,53.307967,-6.244173
96_12,53.308865,-6.244115
96_13,53.309763,-6.244057
96_14,53.310661,-6.243999
96_15,53.311558,-6.243941
96_16,53.312456,-6.243883
96_17,53.313354,-6.243825
96_18,53.314252,-6.243768
96_19,53.31515,-6.24371
96_20,53.316048,-6.243652
96_21,53.316945,-6.243594
96_22,53.317843,-6.243536
96_23,53.318741,-6.243478
96_24,53.319639,-6.24342
96_25,53.320537,-6.243362
96_26,53.321435,-6.243304
96_27,53.322333,-6.243247
96_28,53.32323,-6.243189
96_29,53.324128,-6.243131
96_30,53.325026,-6.243073
96_31,53.325924,-6.243015
96_32,53.326822,-6.242957
96_33,53.32772,-6.242899
96_34,53.328618,-6.242841
96_35,53.329515,-6.242783
96_36,53.330413,-6.242725
96_37,53.331311,-6.242667
96_38,53.332209,-6.242609
96_39,53.333107,-6.242551
96_40,53.334005,-6.242493
96_41,53.334903,-6.242435
96_42,53.3358,-6.242378
96_43,53.336698,-6.24232
96_44,53.337596,-6.242262
96_45,53.338494,-6.242204
96_46,53.339392,-6.242146
96_47,53.34029,-6.242088
96_48,53.341187,-6.24203
96_49,53.342085,-6.241972
96_50,53.342983,-6.241914
96_51,53.343881,-6.241856
96_52,53.344779,-6.241798
96_53,53.345677,-6.24174
96_54,53.346575,-6.241682
96_55,53.347472,-6.241624
96_56,53.34837,-6.241566
96_57,53.349268,-6.241508
96_58,53.350166,-6.24145
96_59,53.351064,-6.241392
96_60,53.351962,-6.241334
96_61,53.352859,-6.241276
96_62,53.353757,-6.241218
96_63,53.354655,-6.24116
96_64,53.355553,-6.241102
96_65,53.356451,-6.241044
96_66,53.357349,-6.240986
96_67,53.358247,-6.240928
96_68,53.359144,-6.24087
96_69,53.360042,-6.240812
96_70,53.36094,-6.240754
96_71,53.361838,-6.240695
96_72,53.362736,-6.240637
96_73,53.363634,-6.240579
96_74,53.364531,-6.240521
96_75,53.365429,-6.240463
96_76,53.366327,-6.240405
96_77,53.367225,-6.240347
96_78,53.368123,-6.240289
96_79,53.369021,-6.240231
96_80,53.369919,-6.240173
96_81,53.370816,-6.240115
96_82,53.371714,-6.240057
96_83,53.372612,-6.239999
96_84,53.37351,-6.239941
96_85,53.374408,-6.239883
96_86,53.375306,-6.239824
96_87,53.376203,-6.239766
96_88,53.377101,-6.239708
96_89,53.377999,-6.23965
96_90,53.378897,-6.239592
96_91,53.379795,-6.239534
96_92,53.380693,-6.239476
96_93,53.381591,-6.239418
96_94,53.382488,-6.23936
96_95,53.383386,-6.239301
96_96,53.384284,-6.239243
96_97,53.385182,-6.239185
96_98,53.38608,-6.239127
96_99,53.386978,-6.239069
96_100,53.387875,-6.239011
96_101,53.388773,-6.238953
96_102,53.389671,-6.238895
96_103,53.390569,-6.238836
96_104,53.391467,-6.238778
96_105,53.392365,-6.23872
96_106,53.393262,-6.238662
96_107,53.39416,-6.238604
96_108,53.395058,-6.238546
96_109,53.395956,-6.238487
96_110,53.396854,-6.238429
96_111,53.397752,-6.238371
96_112,53.398649,-6.238313
96_113,53.399547,-6.238255
96_114,53.400445,-6.238197
96_115,53.401343,-6.238138
96_116,53.402241,-6.23808
96_117,53.403139,-6.238022
96_118,53.404036,-6.237964
96_119,53.404934,-6.237906
96_120,53.405832,-6.237847
96_121,53.40673,-6.237789
96_122,53.407628,-6.237731
96_123,53.408526,-6.237673
96_124,53.409423,-6.237615
96_125,53.410321,-6.237556
96_126,53.411219,-6.237498
97_0,53.298056,-6.24331
97_1,53.298954,-6.243252
97_2,53.299852,-6.243195
97_3,53.300749,-6.243137
97_4,53.301647,-6.243079
97_5,53.302545,-6.243021
97_6,53.303443,-6.242963
97_7,53.304341,-6.242905
97_8,53.305239,-6.242847
97_9,53.306137,-6.242789
97_10,53.307034,-6.242732
97_11,53.307932,-6.242674
97_12,53.30883,-6.242616
97_13,53.309728,-6.242558
97_14,53.310626,-6.2425
97_15,53.311524,-6.242442
97_16,53.312422,-6.242384
97_17,53.313319,-6.242326
97_18,53.314217,-6.242268
97_19,53.315115,-6.24221
97_20,53.316013,-6.242152
97_21,53.316911,-6.242095
97_22,53.317809,-6.242037
97_23,53.318707,-6.241979
97_24,53.319604,-6.241921
97_25,53.320502,-6.241863
97_26,53.3214,-6.241805
97_27,53.322298,-6.241747
97_28,53.323196,-6.241689
97_29,53.324094,-6.241631
97_30,53.324991,-6.241573
97_31,53.325889,-6.241515
97_32,53.326787,-6.241457
97_33,53.327685,-6.241399
97_34,53.328583,-6.241341
97_35,53.329481,-6.241283
97_36,53.330379,-6.241225
97_37,53.331276,-6.241167
97_38,53.332174,-6.241109
97_39,53.333072,-6.241051
97_40,53.33397,-6.240993
97_41,53.334868,-6.240936
97_42,53.335766,-6.240878
97_43,53.336664,-6.24082
97_44,53.337561,-6.240762
97_45,53.338459,-6.240704
97_46,53.339357,-6.240646
97_47,53.340255,-6.240588
97_48,53.341153,-6.24053
97_49,53.342051,-6.240472
97_50,53.342948,-6.240414
97_51,53.343846,-6.240356
97_52,53.344744,-6.240297
97_53,53.345642,-6.240239
97_54,53.34654,-6.240181
97_55,53.347438,-6.240123
97_56,53.348336,-6.240065
97_57,53.349233,-6.240007
97_58,53.350131,-6.239949
97_59,53.351029,-6.239891
97_60,53.351927,-6.239833
97_61,53.352825,-6.239775
97_62,53.353723,-6.239717
97_63,53.35462,-6.239659
97_64,53.355518,-6.239601
97_65,53.356416,-6.239543
97_66,53.357314,-6.239485
97_67,53.358212,-6.239427
97_68,53.35911,-6.239369
97_69,53.360008,-6.239311
97_70,53.360905,-6.239253
97_71,53.361803,-6.239195
97_72,53.362701,-6.239136
97_73,53.363599,-6.239078
97_74,53.364497,-6.23902
97_75,53.365395,-6.238962
97_76,53.366292,-6.238904
97_77,53.36719,-6.238846
97_78,53.368088,-6.238788
97_79,53.368986,-6.23873
97_80,53.369884,-6.238672
97_81,53.370782,-6.238614
97_82,53.371679,-6.238556
97_83,53.372577,-6.238497
97_84,53.373475,-6.238439
97_85,53.374373,-6.238381
97_86,53.375271,-6.238323
97_87,53.376169,-6.238265
97_88,53.377067,-6.238207
97_89,53.377964,-6.238149
97_90,53.378862,-6.238091
97_91,53.37976,-6.238032
97_92,53.380658,-6.237974
97_93,53.381556,-6.237916
97_94,53.382454,-6.237858
97_95,53.383351,-6.2378
97_96,53.384249,-6.237742
97_97,53.385147,-6.237683
97_98,53.386045,-6.237625
97_99,53.386943,-6.237567
97_100,53.387841,-6.237509
97_101,53.388738,-6.237451
97_102,53.389636,-6.237393
97_103,53.390534,-6.237334
97_104,53.391432,-6.237276
97_105,53.39233,-6.237218
97_106,53.393228,-6.23716
97_107,53.394125,-6.237102
97_108,53.395023,-6.237044
97_109,53.395921,-6.236985
97_110,53.396819,-6.236927
97_111,53.397717,-6.236869
97_112,53.398615,-6.236811
97_113,53.399513,-6.236753
97_114,53.40041,-6.236694
97_115,53.401308,-6.236636
97_116,53.402206,-6.236578
97_117,53.403104,-6.23652
97_118,53.404002,-6.236461
97_119,53.4049,-6.236403
97_120,53.405797,-6.236345
97_121,53.406695,-6.236287
97_122,53.407593,-6.236229
97_123,53.408491,-6.23617
97_124,53.409389,-6.236112
97_125,53.410287,-6.236054
97_126,53.411184,-6.235996
98_0,53.298021,-6.241812
98_1,53.298919,-6.241754
98_2,53.299817,-6.241696
98_3,53.300715,-6.241638
98_4,53.301613,-6.24158
98_5,53.30251,-6.241522
98_6,53.303408,-6.241464
98_7,53.304306,-6.241406
98_8,53.305204,-6.241348
98_9,53.306102,-6.24129
98_10,53.307,-6.241233
98_11,53.307898,-6.241175
98_12,53.308795,-6.241117
98_13,53.309693,-6.241059
98_14,53.310591,-6.241001
98_15,53.311489,-6.240943
98_16,53.312387,-6.240885
98_17,53.313285,-6.240827
98_18,53.314183,-6.240769
98_19,53.31508,-6.240711
98_20,53.315978,-6.240653
98_21,53.316876,-6.240595
98_22,53.317774,-6.240537
98_23,53.318672,-6.240479
98_24,53.31957,-6.240421
98_25,53.320468,-6.240363
98_26,53.321365,-6.240305
98_27,53.322263,-6.240247
98_28,53.323161,-6.240189
98_29,53.324059,-6.240131
98_30,53.324957,-6.240074
98_31,53.325855,-6.240016
98_32,53.326752,-6.239958
98_33,53.32765,-6.2399
98_34,53.328548,-6.239842
98_35,53.329446,-6.239784
98_36,53.330344,-6.239726
98_37,53.331242,-6.239668
98_38,53.33214,-6.23961
98_39,53.333037,-6.239552
98_40,53.333935,-6.239494
98_41,53.334833,-6.239436
98_42,53.335731,-6.239378
98_43,53.336629,-6.239319
98_44,53.337527,-6.239261
98_45,53.338425,-6.239203
98_46,53.339322,-6.239145
98_47,53.34022,-6.239087
98_48,53.341118,-6.239029
98_49,53.342016,-6.238971
98_50,53.342914,-6.238913
98_51,53.343812,-6.238855
98_52,53.344709,-6.238797
98_53,53.345607,-6.238739
98_54,53.346505,-6.238681
98_55,53.347403,-6.238623
98_56,53.348301,-6.238565
98_57,53.349199,-6.238507
98_58,53.350097,-6.238449
98_59,53.350994,-6.238391
98_60,53.351892,-6.238333
98_61,53.35279,-6.238275
98_62,53.353688,-6.238216
98_63,53.354586,-6.238158
98_64,53.355484,-6.2381
98_65,53.356381,-6.238042
98_66,53.357279,-6.237984
98_67,53.358177,-6.237926
98_68,53.359075,-6.237868
98_69,53.359973,-6.23781
98_70,53.360871,-6.237752
98_71,53.361768,-6.237694
98_72,53.362666,-6.237636
98_73,53.363564,-6.237577
98_74,53.364462,-6.237519
98_75,53.36536,-6.237461
98_76,53.366258,-6.237403
98_77,53.367156,-6.237345
98_78,53.368053,-6.237287
98_79,53.368951,-6.237229
98_80,53.369849,-6.237171
98_81,53.370747,-6.237112
98_82,53.371645,-6.237054
98_83,53.372543,-6.236996
98_84,53.37344,-6.236938
98_85,53.374338,-6.23688
98_86,53.375236,-6.236822
98_87,53.376134,-6.236763
98_88,53.377032,-6.236705
98_89,53.37793,-6.236647
98_90,53.378827,-6.236589
98_91,53.379725,-6.236531
98_92,53.380623,-6.236473
98_93,53.381521,-6.236414
98_94,53.382419,-6.236356
98_95,53.383317,-6.236298
98_96,53.384214,-6.23624
98_97,53.385112,-6.236182
98_98,53.38601,-6.236124
98_99,53.386908,-6.236065
98_100,53.387806,-6.236007
98_101,53.388704,-6.235949
98_102,53.389602,-6.235891
98_103,53.390499,-6.235833
98_104,53.391397,-6.235774
98_105,53.392295,-6.235716
98_106,53.393193,-6.235658
98_107,53.394091,-6.2356
98_108,53.394989,-6.235541
98_109,53.395886,-6.235483
98_110,53.396784,-6.235425
98_111,53.397682,-6.235367
98_112,53.39858,-6.235309
98_113,53.399478,-6.23525
98_114,53.400376,-6.235192
98_115,53.401273,-6.235134
98_116,53.402171,-6.235076
98_117,53.403069,-6.235017
98_118,53.403967,-6.234959
98_119,53.404865,-6.234901
98_120,53.405763,-6.234843
98_121,53.40666,-6.234784
98_122,53.407558,-6.234726
98_123,53.408456,-6.234668
98_124,53.409354,-6.234609
98_125,53.410252,-6.234551
98_126,53.41115,-6.234493
99_0,53.297986,-6.240313
99_1,53.298884,-6.240255
99_2,53.299782,-6.240197
99_3,53.30068,-6.240139
99_4,53.301578,-6.240081
99_5,53.302476,-6.240023
99_6,53.303374,-6.239965
99_7,53.304271,-6.239907
99_8,53.305169,-6.239849
99_9,53.306067,-6.239791
99_10,53.306965,-6.239734
99_11,53.307863,-6.239676
99_12,53.308761,-6.239618
99_13,53.309659,-6.23956
99_14,53.310556,-6.239502
99_15,53.311454,-6.239444
99_16,53.312352,-6.239386
99_17,53.31325,-6.239328
99_18,53.314148,-6.23927
99_19,53.315046,-6.239212
99_20,53.315944,-6.239154
99_21,53.316841,-6.239096
99_22,53.317739,-6.239038
99_23,53.318637,-6.23898
99_24,53.319535,-6.238922
99_25,53.320433,-6.238864
99_26,53.321331,-6.238806
99_27,53.322228,-6.238748
99_28,53.323126,-6.23869
99_29,53.324024,-6.238632
99_30,53.324922,-6.238574
99_31,53.32582,-6.238516
99_32,53.326718,-6.238458
99_33,53.327616,-6.2384
99_34,53.328513,-6.238342
99_35,53.329411,-6.238284
99_36,53.330309,-6.238226
99_37,53.331207,-6.238168
99_38,53.332105,-6.23811
99_39,53.333003,-6.238052
99_40,53.333901,-6.237994
99_41,53.334798,-6.237936
99_42,53.335696,-6.237877
99_43,53.336594,-6.237819
99_44,53.337492,-6.237761
99_45,53.33839,-6.237703
99_46,53.339288,-6.237645
99_47,53.340185,-6.237587
99_48,53.341083,-6.237529
99_49,53.341981,-6.237471
99_50,53.342879,-6.237413
99_51,53.343777,-6.237355
99_52,53.344675,-6.237297
99_53,53.345573,-6.237239
99_54,53.34647,-6.237181
99_55,53.347368,-6.237123
99_56,53.348266,-6.237064
99_57,53.349164,-6.237006
99_58,53.350062,-6.236948
99_59,53.35096,-6.23689
99_60,53.351857,-6.236832
99_61,53.352755,-6.236774
99_62,53.353653,-6.236716
99_63,53.354551,-6.236658
99_64,53.355449,-6.2366
99_65,53.356347,-6.236542
99_66,53.357244,-6.236483
99_67,53.358142,-6.236425
99_68,53.35904,-6.236367
99_69,53.359938,-6.236309
99_70,53.360836,-6.236251
99_71,53.361734,-6.236193
99_72,53.362632,-6.236135
99_73,53.363529,-6.236076
99_74,53.364427,-6.236018
99_75,53.365325,-6.23596
99_76,53.366223,-6.235902
99_77,53.367121,-6.235844
99_78,53.368019,-6.235786
99_79,53.368916,-6.235727
99_80,53.369814,-6.235669
99_81,53.370712,-6.235611
99_82,53.37161,-6.235553
99_83,53.372508,-6.235495
99_84,53.373406,-6.235437
99_85,53.374303,-6.235378
99_86,53.375201,-6.23532
99_87,53.376099,-6.235262
99_88,53.376997,-6.235204
99_89,53.377895,-6.235146
99_90,53.378793,-6.235087
99_91,53.379691,-6.235029
99_92,53.380588,-6.234971
99_93,53.381486,-6.234913
99_94,53.382384,-6.234855
99_95,53.383282,-6.234796
99_96,53.38418,-6.234738
99_97,53.385078,-6.23468
99_98,53.385975,-6.234622
99_99,53.386873,-6.234564
99_100,53.387771,-6.234505
99_101,53.388669,-6.234447
99_102,53.389567,-6.234389
99_103,53.390465,-6.234331
99_104,53.391362,-6.234272
99_105,53.39226,-6.234214
99_106,53.393158,-6.234156
99_107,53.394056,-6.234098
99_108,53.394954,-6.234039
99_109,53.395852,-6.233981
99_110,53.396749,-6.233923
99_111,53.397647,-6.233865
99_112,53.398545,-6.233806
99_113,53.399443,-6.233748
99_114,53.400341,-6.23369
99_115,53.401239,-6.233631
99_116,53.402136,-6.233573
99_117,53.403034,-6.233515
99_118,53.403932,-6.233457
99_119,53.40483,-6.233398
99_120,53.405728,-6.23334
99_121,53.406626,-6.233282
99_122,53.407523,-6.233223
99_123,53.408421,-6.233165
99_124,53.409319,-6.233107
99_125,53.410217,-6.233049
99_126,53.411115,-6.23299
100_0,53.297952,-6.238814
100_1,53.29885,-6.238756
100_2,53.299747,-6.238698
100_3,53.300645,-6.23864
100_4,53.301543,-6.238582
100_5,53.302441,-6.238524
100_6,53.303339,-6.238466
100_7,53.304237,-6.238408
100_8,53.305135,-6.23835
100_9,53.306032,-6.238292
100_10,53.30693,-6.238235
100_11,53.307828,-6.238177
100_12,53.308726,-6.238119
100_13,53.309624,-6.238061
100_14,53.310522,-6.238003
100_15,53.31142,-6.237945
100_16,53.312317,-6.237887
100_17,53.313215,-6.237829
100_18,53.314113,-6.237771
100_19,53.315011,-6.237713
100_20,53.315909,-6.237655
100_21,53.316807,-6.237597
100_22,53.317705,-6.237538
100_23,53.318602,-6.23748
100_24,53.3195,-6.237422
100_25,53.320398,-6.237364
100_26,53.321296,-6.237306
100_27,53.322194,-6.237248
100_28,53.323092,-6.23719
100_29,53.323989,-6.237132
100_30,53.324887,-6.237074
100_31,53.325785,-6.237016
100_32,53.326683,-6.236958
100_33,53.327581,-6.2369
100_34,53.328479,-6.236842
100_35,53.329377,-6.236784
100_36,53.330274,-6.236726
100_37,53.331172,-6.236668
100_38,53.33207,-6.23661
100_39,53.332968,-6.236552
100_40,53.333866,-6.236494
100_41,53.334764,-6.236436
100_42,53.335661,-6.236377
100_43,53.336559,-6.236319
100_44,53.337457,-6.236261
100_45,53.338355,-6.236203
100_46,53.339253,-6.236145
100_47,53.340151,-6.236087
100_48,53.341049,-6.236029
100_49,53.341946,-6.235971
100_50,53.342844,-6.235913
100_51,53.343742,-6.235855
100_52,53.34464,-6.235797
100_53,53.345538,-6.235738
100_54,53.346436,-6.23568
100_55,53.347333,-6.235622
100_56,53.348231,-6.235564
100_57,53.349129,-6.235506
100_58,53.350027,-6.235448
100_59,53.350925,-6.23539
100_60,53.351823,-6.235331
100_61,53.352721,-6.235273
100_62,53.353618,-6.235215
100_63,53.354516,-6.235157
100_64,53.355414,-6.235099
100_65,53.356312,-6.235041
100_66,53.35721,-6.234983
100_67,53.358108,-6.234924
100_68,53.359005,-6.234866
100_69,53.359903,-6.234808
100_70,53.360801,-6.23475
100_71,53.361699,-6.234692
100_72,53.362597,-6.234634
100_73,53.363495,-6.234575
100_74,53.364392,-6.234517
100_75,53.36529,-6.234459
100_76,53.366188,-6.234401
100_77,53.367086,-6.234343
100_78,53.367984,-6.234285
100_79,53.368882,-6.234226
100_80,53.369779,-6.234168
100_81,53.370677,-6.23411
100_82,53.371575,-6.234052
100_83,53.372473,-6.233993
100_84,53.373371,-6.233935
100_85,53.374269,-6.233877
100_86,53.375167,-6.233819
100_87,53.376064,-6.233761
100_88,53.376962,-6.233702
100_89,53.37786,-6.233644
100_90,53.378758,-6.233586
100_91,53.379656,-6.233528
100_92,53.380554,-6.233469
100_93,53.381451,-6.233411
100_94,53.382349,-6.233353
100_95,53.383247,-6.233295
100_96,53.384145,-6.233237
100_97,53.385043,-6.233178
100_98,53.385941,-6.23312
100_99,53.386838,-6.233062
100_100,53.387736,-6.233003
100_101,53.388634,-6.232945
100_102,53.389532,-6.232887
100_103,53.39043,-6.232829
100_104,53.391328,-6.23277
100_105,53.392225,-6.232712
100_106,53.393123,-6.232654
100_107,53.394021,-6.232596
100_108,53.394919,-6.232537
100_109,53.395817,-6.232479
100_110,53.396715,-6.232421
100_111,53.397612,-6.232362
100_112,53.39851,-6.232304
100_113,53.399408,-6.232246
100_114,53.400306,-6.232187
100_115,53.401204,-6.232129
100_116,53.402102,-6.232071
100_117,53.402999,-6.232013
100_118,53.403897,-6.231954
100_119,53.404795,-6.231896
100_120,53.405693,-6.231838
100_121,53.406591,-6.231779
100_122,53.407489,-6.231721
100_123,53.408386,-6.231663
100_124,53.409284,-6.231604
100_125,53.410182,-6.231546
100_126,53.41108,-6.231488
101_0,53.297917,-6.237315
101_1,53.298815,-6.237258
101_2,53.299713,-6.2372
101_3,53.300611,-6.237142
101_4,53.301508,-6.237084
101_5,53.302406,-6.237026
101_6,53.303304,-6.236968
101_7,53.304202,-6.23691
101_8,53.3051,-6.236852
101_9,53.305998,-6.236794
101_10,53.306896,-6.236736
101_11,53.307793,-6.236677
101_12,53.308691,-6.236619
101_13,53.309589,-6.236561
101_14,53.310487,-6.236503
101_15,53.311385,-6.236445
101_16,53.312283,-6.236387
101_17,53.313181,-6.236329
101_18,53.314078,-6.236271
101_19,53.314976,-6.236213
101_20,53.315874,-6.236155
101_21,53.316772,-6.236097
101_22,53.31767,-6.236039
101_23,53.318568,-6.235981
101_24,53.319465,-6.235923
101_25,53.320363,-6.235865
101_26,53.321261,-6.235807
101_27,53.322159,-6.235749
101_28,53.323057,-6.235691
101_29,53.323955,-6.235633
101_30,53.324853,-6.235575
101_31,53.32575,-6.235517
101_32,53.326648,-6.235458
101_33,53.327546,-6.2354
101_34,53.328444,-6.235342
101_35,53.329342,-6.235284
101_36,53.33024,-6.235226
101_37,53.331137,-6.235168
101_38,53.332035,-6.23511
101_39,53.332933,-6.235052
101_40,53.333831,-6.234994
101_41,53.334729,-6.234936
101_42,53.335627,-6.234877
101_43,53.336525,-6.234819
101_44,53.337422,-6.234761
101_45,53.33832,-6.234703
101_46,53.339218,-6.234645
101_47,53.340116,-6.234587
101_48,53.341014,-6.234529
101_49,53.341912,-6.234471
101_50,53.342809,-6.234412
101_51,53.343707,-6.234354
101_52,53.344605,-6.234296
101_53,53.345503,-6.234238
101_54,53.346401,-6.23418
101_55,53.347299,-6.234122
101_56,53.348196,-6.234064
101_57,53.349094,-6.234005
101_58,53.349992,-6.233947
101_59,53.35089,-6.233889
101_60,53.351788,-6.233831
101_61,53.352686,-6.233773
101_62,53.353584,-6.233715
101_63,53.354481,-6.233656
101_64,53.355379,-6.233598
101_65,53.356277,-6.23354
101_66,53.357175,-6.233482
101_67,53.358073,-6.233424
101_68,53.358971,-6.233365
101_69,53.359868,-6.233307
101_70,53.360766,-6.233249
101_71,53.361664,-6.233191
101_72,53.362562,-6.233133
101_73,53.36346,-6.233074
101_74,53.364358,-6.233016
101_75,53.365255,-6.232958
101_76,53.366153,-6.2329
101_77,53.367051,-6.232842
101_78,53.367949,-6.232783
101_79,53.368847,-6.232725
101_80,53.369745,-6.232667
101_81,53.370642,-6.232609
101_82,53.37154,-6.23255
101_83,53.372438,-6.232492
101_84,53.373336,-6.232434
101_85,53.374234,-6.232376
101_86,53.375132,-6.232317
101_87,53.37603,-6.232259
101_88,53.376927,-6.232201
101_89,53.377825,-6.232143
101_90,53.378723,-6.232084
101_91,53.379621,-6.232026
101_92,53.380519,-6.231968
101_93,53.381417,-6.23191
101_94,53.382314,-6.231851
101_95,53.383212,-6.231793
101_96,53.38411,-6.231735
101_97,53.385008,-6.231677
101_98,53.385906,-6.231618
101_99,53.386804,-6.23156
101_100,53.387701,-6.231502
101_101,53.388599,-6.231443
101_102,53.389497,-6.231385
101_103,53.390395,-6.231327
101_104,53.391293,-6.231268
101_105,53.392191,-6.23121
101_106,53.393088,-6.231152
101_107,53.393986,-6.231094
101_108,53.394884,-6.231035
101_109,53.395782,-6.230977
101_110,53.39668,-6.230919
101_111,53.397578,-6.23086
101_112,53.398475,-6.230802
101_113,53.399373,-6.230744
101_114,53.400271,-6.230685
101_115,53.401169,-6.230627
101_116,53.402067,-6.230569
101_117,53.402965,-6.23051
101_118,53.403862,-6.230452
101_119,53.40476,-6.230393
101_120,53.405658,-6.230335
101_121,53.406556,-6.230277
101_122,53.407454,-6.230218
101_123,53.408352,-6.23016
101_124,53.409249,-6.230102
101_125,53.410147,-6.230043
101_126,53.411045,-6.229985
102_0,53.297882,-6.235817
102_1,53.29878,-6.235759
102_2,53.299678,-6.235701
102_3,53.300576,-6.235643
102_4,53.301474,-6.235585
102_5,53.302372,-6.235527
102_6,53.303269,-6.235469
102_7,53.304167,-6.235411
102_8,53.305065,-6.235353
102_9,53.305963,-6.235295
102_10,53.306861,-6.235237
102_11,53.307759,-6.235178
102_12,53.308657,-6.23512
102_13,53.309554,-6.235062
102_14,53.310452,-6.235004
102_15,53.31135,-6.234946
102_16,53.312248,-6.234888
102_17,53.313146,-6.23483
102_18,53.314044,-6.234772
102_19,53.314941,-6.234714
102_20,53.315839,-6.234656
102_21,53.316737,-6.234598
102_22,53.317635,-6.23454
102_23,53.318533,-6.234482
102_24,53.319431,-6.234424
102_25,53.320329,-6.234365
102_26,53.321226,-6.234307
102_27,53.322124,-6.234249
102_28,53.323022,-6.234191
102_29,53.32392,-6.234133
102_30,53.324818,-6.234075
102_31,53.325716,-6.234017
102_32,53.326613,-6.233959
102_33,53.327511,-6.233901
102_34,53.328409,-6.233843
102_35,53.329307,-6.233784
102_36,53.330205,-6.233726
102_37,53.331103,-6.233668
102_38,53.332001,-6.23361
102_39,53.332898,-6.233552
102_40,53.333796,-6.233494
102_41,53.334694,-6.233436
102_42,53.335592,-6.233377
102_43,53.33649,-6.233319
102_44,53.337388,-6.233261
102_45,53.338285,-6.233203
102_46,53.339183,-6.233145
102_47,53.340081,-6.233087
102_48,53.340979,-6.233029
102_49,53.341877,-6.23297
102_50,53.342775,-6.232912
102_51,53.343672,-6.232854
102_52,53.34457,-6.232796
102_53,53.345468,-6.232738
102_54,53.346366,-6.23268
102_55,53.347264,-6.232621
102_56,53.348162,-6.232563
102_57,53.34906,-6.232505
102_58,53.349957,-6.232447
102_59,53.350855,-6.232389
102_60,53.351753,-6.23233
102_61,53.352651,-6.232272
102_62,53.353549,-6.232214
102_63,53.354447,-6.232156
102_64,53.355344,-6.232098
102_65,53.356242,-6.232039
102_66,53.35714,-6.231981
102_67,53.358038,-6.231923
102_68,53.358936,-6.231865
102_69,53.359834,-6.231806
102_70,53.360731,-6.231748
102_71,53.361629,-6.23169
102_72,53.362527,-6.231632
102_73,53.363425,-6.231573
102_74,53.364323,-6.231515
102_75,53.365221,-6.231457
102_76,53.366118,-6.231399
102_77,53.367016,-6.23134
102_78,53.367914,-6.231282
102_79,53.368812,-6.231224
102_80,53.36971,-6.231166
102_81,53.370608,-6.231107
102_82,53.371505,-6.231049
102_83,53.372403,-6.230991
102_84,53.373301,-6.230933
102_85,53.374199,-6.230874
102_86,53.375097,-6.230816
102_87,53.375995,-6.230758
102_88,53.376893,-6.2307
102_89,53.37779,-6.230641
102_90,53.378688,-6.230583
102_91,53.379586,-6.230525
102_92,53.380484,-6.230466
102_93,53.381382,-6.230408
102_94,53.38228,-6.23035
102_95,53.383177,-6.230291
102_96,53.384075,-6.230233
102_97,53.384973,-6.230175
102_98,53.385871,-6.230116
102_99,53.386769,-6.230058
102_100,53.387667,-6.23
102_101,53.388564,-6.229941
102_102,53.389462,-6.229883
102_103,53.39036,-6.229825
102_104,53.391258,-6.229766
102_105,53.392156,-6.229708
102_106,53.393054,-6.22965
102_107,53.393951,-6.229591
102_108,53.394849,-6.229533
102_109,53.395747,-6.229475
102_110,53.396645,-6.229416
102_111,53.397543,-6.229358
102_112,53.39844,-6.2293
102_113,53.399338,-6.229241
102_114,53.400236,-6.229183
102_115,53.401134,-6.229125
102_116,53.402032,-6.229066
102_117,53.40293,-6.229008
102_118,53.403827,-6.228949
102_119,53.404725,-6.228891
102_120,53.405623,-6.228833
102_121,53.406521,-6.228774
102_122,53.407419,-6.228716
102_123,53.408317,-6.228657
102_124,53.409214,-6.228599
102_125,53.410112,-6.228541
102_126,53.41101,-6.228482
103_0,53.297848,-6.234318
103_1,53.298745,-6.23426
103_2,53.299643,-6.234202
103_3,53.300541,-6.234144
103_4,53.301439,-6.234086
103_5,53.302337,-6.234028
103_6,53.303235,-6.23397
103_7,53.304132,-6.233912
103_8,53.30503,-6.233854
103_9,53.305928,-6.233796
103_10,53.306826,-6.233738
103_11,53.307724,-6.233679
103_12,53.308622,-6.233621
103_13,53.30952,-6.233563
103_14,53.310417,-6.233505
103_15,53.311315,-6.233447
103_16,53.312213,-6.233389
103_17,53.313111,-6.233331
103_18,53.314009,-6.233273
103_19,53.314907,-6.233215
103_20,53.315805,-6.233157
103_21,53.316702,-6.233098
103_22,53.3176,-6.23304
103_23,53.318498,-6.232982
103_24,53.319396,-6.232924
103_25,53.320294,-6.232866
103_26,53.321192,-6.232808
103_27,53.322089,-6.23275
103_28,53.322987,-6.232692
103_29,53.323885,-6.232634
103_30,53.324783,-6.232575
103_31,53.325681,-6.232517
103_32,53.326579,-6.232459
103_33,53.327476,-6.232401
103_34,53.328374,-6.232343
103_35,53.329272,-6.232285
103_36,53.33017,-6.232226
103_37,53.331068,-6.232168
103_38,53.331966,-6.23211
103_39,53.332864,-6.232052
103_40,53.333761,-6.231994
103_41,53.334659,-6.231936
103_42,53.335557,-6.231877
103_43,53.336455,-6.231819
103_44,53.337353,-6.231761
103_45,53.338251,-6.231703
103_46,53.339148,-6.231645
103_47,53.340046,-6.231587
103_48,53.340944,-6.231528
103_49,53.341842,-6.23147
103_50,53.34274,-6.231412
103_51,53.343638,-6.231354
103_52,53.344535,-6.231296
103_53,53.345433,-6.231237
103_54,53.346331,-6.231179
103_55,53.347229,-6.231121
103_56,53.348127,-6.231063
103_57,53.349025,-6.231004
103_58,53.349923,-6.230946
103_59,53.35082,-6.230888
103_60,53.351718,-6.23083
103_61,53.352616,-6.230772
103_62,53.353514,-6.230713
103_63,53.354412,-6.230655
103_64,53.35531,-6.230597
103_65,53.356207,-6.230539
103_66,53.357105,-6.23048
103_67,53.358003,-6.230422
103_68,53.358901,-6.230364
103_69,53.359799,-6.230306
103_70,53.360697,-6.230247
103_71,53.361594,-6.230189
103_72,53.362492,-6.230131
103_73,53.36339,-6.230073
103_74,53.364288,-6.230014
103_75,53.365186,-6.229956
103_76,53.366084,-6.229898
103_77,53.366981,-6.229839
103_78,53.367879,-6.229781
103_79,53.368777,-6.229723
103_80,53.369675,-6.229665
103_81,53.370573,-6.229606
103_82,53.371471,-6.229548
103_83,53.372368,-6.22949
103_84,53.373266,-6.229431
103_85,53.374164,-6.229373
103_86,53.375062,-6.229315
103_87,53.37596,-6.229256
103_88,53.376858,-6.229198
103_89,53.377755,-6.22914
103_90,53.378653,-6.229081
103_91,53.379551,-6.229023
103_92,53.380449,-6.228965
103_93,53.381347,-6.228906
103_94,53.382245,-6.228848
103_95,53.383142,-6.22879
103_96,53.38404,-6.228731
103_97,53.384938,-6.228673
103_98,53.385836,-6.228615
103_99,53.386734,-6.228556
103_100,53.387632,-6.228498
103_101,53.388529,-6.22844
103_102,53.389427,-6.228381
103_103,53.390325,-6.228323
103_104,53.391223,-6.228265
103_105,53.392121,-6.228206
103_106,53.393019,-6.228148
103_107,53.393916,-6.228089
103_108,53.394814,-6.228031
103_109,53.395712,-6.227973
103_110,53.39661,-6.227914
103_111,53.397508,-6.227856
103_112,53.398406,-6.227797
103_113,53.399303,-6.227739
103_114,53.400201,-6.227681
103_115,53.401099,-6.227622
103_116,53.401997,-6.227564
103_117,53.402895,-6.227505
103_118,53.403793,-6.227447
103_119,53.40469,-6.227389
103_120,53.405588,-6.22733
103_121,53.406486,-6.227272
103_122,53.407384,-6.227213
103_123,53.408282,-6.227155
103_124,53.40918,-6.227097
103_125,53.410077,-6.227038
103_126,53.410975,-6.22698
104_0,53.297813,-6.232819
104_1,53.298711,-6.232761
104_2,53.299608,-6.232703
104_3,53.300506,-6.232645
104_4,53.301404,-6.232587
104_5,53.302302,-6.232529
104_6,53.3032,-6.232471
104_7,53.304098,-6.232413
104_8,53.304996,-6.232355
104_9,53.305893,-6.232297
104_10,53.306791,-6.232239
104_11,53.307689,-6.23218
104_12,53.308587,-6.232122
104_13,53.309485,-6.232064
104_14,53.310383,-6.232006
104_15,53.31128,-6.231948
104_16,53.312178,-6.23189
104_17,53.313076,-6.231832
104_18,53.313974,-6.231774
104_19,53.314872,-6.231715
104_20,53.31577,-6.231657
104_21,53.316668,-6.231599
104_22,53.317565,-6.231541
104_23,53.318463,-6.231483
104_24,53.319361,-6.231425
104_25,53.320259,-6.231367
104_26,53.321157,-6.231308
104_27,53.322055,-6.23125
104_28,53.322952,-6.231192
104_29,53.32385,-6.231134
104_30,53.324748,-6.231076
104_31,53.325646,-6.231018
104_32,53.326544,-6.230959
104_33,53.327442,-6.230901
104_34,53.32834,-6.230843
104_35,53.329237,-6.230785
104_36,53.330135,-6.230727
104_37,53.331033,-6.230668
104_38,53.331931,-6.23061
104_39,53.332829,-6.230552
104_40,53.333727,-6.230494
104_41,53.334624,-6.230436
104_42,53.335522,-6.230377
104_43,53.33642,-6.230319
104_44,53.337318,-6.230261
104_45,53.338216,-6.230203
104_46,53.339114,-6.230145
104_47,53.340011,-6.230086
104_48,53.340909,-6.230028
104_49,53.341807,-6.22997
104_50,53.342705,-6.229912
104_51,53.343603,-6.229853
104_52,53.344501,-6.229795
104_53,53.345398,-6.229737
104_54,53.346296,-6.229679
104_55,53.347194,-6.229621
104_56,53.348092,-6.229562
104_57,53.34899,-6.229504
104_58,53.349888,-6.229446
104_59,53.350786,-6.229387
104_60,53.351683,-6.229329
104_61,53.352581,-6.229271
104_62,53.353479,-6.229213
104_63,53.354377,-6.229154
104_64,53.355275,-6.229096
104_65,53.356173,-6.229038
104_66,53.35707,-6.22898
104_67,53.357968,-6.228921
104_68,53.358866,-6.228863
104_69,53.359764,-6.228805
104_70,53.360662,-6.228746
104_71,53.36156,-6.228688
104_72,53.362457,-6.22863
104_73,53.363355,-6.228572
104_74,53.364253,-6.228513
104_75,53.365151,-6.228455
104_76,53.366049,-6.228397
104_77,53.366947,-6.228338
104_78,53.367844,-6.22828
104_79,53.368742,-6.228222
104_80,53.36964,-6.228163
104_81,53.370538,-6.228105
104_82,53.371436,-6.228047
104_83,53.372334,-6.227988
104_84,53.373231,-6.22793
104_85,53.374129,-6.227872
104_86,53.375027,-6.227813
104_87,53.375925,-6.227755
104_88,53.376823,-6.227697
104_89,53.377721,-6.227638
104_90,53.378618,-6.22758
104_91,53.379516,-6.227522
104_92,53.380414,-6.227463
104_93,53.381312,-6.227405
104_94,53.38221,-6.227346
104_95,53.383108,-6.227288
104_96,53.384005,-6.22723
104_97,53.384903,-6.227171
104_98,53.385801,-6.227113
104_99,53.386699,-6.227055
104_100,53.387597,-6.226996
104_101,53.388495,-6.226938
104_102,53.389392,-6.226879
104_103,53.39029,-6.226821
104_104,53.391188,-6.226763
104_105,53.392086,-6.226704
104_106,53.392984,-6.226646
104_107,53.393882,-6.226587
104_108,53.394779,-6.226529
104_109,53.395677,-6.226471
104_110,53.396575,-6.226412
104_111,53.397473,-6.226354
104_112,53.398371,-6.226295
104_113,53.399269,-6.226237
104_114,53.400166,-6.226178
104_115,53.401064,-6.22612
104_116,53.401962,-6.226062
104_117,53.40286,-6.226003
104_118,53.403758,-6.225945
104_119,53.404655,-6.225886
104_120,53.405553,-6.225828
104_121,53.406451,-6.225769
104_122,53.407349,-6.225711
104_123,53.408247,-6.225652
104_124,53.409145,-6.225594
104_125,53.410042,-6.225535
104_126,53.41094,-6.225477
105_0,53.297778,-6.231321
105_1,53.298676,-6.231263
105_2,53.299574,-6.231205
105_3,53.300472,-6.231146
105_4,53.301369,-6.231088
105_5,53.302267,-6.23103
105_6,53.303165,-6.230972
105_7,53.304063,-6.230914
105_8,53.304961,-6.230856
105_9,53.305859,-6.230798
105_10,53.306756,-6.23074
105_11,53.307654,-6.230681
105_12,53.308552,-6.230623
105_13,53.30945,-6.230565
105_14,53.310348,-6.230507
105_15,53.311246,-6.230449
105_16,53.312143,-6.230391
105_17,53.313041,-6.230332
105_18,53.313939,-6.230274
105_19,53.314837,-6.230216
105_20,53.315735,-6.230158
105_21,53.316633,-6.2301
105_22,53.317531,-6.230042
105_23,53.318428,-6.229983
105_24,53.319326,-6.229925
105_25,53.320224,-6.229867
105_26,53.321122,-6.229809
105_27,53.32202,-6.229751
105_28,53.322918,-6.229693
105_29,53.323815,-6.229634
105_30,53.324713,-6.229576
105_31,53.325611,-6.229518
105_32,53.326509,-6.22946
105_33,53.327407,-6.229402
105_34,53.328305,-6.229343
105_35,53.329203,-6.229285
105_36,53.3301,-6.229227
105_37,53.330998,-6.229169
105_38,53.331896,-6.22911
105_39,53.332794,-6.229052
105_40,53.333692,-6.228994
105_41,53.33459,-6.228936
105_42,53.335487,-6.228877
105_43,53.336385,-6.228819
105_44,53.337283,-6.228761
105_45,53.338181,-6.228703
105_46,53.339079,-6.228645
105_47,53.339977,-6.228586
105_48,53.340874,-6.228528
105_49,53.341772,-6.22847
105_50,53.34267,-6.228411
105_51,53.343568,-6.228353
105_52,53.344466,-6.228295
105_53,53.345364,-6.228237
105_54,53.346261,-6.228178
105_55,53.347159,-6.22812
105_56,53.348057,-6.228062
105_57,53.348955,-6.228004
105_58,53.349853,-6.227945
105_59,53.350751,-6.227887
105_60,53.351648,-6.227829
105_61,53.352546,-6.22777
105_62,53.353444,-6.227712
105_63,53.354342,-6.227654
105_64,53.35524,-6.227595
105_65,53.356138,-6.227537
105_66,53.357036,-6.227479
105_67,53.357933,-6.227421
105_68,53.358831,-6.227362
105_69,53.359729,-6.227304
105_70,53.360627,-6.227246
105_71,53.361525,-6.227187
105_72,53.362423,-6.227129
105_73,53.36332,-6.227071
105_74,53.364218,-6.227012
105_75,53.365116,-6.226954
105_76,53.366014,-6.226896
105_77,53.366912,-6.226837
105_78,53.36781,-6.226779
105_79,53.368707,-6.22672
105_80,53.369605,-6.226662
105_81,53.370503,-6.226604
105_82,53.371401,-6.226545
105_83,53.372299,-6.226487
105_84,53.373197,-6.226429
105_85,53.374094,-6.22637
105_86,53.374992,-6.226312
105_87,53.37589,-6.226254
105_88,53.376788,-6.226195
105_89,53.377686,-6.226137
105_90,53.378584,-6.226078
105_91,53.379481,-6.22602
105_92,53.380379,-6.225962
105_93,53.381277,-6.225903
105_94,53.382175,-6.225845
105_95,53.383073,-6.225786
105_96,53.383971,-6.225728
105_97,53.384868,-6.22567
105_98,53.385766,-6.225611
105_99,53.386664,-6.225553
105_100,53.387562,-6.225494
105_101,53.38846,-6.225436
105_102,53.389357,-6.225378
105_103,53.390255,-6.225319
105_104,53.391153,-6.225261
105_105,53.392051,-6.225202
105_106,53.392949,-6.225144
105_107,53.393847,-6.225085
105_108,53.394744,-6.225027
105_109,53.395642,-6.224968
105_110,53.39654,-6.22491
105_111,53.397438,-6.224852
105_112,53.398336,-6.224793
105_113,53.399234,-6.224735
105_114,53.400131,-6.224676
105_115,53.401029,-6.224618
105_116,53.401927,-6.224559
105_117,53.402825,-6.224501
105_118,53.403723,-6.224442
105_119,53.404621,-6.224384
105_120,53.405518,-6.224325
105_121,53.406416,-6.224267
105_122,53.407314,-6.224208
105_123,53.408212,-6.22415
105_124,53.40911,-6.224091
105_125,53.410008,-6.224033
105_126,53.410905,-6.223974
106_0,53.297743,-6.229822
106_1,53.298641,-6.229764
106_2,53.299539,-6.229706
106_3,53.300437,-6.229648
106_4,53.301335,-6.22959
106_5,53.302232,-6.229531
106_6,53.30313,-6.229473
106_7,53.304028,-6.229415
106_8,53.304926,-6.229357
106_9,53.305824,-6.229299
106_10,53.306722,-6.229241
106_11,53.307619,-6.229182
106_12,53.308517,-6.229124
106_13,53.309415,-6.229066
106_14,53.310313,-6.229008
106_15,53.311211,-6.22895
106_16,53.312109,-6.228891
106_17,53.313007,-6.228833
106_18,53.313904,-6.228775
106_19,53.314802,-6.228717
106_20,53.3157,-6.228659
106_21,53.316598,-6.2286
106_22,53.317496,-6.228542
106_23,53.318394,-6.228484
106_24,53.319291,-6.228426
106_25,53.320189,-6.228368
106_26,53.321087,-6.228309
106_27,53.321985,-6.228251
106_28,53.322883,-6.228193
106_29,53.323781,-6.228135
106_30,53.324678,-6.228077
106_31,53.325576,-6.228018
106_32,53.326474,-6.22796
106_33,53.327372,-6.227902
106_34,53.32827,-6.227844
106_35,53.329168,-6.227785
106_36,53.330065,-6.227727
106_37,53.330963,-6.227669
106_38,53.331861,-6.227611
106_39,53.332759,-6.227552
106_40,53.333657,-6.227494
106_41,53.334555,-6.227436
106_42,53.335453,-6.227377
106_43,53.33635,-6.227319
106_44,53.337248,-6.227261
106_45,53.338146,-6.227203
106_46,53.339044,-6.227144
106_47,53.339942,-6.227086
106_48,53.34084,-6.227028
106_49,53.341737,-6.22697
106_50,53.342635,-6.226911
106_51,53.343533,-6.226853
106_52,53.344431,-6.226795
106_53,53.345329,-6.226736
106_54,53.346227,-6.226678
106_55,53.347124,-6.22662
106_56,53.348022,-6.226561
106_57,53.34892,-6.226503
106_58,53.349818,-6.226445
106_59,53.350716,-6.226386
106_60,53.351614,-6.226328
106_61,53.352511,-6.22627
106_62,53.353409,-6.226211
106_63,53.354307,-6.226153
106_64,53.355205,-6.226095
106_65,53.356103,-6.226036
106_66,53.357001,-6.225978
106_67,53.357898,-6.22592
106_68,53.358796,-6.225861
106_69,53.359694,-6.225803
106_70,53.360592,-6.225745
106_71,53.36149,-6.225686
106_72,53.362388,-6.225628
106_73,53.363285,-6.22557
106_74,53.364183,-6.225511
106_75,53.365081,-6.225453
106_76,53.365979,-6.225394
106_77,53.366877,-6.225336
106_78,53.367775,-6.225278
106_79,53.368672,-6.225219
106_80,53.36957,-6.225161
106_81,53.370468,-6.225103
106_82,53.371366,-6.225044
106_83,53.372264,-6.224986
106_84,53.373162,-6.224927
106_85,53.374059,-6.224869
106_86,53.374957,-6.224811
106_87,53.375855,-6.224752
106_88,53.376753,-6.224694
106_89,53.377651,-6.224635
106_90,53.378549,-6.224577
106_91,53.379446,-6.224518
106_92,53.380344,-6.22446
106_93,53.381242,-6.224402
106_94,53.38214,-6.224343
106_95,53.383038,-6.224285
106_96,53.383936,-6.224226
106_97,53.384833,-6.224168
106_98,53.385731,-6.224109
106_99,53.386629,-6.224051
106_100,53.387527,-6.223993
106_101,53.388425,-6.223934
106_102,53.389323,-6.223876
106_103,53.39022,-6.223817
106_104,53.391118,-6.223759
106_105,53.392016,-6.2237
106_106,53.392914,-6.223642
106_107,53.393812,-6.223583
106_108,53.39471,-6.223525
106_109,53.395607,-6.223466
106_110,53.396505,-6.223408
106_111,53.397403,-6.223349
106_112,53.398301,-6.223291
106_113,53.399199,-6.223232
106_114,53.400096,-6.223174
106_115,53.400994,-6.223115
106_116,53.401892,-6.223057
106_117,53.40279,-6.222998
106_118,53.403688,-6.22294
106_119,53.404586,-6.222881
106_120,53.405483,-6.222823
106_121,53.406381,-6.222764
106_122,53.407279,-6.222706
106_123,53.408177,-6.222647
106_124,53.409075,-6.222589
106_125,53.409973,-6.22253
106_126,53.41087,-6.222472
107_0,53.297708,-6.228323
107_1,53.298606,-6.228265
107_2,53.299504,-6.228207
107_3,53.300402,-6.228149
107_4,53.3013,-6.228091
107_5,53.302198,-6.228033
107_6,53.303095,-6.227974
107_7,53.303993,-6.227916
107_8,53.304891,-6.227858
107_9,53.305789,-6.2278
107_10,53.306687,-6.227742
107_11,53.307585,-6.227683
107_12,53.308482,-6.227625
107_13,53.30938,-6.227567
107_14,53.310278,-6.227509
107_15,53.311176,-6.227451
107_16,53.312074,-6.227392
107_17,53.312972,-6.227334
107_18,53.313869,-6.227276
107_19,53.314767,-6.227218
107_20,53.315665,-6.227159
107_21,53.316563,-6.227101
107_22,53.317461,-6.227043
107_23,53.318359,-6.226985
107_24,53.319257,-6.226926
107_25,53.320154,-6.226868
107_26,53.321052,-6.22681
107_27,53.32195,-6.226752
107_28,53.322848,-6.226693
107_29,53.323746,-6.226635
107_30,53.324644,-6.226577
107_31,53.325541,-6.226519
107_32,53.326439,-6.22646
107_33,53.327337,-6.226402
107_34,53.328235,-6.226344
107_35,53.329133,-6.226286
107_36,53.330031,-6.226227
107_37,53.330928,-6.226169
107_38,53.331826,-6.226111
107_39,53.332724,-6.226052
107_40,53.333622,-6.225994
107_41,53.33452,-6.225936
107_42,53.335418,-6.225878
107_43,53.336315,-6.225819
107_44,53.337213,-6.225761
107_45,53.338111,-6.225703
107_46,53.339009,-6.225644
107_47,53.339907,-6.225586
107_48,53.340805,-6.225528
107_49,53.341703,-6.225469
107_50,53.3426,-6.225411
107_51,53.343498,-6.225353
107_52,53.344396,-6.225294
107_53,53.345294,-6.225236
107_54,53.346192,-6.225178
107_55,53.34709,-6.225119
107_56,53.347987,-6.225061
107_57,53.348885,-6.225003
107_58,53.349783,-6.224944
107_59,53.350681,-6.224886
107_60,53.351579,-6.224828
107_61,53.352477,-6.224769
107_62,53.353374,-6.224711
107_63,53.354272,-6.224652
107_64,53.35517,-6.224594
107_65,53.356068,-6.224536
107_66,53.356966,-6.224477
107_67,53.357864,-6.224419
107_68,53.358761,-6.224361
107_69,53.359659,-6.224302
107_70,53.360557,-6.224244
107_71,53.361455,-6.224185
107_72,53.362353,-6.224127
107_73,53.363251,-6.224069
107_74,53.364148,-6.22401
107_75,53.365046,-6.223952
107_76,53.365944,-6.223893
107_77,53.366842,-6.223835
107_78,53.36774,-6.223777
107_79,53.368638,-6.223718
107_80,53.369535,-6.22366
107_81,53.370433,-6.223601
107_82,53.371331,-6.223543
107_83,53.372229,-6.223484
107_84,53.373127,-6.223426
107_85,53.374025,-6.223368
107_86,53.374922,-6.223309
107_87,53.37582,-6.223251
107_88,53.376718,-6.223192
107_89,53.377616,-6.223134
107_90,53.378514,-6.223075
107_91,53.379411,-6.223017
107_92,53.380309,-6.222958
107_93,53.381207,-6.2229
107_94,53.382105,-6.222842
107_95,53.383003,-6.222783
107_96,53.383901,-6.222725
107_97,53.384798,-6.222666
107_98,53.385696,-6.222608
107_99,53.386594,-6.222549
107_100,53.387492,-6.222491
107_101,53.38839,-6.222432
107_102,53.389288,-6.222374
107_103,53.390185,-6.222315
107_104,53.391083,-6.222257
107_105,53.391981,-6.222198
107_106,53.392879,-6.22214
107_107,53.393777,-6.222081
107_108,53.394675,-6.222023
107_109,53.395572,-6.221964
107_110,53.39647,-6.221906
107_111,53.397368,-6.221847
107_112,53.398266,-6.221789
107_113,53.399164,-6.22173
107_114,53.400061,-6.221672
107_115,53.400959,-6.221613
107_116,53.401857,-6.221555
107_117,53.402755,-6.221496
107_118,53.403653,-6.221438
107_119,53.404551,-6.221379
107_120,53.405448,-6.22132
107_121,53.406346,-6.221262
107_122,53.407244,-6.221203
107_123,53.408142,-6.221145
107_124,53.40904,-6.221086
107_125,53.409938,-6.221028
107_126,53.410835,-6.220969
108_0,53.297673,-6.226825
108_1,53.298571,-6.226767
108_2,53.299469,-6.226708
108_3,53.300367,-6.22665
108_4,53.301265,-6.226592
108_5,53.302163,-6.226534
108_6,53.303061,-6.226475
108_7,53.303958,-6.226417
108_8,53.304856,-6.226359
108_9,53.305754,-6.226301
108_10,53.306652,-6.226243
108_11,53.30755,-6.226184
108_12,53.308448,-6.226126
108_13,53.309345,-6.226068
108_14,53.310243,-6.22601
108_15,53.311141,-6.225951
108_16,53.312039,-6.225893
108_17,53.312937,-6.225835
108_18,53.313835,-6.225777
108_19,53.314732,-6.225718
108_20,53.31563,-6.22566
108_21,53.316528,-6.225602
108_22,53.317426,-6.225544
108_23,53.318324,-6.225485
108_24,53.319222,-6.225427
108_25,53.320119,-6.225369
108_26,53.321017,-6.22531
108_27,53.321915,-6.225252
108_28,53.322813,-6.225194
108_29,53.323711,-6.225136
108_30,53.324609,-6.225077
108_31,53.325507,-6.225019
108_32,53.326404,-6.224961
108_33,53.327302,-6.224902
108_34,53.3282,-6.224844
108_35,53.329098,-6.224786
108_36,53.329996,-6.224727
108_37,53.330894,-6.224669
108_38,53.331791,-6.224611
108_39,53.332689,-6.224553
108_40,53.333587,-6.224494
108_41,53.334485,-6.224436
108_42,53.335383,-6.224378
108_43,53.336281,-6.224319
108_44,53.337178,-6.224261
108_45,53.338076,-6.224203
108_46,53.338974,-6.224144
108_47,53.339872,-6.224086
108_48,53.34077,-6.224027
108_49,53.341668,-6.223969
108_50,53.342565,-6.223911
108_51,53.343463,-6.223852
108_52,53.344361,-6.223794
108_53,53.345259,-6.223736
108_54,53.346157,-6.223677
108_55,53.347055,-6.223619
108_56,53.347952,-6.223561
108_57,53.34885,-6.223502
108_58,53.349748,-6.223444
108_59,53.350646,-6.223385
108_60,53.351544,-6.223327
108_61,53.352442,-6.223269
108_62,53.353339,-6.22321
108_63,53.354237,-6.223152
108_64,53.355135,-6.223093
108_65,53.356033,-6.223035
108_66,53.356931,-6.222977
108_67,53.357829,-6.222918
108_68,53.358726,-6.22286
108_69,53.359624,-6.222801
108_70,53.360522,-6.222743
108_71,53.36142,-6.222685
108_72,53.362318,-6.222626
108_73,53.363216,-6.222568
108_74,53.364113,-6.222509
108_75,53.365011,-6.222451
108_76,53.365909,-6.222392
108_77,53.366807,-6.222334
108_78,53.367705,-6.222275
108_79,53.368603,-6.222217
108_80,53.3695,-6.222159
108_81,53.370398,-6.2221
108_82,53.371296,-6.222042
108_83,53.372194,-6.221983
108_84,53.373092,-6.221925
108_85,53.37399,-6.221866
108_86,53.374887,-6.221808
108_87,53.375785,-6.221749
108_88,53.376683,-6.221691
108_89,53.377581,-6.221632
108_90,53.378479,-6.221574
108_91,53.379377,-6.221515
108_92,53.380274,-6.221457
108_93,53.381172,-6.221398
108_94,53.38207,-6.22134
108_95,53.382968,-6.221281
108_96,53.383866,-6.221223
108_97,53.384763,-6.221164
108_98,53.385661,-6.221106
108_99,53.386559,-6.221047
108_100,53.387457,-6.220989
108_101,53.388355,-6.22093
108_102,53.389253,-6.220872
108_103,53.39015,-6.220813
108_104,53.391048,-6.220755
108_105,53.391946,-6.220696
108_106,53.392844,-6.220638
108_107,53.393742,-6.220579
108_108,53.39464,-6.220521
108_109,53.395537,-6.220462
108_110,53.396435,-6.220404
108_111,53.397333,-6.220345
108_112,53.398231,-6.220287
108_113,53.399129,-6.220228
108_114,53.400027,-6.220169
108_115,53.400924,-6.220111
108_116,53.401822,-6.220052
108_117,53.40272,-6.219994
108_118,53.403618,-6.219935
108_119,53.404516,-6.219877
108_120,53.405413,-6.219818
108_121,53.406311,-6.219759
108_122,53.407209,-6.219701
108_123,53.408107,-6.219642
108_124,53.409005,-6.219584
108_125,53.409903,-6.219525
108_126,53.4108,-6.219466
109_0,53.297639,-6.225326
109_1,53.298536,-6.225268
109_2,53.299434,-6.22521
109_3,53.300332,-6.225151
109_4,53.30123,-6.225093
109_5,53.302128,-6.225035
109_6,53.303026,-6.224977
109_7,53.303923,-6.224918
109_8,53.304821,-6.22486
109_9,53.305719,-6.224802
109_10,53.306617,-6.224744
109_11,53.307515,-6.224685
109_12,53.308413,-6.224627
109_13,53.309311,-6.224569
109_14,53.310208,-6.224511
109_15,53.311106,-6.224452
109_16,53.312004,-6.224394
109_17,53.312902,-6.224336
109_18,53.3138,-6.224277
109_19,53.314698,-6.224219
109_20,53.315595,-6.224161
109_21,53.316493,-6.224103
109_22,53.317391,-6.224044
109_23,53.318289,-6.223986
109_24,53.319187,-6.223928
109_25,53.320085,-6.223869
109_26,53.320982,-6.223811
109_27,53.32188,-6.223753
109_28,53.322778,-6.223694
109_29,53.323676,-6.223636
109_30,53.324574,-6.223578
109_31,53.325472,-6.223519
109_32,53.326369,-6.223461
109_33,53.327267,-6.223403
109_34,53.328165,-6.223344
109_35,53.329063,-6.223286
109_36,53.329961,-6.223228
109_37,53.330859,-6.223169
109_38,53.331756,-6.223111
109_39,53.332654,-6.223053
109_40,53.333552,-6.222994
109_41,53.33445,-6.222936
109_42,53.335348,-6.222878
109_43,53.336246,-6.222819
109_44,53.337143,-6.222761
109_45,53.338041,-6.222702
109_46,53.338939,-6.222644
109_47,53.339837,-6.222586
109_48,53.340735,-6.222527
109_49,53.341633,-6.222469
109_50,53.34253,-6.222411
109_51,53.343428,-6.222352
109_52,53.344326,-6.222294
109_53,53.345224,-6.222235
109_54,53.346122,-6.222177
109_55,53.34702,-6.222119
109_56,53.347917,-6.22206
109_57,53.348815,-6.222002
109_58,53.349713,-6.221943
109_59,53.350611,-6.221885
109_60,53.351509,-6.221826
109_61,53.352407,-6.221768
109_62,53.353304,-6.22171
109_63,53.354202,-6.221651
109_64,53.3551,-6.221593
109_65,53.355998,-6.221534
109_66,53.356896,-6.221476
109_67,53.357794,-6.221417
109_68,53.358691,-6.221359
109_69,53.359589,-6.221301
109_70,53.360487,-6.221242
109_71,53.361385,-6.221184
109_72,53.362283,-6.221125
109_73,53.363181,-6.221067
109_74,53.364078,-6.221008
109_75,53.364976,-6.22095
109_76,53.365874,-6.220891
109_77,53.366772,-6.220833
109_78,53.36767,-6.220774
109_79,53.368568,-6.220716
109_80,53.369465,-6.220657
109_81,53.370363,-6.220599
109_82,53.371261,-6.22054
109_83,53.372159,-6.220482
109_84,53.373057,-6.220423
109_85,53.373955,-6.220365
109_86,53.374852,-6.220306
109_87,53.37575,-6.220248
109_88,53.376648,-6.220189
109_89,53.377546,-6.220131
109_90,53.378444,-6.220072
109_91,53.379342,-6.220014
109_92,53.380239,-6.219955
109_93,53.381137,-6.219897
109_94,53.382035,-6.219838
109_95,53.382933,-6.21978
109_96,53.383831,-6.219721
109_97,53.384728,-6.219663
109_98,53.385626,-6.219604
109_99,53.386524,-6.219546
109_100,53.387422,-6.219487
109_101,53.38832,-6.219429
109_102,53.389218,-6.21937
109_103,53.390115,-6.219311
109_104,53.391013,-6.219253
109_105,53.391911,-6.219194
109_106,53.392809,-6.219136
109_107,53.393707,-6.219077
109_108,53.394605,-6.219019
109_109,53.395502,-6.21896
109_110,53.3964,-6.218901
109_111,53.397298,-6.218843
109_112,53.398196,-6.218784
109_113,53.399094,-6.218726
109_114,53.399992,-6.218667
109_115,53.400889,-6.218609
109_116,53.401787,-6.21855
109_117,53.402685,-6.218491
109_118,53.403583,-6.218433
109_119,53.404481,-6.218374
109_120,53.405378,-6.218316
109_121,53.406276,-6.218257
109_122,53.407174,-6.218198
109_123,53.408072,-6.21814
109_124,53.40897,-6.218081
109_125,53.409868,-6.218022
109_126,53.410765,-6.217964
110_0,53.297604,-6.223827
110_1,53.298502,-6.223769
110_2,53.299399,-6.223711
110_3,53.300297,-6.223653
110_4,53.301195,-6.223594
110_5,53.302093,-6.223536
110_6,53.302991,-6.223478
110_7,53.303889,-6.22342
110_8,53.304786,-6.223361
110_9,53.305684,-6.223303
110_10,53.306582,-6.223245
110_11,53.30748,-6.223186
110_12,53.308378,-6.223128
110_13,53.309276,-6.22307
110_14,53.310173,-6.223011
110_15,53.311071,-6.222953
110_16,53.311969,-6.222895
110_17,53.312867,-6.222836
110_18,53.313765,-6.222778
110_19,53.314663,-6.22272
110_20,53.31556,-6.222662
110_21,53.316458,-6.222603
110_22,53.317356,-6.222545
110_23,53.318254,-6.222487
110_24,53.319152,-6.222428
110_25,53.32005,-6.22237
110_26,53.320947,-6.222312
110_27,53.321845,-6.222253
110_28,53.322743,-6.222195
110_29,53.323641,-6.222136
110_30,53.324539,-6.222078
110_31,53.325437,-6.22202
110_32,53.326335,-6.221961
110_33,53.327232,-6.221903
110_34,53.32813,-6.221845
110_35,53.329028,-6.221786
110_36,53.329926,-6.221728
110_37,53.330824,-6.22167
110_38,53.331722,-6.221611
110_39,53.332619,-6.221553
110_40,53.333517,-6.221494
110_41,53.334415,-6.221436
110_42,53.335313,-6.221378
110_43,53.336211,-6.221319
110_44,53.337109,-6.221261
110_45,53.338006,-6.221202
110_46,53.338904,-6.221144
110_47,53.339802,-6.221086
110_48,53.3407,-6.221027
110_49,53.341598,-6.220969
110_50,53.342496,-6.22091
110_51,53.343393,-6.220852
110_52,53.344291,-6.220793
110_53,53.345189,-6.220735
110_54,53.346087,-6.220677
110_55,53.346985,-6.220618
110_56,53.347883,-6.22056
110_57,53.34878,-6.220501
110_58,53.349678,-6.220443
110_59,53.350576,-6.220384
110_60,53.351474,-6.220326
110_61,53.352372,-6.220267
110_62,53.35327,-6.220209
110_63,53.354167,-6.220151
110_64,53.355065,-6.220092
110_65,53.355963,-6.220034
110_66,53.356861,-6.219975
110_67,53.357759,-6.219917
110_68,53.358657,-6.219858
110_69,53.359554,-6.2198
110_70,53.360452,-6.219741
110_71,53.36135,-6.219683
110_72,53.362248,-6.219624
110_73,53.363146,-6.219566
110_74,53.364043,-6.219507
110_75,53.364941,-6.219449
110_76,53.365839,-6.21939
110_77,53.366737,-6.219332
110_78,53.367635,-6.219273
110_79,53.368533,-6.219215
110_80,53.36943,-6.219156
110_81,53.370328,-6.219098
110_82,53.371226,-6.219039
110_83,53.372124,-6.218981
110_84,53.373022,-6.218922
110_85,53.37392,-6.218864
110_86,53.374817,-6.218805
110_87,53.375715,-6.218747
110_88,53.376613,-6.218688
110_89,53.377511,-6.218629
110_90,53.378409,-6.218571
110_91,53.379307,-6.218512
110_92,53.380204,-6.218454
110_93,53.381102,-6.218395
110_94,53.382,-6.218337
110_95,53.382898,-6.218278
110_96,53.383796,-6.21822
110_97,53.384693,-6.218161
110_98,53.385591,-6.218102
110_99,53.386489,-6.218044
110_100,53.387387,-6.217985
110_101,53.388285,-6.217927
110_102,53.389183,-6.217868
110_103,53.39008,-6.21781
110_104,53.390978,-6.217751
110_105,53.391876,-6.217692
110_106,53.392774,-6.217634
110_107,53.393672,-6.217575
110_108,53.39457,-6.217517
110_109,53.395467,-6.217458
110_110,53.396365,-6.217399
110_111,53.397263,-6.217341
110_112,53.398161,-6.217282
110_113,53.399059,-6.217224
110_114,53.399956,-6.217165
110_115,53.400854,-6.217106
110_116,53.401752,-6.217048
110_117,53.40265,-6.216989
110_118,53.403548,-6.21693
110_119,53.404446,-6.216872
110_120,53.405343,-6.216813
110_121,53.406241,-6.216754
110_122,53.407139,-6.216696
110_123,53.408037,-6.216637
110_124,53.408935,-6.216579
110_125,53.409832,-6.21652
110_126,53.41073,-6.216461
111_0,53.297569,-6.222329
111_1,53.298467,-6.22227
111_2,53.299364,-6.222212
111_3,53.300262,-6.222154
111_4,53.30116,-6.222096
111_5,53.302058,-6.222037
111_6,53.302956,-6.221979
111_7,53.303854,-6.221921
111_8,53.304751,-6.221862
111_9,53.305649,-6.221804
111_10,53.306547,-6.221746
111_11,53.307445,-6.221687
111_12,53.308343,-6.221629
111_13,53.309241,-6.221571
111_14,53.310139,-6.221512
111_15,53.311036,-6.221454
111_16,53.311934,-6.221396
111_17,53.312832,-6.221337
111_18,53.31373,-6.221279
111_19,53.314628,-6.221221
111_20,53.315526,-6.221162
111_21,53.316423,-6.221104
111_22,53.317321,-6.221046
111_23,53.318219,-6.220987
111_24,53.319117,-6.220929
111_25,53.320015,-6.22087
111_26,53.320913,-6.220812
111_27,53.32181,-6.220754
111_28,53.322708,-6.220695
111_29,53.323606,-6.220637
111_30,53.324504,-6.220578
111_31,53.325402,-6.22052
111_32,53.3263,-6.220462
111_33,53.327197,-6.220403
111_34,53.328095,-6.220345
111_35,53.328993,-6.220287
111_36,53.329891,-6.220228
111_37,53.330789,-6.22017
111_38,53.331687,-6.220111
111_39,53.332584,-6.220053
111_40,53.333482,-6.219994
111_41,53.33438,-6.219936
111_42,53.335278,-6.219878
111_43,53.336176,-6.219819
111_44,53.337074,-6.219761
111_45,53.337971,-6.219702
111_46,53.338869,-6.219644
111_47,53.339767,-6.219585
111_48,53.340665,-6.219527
111_49,53.341563,-6.219469
111_50,53.342461,-6.21941
111_51,53.343358,-6.219352
111_52,53.344256,-6.219293
111_53,53.345154,-6.219235
111_54,53.346052,-6.219176
111_55,53.34695,-6.219118
111_56,53.347848,-6.219059
111_57,53.348745,-6.219001
111_58,53.349643,-6.218942
111_59,53.350541,-6.218884
111_60,53.351439,-6.218825
111_61,53.352337,-6.218767
111_62,53.353235,-6.218708
111_63,53.354132,-6.21865
111_64,53.35503,-6.218591
111_65,53.355928,-6.218533
111_66,53.356826,-6.218474
111_67,53.357724,-6.218416
111_68,53.358622,-6.218357
111_69,53.359519,-6.218299
111_70,53.360417,-6.21824
111_71,53.361315,-6.218182
111_72,53.362213,-6.218123
111_73,53.363111,-6.218065
111_74,53.364008,-6.218006
111_75,53.364906,-6.217948
111_76,53.365804,-6.217889
111_77,53.366702,-6.217831
111_78,53.3676,-6.217772
111_79,53.368498,-6.217714
111_80,53.369395,-6.217655
111_81,53.370293,-6.217597
111_82,53.371191,-6.217538
111_83,53.372089,-6.217479
111_84,53.372987,-6.217421
111_85,53.373885,-6.217362
111_86,53.374782,-6.217304
111_87,53.37568,-6.217245
111_88,53.376578,-6.217187
111_89,53.377476,-6.217128
111_90,53.378374,-6.217069
111_91,53.379272,-6.217011
111_92,53.380169,-6.216952
111_93,53.381067,-6.216894
111_94,53.381965,-6.216835
111_95,53.382863,-6.216777
111_96,53.383761,-6.216718
111_97,53.384658,-6.216659
111_98,53.385556,-6.216601
111_99,53.386454,-6.216542
111_100,53.387352,-6.216484
111_101,53.38825,-6.216425
111_102,53.389148,-6.216366
111_103,53.390045,-6.216308
111_104,53.390943,-6.216249
111_105,53.391841,-6.21619
111_106,53.392739,-6.216132
111_107,53.393637,-6.216073
111_108,53.394535,-6.216015
111_109,53.395432,-6.215956
111_110,53.39633,-6.215897
111_111,53.397228,-6.215839
111_112,53.398126,-6.21578
111_113,53.399024,-6.215721
111_114,53.399921,-6.215663
111_115,53.400819,-6.215604
111_116,53.401717,-6.215545
111_117,53.402615,-6.215487
111_118,53.403513,-6.215428
111_119,53.404411,-6.215369
111_120,53.405308,-6.215311
111_121,53.406206,-6.215252
111_122,53.407104,-6.215193
111_123,53.408002,-6.215135
111_124,53.4089,-6.215076
111_125,53.409797,-6.215017
111_126,53.410695,-6.214959
112_0,53.297534,-6.22083
112_1,53.298432,-6.220772
112_2,53.299329,-6.220713
112_3,53.300227,-6.220655
112_4,53.301125,-6.220597
112_5,53.302023,-6.220538
112_6,53.302921,-6.22048
112_7,53.303819,-6.220422
112_8,53.304717,-6.220363
112_9,53.305614,-6.220305
112_10,53.306512,-6.220247
112_11,53.30741,-6.220188
112_12,53.308308,-6.22013
112_13,53.309206,-6.220072
112_14,53.310104,-6.220013
112_15,53.311001,-6.219955
112_16,53.311899,-6.219896
112_17,53.312797,-6.219838
112_18,53.313695,-6.21978
112_19,53.314593,-6.219721
112_20,53.315491,-6.219663
112_21,53.316388,-6.219605
112_22,53.317286,-6.219546
112_23,53.318184,-6.219488
112_24,53.319082,-6.219429
112_25,53.31998,-6.219371
112_26,53.320878,-6.219313
112_27,53.321775,-6.219254
112_28,53.322673,-6.219196
112_29,53.323571,-6.219137
112_30,53.324469,-6.219079
112_31,53.325367,-6.21902
112_32,53.326265,-6.218962
112_33,53.327162,-6.218904
112_34,53.32806,-6.218845
112_35,53.328958,-6.218787
112_36,53.329856,-6.218728
112_37,53.330754,-6.21867
112_38,53.331652,-6.218611
112_39,53.332549,-6.218553
112_40,53.333447,-6.218495
112_41,53.334345,-6.218436
112_42,53.335243,-6.218378
112_43,53.336141,-6.218319
112_44,53.337039,-6.218261
112_45,53.337936,-6.218202
112_46,53.338834,-6.218144
112_47,53.339732,-6.218085
112_48,53.34063,-6.218027
112_49,53.341528,-6.217968
112_50,53.342426,-6.21791
112_51,53.343323,-6.217851
112_52,53.344221,-6.217793
112_53,53.345119,-6.217734
112_54,53.346017,-6.217676
112_55,53.346915,-6.217617
112_56,53.347813,-6.217559
112_57,53.34871,-6.2175
112_58,53.349608,-6.217442
112_59,53.350506,-6.217383
112_60,53.351404,-6.217325
112_61,53.352302,-6.217266
112_62,53.3532,-6.217208
112_63,53.354097,-6.217149
112_64,53.354995,-6.217091
112_65,53.355893,-6.217032
112_66,53.356791,-6.216974
112_67,53.357689,-6.216915
112_68,53.358586,-6.216857
112_69,53.359484,-6.216798
112_70,53.360382,-6.21674
112_71,53.36128,-6.216681
112_72,53.362178,-6.216622
112_73,53.363076,-6.216564
112_74,53.363973,-6.216505
112_75,53.364871,-6.216447
112_76,53.365769,-6.216388
112_77,53.366667,-6.21633
112_78,53.367565,-6.216271
112_79,53.368463,-6.216212
112_80,53.36936,-6.216154
112_81,53.370258,-6.216095
112_82,53.371156,-6.216037
112_83,53.372054,-6.215978
112_84,53.372952,-6.21592
112_85,53.37385,-6.215861
112_86,53.374747,-6.215802
112_87,53.375645,-6.215744
112_88,53.376543,-6.215685
112_89,53.377441,-6.215627
112_90,53.378339,-6.215568
112_91,53.379236,-6.215509
112_92,53.380134,-6.215451
112_93,53.381032,-6.215392
112_94,53.38193,-6.215333
112_95,53.382828,-6.215275
112_96,53.383726,-6.215216
112_97,53.384623,-6.215158
112_98,53.385521,-6.215099
112_99,53.386419,-6.21504
112_100,53.387317,-6.214982
112_101,53.388215,-6.214923
112_102,53.389113,-6.214864
112_103,53.39001,-6.214806
112_104,53.390908,-6.214747
112_105,53.391806,-6.214688
112_106,53.392704,-6.21463
112_107,53.393602,-6.214571
112_108,53.394499,-6.214512
112_109,53.395397,-6.214454
112_110,53.396295,-6.214395
112_111,53.397193,-6.214336
112_112,53.398091,-6.214278
112_113,53.398989,-6.214219
112_114,53.399886,-6.21416
112_115,53.400784,-6.214102
112_116,53.401682,-6.214043
112_117,53.40258,-6.213984
112_118,53.403478,-6.213926
112_119,53.404375,-6.213867
112_120,53.405273,-6.213808
112_121,53.406171,-6.21375
112_122,53.407069,-6.213691
112_123,53.407967,-6.213632
112_124,53.408865,-6.213573
112_125,53.409762,-6.213515
112_126,53.41066,-6.213456
113_0,53.297499,-6.219331
113_1,53.298397,-6.219273
113_2,53.299295,-6.219215
113_3,53.300192,-6.219156
113_4,53.30109,-6.219098
113_5,53.301988,-6.21904
113_6,53.302886,-6.218981
113_7,53.303784,-6.218923
113_8,53.304682,-6.218865
113_9,53.305579,-6.218806
113_10,53.306477,-6.218748
113_11,53.307375,-6.218689
113_12,53.308273,-6.218631
113_13,53.309171,-6.218573
113_14,53.310069,-6.218514
113_15,53.310966,-6.218456
113_16,53.311864,-6.218397
113_17,53.312762,-6.218339
113_18,53.31366,-6.218281
113_19,53.314558,-6.218222
113_20,53.315456,-6.218164
113_21,53.316353,-6.218105
113_22,53.317251,-6.218047
113_23,53.318149,-6.217988
113_24,53.319047,-6.21793
113_25,53.319945,-6.217872
113_26,53.320843,-6.217813
113_27,53.32174,-6.217755
113_28,53.322638,-6.217696
113_29,53.323536,-6.217638
113_30,53.324434,-6.217579
113_31,53.325332,-6.217521
113_32,53.32623,-6.217462
113_33,53.327127,-6.217404
113_34,53.328025,-6.217345
113_35,53.328923,-6.217287
113_36,53.329821,-6.217229
113_37,53.330719,-6.21717
113_38,53.331617,-6.217112
113_39,53.332514,-6.217053
113_40,53.333412,-6.216995
113_41,53.33431,-6.216936
113_42,53.335208,-6.216878
113_43,53.336106,-6.216819
113_44,53.337004,-6.216761
113_45,53.337901,-6.216702
113_46,53.338799,-6.216644
113_47,53.339697,-6.216585
113_48,53.340595,-6.216527
113_49,53.341493,-6.216468
113_50,53.342391,-6.21641
113_51,53.343288,-6.216351
113_52,53.344186,-6.216293
113_53,53.345084,-6.216234
113_54,53.345982,-6.216176
113_55,53.34688,-6.216117
113_56,53.347778,-6.216058
113_57,53.348675,-6.216
113_58,53.349573,-6.215941
113_59,53.350471,-6.215883
113_60,53.351369,-6.215824
113_61,53.352267,-6.215766
113_62,53.353165,-6.215707
113_63,53.354062,-6.215649
113_64,53.35496,-6.21559
113_65,53.355858,-6.215532
113_66,53.356756,-6.215473
113_67,53.357654,-6.215414
113_68,53.358551,-6.215356
113_69,53.359449,-6.215297
113_70,53.360347,-6.215239
113_71,53.361245,-6.21518
113_72,53.362143,-6.215122
113_73,53.363041,-6.215063
113_74,53.363938,-6.215004
113_75,53.364836,-6.214946
113_76,53.365734,-6.214887
113_77,53.366632,-6.214829
113_78,53.36753,-6.21477
113_79,53.368428,-6.214711
113_80,53.369325,-6.214653
113_81,53.370223,-6.214594
113_82,53.371121,-6.214536
113_83,53.372019,-6.214477
113_84,53.372917,-6.214418
113_85,53.373814,-6.21436
113_86,53.374712,-6.214301
113_87,53.37561,-6.214242
113_88,53.376508,-6.214184
113_89,53.377406,-6.214125
113_90,53.378304,-6.214066
113_91,53.379201,-6.214008
113_92,53.380099,-6.213949
113_93,53.380997,-6.213891
113_94,53.381895,-6.213832
113_95,53.382793,-6.213773
113_96,53.383691,-6.213715
113_97,53.384588,-6.213656
113_98,53.385486,-6.213597
113_99,53.386384,-6.213539
113_100,53.387282,-6.21348
113_101,53.38818,-6.213421
113_102,53.389077,-6.213363
113_103,53.389975,-6.213304
113_104,53.390873,-6.213245
113_105,53.391771,-6.213187
113_106,53.392669,-6.213128
113_107,53.393567,-6.213069
113_108,53.394464,-6.21301
113_109,53.395362,-6.212952
113_110,53.39626,-6.212893
113_111,53.397158,-6.212834
113_112,53.398056,-6.212776
113_113,53.398953,-6.212717
113_114,53.399851,-6.212658
113_115,53.400749,-6.212599
113_116,53.401647,-6.212541
113_117,53.402545,-6.212482
113_118,53.403443,-6.212423
113_119,53.40434,-6.212365
113_120,53.405238,-6.212306
113_121,53.406136,-6.212247
113_122,53.407034,-6.212188
113_123,53.407932,-6.21213
113_124,53.408829,-6.212071
113_125,53.409727,-6.212012
113_126,53.410625,-6.211953
114_0,53.297464,-6.217833
114_1,53.298362,-6.217774
114_2,53.29926,-6.217716
114_3,53.300157,-6.217658
114_4,53.301055,-6.217599
114_5,53.301953,-6.217541
114_6,53.302851,-6.217482
114_7,53.303749,-6.217424
114_8,53.304647,-6.217366
114_9,53.305544,-6.217307
114_10,53.306442,-6.217249
114_11,53.30734,-6.21719
114_12,53.308238,-6.217132
114_13,53.309136,-6.217074
114_14,53.310034,-6.217015
114_15,53.310931,-6.216957
114_16,53.311829,-6.216898
114_17,53.312727,-6.21684
114_18,53.313625,-6.216781
114_19,53.314523,-6.216723
114_20,53.315421,-6.216664
114_21,53.316318,-6.216606
114_22,53.317216,-6.216547
114_23,53.318114,-6.216489
114_24,53.319012,-6.216431
114_25,53.31991,-6.216372
114_26,53.320808,-6.216314
114_27,53.321705,-6.216255
114_28,53.322603,-6.216197
114_29,53.323501,-6.216138
114_30,53.324399,-6.21608
114_31,53.325297,-6.216021
114_32,53.326195,-6.215963
114_33,53.327092,-6.215904
114_34,53.32799,-6.215846
114_35,53.328888,-6.215787
114_36,53.329786,-6.215729
114_37,53.330684,-6.21567
114_38,53.331582,-6.215612
114_39,53.332479,-6.215553
114_40,53.333377,-6.215495
114_41,53.334275,-6.215436
114_42,53.335173,-6.215378
114_43,53.336071,-6.215319
114_44,53.336969,-6.215261
114_45,53.337866,-6.215202
114_46,53.338764,-6.215144
114_47,53.339662,-6.215085
114_48,53.34056,-6.215026
114_49,53.341458,-6.214968
114_50,53.342356,-6.214909
114_51,53.343253,-6.214851
114_52,53.344151,-6.214792
114_53,53.345049,-6.214734
114_54,53.345947,-6.214675
114_55,53.346845,-6.214617
114_56,53.347743,-6.214558
114_57,53.34864,-6.2145
114_58,53.349538,-6.214441
114_59,53.350436,-6.214382
114_60,53.351334,-6.214324
114_61,53.352232,-6.214265
114_62,53.353129,-6.214207
114_63,53.354027,-6.214148
114_64,53.354925,-6.214089
114_65,53.355823,-6.214031
114_66,53.356721,-6.213972
114_67,53.357619,-6.213914
114_68,53.358516,-6.213855
114_69,53.359414,-6.213796
114_70,53.360312,-6.213738
114_71,53.36121,-6.213679
114_72,53.362108,-6.213621
114_73,53.363006,-6.213562
114_74,53.363903,-6.213503
114_75,53.364801,-6.213445
114_76,53.365699,-6.213386
114_77,53.366597,-6.213327
114_78,53.367495,-6.213269
114_79,53.368392,-6.21321
114_80,53.36929,-6.213152
114_81,53.370188,-6.213093
114_82,53.371086,-6.213034
114_83,53.371984,-6.212976
114_84,53.372882,-6.212917
114_85,53.373779,-6.212858
114_86,53.374677,-6.2128
114_87,53.375575,-6.212741
114_88,53.376473,-6.212682
114_89,53.377371,-6.212624
114_90,53.378269,-6.212565
114_91,53.379166,-6.212506
114_92,53.380064,-6.212448
114_93,53.380962,-6.212389
114_94,53.38186,-6.21233
114_95,53.382758,-6.212272
114_96,53.383655,-6.212213
114_97,53.384553,-6.212154
114_98,53.385451,-6.212096
114_99,53.386349,-6.212037
114_100,53.387247,-6.211978
114_101,53.388145,-6.211919
114_102,53.389042,-6.211861
114_103,53.38994,-6.211802
114_104,53.390838,-6.211743
114_105,53.391736,-6.211685
114_106,53.392634,-6.211626
114_107,53.393531,-6.211567
114_108,53.394429,-6.211508
114_109,53.395327,-6.21145
114_110,53.396225,-6.211391
114_111,53.397123,-6.211332
114_112,53.398021,-6.211273
114_113,53.398918,-6.211215
114_114,53.399816,-6.211156
114_115,53.400714,-6.211097
114_116,53.401612,-6.211038
114_117,53.40251,-6.21098
114_118,53.403407,-6.210921
114_119,53.404305,-6.210862
114_120,53.405203,-6.210803
114_121,53.406101,-6.210745
114_122,53.406999,-6.210686
114_123,53.407897,-6.210627
114_124,53.408794,-6.210568
114_125,53.409692,-6.21051
114_126,53.41059,-6.210451
115_0,53.297429,-6.216334
115_1,53.298327,-6.216276
115_2,53.299225,-6.216217
115_3,53.300122,-6.216159
115_4,53.30102,-6.2161
115_5,53.301918,-6.216042
115_6,53.302816,-6.215984
115_7,53.303714,-6.215925
115_8,53.304612,-6.215867
115_9,53.305509,-6.215808
115_10,53.306407,-6.21575
115_11,53.307305,-6.215691
115_12,53.308203,-6.215633
115_13,53.309101,-6.215574
115_14,53.309999,-6.215516
115_15,53.310896,-6.215458
115_16,53.311794,-6.215399
115_17,53.312692,-6.215341
115_18,53.31359,-6.215282
115_19,53.314488,-6.215224
115_20,53.315386,-6.215165
115_21,53.316283,-6.215107
115_22,53.317181,-6.215048
115_23,53.318079,-6.21499
115_24,53.318977,-6.214931
115_25,53.319875,-6.214873
115_26,53.320773,-6.214814
115_27,53.32167,-6.214756
115_28,53.322568,-6.214697
115_29,53.323466,-6.214639
115_30,53.324364,-6.21458
115_31,53.325262,-6.214522
115_32,53.32616,-6.214463
115_33,53.327057,-6.214405
115_34,53.327955,-6.214346
115_35,53.328853,-6.214288
115_36,53.329751,-6.214229
115_37,53.330649,-6.21417
115_38,53.331547,-6.214112
115_39,53.332444,-6.214053
115_40,53.333342,-6.213995
115_41,53.33424,-6.213936
115_42,53.335138,-6.213878
115_43,53.336036,-6.213819
115_44,53.336934,-6.213761
115_45,53.337831,-6.213702
115_46,53.338729,-6.213643
115_47,53.339627,-6.213585
115_48,53.340525,-6.213526
115_49,53.341423,-6.213468
115_50,53.34232,-6.213409
115_51,53.343218,-6.213351
115_52,53.344116,-6.213292
115_53,53.345014,-6.213233
115_54,53.345912,-6.213175
115_55,53.34681,-6.213116
115_56,53.347707,-6.213058
115_57,53.348605,-6.212999
115_58,53.349503,-6.21294
115_59,53.350401,-6.212882
115_60,53.351299,-6.212823
115_61,53.352197,-6.212765
115_62,53.353094,-6.212706
115_63,53.353992,-6.212647
115_64,53.35489,-6.212589
115_65,53.355788,-6.21253
115_66,53.356686,-6.212472
115_67,53.357584,-6.212413
115_68,53.358481,-6.212354
115_69,53.359379,-6.212296
115_70,53.360277,-6.212237
115_71,53.361175,-6.212178
115_72,53.362073,-6.21212
115_73,53.36297,-6.212061
115_74,53.363868,-6.212002
115_75,53.364766,-6.211944
115_76,53.365664,-6.211885
115_77,53.366562,-6.211826
115_78,53.36746,-6.211768
115_79,53.368357,-6.211709
115_80,53.369255,-6.21165
115_81,53.370153,-6.211592
115_82,53.371051,-6.211533
115_83,53.371949,-6.211474
115_84,53.372847,-6.211416
115_85,53.373744,-6.211357
115_86,53.374642,-6.211298
115_87,53.37554,-6.21124
115_88,53.376438,-6.211181
115_89,53.377336,-6.211122
115_90,53.378233,-6.211064
115_91,53.379131,-6.211005
115_92,53.380029,-6.210946
115_93,53.380927,-6.210887
115_94,53.381825,-6.210829
115_95,53.382723,-6.21077
115_96,53.38362,-6.210711
115_97,53.384518,-6.210653
115_98,53.385416,-6.210594
115_99,53.386314,-6.210535
115_100,53.387212,-6.210476
115_101,53.388109,-6.210418
115_102,53.389007,-6.210359
115_103,53.389905,-6.2103
115_104,53.390803,-6.210241
115_105,53.391701,-6.210183
115_106,53.392599,-6.210124
115_107,53.393496,-6.210065
115_108,53.394394,-6.210006
115_109,53.395292,-6.209948
115_110,53.39619,-6.209889
115_111,53.397088,-6.20983
115_112,53.397985,-6.209771
115_113,53.398883,-6.209712
115_114,53.399781,-6.209654
115_115,53.400679,-6.209595
115_116,53.401577,-6.209536
115_117,53.402475,-6.209477
115_118,53.403372,-6.209419
115_119,53.40427,-6.20936
115_120,53.405168,-6.209301
115_121,53.406066,-6.209242
115_122,53.406964,-6.209183
115_123,53.407861,-6.209125
115_124,53.408759,-6.209066
115_125,53.409657,-6.209007
115_126,53.410555,-6.208948
116_0,53.297394,-6.214836
116_1,53.298292,-6.214777
116_2,53.29919,-6.214719
116_3,53.300087,-6.21466
116_4,53.300985,-6.214602
116_5,53.301883,-6.214543
116_6,53.302781,-6.214485
116_7,53.303679,-6.214426
116_8,53.304577,-6.214368
116_9,53.305474,-6.214309
116_10,53.306372,-6.214251
116_11,53.30727,-6.214192
116_12,53.308168,-6.214134
116_13,53.309066,-6.214075
116_14,53.309964,-6.214017
116_15,53.310861,-6.213958
116_16,53.311759,-6.2139
116_17,53.312657,-6.213841
116_18,53.313555,-6.213783
116_19,53.314453,-6.213724
116_20,53.315351,-6.213666
116_21,53.316248,-6.213607
116_22,53.317146,-6.213549
116_23,53.318044,-6.21349
116_24,53.318942,-6.213432
116_25,53.31984,-6.213373
116_26,53.320738,-6.213315
116_27,53.321635,-6.213256
116_28,53.322533,-6.213198
116_29,53.323431,-6.213139
116_30,53.324329,-6.213081
116_31,53.325227,-6.213022
116_32,53.326125,-6.212963
116_33,53.327022,-6.212905
116_34,53.32792,-6.212846
116_35,53.328818,-6.212788
116_36,53.329716,-6.212729
116_37,53.330614,-6.212671
116_38,53.331511,-6.212612
116_39,53.332409,-6.212554
116_40,53.333307,-6.212495
116_41,53.334205,-6.212436
116_42,53.335103,-6.212378
116_43,53.336001,-6.212319
116_44,53.336898,-6.212261
116_45,53.337796,-6.212202
116_46,53.338694,-6.212143
116_47,53.339592,-6.212085
116_48,53.34049,-6.212026
116_49,53.341388,-6.211968
116_50,53.342285,-6.211909
116_51,53.343183,-6.21185
116_52,53.344081,-6.211792
116_53,53.344979,-6.211733
116_54,53.345877,-6.211675
116_55,53.346775,-6.211616
116_56,53.347672,-6.211557
116_57,53.34857,-6.211499
116_58,53.349468,-6.21144
116_59,53.350366,-6.211381
116_60,53.351264,-6.211323
116_61,53.352161,-6.211264
116_62,53.353059,-6.211205
116_63,53.353957,-6.211147
116_64,53.354855,-6.211088
116_65,53.355753,-6.211029
116_66,53.356651,-6.210971
116_67,53.357548,-6.210912
116_68,53.358446,-6.210853
116_69,53.359344,-6.210795
116_70,53.360242,-6.210736
116_71,53.36114,-6.210677
116_72,53.362038,-6.210619
116_73,53.362935,-6.21056
116_74,53.363833,-6.210501
116_75,53.364731,-6.210443
116_76,53.365629,-6.210384
116_77,53.366527,-6.210325
116_78,53.367424,-6.210267
116_79,53.368322,-6.210208
116_80,53.36922,-6.210149
116_81,53.370118,-6.210091
116_82,53.371016,-6.210032
116_83,53.371914,-6.209973
116_84,53.372811,-6.209914
116_85,53.373709,-6.209856
116_86,53.374607,-6.209797
116_87,53.375505,-6.209738
116_88,53.376403,-6.20968
116_89,53.3773,-6.209621
116_90,53.378198,-6.209562
116_91,53.379096,-6.209503
116_92,53.379994,-6.209445
116_93,53.380892,-6.209386
116_94,53.38179,-6.209327
116_95,53.382687,-6.209268
116_96,53.383585,-6.20921
116_97,53.384483,-6.209151
116_98,53.385381,-6.209092
116_99,53.386279,-6.209033
116_100,53.387176,-6.208975
116_101,53.388074,-6.208916
116_102,53.388972,-6.208857
116_103,53.38987,-6.208798
116_104,53.390768,-6.208739
116_105,53.391666,-6.208681
116_106,53.392563,-6.208622
116_107,53.393461,-6.208563
116_108,53.394359,-6.208504
116_109,53.395257,-6.208446
116_110,53.396155,-6.208387
116_111,53.397052,-6.208328
116_112,53.39795,-6.208269
116_113,53.398848,-6.20821
116_114,53.399746,-6.208151
116_115,53.400644,-6.208093
116_116,53.401542,-6.208034
116_117,53.402439,-6.207975
116_118,53.403337,-6.207916
116_119,53.404235,-6.207857
116_120,53.405133,-6.207799
116_121,53.406031,-6.20774
116_122,53.406928,-6.207681
116_123,53.407826,-6.207622
116_124,53.408724,-6.207563
116_125,53.409622,-6.207504
116_126,53.41052,-6.207446
117_0,53.297359,-6.213337
117_1,53.298257,-6.213278
117_2,53.299155,-6.21322
117_3,53.300052,-6.213161
117_4,53.30095,-6.213103
117_5,53.301848,-6.213044
117_6,53.302746,-6.212986
117_7,53.303644,-6.212927
117_8,53.304542,-6.212869
117_9,53.305439,-6.21281
117_10,53.306337,-6.212752
117_11,53.307235,-6.212693
117_12,53.308133,-6.212635
117_13,53.309031,-6.212576
117_14,53.309929,-6.212518
117_15,53.310826,-6.212459
117_16,53.311724,-6.212401
117_17,53.312622,-6.212342
117_18,53.31352,-6.212284
117_19,53.314418,-6.212225
117_20,53.315316,-6.212167
117_21,53.316213,-6.212108
117_22,53.317111,-6.21205
117_23,53.318009,-6.211991
117_24,53.318907,-6.211932
117_25,53.319805,-6.211874
117_26,53.320702,-6.211815
117_27,53.3216,-6.211757
117_28,53.322498,-6.211698
117_29,53.323396,-6.21164
117_30,53.324294,-6.211581
117_31,53.325192,-6.211522
117_32,53.326089,-6.211464
117_33,53.326987,-6.211405
117_34,53.327885,-6.211347
117_35,53.328783,-6.211288
117_36,53.329681,-6.211229
117_37,53.330579,-6.211171
117_38,53.331476,-6.211112
117_39,53.332374,-6.211054
117_40,53.333272,-6.210995
117_41,53.33417,-6.210936
117_42,53.335068,-6.210878
117_43,53.335966,-6.210819
117_44,53.336863,-6.210761
117_45,53.337761,-6.210702
117_46,53.338659,-6.210643
117_47,53.339557,-6.210585
117_48,53.340455,-6.210526
117_49,53.341353,-6.210467
117_50,53.34225,-6.210409
117_51,53.343148,-6.21035
117_52,53.344046,-6.210291
117_53,53.344944,-6.210233
117_54,53.345842,-6.210174
117_55,53.346739,-6.210116
117_56,53.347637,-6.210057
117_57,53.348535,-6.209998
117_58,53.349433,-6.20994
117_59,53.350331,-6.209881
117_60,53.351229,-6.209822
117_61,53.352126,-6.209764
117_62,53.353024,-6.209705
117_63,53.353922,-6.209646
117_64,53.35482,-6.209587
117_65,53.355718,-6.209529
117_66,53.356616,-6.20947
117_67,53.357513,-6.209411
117_68,53.358411,-6.209353
117_69,53.359309,-6.209294
117_70,53.360207,-6.209235
117_71,53.361105,-6.209177
117_72,53.362002,-6.209118
117_73,53.3629,-6.209059
117_74,53.363798,-6.209
117_75,53.364696,-6.208942
117_76,53.365594,-6.208883
117_77,53.366492,-6.208824
117_78,53.367389,-6.208766
117_79,53.368287,-6.208707
117_80,53.369185,-6.208648
117_81,53.370083,-6.208589
117_82,53.370981,-6.208531
117_83,53.371878,-6.208472
117_84,53.372776,-6.208413
117_85,53.373674,-6.208354
117_86,53.374572,-6.208296
117_87,53.37547,-6.208237
117_88,53.376368,-6.208178
117_89,53.377265,-6.208119
117_90,53.378163,-6.208061
117_91,53.379061,-6.208002
117_92,53.379959,-6.207943
117_93,53.380857,-6.207884
117_94,53.381754,-6.207826
117_95,53.382652,-6.207767
117_96,53.38355,-6.207708
117_97,53.384448,-6.207649
117_98,53.385346,-6.20759
117_99,53.386244,-6.207532
117_100,53.387141,-6.207473
117_101,53.388039,-6.207414
117_102,53.388937,-6.207355
117_103,53.389835,-6.207296
117_104,53.390733,-6.207238
117_105,53.39163,-6.207179
117_106,53.392528,-6.20712
117_107,53.393426,-6.207061
117_108,53.394324,-6.207002
117_109,53.395222,-6.206943
117_110,53.39612,-6.206885
117_111,53.397017,-6.206826
117_112,53.397915,-6.206767
117_113,53.398813,-6.206708
117_114,53.399711,-6.206649
117_115,53.400609,-6.20659
117_116,53.401506,-6.206532
117_117,53.402404,-6.206473
117_118,53.403302,-6.206414
117_119,53.4042,-6.206355
117_120,53.405098,-6.206296
117_121,53.405995,-6.206237
117_122,53.406893,-6.206178
117_123,53.407791,-6.20612
117_124,53.408689,-6.206061
117_125,53.409587,-6.206002
117_126,53.410485,-6.205943
118_0,53.297324,-6.211838
118_1,53.298222,-6.21178
118_2,53.299119,-6.211721
118_3,53.300017,-6.211663
118_4,53.300915,-6.211604
118_5,53.301813,-6.211546
118_6,53.302711,-6.211487
118_7,53.303609,-6.211429
118_8,53.304506,-6.21137
118_9,53.305404,-6.211312
118_10,53.306302,-6.211253
118_11,53.3072,-6.211194
118_12,53.308098,-6.211136
118_13,53.308996,-6.211077
118_14,53.309893,-6.211019
118_15,53.310791,-6.21096
118_16,53.311689,-6.210902
118_17,53.312587,-6.210843
118_18,53.313485,-6.210784
118_19,53.314383,-6.210726
118_20,53.31528,-6.210667
118_21,53.316178,-6.210609
118_22,53.317076,-6.21055
118_23,53.317974,-6.210492
118_24,53.318872,-6.210433
118_25,53.31977,-6.210374
118_26,53.320667,-6.210316
118_27,53.321565,-6.210257
118_28,53.322463,-6.210199
118_29,53.323361,-6.21014
118_30,53.324259,-6.210081
118_31,53.325157,-6.210023
118_32,53.326054,-6.209964
118_33,53.326952,-6.209906
118_34,53.32785,-6.209847
118_35,53.328748,-6.209788
118_36,53.329646,-6.20973
118_37,53.330544,-6.209671
118_38,53.331441,-6.209612
118_39,53.332339,-6.209554
118_40,53.333237,-6.209495
118_41,53.334135,-6.209437
118_42,53.335033,-6.209378
118_43,53.33593,-6.209319
118_44,53.336828,-6.209261
118_45,53.337726,-6.209202
118_46,53.338624,-6.209143
118_47,53.339522,-6.209085
118_48,53.34042,-6.209026
118_49,53.341317,-6.208967
118_50,53.342215,-6.208909
118_51,53.343113,-6.20885
118_52,53.344011,-6.208791
118_53,53.344909,-6.208733
118_54,53.345807,-6.208674
118_55,53.346704,-6.208615
118_56,53.347602,-6.208556
118_57,53.3485,-6.208498
118_58,53.349398,-6.208439
118_59,53.350296,-6.20838
118_60,53.351193,-6.208322
118_61,53.352091,-6.208263
118_62,53.352989,-6.208204
118_63,53.353887,-6.208146
118_64,53.354785,-6.208087
118_65,53.355683,-6.208028
118_66,53.35658,-6.207969
118_67,53.357478,-6.207911
118_68,53.358376,-6.207852
118_69,53.359274,-6.207793
118_70,53.360172,-6.207734
118_71,53.361069,-6.207676
118_72,53.361967,-6.207617
118_73,53.362865,-6.207558
118_74,53.363763,-6.2075
118_75,53.364661,-6.207441
118_76,53.365559,-6.207382
118_77,53.366456,-6.207323
118_78,53.367354,-6.207264
118_79,53.368252,-6.207206
118_80,53.36915,-6.207147
118_81,53.370048,-6.207088
118_82,53.370945,-6.207029
118_83,53.371843,-6.206971
118_84,53.372741,-6.206912
118_85,53.373639,-6.206853
118_86,53.374537,-6.206794
118_87,53.375435,-6.206736
118_88,53.376332,-6.206677
118_89,53.37723,-6.206618
118_90,53.378128,-6.206559
118_91,53.379026,-6.2065
118_92,53.379924,-6.206442
118_93,53.380821,-6.206383
118_94,53.381719,-6.206324
118_95,53.382617,-6.206265
118_96,53.383515,-6.206206
118_97,53.384413,-6.206147
118_98,53.385311,-6.206089
118_99,53.386208,-6.20603
118_100,53.387106,-6.205971
118_101,53.388004,-6.205912
118_102,53.388902,-6.205853
118_103,53.3898,-6.205794
118_104,53.390697,-6.205736
118_105,53.391595,-6.205677
118_106,53.392493,-6.205618
118_107,53.393391,-6.205559
118_108,53.394289,-6.2055
118_109,53.395187,-6.205441
118_110,53.396084,-6.205383
118_111,53.396982,-6.205324
118_112,53.39788,-6.205265
118_113,53.398778,-6.205206
118_114,53.399676,-6.205147
118_115,53.400573,-6.205088
118_116,53.401471,-6.205029
118_117,53.402369,-6.20497
118_118,53.403267,-6.204912
118_119,53.404165,-6.204853
118_120,53.405062,-6.204794
118_121,53.40596,-6.204735
118_122,53.406858,-6.204676
118_123,53.407756,-6.204617
118_124,53.408654,-6.204558
118_125,53.409552,-6.204499
118_126,53.410449,-6.20444
119_0,53.297289,-6.21034
119_1,53.298187,-6.210281
119_2,53.299084,-6.210223
119_3,53.299982,-6.210164
119_4,53.30088,-6.210105
119_5,53.301778,-6.210047
119_6,53.302676,-6.209988
119_7,53.303574,-6.20993
119_8,53.304471,-6.209871
119_9,53.305369,-6.209813
119_10,53.306267,-6.209754
119_11,53.307165,-6.209695
119_12,53.308063,-6.209637
119_13,53.308961,-6.209578
119_14,53.309858,-6.20952
119_15,53.310756,-6.209461
119_16,53.311654,-6.209402
119_17,53.312552,-6.209344
119_18,53.31345,-6.209285
119_19,53.314348,-6.209227
119_20,53.315245,-6.209168
119_21,53.316143,-6.209109
119_22,53.317041,-6.209051
119_23,53.317939,-6.208992
119_24,53.318837,-6.208934
119_25,53.319734,-6.208875
119_26,53.320632,-6.208816
119_27,53.32153,-6.208758
119_28,53.322428,-6.208699
119_29,53.323326,-6.20864
119_30,53.324224,-6.208582
119_31,53.325121,-6.208523
119_32,53.326019,-6.208465
119_33,53.326917,-6.208406
119_34,53.327815,-6.208347
119_35,53.328713,-6.208289
119_36,53.329611,-6.20823
119_37,53.330508,-6.208171
119_38,53.331406,-6.208113
119_39,53.332304,-6.208054
119_40,53.333202,-6.207995
119_41,53.3341,-6.207937
119_42,53.334998,-6.207878
119_43,53.335895,-6.207819
119_44,53.336793,-6.207761
119_45,53.337691,-6.207702
119_46,53.338589,-6.207643
119_47,53.339487,-6.207584
119_48,53.340384,-6.207526
119_49,53.341282,-6.207467
119_50,53.34218,-6.207408
119_51,53.343078,-6.20735
119_52,53.343976,-6.207291
119_53,53.344874,-6.207232
119_54,53.345771,-6.207174
119_55,53.346669,-6.207115
119_56,53.347567,-6.207056
119_57,53.348465,-6.206997
119_58,53.349363,-6.206939
119_59,53.350261,-6.20688
119_60,53.351158,-6.206821
119_61,53.352056,-6.206762
119_62,53.352954,-6.206704
119_63,53.353852,-6.206645
119_64,53.35475,-6.206586
119_65,53.355647,-6.206527
119_66,53.356545,-6.206469
119_67,53.357443,-6.20641
119_68,53.358341,-6.206351
119_69,53.359239,-6.206292
119_70,53.360137,-6.206234
119_71,53.361034,-6.206175
119_72,53.361932,-6.206116
119_73,53.36283,-6.206057
119_74,53.363728,-6.205999
119_75,53.364626,-6.20594
119_76,53.365523,-6.205881
119_77,53.366421,-6.205822
119_78,53.367319,-6.205763
119_79,53.368217,-6.205705
119_80,53.369115,-6.205646
119_81,53.370013,-6.205587
119_82,53.37091,-6.205528
119_83,53.371808,-6.205469
119_84,53.372706,-6.205411
119_85,53.373604,-6.205352
119_86,53.374502,-6.205293
119_87,53.375399,-6.205234
119_88,53.376297,-6.205175
119_89,53.377195,-6.205117
119_90,53.378093,-6.205058
119_91,53.378991,-6.204999
119_92,53.379888,-6.20494
119_93,53.380786,-6.204881
119_94,53.381684,-6.204822
119_95,53.382582,-6.204763
119_96,53.38348,-6.204705
119_97,53.384378,-6.204646
119_98,53.385275,-6.204587
119_99,53.386173,-6.204528
119_100,53.387071,-6.204469
119_101,53.387969,-6.20441
119_102,53.388867,-6.204351
119_103,53.389764,-6.204293
119_104,53.390662,-6.204234
119_105,53.39156,-6.204175
119_106,53.392458,-6.204116
119_107,53.393356,-6.204057
119_108,53.394254,-6.203998
119_109,53.395151,-6.203939
119_110,53.396049,-6.20388
119_111,53.396947,-6.203822
119_112,53.397845,-6.203763
119_113,53.398743,-6.203704
119_114,53.39964,-6.203645
119_115,53.400538,-6.203586
119_116,53.401436,-6.203527
119_117,53.402334,-6.203468
119_118,53.403232,-6.203409
119_119,53.404129,-6.20335
119_120,53.405027,-6.203291
119_121,53.405925,-6.203232
119_122,53.406823,-6.203173
119_123,53.407721,-6.203115
119_124,53.408618,-6.203056
119_125,53.409516,-6.202997
119_126,53.410414,-6.202938
120_0,53.297254,-6.208841
120_1,53.298151,-6.208782
120_2,53.299049,-6.208724
120_3,53.299947,-6.208665
120_4,53.300845,-6.208607
120_5,53.301743,-6.208548
120_6,53.302641,-6.208489
120_7,53.303538,-6.208431
120_8,53.304436,-6.208372
120_9,53.305334,-6.208314
120_10,53.306232,-6.208255
120_11,53.30713,-6.208196
120_12,53.308028,-6.208138
120_13,53.308925,-6.208079
120_14,53.309823,-6.208021
120_15,53.310721,-6.207962
120_16,53.311619,-6.207903
120_17,53.312517,-6.207845
120_18,53.313415,-6.207786
120_19,53.314312,-6.207727
120_20,53.31521,-6.207669
120_21,53.316108,-6.20761
120_22,53.317006,-6.207552
120_23,53.317904,-6.207493
120_24,53.318802,-6.207434
120_25,53.319699,-6.207376
120_26,53.320597,-6.207317
120_27,53.321495,-6.207258
120_28,53.322393,-6.2072
120_29,53.323291,-6.207141
120_30,53.324188,-6.207082
120_31,53.325086,-6.207024
120_32,53.325984,-6.206965
120_33,53.326882,-6.206906
120_34,53.32778,-6.206848
120_35,53.328678,-6.206789
120_36,53.329575,-6.20673
120_37,53.330473,-6.206671
120_38,53.331371,-6.206613
120_39,53.332269,-6.206554
120_40,53.333167,-6.206495
120_41,53.334065,-6.206437
120_42,53.334962,-6.206378
120_43,53.33586,-6.206319
120_44,53.336758,-6.206261
120_45,53.337656,-6.206202
120_46,53.338554,-6.206143
120_47,53.339451,-6.206084
120_48,53.340349,-6.206026
120_49,53.341247,-6.205967
120_50,53.342145,-6.205908
120_51,53.343043,-6.205849
120_52,53.343941,-6.205791
120_53,53.344838,-6.205732
120_54,53.345736,-6.205673
120_55,53.346634,-6.205614
120_56,53.347532,-6.205556
120_57,53.34843,-6.205497
120_58,53.349328,-6.205438
120_59,53.350225,-6.205379
120_60,53.351123,-6.205321
120_61,53.352021,-6.205262
120_62,53.352919,-6.205203
120_63,53.353817,-6.205144
120_64,53.354714,-6.205086
120_65,53.355612,-6.205027
120_66,53.35651,-6.204968
120_67,53.357408,-6.204909
120_68,53.358306,-6.20485
120_69,53.359204,-6.204792
120_70,53.360101,-6.204733
120_71,53.360999,-6.204674
120_72,53.361897,-6.204615
120_73,53.362795,-6.204556
120_74,53.363693,-6.204498
120_75,53.36459,-6.204439
120_76,53.365488,-6.20438
120_77,53.366386,-6.204321
120_78,53.367284,-6.204262
120_79,53.368182,-6.204204
120_80,53.36908,-6.204145
120_81,53.369977,-6.204086
120_82,53.370875,-6.204027
120_83,53.371773,-6.203968
120_84,53.372671,-6.203909
120_85,53.373569,-6.20385
120_86,53.374466,-6.203792
120_87,53.375364,-6.203733
120_88,53.376262,-6.203674
120_89,53.37716,-6.203615
120_90,53.378058,-6.203556
120_91,53.378955,-6.203497
120_92,53.379853,-6.203438
120_93,53.380751,-6.20338
120_94,53.381649,-6.203321
120_95,53.382547,-6.203262
120_96,53.383445,-6.203203
120_97,53.384342,-6.203144
120_98,53.38524,-6.203085
120_99,53.386138,-6.203026
120_100,53.387036,-6.202967
120_101,53.387934,-6.202909
120_102,53.388831,-6.20285
120_103,53.389729,-6.202791
120_104,53.390627,-6.202732
120_105,53.391525,-6.202673
120_106,53.392423,-6.202614
120_107,53.39332,-6.202555
120_108,53.394218,-6.202496
120_109,53.395116,-6.202437
120_110,53.396014,-6.202378
120_111,53.396912,-6.202319
120_112,53.39781,-6.20226
120_113,53.398707,-6.202202
120_114,53.399605,-6.202143
120_115,53.400503,-6.202084
120_116,53.401401,-6.202025
120_117,53.402299,-6.201966
120_118,53.403196,-6.201907
120_119,53.404094,-6.201848
120_120,53.404992,-6.201789
120_121,53.40589,-6.20173
120_122,53.406788,-6.201671
120_123,53.407685,-6.201612
120_124,53.408583,-6.201553
120_125,53.409481,-6.201494
120_126,53.410379,-6.201435
121_0,53.297219,-6.207342
121_1,53.298116,-6.207284
121_2,53.299014,-6.207225
121_3,53.299912,-6.207167
121_4,53.30081,-6.207108
121_5,53.301708,-6.207049
121_6,53.302606,-6.206991
121_7,53.303503,-6.206932
121_8,53.304401,-6.206873
121_9,53.305299,-6.206815
121_10,53.306197,-6.206756
121_11,53.307095,-6.206698
121_12,53.307992,-6.206639
121_13,53.30889,-6.20658
121_14,53.309788,-6.206522
121_15,53.310686,-6.206463
121_16,53.311584,-6.206404
121_17,53.312482,-6.206346
121_18,53.313379,-6.206287
121_19,53.314277,-6.206228
121_20,53.315175,-6.20617
121_21,53.316073,-6.206111
121_22,53.316971,-6.206052
121_23,53.317869,-6.205994
121_24,53.318766,-6.205935
121_25,53.319664,-6.205876
121_26,53.320562,-6.205817
121_27,53.32146,-6.205759
121_28,53.322358,-6.2057
121_29,53.323256,-6.205641
121_30,53.324153,-6.205583
121_31,53.325051,-6.205524
121_32,53.325949,-6.205465
121_33,53.326847,-6.205407
121_34,53.327745,-6.205348
121_35,53.328642,-6.205289
121_36,53.32954,-6.20523
121_37,53.330438,-6.205172
121_38,53.331336,-6.205113
121_39,53.332234,-6.205054
121_40,53.333132,-6.204995
121_41,53.334029,-6.204937
121_42,53.334927,-6.204878
121_43,53.335825,-6.204819
121_44,53.336723,-6.204761
121_45,53.337621,-6.204702
121_46,53.338519,-6.204643
121_47,53.339416,-6.204584
121_48,53.340314,-6.204526
121_49,53.341212,-6.204467
121_50,53.34211,-6.204408
121_51,53.343008,-6.204349
121_52,53.343905,-6.20429
121_53,53.344803,-6.204232
121_54,53.345701,-6.204173
121_55,53.346599,-6.204114
121_56,53.347497,-6.204055
121_57,53.348395,-6.203997
121_58,53.349292,-6.203938
121_59,53.35019,-6.203879
121_60,53.351088,-6.20382
121_61,53.351986,-6.203761
121_62,53.352884,-6.203703
121_63,53.353781,-6.203644
121_64,53.354679,-6.203585
121_65,53.355577,-6.203526
121_66,53.356475,-6.203467
121_67,53.357373,-6.203408
121_68,53.358271,-6.20335
121_69,53.359168,-6.203291
121_70,53.360066,-6.203232
121_71,53.360964,-6.203173
121_72,53.361862,-6.203114
121_73,53.36276,-6.203056
121_74,53.363657,-6.202997
121_75,53.364555,-6.202938
121_76,53.365453,-6.202879
121_77,53.366351,-6.20282
121_78,53.367249,-6.202761
121_79,53.368147,-6.202702
121_80,53.369044,-6.202644
121_81,53.369942,-6.202585
121_82,53.37084,-6.202526
121_83,53.371738,-6.202467
121_84,53.372636,-6.202408
121_85,53.373533,-6.202349
121_86,53.374431,-6.20229
121_87,53.375329,-6.202231
121_88,53.376227,-6.202173
121_89,53.377125,-6.202114
121_90,53.378022,-6.202055
121_91,53.37892,-6.201996
121_92,53.379818,-6.201937
121_93,53.380716,-6.201878
121_94,53.381614,-6.201819
121_95,53.382512,-6.20176
121_96,53.383409,-6.201701
121_97,53.384307,-6.201642
121_98,53.385205,-6.201584
121_99,53.386103,-6.201525
121_100,53.387001,-6.201466
121_101,53.387898,-6.201407
121_102,53.388796,-6.201348
121_103,53.389694,-6.201289
121_104,53.390592,-6.20123
121_105,53.39149,-6.201171
121_106,53.392387,-6.201112
121_107,53.393285,-6.201053
121_108,53.394183,-6.200994
121_109,53.395081,-6.200935
121_110,53.395979,-6.200876
121_111,53.396877,-6.200817
121_112,53.397774,-6.200758
121_113,53.398672,-6.200699
121_114,53.39957,-6.20064
121_115,53.400468,-6.200581
121_116,53.401366,-6.200522
121_117,53.402263,-6.200463
121_118,53.403161,-6.200405
121_119,53.404059,-6.200346
121_120,53.404957,-6.200287
121_121,53.405855,-6.200228
121_122,53.406752,-6.200169
121_123,53.40765,-6.20011
121_124,53.408548,-6.200051
121_125,53.409446,-6.199992
121_126,53.410344,-6.199933
122_0,53.297183,-6.205844
122_1,53.298081,-6.205785
122_2,53.298979,-6.205726
122_3,53.299877,-6.205668
122_4,53.300775,-6.205609
122_5,53.301673,-6.205551
122_6,53.30257,-6.205492
122_7,53.303468,-6.205433
122_8,53.304366,-6.205375
122_9,53.305264,-6.205316
122_10,53.306162,-6.205257
122_11,53.30706,-6.205199
122_12,53.307957,-6.20514
122_13,53.308855,-6.205081
122_14,53.309753,-6.205022
122_15,53.310651,-6.204964
122_16,53.311549,-6.204905
122_17,53.312446,-6.204846
122_18,53.313344,-6.204788
122_19,53.314242,-6.204729
122_20,53.31514,-6.20467
122_21,53.316038,-6.204612
122_22,53.316936,-6.204553
122_23,53.317833,-6.204494
122_24,53.318731,-6.204435
122_25,53.319629,-6.204377
122_26,53.320527,-6.204318
122_27,53.321425,-6.204259
122_28,53.322323,-6.204201
122_29,53.32322,-6.204142
122_30,53.324118,-6.204083
122_31,53.325016,-6.204024
122_32,53.325914,-6.203966
122_33,53.326812,-6.203907
122_34,53.327709,-6.203848
122_35,53.328607,-6.203789
122_36,53.329505,-6.203731
122_37,53.330403,-6.203672
122_38,53.331301,-6.203613
122_39,53.332199,-6.203554
122_40,53.333096,-6.203496
122_41,53.333994,-6.203437
122_42,53.334892,-6.203378
122_43,53.33579,-6.203319
122_44,53.336688,-6.203261
122_45,53.337586,-6.203202
122_46,53.338483,-6.203143
122_47,53.339381,-6.203084
122_48,53.340279,-6.203025
122_49,53.341177,-6.202967
122_50,53.342075,-6.202908
122_51,53.342972,-6.202849
122_52,53.34387,-6.20279
122_53,53.344768,-6.202731
122_54,53.345666,-6.202673
122_55,53.346564,-6.202614
122_56,53.347462,-6.202555
122_57,53.348359,-6.202496
122_58,53.349257,-6.202437
122_59,53.350155,-6.202378
122_60,53.351053,-6.20232
122_61,53.351951,-6.202261
122_62,53.352848,-6.202202
122_63,53.353746,-6.202143
122_64,53.354644,-6.202084
122_65,53.355542,-6.202025
122_66,53.35644,-6.201967
122_67,53.357338,-6.201908
122_68,53.358235,-6.201849
122_69,53.359133,-6.20179
122_70,53.360031,-6.201731
122_71,53.360929,-6.201672
122_72,53.361827,-6.201613
122_73,53.362724,-6.201555
122_74,53.363622,-6.201496
122_75,53.36452,-6.201437
122_76,53.365418,-6.201378
122_77,53.366316,-6.201319
122_78,53.367213,-6.20126
122_79,53.368111,-6.201201
122_80,53.369009,-6.201142
122_81,53.369907,-6.201084
122_82,53.370805,-6.201025
122_83,53.371703,-6.200966
122_84,53.3726,-6.200907
122_85,53.373498,-6.200848
122_86,53.374396,-6.200789
122_87,53.375294,-6.20073
122_88,53.376192,-6.200671
122_89,53.377089,-6.200612
122_90,53.377987,-6.200553
122_91,53.378885,-6.200494
122_92,53.379783,-6.200435
122_93,53.380681,-6.200377
122_94,53.381578,-6.200318
122_95,53.382476,-6.200259
122_96,53.383374,-6.2002
122_97,53.384272,-6.200141
122_98,53.38517,-6.200082
122_99,53.386068,-6.200023
122_100,53.386965,-6.199964
122_101,53.387863,-6.199905
122_102,53.388761,-6.199846
122_103,53.389659,-6.199787
122_104,53.390557,-6.199728
122_105,53.391454,-6.199669
122_106,53.392352,-6.19961
122_107,53.39325,-6.199551
122_108,53.394148,-6.199492
122_109,53.395046,-6.199433
122_110,53.395943,-6.199374
122_111,53.396841,-6.199315
122_112,53.397739,-6.199256
122_113,53.398637,-6.199197
122_114,53.399535,-6.199138
122_115,53.400432,-6.199079
122_116,53.40133,-6.19902
122_117,53.402228,-6.198961
122_118,53.403126,-6.198902
122_119,53.404024,-6.198843
122_120,53.404922,-6.198784
122_121,53.405819,-6.198725
122_122,53.406717,-6.198666
122_123,53.407615,-6.198607
122_124,53.408513,-6.198548
122_125,53.409411,-6.198489
122_126,53.410308,-6.19843
123_0,53.297148,-6.204345
123_1,53.298046,-6.204286
123_2,53.298944,-6.204228
123_3,53.299842,-6.204169
123_4,53.30074,-6.20411
123_5,53.301637,-6.204052
123_6,53.302535,-6.203993
123_7,53.303433,-6.203934
123_8,53.304331,-6.203876
123_9,53.305229,-6.203817
123_10,53.306127,-6.203758
123_11,53.307024,-6.2037
123_12,53.307922,-6.203641
123_13,53.30882,-6.203582
123_14,53.309718,-6.203523
123_15,53.310616,-6.203465
123_16,53.311514,-6.203406
123_17,53.312411,-6.203347
123_18,53.313309,-6.203289
123_19,53.314207,-6.20323
123_20,53.315105,-6.203171
123_21,53.316003,-6.203112
123_22,53.3169,-6.203054
123_23,53.317798,-6.202995
123_24,53.318696,-6.202936
123_25,53.319594,-6.202877
123_26,53.320492,-6.202819
123_27,53.32139,-6.20276
123_28,53.322287,-6.202701
123_29,53.323185,-6.202642
123_30,53.324083,-6.202584
123_31,53.324981,-6.202525
123_32,53.325879,-6.202466
123_33,53.326776,-6.202407
123_34,53.327674,-6.202348
123_35,53.328572,-6.20229
123_36,53.32947,-6.202231
123_37,53.330368,-6.202172
123_38,53.331266,-6.202113
123_39,53.332163,-6.202055
123_40,53.333061,-6.201996
123_41,53.333959,-6.201937
123_42,53.334857,-6.201878
123_43,53.335755,-6.201819
123_44,53.336653,-6.201761
123_45,53.33755,-6.201702
123_46,53.338448,-6.201643
123_47,53.339346,-6.201584
123_48,53.340244,-6.201525
123_49,53.341142,-6.201466
123_50,53.342039,-6.201408
123_51,53.342937,-6.201349
123_52,53.343835,-6.20129
123_53,53.344733,-6.201231
123_54,53.345631,-6.201172
123_55,53.346529,-6.201113
123_56,53.347426,-6.201055
123_57,53.348324,-6.200996
123_58,53.349222,-6.200937
123_59,53.35012,-6.200878
123_60,53.351018,-6.200819
123_61,53.351915,-6.20076
123_62,53.352813,-6.200701
123_63,53.353711,-6.200643
123_64,53.354609,-6.200584
123_65,53.355507,-6.200525
123_66,53.356404,-6.200466
123_67,53.357302,-6.200407
123_68,53.3582,-6.200348
123_69,53.359098,-6.200289
123_70,53.359996,-6.20023
123_71,53.360894,-6.200171
123_72,53.361791,-6.200113
123_73,53.362689,-6.200054
123_74,53.363587,-6.199995
123_75,53.364485,-6.199936
123_76,53.365383,-6.199877
123_77,53.36628,-6.199818
123_78,53.367178,-6.199759
123_79,53.368076,-6.1997
123_80,53.368974,-6.199641
123_81,53.369872,-6.199582
123_82,53.37077,-6.199523
123_83,53.371667,-6.199464
123_84,53.372565,-6.199406
123_85,53.373463,-6.199347
123_86,53.374361,-6.199288
123_87,53.375259,-6.199229
123_88,53.376156,-6.19917
123_89,53.377054,-6.199111
123_90,53.377952,-6.199052
123_91,53.37885,-6.198993
123_92,53.379748,-6.198934
123_93,53.380645,-6.198875
123_94,53.381543,-6.198816
123_95,53.382441,-6.198757
123_96,53.383339,-6.198698
123_97,53.384237,-6.198639
123_98,53.385134,-6.19858
123_99,53.386032,-6.198521
123_100,53.38693,-6.198462
123_101,53.387828,-6.198403
123_102,53.388726,-6.198344
123_103,53.389624,-6.198285
123_104,53.390521,-6.198226
123_105,53.391419,-6.198167
123_106,53.392317,-6.198108
123_107,53.393215,-6.198049
123_108,53.394113,-6.19799
123_109,53.39501,-6.197931
123_110,53.395908,-6.197872
123_111,53.396806,-6.197813
123_112,53.397704,-6.197754
123_113,53.398602,-6.197695
123_114,53.399499,-6.197636
123_115,53.400397,-6.197577
123_116,53.401295,-6.197518
123_117,53.402193,-6.197459
123_118,53.403091,-6.1974
123_119,53.403988,-6.197341
123_120,53.404886,-6.197282
123_121,53.405784,-6.197223
123_122,53.406682,-6.197164
123_123,53.40758,-6.197105
123_124,53.408477,-6.197046
123_125,53.409375,-6.196986
123_126,53.410273,-6.196927
124_0,53.297113,-6.202847
124_1,53.298011,-6.202788
124_2,53.298909,-6.202729
124_3,53.299807,-6.20267
124_4,53.300704,-6.202612
124_5,53.301602,-6.202553
124_6,53.3025,-6.202494
124_7,53.303398,-6.202436
124_8,53.304296,-6.202377
124_9,53.305194,-6.202318
124_10,53.306091,-6.202259
124_11,53.306989,-6.202201
124_12,53.307887,-6.202142
124_13,53.308785,-6.202083
124_14,53.309683,-6.202024
124_15,53.310581,-6.201966
124_16,53.311478,-6.201907
124_17,53.312376,-6.201848
124_18,53.313274,-6.201789
124_19,53.314172,-6.201731
124_20,53.31507,-6.201672
124_21,53.315967,-6.201613
124_22,53.316865,-6.201554
124_23,53.317763,-6.201496
124_24,53.318661,-6.201437
124_25,53.319559,-6.201378
124_26,53.320457,-6.201319
124_27,53.321354,-6.20126
124_28,53.322252,-6.201202
124_29,53.32315,-6.201143
124_30,53.324048,-6.201084
124_31,53.324946,-6.201025
124_32,53.325843,-6.200966
124_33,53.326741,-6.200908
124_34,53.327639,-6.200849
124_35,53.328537,-6.20079
124_36,53.329435,-6.200731
124_37,53.330333,-6.200672
124_38,53.33123,-6.200614
124_39,53.332128,-6.200555
124_40,53.333026,-6.200496
124_41,53.333924,-6.200437
124_42,53.334822,-6.200378
124_43,53.335719,-6.200319
124_44,53.336617,-6.200261
124_45,53.337515,-6.200202
124_46,53.338413,-6.200143
124_47,53.339311,-6.200084
124_48,53.340209,-6.200025
124_49,53.341106,-6.199966
124_50,53.342004,-6.199907
124_51,53.342902,-6.199849
124_52,53.3438,-6.19979
124_53,53.344698,-6.199731
124_54,53.345595,-6.199672
124_55,53.346493,-6.199613
124_56,53.347391,-6.199554
124_57,53.348289,-6.199495
124_58,53.349187,-6.199436
124_59,53.350085,-6.199378
124_60,53.350982,-6.199319
124_61,53.35188,-6.19926
124_62,53.352778,-6.199201
124_63,53.353676,-6.199142
124_64,53.354574,-6.199083
124_65,53.355471,-6.199024
124_66,53.356369,-6.198965
124_67,53.357267,-6.198906
124_68,53.358165,-6.198847
124_69,53.359063,-6.198788
124_70,53.359961,-6.19873
124_71,53.360858,-6.198671
124_72,53.361756,-6.198612
124_73,53.362654,-6.198553
124_74,53.363552,-6.198494
124_75,53.36445,-6.198435
124_76,53.365347,-6.198376
124_77,53.366245,-6.198317
124_78,53.367143,-6.198258
124_79,53.368041,-6.198199
124_80,53.368939,-6.19814
124_81,53.369836,-6.198081
124_82,53.370734,-6.198022
124_83,53.371632,-6.197963
124_84,53.37253,-6.197904
124_85,53.373428,-6.197845
124_86,53.374325,-6.197786
124_87,53.375223,-6.197727
124_88,53.376121,-6.197668
124_89,53.377019,-6.197609
124_90,53.377917,-6.19755
124_91,53.378815,-6.197491
124_92,53.379712,-6.197432
124_93,53.38061,-6.197373
124_94,53.381508,-6.197314
124_95,53.382406,-6.197255
124_96,53.383304,-6.197196
124_97,53.384201,-6.197137
124_98,53.385099,-6.197078
124_99,53.385997,-6.197019
124_100,53.386895,-6.19696
124_101,53.387793,-6.196901
124_102,53.38869,-6.196842
124_103,53.389588,-6.196783
124_104,53.390486,-6.196724
124_105,53.391384,-6.196665
124_106,53.392282,-6.196606
124_107,53.393179,-6.196547
124_108,53.394077,-6.196488
124_109,53.394975,-6.196429
124_110,53.395873,-6.19637
124_111,53.396771,-6.196311
124_112,53.397669,-6.196252
124_113,53.398566,-6.196193
124_114,53.399464,-6.196134
124_115,53.400362,-6.196075
124_116,53.40126,-6.196016
124_117,53.402158,-6.195957
124_118,53.403055,-6.195898
124_119,53.403953,-6.195838
124_120,53.404851,-6.195779
124_121,53.405749,-6.19572
124_122,53.406647,-6.195661
124_123,53.407544,-6.195602
124_124,53.408442,-6.195543
124_125,53.40934,-6.195484
124_126,53.410238,-6.195425
125_0,53.297078,-6.201348
125_1,53.297976,-6.201289
125_2,53.298874,-6.20123
125_3,53.299771,-6.201172
125_4,53.300669,-6.201113
125_5,53.301567,-6.201054
125_6,53.302465,-6.200995
125_7,53.303363,-6.200937
125_8,53.304261,-6.200878
125_9,53.305158,-6.200819
125_10,53.306056,-6.20076
125_11,53.306954,-6.200702
125_12,53.307852,-6.200643
125_13,53.30875,-6.200584
125_14,53.309647,-6.200525
125_15,53.310545,-6.200467
125_16,53.311443,-6.200408
125_17,53.312341,-6.200349
125_18,53.313239,-6.20029
125_19,53.314137,-6.200231
125_20,53.315034,-6.200173
125_21,53.315932,-6.200114
125_22,53.31683,-6.200055
125_23,53.317728,-6.199996
125_24,53.318626,-6.199937
125_25,53.319524,-6.199879
125_26,53.320421,-6.19982
125_27,53.321319,-6.199761
125_28,53.322217,-6.199702
125_29,53.323115,-6.199643
125_30,53.324013,-6.199584
125_31,53.32491,-6.199526
125_32,53.325808,-6.199467
125_33,53.326706,-6.199408
125_34,53.327604,-6.199349
125_35,53.328502,-6.19929
125_36,53.3294,-6.199231
125_37,53.330297,-6.199173
125_38,53.331195,-6.199114
125_39,53.332093,-6.199055
125_40,53.332991,-6.198996
125_41,53.333889,-6.198937
125_42,53.334786,-6.198878
125_43,53.335684,-6.198819
125_44,53.336582,-6.198761
125_45,53.33748,-6.198702
125_46,53.338378,-6.198643
125_47,53.339276,-6.198584
125_48,53.340173,-6.198525
125_49,53.341071,-6.198466
125_50,53.341969,-6.198407
125_51,53.342867,-6.198348
125_52,53.343765,-6.198289
125_53,53.344662,-6.198231
125_54,53.34556,-6.198172
125_55,53.346458,-6.198113
125_56,53.347356,-6.198054
125_57,53.348254,-6.197995
125_58,53.349151,-6.197936
125_59,53.350049,-6.197877
125_60,53.350947,-6.197818
125_61,53.351845,-6.197759
125_62,53.352743,-6.1977
125_63,53.353641,-6.197641
125_64,53.354538,-6.197582
125_65,53.355436,-6.197523
125_66,53.356334,-6.197465
125_67,53.357232,-6.197406
125_68,53.35813,-6.197347
125_69,53.359027,-6.197288
125_70,53.359925,-6.197229
125_71,53.360823,-6.19717
125_72,53.361721,-6.197111
125_73,53.362619,-6.197052
125_74,53.363516,-6.196993
125_75,53.364414,-6.196934
125_76,53.365312,-6.196875
125_77,53.36621,-6.196816
125_78,53.367108,-6.196757
125_79,53.368006,-6.196698
125_80,53.368903,-6.196639
125_81,53.369801,-6.19658
125_82,53.370699,-6.196521
125_83,53.371597,-6.196462
125_84,53.372495,-6.196403
125_85,53.373392,-6.196344
125_86,53.37429,-6.196285
125_87,53.375188,-6.196226
125_88,53.376086,-6.196167
125_89,53.376984,-6.196108
125_90,53.377881,-6.196049
125_91,53.378779,-6.19599
125_92,53.379677,-6.195931
125_93,53.380575,-6.195872
125_94,53.381473,-6.195813
125_95,53.38237,-6.195754
125_96,53.383268,-6.195695
125_97,53.384166,-6.195636
125_98,53.385064,-6.195577
125_99,53.385962,-6.195518
125_100,53.38686,-6.195459
125_101,53.387757,-6.1954
125_102,53.388655,-6.195341
125_103,53.389553,-6.195281
125_104,53.390451,-6.195222
125_105,53.391349,-6.195163
125_106,53.392246,-6.195104
125_107,53.393144,-6.195045
125_108,53.394042,-6.194986
125_109,53.39494,-6.194927
125_110,53.395838,-6.194868
125_111,53.396735,-6.194809
125_112,53.397633,-6.19475
125_113,53.398531,-6.194691
125_114,53.399429,-6.194632
125_115,53.400327,-6.194573
125_116,53.401224,-6.194513
125_117,53.402122,-6.194454
125_118,53.40302,-6.194395
125_119,53.403918,-6.194336
125_120,53.404816,-6.194277
125_121,53.405713,-6.194218
125_122,53.406611,-6.194159
125_123,53.407509,-6.1941
125_124,53.408407,-6.19404
125_125,53.409305,-6.193981
125_126,53.410202,-6.193922
126_0,53.297043,-6.199849
126_1,53.297941,-6.199791
126_2,53.298838,-6.199732
126_3,53.299736,-6.199673
126_4,53.300634,-6.199614
126_5,53.301532,-6.199555
126_6,53.30243,-6.199497
126_7,53.303328,-6.199438
126_8,53.304225,-6.199379
126_9,53.305123,-6.19932
126_10,53.306021,-6.199262
126_11,53.306919,-6.199203
126_12,53.307817,-6.199144
126_13,53.308714,-6.199085
126_14,53.309612,-6.199026
126_15,53.31051,-6.198967
126_16,53.311408,-6.198909
126_17,53.312306,-6.19885
126_18,53.313204,-6.198791
126_19,53.314101,-6.198732
126_20,53.314999,-6.198673
126_21,53.315897,-6.198615
126_22,53.316795,-6.198556
126_23,53.317693,-6.198497
126_24,53.31859,-6.198438
126_25,53.319488,-6.198379
126_26,53.320386,-6.19832
126_27,53.321284,-6.198261
126_28,53.322182,-6.198203
126_29,53.32308,-6.198144
126_30,53.323977,-6.198085
126_31,53.324875,-6.198026
126_32,53.325773,-6.197967
126_33,53.326671,-6.197908
126_34,53.327569,-6.197849
126_35,53.328466,-6.197791
126_36,53.329364,-6.197732
126_37,53.330262,-6.197673
126_38,53.33116,-6.197614
126_39,53.332058,-6.197555
126_40,53.332956,-6.197496
126_41,53.333853,-6.197437
126_42,53.334751,-6.197378
126_43,53.335649,-6.197319
126_44,53.336547,-6.197261
126_45,53.337445,-6.197202
126_46,53.338342,-6.197143
126_47,53.33924,-6.197084
126_48,53.340138,-6.197025
126_49,53.341036,-6.196966
126_50,53.341934,-6.196907
126_51,53.342832,-6.196848
126_52,53.343729,-6.196789
126_53,53.344627,-6.19673
126_54,53.345525,-6.196671
126_55,53.346423,-6.196612
126_56,53.347321,-6.196553
126_57,53.348218,-6.196495
126_58,53.349116,-6.196436
126_59,53.350014,-6.196377
126_60,53.350912,-6.196318
126_61,53.35181,-6.196259
126_62,53.352707,-6.1962
126_63,53.353605,-6.196141
126_64,53.354503,-6.196082
126_65,53.355401,-6.196023
126_66,53.356299,-6.195964
126_67,53.357197,-6.195905
126_68,53.358094,-6.195846
126_69,53.358992,-6.195787
126_70,53.35989,-6.195728
126_71,53.360788,-6.195669
126_72,53.361686,-6.19561
126_73,53.362583,-6.195551
126_74,53.363481,-6.195492
126_75,53.364379,-6.195433
126_76,53.365277,-6.195374
126_77,53.366175,-6.195315
126_78,53.367072,-6.195256
126_79,53.36797,-6.195197
126_80,53.368868,-6.195138
126_81,53.369766,-6.195079
126_82,53.370664,-6.19502
126_83,53.371562,-6.194961
126_84,53.372459,-6.194902
126_85,53.373357,-6.194843
126_86,53.374255,-6.194784
126_87,53.375153,-6.194725
126_88,53.376051,-6.194666
126_89,53.376948,-6.194607
126_90,53.377846,-6.194548
126_91,53.378744,-6.194488
126_92,53.379642,-6.194429
126_93,53.38054,-6.19437
126_94,53.381437,-6.194311
126_95,53.382335,-6.194252
126_96,53.383233,-6.194193
126_97,53.384131,-6.194134
126_98,53.385029,-6.194075
126_99,53.385926,-6.194016
126_100,53.386824,-6.193957
126_101,53.387722,-6.193898
126_102,53.38862,-6.193839
126_103,53.389518,-6.19378
126_104,53.390415,-6.193721
126_105,53.391313,-6.193661
126_106,53.392211,-6.193602
126_107,53.393109,-6.193543
126_108,53.394007,-6.193484
126_109,53.394904,-6.193425
126_110,53.395802,-6.193366
126_111,53.3967,-6.193307
126_112,53.397598,-6.193248
126_113,53.398496,-6.193189
126_114,53.399393,-6.193129
126_115,53.400291,-6.19307
126_116,53.401189,-6.193011
126_117,53.402087,-6.192952
126_118,53.402985,-6.192893
126_119,53.403882,-6.192834
126_120,53.40478,-6.192775
126_121,53.405678,-6.192715
126_122,53.406576,-6.192656
126_123,53.407474,-6.192597
126_124,53.408372,-6.192538
126_125,53.409269,-6.192479
126_126,53.410167,-6.19242
127_0,53.297008,-6.198351
127_1,53.297905,-6.198292
127_2,53.298803,-6.198233
127_3,53.299701,-6.198174
127_4,53.300599,-6.198116
127_5,53.301497,-6.198057
127_6,53.302394,-6.197998
127_7,53.303292,-6.197939
127_8,53.30419,-6.19788
127_9,53.305088,-6.197821
127_10,53.305986,-6.197763
127_11,53.306884,-6.197704
127_12,53.307781,-6.197645
127_13,53.308679,-6.197586
127_14,53.309577,-6.197527
127_15,53.310475,-6.197468
127_16,53.311373,-6.19741
127_17,53.31227,-6.197351
127_18,53.313168,-6.197292
127_19,53.314066,-6.197233
127_20,53.314964,-6.197174
127_21,53.315862,-6.197115
127_22,53.31676,-6.197056
127_23,53.317657,-6.196998
127_24,53.318555,-6.196939
127_25,53.319453,-6.19688
127_26,53.320351,-6.196821
127_27,53.321249,-6.196762
127_28,53.322146,-6.196703
127_29,53.323044,-6.196644
127_30,53.323942,-6.196585
127_31,53.32484,-6.196526
127_32,53.325738,-6.196468
127_33,53.326636,-6.196409
127_34,53.327533,-6.19635
127_35,53.328431,-6.196291
127_36,53.329329,-6.196232
127_37,53.330227,-6.196173
127_38,53.331125,-6.196114
127_39,53.332022,-6.196055
127_40,53.33292,-6.195996
127_41,53.333818,-6.195937
127_42,53.334716,-6.195878
127_43,53.335614,-6.195819
127_44,53.336512,-6.195761
127_45,53.337409,-6.195702
127_46,53.338307,-6.195643
127_47,53.339205,-6.195584
127_48,53.340103,-6.195525
127_49,53.341001,-6.195466
127_50,53.341898,-6.195407
127_51,53.342796,-6.195348
127_52,53.343694,-6.195289
127_53,53.344592,-6.19523
127_54,53.34549,-6.195171
127_55,53.346388,-6.195112
127_56,53.347285,-6.195053
127_57,53.348183,-6.194994
127_58,53.349081,-6.194935
127_59,53.349979,-6.194876
127_60,53.350877,-6.194817
127_61,53.351774,-6.194758
127_62,53.352672,-6.194699
127_63,53.35357,-6.19464
127_64,53.354468,-6.194581
127_65,53.355366,-6.194522
127_66,53.356263,-6.194463
127_67,53.357161,-6.194404
127_68,53.358059,-6.194345
127_69,53.358957,-6.194286
127_70,53.359855,-6.194227
127_71,53.360752,-6.194168
127_72,53.36165,-6.194109
127_73,53.362548,-6.19405
127_74,53.363446,-6.193991
127_75,53.364344,-6.193932
127_76,53.365242,-6.193873
127_77,53.366139,-6.193814
127_78,53.367037,-6.193755
127_79,53.367935,-6.193696
127_80,53.368833,-6.193637
127_81,53.369731,-6.193578
127_82,53.370628,-6.193519
127_83,53.371526,-6.19346
127_84,53.372424,-6.193401
127_85,53.373322,-6.193341
127_86,53.37422,-6.193282
127_87,53.375117,-6.193223
127_88,53.376015,-6.193164
127_89,53.376913,-6.193105
127_90,53.377811,-6.193046
127_91,53.378709,-6.192987
127_92,53.379606,-6.192928
127_93,53.380504,-6.192869
127_94,53.381402,-6.19281
127_95,53.3823,-6.192751
127_96,53.383198,-6.192692
127_97,53.384095,-6.192632
127_98,53.384993,-6.192573
127_99,53.385891,-6.192514
127_100,53.386789,-6.192455
127_101,53.387687,-6.192396
127_102,53.388584,-6.192337
127_103,53.389482,-6.192278
127_104,53.39038,-6.192219
127_105,53.391278,-6.19216
127_106,53.392176,-6.1921
127_107,53.393074,-6.192041
127_108,53.393971,-6.191982
127_109,53.394869,-6.191923
127_110,53.395767,-6.191864
127_111,53.396665,-6.191805
127_112,53.397563,-6.191746
127_113,53.39846,-6.191686
127_114,53.399358,-6.191627
127_115,53.400256,-6.191568
127_116,53.401154,-6.191509
127_117,53.402052,-6.19145
127_118,53.402949,-6.191391
127_119,53.403847,-6.191331
127_120,53.404745,-6.191272
127_121,53.405643,-6.191213
127_122,53.406541,-6.191154
127_123,53.407438,-6.191095
127_124,53.408336,-6.191035
127_125,53.409234,-6.190976
127_126,53.410132,-6.190917
128_0,53.296972,-6.196852
128_1,53.29787,-6.196793
128_2,53.298768,-6.196734
128_3,53.299666,-6.196676
128_4,53.300564,-6.196617
128_5,53.301461,-6.196558
128_6,53.302359,-6.196499
128_7,53.303257,-6.19644
128_8,53.304155,-6.196381
128_9,53.305053,-6.196323
128_10,53.305951,-6.196264
128_11,53.306848,-6.196205
128_12,53.307746,-6.196146
128_13,53.308644,-6.196087
128_14,53.309542,-6.196028
128_15,53.31044,-6.195969
128_16,53.311337,-6.19591
128_17,53.312235,-6.195852
128_18,53.313133,-6.195793
128_19,53.314031,-6.195734
128_20,53.314929,-6.195675
128_21,53.315827,-6.195616
128_22,53.316724,-6.195557
128_23,53.317622,-6.195498
128_24,53.31852,-6.195439
128_25,53.319418,-6.19538
128_26,53.320316,-6.195321
128_27,53.321213,-6.195263
128_28,53.322111,-6.195204
128_29,53.323009,-6.195145
128_30,53.323907,-6.195086
128_31,53.324805,-6.195027
128_32,53.325702,-6.194968
128_33,53.3266,-6.194909
128_34,53.327498,-6.19485
128_35,53.328396,-6.194791
128_36,53.329294,-6.194732
128_37,53.330192,-6.194673
128_38,53.331089,-6.194614
128_39,53.331987,-6.194555
128_40,53.332885,-6.194496
128_41,53.333783,-6.194437
128_42,53.334681,-6.194379
128_43,53.335578,-6.19432
128_44,53.336476,-6.194261
128_45,53.337374,-6.194202
128_46,53.338272,-6.194143
128_47,53.33917,-6.194084
128_48,53.340068,-6.194025
128_49,53.340965,-6.193966
128_50,53.341863,-6.193907
128_51,53.342761,-6.193848
128_52,53.343659,-6.193789
128_53,53.344557,-6.19373
128_54,53.345454,-6.193671
128_55,53.346352,-6.193612
128_56,53.34725,-6.193553
128_57,53.348148,-6.193494
128_58,53.349046,-6.193435
128_59,53.349943,-6.193376
128_60,53.350841,-6.193317
128_61,53.351739,-6.193258
128_62,53.352637,-6.193199
128_63,53.353535,-6.19314
128_64,53.354433,-6.193081
128_65,53.35533,-6.193022
128_66,53.356228,-6.192963
128_67,53.357126,-6.192903
128_68,53.358024,-6.192844
128_69,53.358922,-6.192785
128_70,53.359819,-6.192726
128_71,53.360717,-6.192667
128_72,53.361615,-6.192608
128_73,53.362513,-6.192549
128_74,53.363411,-6.19249
128_75,53.364308,-6.192431
128_76,53.365206,-6.192372
128_77,53.366104,-6.192313
128_78,53.367002,-6.192254
128_79,53.3679,-6.192195
128_80,53.368797,-6.192136
128_81,53.369695,-6.192077
128_82,53.370593,-6.192017
128_83,53.371491,-6.191958
128_84,53.372389,-6.191899
128_85,53.373286,-6.19184
128_86,53.374184,-6.191781
128_87,53.375082,-6.191722
128_88,53.37598,-6.191663
128_89,53.376878,-6.191604
128_90,53.377775,-6.191545
128_91,53.378673,-6.191486
128_92,53.379571,-6.191426
128_93,53.380469,-6.191367
128_94,53.381367,-6.191308
128_95,53.382265,-6.191249
128_96,53.383162,-6.19119
128_97,53.38406,-6.191131
128_98,53.384958,-6.191072
128_99,53.385856,-6.191013
128_100,53.386754,-6.190953
128_101,53.387651,-6.190894
128_102,53.388549,-6.190835
128_103,53.389447,-6.190776
128_104,53.390345,-6.190717
128_105,53.391243,-6.190658
128_106,53.39214,-6.190598
128_107,53.393038,-6.190539
128_108,53.393936,-6.19048
128_109,53.394834,-6.190421
128_110,53.395732,-6.190362
128_111,53.396629,-6.190303
128_112,53.397527,-6.190243
128_113,53.398425,-6.190184
128_114,53.399323,-6.190125
128_115,53.400221,-6.190066
128_116,53.401118,-6.190007
128_117,53.402016,-6.189947
128_118,53.402914,-6.189888
128_119,53.403812,-6.189829
128_120,53.40471,-6.18977
128_121,53.405607,-6.189711
128_122,53.406505,-6.189651
128_123,53.407403,-6.189592
128_124,53.408301,-6.189533
128_125,53.409199,-6.189474
128_126,53.410096,-6.189415
129_0,53.296937,-6.195354
129_1,53.297835,-6.195295
129_2,53.298733,-6.195236
129_3,53.299631,-6.195177
129_4,53.300528,-6.195118
129_5,53.301426,-6.195059
129_6,53.302324,-6.195
129_7,53.303222,-6.194941
129_8,53.30412,-6.194883
129_9,53.305017,-6.194824
129_10,53.305915,-6.194765
129_11,53.306813,-6.194706
129_12,53.307711,-6.194647
129_13,53.308609,-6.194588
129_14,53.309507,-6.194529
129_15,53.310404,-6.19447
129_16,53.311302,-6.194411
129_17,53.3122,-6.194352
129_18,53.313098,-6.194294
129_19,53.313996,-6.194235
129_20,53.314893,-6.194176
129_21,53.315791,-6.194117
129_22,53.316689,-6.194058
129_23,53.317587,-6.193999
129_24,53.318485,-6.19394
129_25,53.319382,-6.193881
129_26,53.32028,-6.193822
129_27,53.321178,-6.193763
129_28,53.322076,-6.193704
129_29,53.322974,-6.193645
129_30,53.323872,-6.193586
129_31,53.324769,-6.193527
129_32,53.325667,-6.193468
129_33,53.326565,-6.193409
129_34,53.327463,-6.19335
129_35,53.328361,-6.193291
129_36,53.329258,-6.193232
129_37,53.330156,-6.193174
129_38,53.331054,-6.193115
129_39,53.331952,-6.193056
129_40,53.33285,-6.192997
129_41,53.333748,-6.192938
129_42,53.334645,-6.192879
129_43,53.335543,-6.19282
129_44,53.336441,-6.192761
129_45,53.337339,-6.192702
129_46,53.338237,-6.192643
129_47,53.339134,-6.192584
129_48,53.340032,-6.192525
129_49,53.34093,-6.192466
129_50,53.341828,-6.192407
129_51,53.342726,-6.192348
129_52,53.343623,-6.192288
129_53,53.344521,-6.192229
129_54,53.345419,-6.19217
129_55,53.346317,-6.192111
129_56,53.347215,-6.192052
129_57,53.348113,-6.191993
129_58,53.34901,-6.191934
129_59,53.349908,-6.191875
129_60,53.350806,-6.191816
129_61,53.351704,-6.191757
129_62,53.352602,-6.191698
129_63,53.353499,-6.191639
129_64,53.354397,-6.19158
129_65,53.355295,-6.191521
129_66,53.356193,-6.191462
129_67,53.357091,-6.191403
129_68,53.357988,-6.191344
129_69,53.358886,-6.191285
129_70,53.359784,-6.191226
129_71,53.360682,-6.191166
129_72,53.36158,-6.191107
129_73,53.362477,-6.191048
129_74,53.363375,-6.190989
129_75,53.364273,-6.19093
129_76,53.365171,-6.190871
129_77,53.366069,-6.190812
129_78,53.366966,-6.190753
129_79,53.367864,-6.190694
129_80,53.368762,-6.190635
129_81,53.36966,-6.190575
129_82,53.370558,-6.190516
129_83,53.371456,-6.190457
129_84,53.372353,-6.190398
129_85,53.373251,-6.190339
129_86,53.374149,-6.19028
129_87,53.375047,-6.190221
129_88,53.375945,-6.190162
129_89,53.376842,-6.190102
129_90,53.37774,-6.190043
129_91,53.378638,-6.189984
129_92,53.379536,-6.189925
129_93,53.380434,-6.189866
129_94,53.381331,-6.189807
129_95,53.382229,-6.189747
129_96,53.383127,-6.189688
129_97,53.384025,-6.189629
129_98,53.384923,-6.18957
129_99,53.38582,-6.189511
129_100,53.386718,-6.189452
129_101,53.387616,-6.189392
129_102,53.388514,-6.189333
129_103,53.389412,-6.189274
129_104,53.390309,-6.189215
129_105,53.391207,-6.189156
129_106,53.392105,-6.189097
129_107,53.393003,-6.189037
129_108,53.393901,-6.188978
129_109,53.394798,-6.188919
129_110,53.395696,-6.18886
129_111,53.396594,-6.188801
129_112,53.397492,-6.188741
129_113,53.39839,-6.188682
129_114,53.399287,-6.188623
129_115,53.400185,-6.188564
129_116,53.401083,-6.188504
129_117,53.401981,-6.188445
129_118,53.402879,-6.188386
129_119,53.403776,-6.188327
129_120,53.404674,-6.188267
129_121,53.405572,-6.188208
129_122,53.40647,-6.188149
129_123,53.407368,-6.18809
129_124,53.408265,-6.18803
129_125,53.409163,-6.187971
129_126,53.410061,-6.187912
130_0,53.296902,-6.193855
130_1,53.2978,-6.193796
130_2,53.298697,-6.193737
130_3,53.299595,-6.193678
130_4,53.300493,-6.193619
130_5,53.301391,-6.19356
130_6,53.302289,-6.193502
130_7,53.303187,-6.193443
130_8,53.304084,-6.193384
130_9,53.304982,-6.193325
130_10,53.30588,-6.193266
130_11,53.306778,-6.193207
130_12,53.307676,-6.193148
130_13,53.308573,-6.193089
130_14,53.309471,-6.19303
130_15,53.310369,-6.192971
130_16,53.311267,-6.192912
130_17,53.312165,-6.192853
130_18,53.313062,-6.192794
130_19,53.31396,-6.192735
130_20,53.314858,-6.192676
130_21,53.315756,-6.192617
130_22,53.316654,-6.192559
130_23,53.317552,-6.1925
130_24,53.318449,-6.192441
130_25,53.319347,-6.192382
130_26,53.320245,-6.192323
130_27,53.321143,-6.192264
130_28,53.322041,-6.192205
130_29,53.322938,-6.192146
130_30,53.323836,-6.192087
130_31,53.324734,-6.192028
130_32,53.325632,-6.191969
130_33,53.32653,-6.19191
130_34,53.327428,-6.191851
130_35,53.328325,-6.191792
130_36,53.329223,-6.191733
130_37,53.330121,-6.191674
130_38,53.331019,-6.191615
130_39,53.331917,-6.191556
130_40,53.332814,-6.191497
130_41,53.333712,-6.191438
130_42,53.33461,-6.191379
130_43,53.335508,-6.19132
130_44,53.336406,-6.191261
130_45,53.337303,-6.191202
130_46,53.338201,-6.191143
130_47,53.339099,-6.191084
130_48,53.339997,-6.191024
130_49,53.340895,-6.190965
130_50,53.341793,-6.190906
130_51,53.34269,-6.190847
130_52,53.343588,-6.190788
130_53,53.344486,-6.190729
130_54,53.345384,-6.19067
130_55,53.346282,-6.190611
130_56,53.347179,-6.190552
130_57,53.348077,-6.190493
130_58,53.348975,-6.190434
130_59,53.349873,-6.190375
130_60,53.350771,-6.190316
130_61,53.351668,-6.190257
130_62,53.352566,-6.190198
130_63,53.353464,-6.190138
130_64,53.354362,-6.190079
130_65,53.35526,-6.19002
130_66,53.356157,-6.189961
130_67,53.357055,-6.189902
130_68,53.357953,-6.189843
130_69,53.358851,-6.189784
130_70,53.359749,-6.189725
130_71,53.360646,-6.189666
130_72,53.361544,-6.189607
130_73,53.362442,-6.189547
130_74,53.36334,-6.189488
130_75,53.364238,-6.189429
130_76,53.365136,-6.18937
130_77,53.366033,-6.189311
130_78,53.366931,-6.189252
130_79,53.367829,-6.189193
130_80,53.368727,-6.189133
130_81,53.369625,-6.189074
130_82,53.370522,-6.189015
130_83,53.37142,-6.188956
130_84,53.372318,-6.188897
130_85,53.373216,-6.188838
130_86,53.374114,-6.188779
130_87,53.375011,-6.188719
130_88,53.375909,-6.18866
130_89,53.376807,-6.188601
130_90,53.377705,-6.188542
130_91,53.378603,-6.188483
130_92,53.3795,-6.188423
130_93,53.380398,-6.188364
130_94,53.381296,-6.188305
130_95,53.382194,-6.188246
130_96,53.383092,-6.188187
130_97,53.383989,-6.188128
130_98,53.384887,-6.188068
130_99,53.385785,-6.188009
130_100,53.386683,-6.18795
130_101,53.387581,-6.187891
130_102,53.388478,-6.187831
130_103,53.389376,-6.187772
130_104,53.390274,-6.187713
130_105,53.391172,-6.187654
130_106,53.39207,-6.187595
130_107,53.392967,-6.187535
130_108,53.393865,-6.187476
130_109,53.394763,-6.187417
130_110,53.395661,-6.187358
130_111,53.396559,-6.187298
130_112,53.397456,-6.187239
130_113,53.398354,-6.18718
130_114,53.399252,-6.187121
130_115,53.40015,-6.187061
130_116,53.401048,-6.187002
130_117,53.401945,-6.186943
130_118,53.402843,-6.186884
130_119,53.403741,-6.186824
130_120,53.404639,-6.186765
130_121,53.405537,-6.186706
130_122,53.406434,-6.186647
130_123,53.407332,-6.186587
130_124,53.40823,-6.186528
130_125,53.409128,-6.186469
130_126,53.410026,-6.186409
131_0,53.296866,-6.192356
131_1,53.297764,-6.192297
131_2,53.298662,-6.192238
131_3,53.29956,-6.19218
131_4,53.300458,-6.192121
131_5,53.301356,-6.192062
131_6,53.302253,-6.192003
131_7,53.303151,-6.191944
131_8,53.304049,-6.191885
131_9,53.304947,-6.191826
131_10,53.305845,-6.191767
131_11,53.306742,-6.191708
131_12,53.30764,-6.191649
131_13,53.308538,-6.19159
131_14,53.309436,-6.191531
131_15,53.310334,-6.191472
131_16,53.311232,-6.191413
131_17,53.312129,-6.191354
131_18,53.313027,-6.191295
131_19,53.313925,-6.191236
131_20,53.314823,-6.191177
131_21,53.315721,-6.191118
131_22,53.316618,-6.191059
131_23,53.317516,-6.191
131_24,53.318414,-6.190941
131_25,53.319312,-6.190882
131_26,53.32021,-6.190823
131_27,53.321108,-6.190764
131_28,53.322005,-6.190705
131_29,53.322903,-6.190646
131_30,53.323801,-6.190587
131_31,53.324699,-6.190528
131_32,53.325597,-6.190469
131_33,53.326494,-6.19041
131_34,53.327392,-6.190351
131_35,53.32829,-6.190292
131_36,53.329188,-6.190233
131_37,53.330086,-6.190174
131_38,53.330983,-6.190115
131_39,53.331881,-6.190056
131_40,53.332779,-6.189997
131_41,53.333677,-6.189938
131_42,53.334575,-6.189879
131_43,53.335472,-6.18982
131_44,53.33637,-6.189761
131_45,53.337268,-6.189702
131_46,53.338166,-6.189643
131_47,53.339064,-6.189583
131_48,53.339962,-6.189524
131_49,53.340859,-6.189465
131_50,53.341757,-6.189406
131_51,53.342655,-6.189347
131_52,53.343553,-6.189288
131_53,53.344451,-6.189229
131_54,53.345348,-6.18917
131_55,53.346246,-6.189111
131_56,53.347144,-6.189052
131_57,53.348042,-6.188993
131_58,53.34894,-6.188933
131_59,53.349837,-6.188874
131_60,53.350735,-6.188815
131_61,53.351633,-6.188756
131_62,53.352531,-6.188697
131_63,53.353429,-6.188638
131_64,53.354326,-6.188579
131_65,53.355224,-6.18852
131_66,53.356122,-6.188461
131_67,53.35702,-6.188401
131_68,53.357918,-6.188342
131_69,53.358815,-6.188283
131_70,53.359713,-6.188224
131_71,53.360611,-6.188165
131_72,53.361509,-6.188106
131_73,53.362407,-6.188046
131_74,53.363305,-6.187987
131_75,53.364202,-6.187928
131_76,53.3651,-6.187869
131_77,53.365998,-6.18781
131_78,53.366896,-6.187751
131_79,53.367794,-6.187692
131_80,53.368691,-6.187632
131_81,53.369589,-6.187573
131_82,53.370487,-6.187514
131_83,53.371385,-6.187455
131_84,53.372283,-6.187396
131_85,53.37318,-6.187336
131_86,53.374078,-6.187277
131_87,53.374976,-6.187218
131_88,53.375874,-6.187159
131_89,53.376772,-6.1871
131_90,53.377669,-6.18704
131_91,53.378567,-6.186981
131_92,53.379465,-6.186922
131_93,53.380363,-6.186863
131_94,53.381261,-6.186804
131_95,53.382158,-6.186744
131_96,53.383056,-6.186685
131_97,53.383954,-6.186626
131_98,53.384852,-6.186567
131_99,53.38575,-6.186507
131_100,53.386647,-6.186448
131_101,53.387545,-6.186389
131_102,53.388443,-6.18633
131_103,53.389341,-6.18627
131_104,53.390239,-6.186211
131_105,53.391136,-6.186152
131_106,53.392034,-6.186093
131_107,53.392932,-6.186033
131_108,53.39383,-6.185974
131_109,53.394728,-6.185915
131_110,53.395625,-6.185856
131_111,53.396523,-6.185796
131_112,53.397421,-6.185737
131_113,53.398319,-6.185678
131_114,53.399217,-6.185618
131_115,53.400114,-6.185559
131_116,53.401012,-6.1855
131_117,53.40191,-6.185441
131_118,53.402808,-6.185381
131_119,53.403706,-6.185322
131_120,53.404603,-6.185263
131_121,53.405501,-6.185203
131_122,53.406399,-6.185144
131_123,53.407297,-6.185085
131_124,53.408195,-6.185025
131_125,53.409092,-6.184966
131_126,53.40999,-6.184907
132_0,53.296831,-6.190858
132_1,53.297729,-6.190799
132_2,53.298627,-6.19074
132_3,53.299525,-6.190681
132_4,53.300422,-6.190622
132_5,53.30132,-6.190563
132_6,53.302218,-6.190504
132_7,53.303116,-6.190445
132_8,53.304014,-6.190386
132_9,53.304912,-6.190327
132_10,53.305809,-6.190268
132_11,53.306707,-6.190209
132_12,53.307605,-6.19015
132_13,53.308503,-6.190091
132_14,53.309401,-6.190032
132_15,53.310298,-6.189973
132_16,53.311196,-6.189914
132_17,53.312094,-6.189855
132_18,53.312992,-6.189796
132_19,53.31389,-6.189737
132_20,53.314787,-6.189678
132_21,53.315685,-6.189619
132_22,53.316583,-6.18956
132_23,53.317481,-6.189501
132_24,53.318379,-6.189442
132_25,53.319277,-6.189383
132_26,53.320174,-6.189324
132_27,53.321072,-6.189265
132_28,53.32197,-6.189206
132_29,53.322868,-6.189147
132_30,53.323766,-6.189088
132_31,53.324663,-6.189029
132_32,53.325561,-6.18897
132_33,53.326459,-6.188911
132_34,53.327357,-6.188851
132_35,53.328255,-6.188792
132_36,53.329152,-6.188733
132_37,53.33005,-6.188674
132_38,53.330948,-6.188615
132_39,53.331846,-6.188556
132_40,53.332744,-6.188497
132_41,53.333642,-6.188438
132_42,53.334539,-6.188379
132_43,53.335437,-6.18832
132_44,53.336335,-6.188261
132_45,53.337233,-6.188202
132_46,53.338131,-6.188142
132_47,53.339028,-6.188083
132_48,53.339926,-6.188024
132_49,53.340824,-6.187965
132_50,53.341722,-6.187906
132_51,53.34262,-6.187847
132_52,53.343517,-6.187788
132_53,53.344415,-6.187729
132_54,53.345313,-6.18767
132_55,53.346211,-6.18761
132_56,53.347109,-6.187551
132_57,53.348006,-6.187492
132_58,53.348904,-6.187433
132_59,53.349802,-6.187374
132_60,53.3507,-6.187315
132_61,53.351598,-6.187256
132_62,53.352495,-6.187196
132_63,53.353393,-6.187137
132_64,53.354291,-6.187078
132_65,53.355189,-6.187019
132_66,53.356087,-6.18696
132_67,53.356984,-6.186901
132_68,53.357882,-6.186842
132_69,53.35878,-6.186782
132_70,53.359678,-6.186723
132_71,53.360576,-6.186664
132_72,53.361474,-6.186605
132_73,53.362371,-6.186546
132_74,53.363269,-6.186486
132_75,53.364167,-6.186427
132_76,53.365065,-6.186368
132_77,53.365963,-6.186309
132_78,53.36686,-6.18625
132_79,53.367758,-6.18619
132_80,53.368656,-6.186131
132_81,53.369554,-6.186072
132_82,53.370452,-6.186013
132_83,53.371349,-6.185954
132_84,53.372247,-6.185894
132_85,53.373145,-6.185835
132_86,53.374043,-6.185776
132_87,53.374941,-6.185717
132_88,53.375838,-6.185657
132_89,53.376736,-6.185598
132_90,53.377634,-6.185539
132_91,53.378532,-6.18548
132_92,53.37943,-6.185421
132_93,53.380327,-6.185361
132_94,53.381225,-6.185302
132_95,53.382123,-6.185243
132_96,53.383021,-6.185183
132_97,53.383919,-6.185124
132_98,53.384816,-6.185065
132_99,53.385714,-6.185006
132_100,53.386612,-6.184946
132_101,53.38751,-6.184887
132_102,53.388408,-6.184828
132_103,53.389305,-6.184769
132_104,53.390203,-6.184709
132_105,53.391101,-6.18465
132_106,53.391999,-6.184591
132_107,53.392897,-6.184531
132_108,53.393794,-6.184472
132_109,53.394692,-6.184413
132_110,53.39559,-6.184354
132_111,53.396488,-6.184294
132_112,53.397386,-6.184235
132_113,53.398283,-6.184176
132_114,53.399181,-6.184116
132_115,53.400079,-6.184057
132_116,53.400977,-6.183998
132_117,53.401875,-6.183938
132_118,53.402772,-6.183879
132_119,53.40367,-6.18382
132_120,53.404568,-6.18376
132_121,53.405466,-6.183701
132_122,53.406363,-6.183642
132_123,53.407261,-6.183582
132_124,53.408159,-6.183523
132_125,53.409057,-6.183464
132_126,53.409955,-6.183404
133_0,53.296796,-6.189359
133_1,53.297694,-6.1893
133_2,53.298591,-6.189241
133_3,53.299489,-6.189182
133_4,53.300387,-6.189123
133_5,53.301285,-6.189064
133_6,53.302183,-6.189005
133_7,53.303081,-6.188946
133_8,53.303978,-6.188887
133_9,53.304876,-6.188828
133_10,53.305774,-6.188769
133_11,53.306672,-6.18871
133_12,53.30757,-6.188651
133_13,53.308467,-6.188592
133_14,53.309365,-6.188533
133_15,53.310263,-6.188474
133_16,53.311161,-6.188415
133_17,53.312059,-6.188356
133_18,53.312956,-6.188297
133_19,53.313854,-6.188238
133_20,53.314752,-6.188179
133_21,53.31565,-6.18812
133_22,53.316548,-6.188061
133_23,53.317446,-6.188002
133_24,53.318343,-6.187943
133_25,53.319241,-6.187884
133_26,53.320139,-6.187824
133_27,53.321037,-6.187765
133_28,53.321935,-6.187706
133_29,53.322832,-6.187647
133_30,53.32373,-6.187588
133_31,53.324628,-6.187529
133_32,53.325526,-6.18747
133_33,53.326424,-6.187411
133_34,53.327321,-6.187352
133_35,53.328219,-6.187293
133_36,53.329117,-6.187234
133_37,53.330015,-6.187175
133_38,53.330913,-6.187115
133_39,53.331811,-6.187056
133_40,53.332708,-6.186997
133_41,53.333606,-6.186938
133_42,53.334504,-6.186879
133_43,53.335402,-6.18682
133_44,53.3363,-6.186761
133_45,53.337197,-6.186702
133_46,53.338095,-6.186642
133_47,53.338993,-6.186583
133_48,53.339891,-6.186524
133_49,53.340789,-6.186465
133_50,53.341686,-6.186406
133_51,53.342584,-6.186347
133_52,53.343482,-6.186288
133_53,53.34438,-6.186228
133_54,53.345278,-6.186169
133_55,53.346175,-6.18611
133_56,53.347073,-6.186051
133_57,53.347971,-6.185992
133_58,53.348869,-6.185933
133_59,53.349767,-6.185873
133_60,53.350664,-6.185814
133_61,53.351562,-6.185755
133_62,53.35246,-6.185696
133_63,53.353358,-6.185637
133_64,53.354256,-6.185578
133_65,53.355153,-6.185518
133_66,53.356051,-6.185459
133_67,53.356949,-6.1854
133_68,53.357847,-6.185341
133_69,53.358745,-6.185282
133_70,53.359642,-6.185222
133_71,53.36054,-6.185163
133_72,53.361438,-6.185104
133_73,53.362336,-6.185045
133_74,53.363234,-6.184986
133_75,53.364132,-6.184926
133_76,53.365029,-6.184867
133_77,53.365927,-6.184808
133_78,53.366825,-6.184749
133_79,53.367723,-6.184689
133_80,53.368621,-6.18463
133_81,53.369518,-6.184571
133_82,53.370416,-6.184512
133_83,53.371314,-6.184452
133_84,53.372212,-6.184393
133_85,53.37311,-6.184334
133_86,53.374007,-6.184275
133_87,53.374905,-6.184215
133_88,53.375803,-6.184156
133_89,53.376701,-6.184097
133_90,53.377599,-6.184038
133_91,53.378496,-6.183978
133_92,53.379394,-6.183919
133_93,53.380292,-6.18386
133_94,53.38119,-6.1838
133_95,53.382088,-6.183741
133_96,53.382985,-6.183682
133_97,53.383883,-6.183623
133_98,53.384781,-6.183563
133_99,53.385679,-6.183504
133_100,53.386577,-6.183445
133_101,53.387474,-6.183385
133_102,53.388372,-6.183326
133_103,53.38927,-6.183267
133_104,53.390168,-6.183207
133_105,53.391065,-6.183148
133_106,53.391963,-6.183089
133_107,53.392861,-6.18303
133_108,53.393759,-6.18297
133_109,53.394657,-6.182911
133_110,53.395554,-6.182852
133_111,53.396452,-6.182792
133_112,53.39735,-6.182733
133_113,53.398248,-6.182673
133_114,53.399146,-6.182614
133_115,53.400043,-6.182555
133_116,53.400941,-6.182495
133_117,53.401839,-6.182436
133_118,53.402737,-6.182377
133_119,53.403635,-6.182317
133_120,53.404532,-6.182258
133_121,53.40543,-6.182199
133_122,53.406328,-6.182139
133_123,53.407226,-6.18208
133_124,53.408124,-6.182021
133_125,53.409021,-6.181961
133_126,53.409919,-6.181902
134_0,53.29676,-6.187861
134_1,53.297658,-6.187802
134_2,53.298556,-6.187743
134_3,53.299454,-6.187683
134_4,53.300352,-6.187624
134_5,53.30125,-6.187565
134_6,53.302147,-6.187506
134_7,53.303045,-6.187447
134_8,53.303943,-6.187388
134_9,53.304841,-6.187329
134_10,53.305739,-6.18727
134_11,53.306636,-6.187211
134_12,53.307534,-6.187152
134_13,53.308432,-6.187093
134_14,53.30933,-6.187034
134_15,53.310228,-6.186975
134_16,53.311126,-6.186916
134_17,53.312023,-6.186857
134_18,53.312921,-6.186798
134_19,53.313819,-6.186739
134_20,53.314717,-6.18668
134_21,53.315615,-6.186621
134_22,53.316512,-6.186561
134_23,53.31741,-6.186502
134_24,53.318308,-6.186443
134_25,53.319206,-6.186384
134_26,53.320104,-6.186325
134_27,53.321001,-6.186266
134_28,53.321899,-6.186207
134_29,53.322797,-6.186148
134_30,53.323695,-6.186089
134_31,53.324593,-6.18603
134_32,53.32549,-6.18597
134_33,53.326388,-6.185911
134_34,53.327286,-6.185852
134_35,53.328184,-6.185793
134_36,53.329082,-6.185734
134_37,53.32998,-6.185675
134_38,53.330877,-6.185616
134_39,53.331775,-6.185556
134_40,53.332673,-6.185497
134_41,53.333571,-6.185438
134_42,53.334469,-6.185379
134_43,53.335366,-6.18532
134_44,53.336264,-6.185261
134_45,53.337162,-6.185202
134_46,53.33806,-6.185142
134_47,53.338958,-6.185083
134_48,53.339855,-6.185024
134_49,53.340753,-6.184965
134_50,53.341651,-6.184906
134_51,53.342549,-6.184847
134_52,53.343447,-6.184787
134_53,53.344344,-6.184728
134_54,53.345242,-6.184669
134_55,53.34614,-6.18461
134_56,53.347038,-6.184551
134_57,53.347936,-6.184491
134_58,53.348833,-6.184432
134_59,53.349731,-6.184373
134_60,53.350629,-6.184314
134_61,53.351527,-6.184255
134_62,53.352425,-6.184195
134_63,53.353322,-6.184136
134_64,53.35422,-6.184077
134_65,53.355118,-6.184018
134_66,53.356016,-6.183959
134_67,53.356914,-6.183899
134_68,53.357811,-6.18384
134_69,53.358709,-6.183781
134_70,53.359607,-6.183722
134_71,53.360505,-6.183662
134_72,53.361403,-6.183603
134_73,53.3623,-6.183544
134_74,53.363198,-6.183485
134_75,53.364096,-6.183425
134_76,53.364994,-6.183366
134_77,53.365892,-6.183307
134_78,53.366789,-6.183248
134_79,53.367687,-6.183188
134_80,53.368585,-6.183129
134_81,53.369483,-6.18307
134_82,53.370381,-6.18301
134_83,53.371278,-6.182951
134_84,53.372176,-6.182892
134_85,53.373074,-6.182833
134_86,53.373972,-6.182773
134_87,53.37487,-6.182714
134_88,53.375767,-6.182655
134_89,53.376665,-6.182595
134_90,53.377563,-6.182536
134_91,53.378461,-6.182477
134_92,53.379359,-6.182418
134_93,53.380256,-6.182358
134_94,53.381154,-6.182299
134_95,53.382052,-6.18224
134_96,53.38295,-6.18218
134_97,53.383848,-6.182121
134_98,53.384745,-6.182062
134_99,53.385643,-6.182002
134_100,53.386541,-6.181943
134_101,53.387439,-6.181884
134_102,53.388337,-6.181824
134_103,53.389234,-6.181765
134_104,53.390132,-6.181706
134_105,53.39103,-6.181646
134_106,53.391928,-6.181587
134_107,53.392826,-6.181528
134_108,53.393723,-6.181468
134_109,53.394621,-6.181409
134_110,53.395519,-6.181349
134_111,53.396417,-6.18129
134_112,53.397315,-6.181231
134_113,53.398212,-6.181171
134_114,53.39911,-6.181112
134_115,53.400008,-6.181053
134_116,53.400906,-6.180993
134_117,53.401804,-6.180934
134_118,53.402701,-6.180874
134_119,53.403599,-6.180815
134_120,53.404497,-6.180756
134_121,53.405395,-6.180696
134_122,53.406293,-6.180637
134_123,53.40719,-6.180577
134_124,53.408088,-6.180518
134_125,53.408986,-6.180459
134_126,53.409884,-6.180399
135_0,53.296725,-6.186362
135_1,53.297623,-6.186303
135_2,53.298521,-6.186244
135_3,53.299419,-6.186185
135_4,53.300316,-6.186126
135_5,53.301214,-6.186067
135_6,53.302112,-6.186008
135_7,53.30301,-6.185949
135_8,53.303908,-6.185889
135_9,53.304805,-6.18583
135_10,53.305703,-6.185771
135_11,53.306601,-6.185712
135_12,53.307499,-6.185653
135_13,53.308397,-6.185594
135_14,53.309294,-6.185535
135_15,53.310192,-6.185476
135_16,53.31109,-6.185417
135_17,53.311988,-6.185358
135_18,53.312886,-6.185299
135_19,53.313784,-6.185239
135_20,53.314681,-6.18518
135_21,53.315579,-6.185121
135_22,53.316477,-6.185062
135_23,53.317375,-6.185003
135_24,53.318273,-6.184944
135_25,53.31917,-6.184885
135_26,53.320068,-6.184826
135_27,53.320966,-6.184767
135_28,53.321864,-6.184707
135_29,53.322762,-6.184648
135_30,53.323659,-6.184589
135_31,53.324557,-6.18453
135_32,53.325455,-6.184471
135_33,53.326353,-6.184412
135_34,53.327251,-6.184353
135_35,53.328148,-6.184293
135_36,53.329046,-6.184234
135_37,53.329944,-6.184175
135_38,53.330842,-6.184116
135_39,53.33174,-6.184057
135_40,53.332638,-6.183998
135_41,53.333535,-6.183938
135_42,53.334433,-6.183879
135_43,53.335331,-6.18382
135_44,53.336229,-6.183761
135_45,53.337127,-6.183702
135_46,53.338024,-6.183642
135_47,53.338922,-6.183583
135_48,53.33982,-6.183524
135_49,53.340718,-6.183465
135_50,53.341616,-6.183406
135_51,53.342513,-6.183346
135_52,53.343411,-6.183287
135_53,53.344309,-6.183228
135_54,53.345207,-6.183169
135_55,53.346105,-6.18311
135_56,53.347002,-6.18305
135_57,53.3479,-6.182991
135_58,53.348798,-6.182932
135_59,53.349696,-6.182873
135_60,53.350594,-6.182813
135_61,53.351491,-6.182754
135_62,53.352389,-6.182695
135_63,53.353287,-6.182636
135_64,53.354185,-6.182576
135_65,53.355083,-6.182517
135_66,53.35598,-6.182458
135_67,53.356878,-6.182399
135_68,53.357776,-6.182339
135_69,53.358674,-6.18228
135_70,53.359572,-6.182221
135_71,53.360469,-6.182162
135_72,53.361367,-6.182102
135_73,53.362265,-6.182043
135_74,53.363163,-6.181984
135_75,53.364061,-6.181924
135_76,53.364958,-6.181865
135_77,53.365856,-6.181806
135_78,53.366754,-6.181747
135_79,53.367652,-6.181687
135_80,53.36855,-6.181628
135_81,53.369447,-6.181569
135_82,53.370345,-6.181509
135_83,53.371243,-6.18145
135_84,53.372141,-6.181391
135_85,53.373039,-6.181331
135_86,53.373936,-6.181272
135_87,53.374834,-6.181213
135_88,53.375732,-6.181153
135_89,53.37663,-6.181094
135_90,53.377528,-6.181035
135_91,53.378425,-6.180975
135_92,53.379323,-6.180916
135_93,53.380221,-6.180857
135_94,53.381119,-6.180797
135_95,53.382017,-6.180738
135_96,53.382914,-6.180679
135_97,53.383812,-6.180619
135_98,53.38471,-6.18056
135_99,53.385608,-6.180501
135_100,53.386506,-6.180441
135_101,53.387403,-6.180382
135_102,53.388301,-6.180323
135_103,53.389199,-6.180263
135_104,53.390097,-6.180204
135_105,53.390995,-6.180144
135_106,53.391892,-6.180085
135_107,53.39279,-6.180026
135_108,53.393688,-6.179966
135_109,53.394586,-6.179907
135_110,53.395484,-6.179847
135_111,53.396381,-6.179788
135_112,53.397279,-6.179729
135_113,53.398177,-6.179669
135_114,53.399075,-6.17961
135_115,53.399972,-6.17955
135_116,53.40087,-6.179491
135_117,53.401768,-6.179432
135_118,53.402666,-6.179372
135_119,53.403564,-6.179313
135_120,53.404461,-6.179253
135_121,53.405359,-6.179194
135_122,53.406257,-6.179134
135_123,53.407155,-6.179075
135_124,53.408053,-6.179016
135_125,53.40895,-6.178956
135_126,53.409848,-6.178897
136_0,53.29669,-6.184863
136_1,53.297588,-6.184804
136_2,53.298485,-6.184745
136_3,53.299383,-6.184686
136_4,53.300281,-6.184627
136_5,53.301179,-6.184568
136_6,53.302077,-6.184509
136_7,53.302974,-6.18445
136_8,53.303872,-6.184391
136_9,53.30477,-6.184332
136_10,53.305668,-6.184272
136_11,53.306566,-6.184213
136_12,53.307463,-6.184154
136_13,53.308361,-6.184095
136_14,53.309259,-6.184036
136_15,53.310157,-6.183977
136_16,53.311055,-6.183918
136_17,53.311953,-6.183859
136_18,53.31285,-6.183799
136_19,53.313748,-6.18374
136_20,53.314646,-6.183681
136_21,53.315544,-6.183622
136_22,53.316442,-6.183563
136_23,53.317339,-6.183504
136_24,53.318237,-6.183445
136_25,53.319135,-6.183385
136_26,53.320033,-6.183326
136_27,53.320931,-6.183267
136_28,53.321828,-6.183208
136_29,53.322726,-6.183149
136_30,53.323624,-6.18309
136_31,53.324522,-6.18303
136_32,53.32542,-6.182971
136_33,53.326317,-6.182912
136_34,53.327215,-6.182853
136_35,53.328113,-6.182794
136_36,53.329011,-6.182734
136_37,53.329909,-6.182675
136_38,53.330806,-6.182616
136_39,53.331704,-6.182557
136_40,53.332602,-6.182498
136_41,53.3335,-6.182438
136_42,53.334398,-6.182379
136_43,53.335296,-6.18232
136_44,53.336193,-6.182261
136_45,53.337091,-6.182202
136_46,53.337989,-6.182142
136_47,53.338887,-6.182083
136_48,53.339785,-6.182024
136_49,53.340682,-6.181965
136_50,53.34158,-6.181905
136_51,53.342478,-6.181846
136_52,53.343376,-6.181787
136_53,53.344274,-6.181728
136_54,53.345171,-6.181668
136_55,53.346069,-6.181609
136_56,53.346967,-6.18155
136_57,53.347865,-6.181491
136_58,53.348763,-6.181431
136_59,53.34966,-6.181372
136_60,53.350558,-6.181313
136_61,53.351456,-6.181254
136_62,53.352354,-6.181194
136_63,53.353252,-6.181135
136_64,53.354149,-6.181076
136_65,53.355047,-6.181017
136_66,53.355945,-6.180957
136_67,53.356843,-6.180898
136_68,53.357741,-6.180839
136_69,53.358638,-6.180779
136_70,53.359536,-6.18072
136_71,53.360434,-6.180661
136_72,53.361332,-6.180601
136_73,53.36223,-6.180542
136_74,53.363127,-6.180483
136_75,53.364025,-6.180423
136_76,53.364923,-6.180364
136_77,53.365821,-6.180305
136_78,53.366719,-6.180246
136_79,53.367616,-6.180186
136_80,53.368514,-6.180127
136_81,53.369412,-6.180068
136_82,53.37031,-6.180008
136_83,53.371208,-6.179949
136_84,53.372105,-6.179889
136_85,53.373003,-6.17983
136_86,53.373901,-6.179771
136_87,53.374799,-6.179711
136_88,53.375697,-6.179652
136_89,53.376594,-6.179593
136_90,53.377492,-6.179533
136_91,53.37839,-6.179474
136_92,53.379288,-6.179415
136_93,53.380185,-6.179355
136_94,53.381083,-6.179296
136_95,53.381981,-6.179236
136_96,53.382879,-6.179177
136_97,53.383777,-6.179118
136_98,53.384674,-6.179058
136_99,53.385572,-6.178999
136_100,53.38647,-6.17894
136_101,53.387368,-6.17888
136_102,53.388266,-6.178821
136_103,53.389163,-6.178761
136_104,53.390061,-6.178702
136_105,53.390959,-6.178643
136_106,53.391857,-6.178583
136_107,53.392755,-6.178524
136_108,53.393652,-6.178464
136_109,53.39455,-6.178405
136_110,53.395448,-6.178345
136_111,53.396346,-6.178286
136_112,53.397244,-6.178227
136_113,53.398141,-6.178167
136_114,53.399039,-6.178108
136_115,53.399937,-6.178048
136_116,53.400835,-6.177989
136_117,53.401733,-6.177929
136_118,53.40263,-6.17787
136_119,53.403528,-6.17781
136_120,53.404426,-6.177751
136_121,53.405324,-6.177691
136_122,53.406221,-6.177632
136_123,53.407119,-6.177573
136_124,53.408017,-6.177513
136_125,53.408915,-6.177454
136_126,53.409813,-6.177394
137_0,53.296654,-6.183365
137_1,53.297552,-6.183306
137_2,53.29845,-6.183247
137_3,53.299348,-6.183187
137_4,53.300246,-6.183128
137_5,53.301143,-6.183069
137_6,53.302041,-6.18301
137_7,53.302939,-6.182951
137_8,53.303837,-6.182892
137_9,53.304735,-6.182833
137_10,53.305632,-6.182774
137_11,53.30653,-6.182714
137_12,53.307428,-6.182655
137_13,53.308326,-6.182596
137_14,53.309224,-6.182537
137_15,53.310121,-6.182478
137_16,53.311019,-6.182419
137_17,53.311917,-6.182359
137_18,53.312815,-6.1823
137_19,53.313713,-6.182241
137_20,53.314611,-6.182182
137_21,53.315508,-6.182123
137_22,53.316406,-6.182064
137_23,53.317304,-6.182004
137_24,53.318202,-6.181945
137_25,53.3191,-6.181886
137_26,53.319997,-6.181827
137_27,53.320895,-6.181768
137_28,53.321793,-6.181708
137_29,53.322691,-6.181649
137_30,53.323589,-6.18159
137_31,53.324486,-6.181531
137_32,53.325384,-6.181472
137_33,53.326282,-6.181412
137_34,53.32718,-6.181353
137_35,53.328078,-6.181294
137_36,53.328975,-6.181235
137_37,53.329873,-6.181176
137_38,53.330771,-6.181116
137_39,53.331669,-6.181057
137_40,53.332567,-6.180998
137_41,53.333464,-6.180939
137_42,53.334362,-6.180879
137_43,53.33526,-6.18082
137_44,53.336158,-6.180761
137_45,53.337056,-6.180702
137_46,53.337953,-6.180642
137_47,53.338851,-6.180583
137_48,53.339749,-6.180524
137_49,53.340647,-6.180465
137_50,53.341545,-6.180405
137_51,53.342442,-6.180346
137_52,53.34334,-6.180287
137_53,53.344238,-6.180227
137_54,53.345136,-6.180168
137_55,53.346034,-6.180109
137_56,53.346931,-6.18005
137_57,53.347829,-6.17999
137_58,53.348727,-6.179931
137_59,53.349625,-6.179872
137_60,53.350523,-6.179812
137_61,53.35142,-6.179753
137_62,53.352318,-6.179694
137_63,53.353216,-6.179635
137_64,53.354114,-6.179575
137_65,53.355012,-6.179516
137_66,53.355909,-6.179457
137_67,53.356807,-6.179397
137_68,53.357705,-6.179338
137_69,53.358603,-6.179279
137_70,53.359501,-6.179219
137_71,53.360398,-6.17916
137_72,53.361296,-6.179101
137_73,53.362194,-6.179041
137_74,53.363092,-6.178982
137_75,53.36399,-6.178923
137_76,53.364887,-6.178863
137_77,53.365785,-6.178804
137_78,53.366683,-6.178744
137_79,53.367581,-6.178685
137_80,53.368479,-6.178626
137_81,53.369376,-6.178566
137_82,53.370274,-6.178507
137_83,53.371172,-6.178448
137_84,53.37207,-6.178388
137_85,53.372968,-6.178329
137_86,53.373865,-6.17827
137_87,53.374763,-6.17821
137_88,53.375661,-6.178151
137_89,53.376559,-6.178091
137_90,53.377457,-6.178032
137_91,53.378354,-6.177973
137_92,53.379252,-6.177913
137_93,53.38015,-6.177854
137_94,53.381048,-6.177794
137_95,53.381946,-6.177735
137_96,53.382843,-6.177676
137_97,53.383741,-6.177616
137_98,53.384639,-6.177557
137_99,53.385537,-6.177497
137_100,53.386435,-6.177438
137_101,53.387332,-6.177378
137_102,53.38823,-6.177319
137_103,53.389128,-6.17726
137_104,53.390026,-6.1772
137_105,53.390924,-6.177141
137_106,53.391821,-6.177081
137_107,53.392719,-6.177022
137_108,53.393617,-6.176962
137_109,53.394515,-6.176903
137_110,53.395412,-6.176843
137_111,53.39631,-6.176784
137_112,53.397208,-6.176724
137_113,53.398106,-6.176665
137_114,53.399004,-6.176605
137_115,53.399901,-6.176546
137_116,53.400799,-6.176487
137_117,53.401697,-6.176427
137_118,53.402595,-6.176368
137_119,53.403493,-6.176308
137_120,53.40439,-6.176249
137_121,53.405288,-6.176189
137_122,53.406186,-6.17613
137_123,53.407084,-6.17607
137_124,53.407982,-6.176011
137_125,53.408879,-6.175951
137_126,53.409777,-6.175892
138_0,53.296619,-6.181866
138_1,53.297517,-6.181807
138_2,53.298415,-6.181748
138_3,53.299312,-6.181689
138_4,53.30021,-6.18163
138_5,53.301108,-6.181571
138_6,53.302006,-6.181511
138_7,53.302904,-6.181452
138_8,53.303801,-6.181393
138_9,53.304699,-6.181334
138_10,53.305597,-6.181275
138_11,53.306495,-6.181216
138_12,53.307393,-6.181156
138_13,53.30829,-6.181097
138_14,53.309188,-6.181038
138_15,53.310086,-6.180979
138_16,53.310984,-6.18092
138_17,53.311882,-6.18086
138_18,53.312779,-6.180801
138_19,53.313677,-6.180742
138_20,53.314575,-6.180683
138_21,53.315473,-6.180624
138_22,53.316371,-6.180564
138_23,53.317268,-6.180505
138_24,53.318166,-6.180446
138_25,53.319064,-6.180387
138_26,53.319962,-6.180327
138_27,53.32086,-6.180268
138_28,53.321758,-6.180209
138_29,53.322655,-6.18015
138_30,53.323553,-6.180091
138_31,53.324451,-6.180031
138_32,53.325349,-6.179972
138_33,53.326247,-6.179913
138_34,53.327144,-6.179854
138_35,53.328042,-6.179794
138_36,53.32894,-6.179735
138_37,53.329838,-6.179676
138_38,53.330736,-6.179617
138_39,53.331633,-6.179557
138_40,53.332531,-6.179498
138_41,53.333429,-6.179439
138_42,53.334327,-6.179379
138_43,53.335225,-6.17932
138_44,53.336122,-6.179261
138_45,53.33702,-6.179202
138_46,53.337918,-6.179142
138_47,53.338816,-6.179083
138_48,53.339714,-6.179024
138_49,53.340611,-6.178964
138_50,53.341509,-6.178905
138_51,53.342407,-6.178846
138_52,53.343305,-6.178787
138_53,53.344203,-6.178727
138_54,53.3451,-6.178668
138_55,53.345998,-6.178609
138_56,53.346896,-6.178549
138_57,53.347794,-6.17849
138_58,53.348692,-6.178431
138_59,53.349589,-6.178371
138_60,53.350487,-6.178312
138_61,53.351385,-6.178253
138_62,53.352283,-6.178193
138_63,53.353181,-6.178134
138_64,53.354078,-6.178075
138_65,53.354976,-6.178015
138_66,53.355874,-6.177956
138_67,53.356772,-6.177897
138_68,53.35767,-6.177837
138_69,53.358567,-6.177778
138_70,53.359465,-6.177718
138_71,53.360363,-6.177659
138_72,53.361261,-6.1776
138_73,53.362159,-6.17754
138_74,53.363056,-6.177481
138_75,53.363954,-6.177422
138_76,53.364852,-6.177362
138_77,53.36575,-6.177303
138_78,53.366648,-6.177243
138_79,53.367545,-6.177184
138_80,53.368443,-6.177125
138_81,53.369341,-6.177065
138_82,53.370239,-6.177006
138_83,53.371137,-6.176946
138_84,53.372034,-6.176887
138_85,53.372932,-6.176828
138_86,53.37383,-6.176768
138_87,53.374728,-6.176709
138_88,53.375625,-6.176649
138_89,53.376523,-6.17659
138_90,53.377421,-6.176531
138_91,53.378319,-6.176471
138_92,53.379217,-6.176412
138_93,53.380114,-6.176352
138_94,53.381012,-6.176293
138_95,53.38191,-6.176233
138_96,53.382808,-6.176174
138_97,53.383706,-6.176114
138_98,53.384603,-6.176055
138_99,53.385501,-6.175996
138_100,53.386399,-6.175936
138_101,53.387297,-6.175877
138_102,53.388195,-6.175817
138_103,53.389092,-6.175758
138_104,53.38999,-6.175698
138_105,53.390888,-6.175639
138_106,53.391786,-6.175579
138_107,53.392684,-6.17552
138_108,53.393581,-6.17546
138_109,53.394479,-6.175401
138_110,53.395377,-6.175341
138_111,53.396275,-6.175282
138_112,53.397172,-6.175222
138_113,53.39807,-6.175163
138_114,53.398968,-6.175103
138_115,53.399866,-6.175044
138_116,53.400764,-6.174984
138_117,53.401661,-6.174925
138_118,53.402559,-6.174865
138_119,53.403457,-6.174806
138_120,53.404355,-6.174746
138_121,53.405253,-6.174687
138_122,53.40615,-6.174627
138_123,53.407048,-6.174568
138_124,53.407946,-6.174508
138_125,53.408844,-6.174449
138_126,53.409742,-6.174389
139_0,53.296583,-6.180368
139_1,53.297481,-6.180309
139_2,53.298379,-6.180249
139_3,53.299277,-6.18019
139_4,53.300175,-6.180131
139_5,53.301073,-6.180072
139_6,53.30197,-6.180013
139_7,53.302868,-6.179953
139_8,53.303766,-6.179894
139_9,53.304664,-6.179835
139_10,53.305562,-6.179776
139_11,53.306459,-6.179717
139_12,53.307357,-6.179657
139_13,53.308255,-6.179598
139_14,53.309153,-6.179539
139_15,53.310051,-6.17948
139_16,53.310948,-6.179421
139_17,53.311846,-6.179361
139_18,53.312744,-6.179302
139_19,53.313642,-6.179243
139_20,53.31454,-6.179184
139_21,53.315437,-6.179124
139_22,53.316335,-6.179065
139_23,53.317233,-6.179006
139_24,53.318131,-6.178947
139_25,53.319029,-6.178887
139_26,53.319926,-6.178828
139_27,53.320824,-6.178769
139_28,53.321722,-6.17871
139_29,53.32262,-6.17865
139_30,53.323518,-6.178591
139_31,53.324415,-6.178532
139_32,53.325313,-6.178472
139_33,53.326211,-6.178413
139_34,53.327109,-6.178354
139_35,53.328007,-6.178295
139_36,53.328904,-6.178235
139_37,53.329802,-6.178176
139_38,53.3307,-6.178117
139_39,53.331598,-6.178057
139_40,53.332496,-6.177998
139_41,53.333393,-6.177939
139_42,53.334291,-6.17788
139_43,53.335189,-6.17782
139_44,53.336087,-6.177761
139_45,53.336985,-6.177702
139_46,53.337882,-6.177642
139_47,53.33878,-6.177583
139_48,53.339678,-6.177524
139_49,53.340576,-6.177464
139_50,53.341474,-6.177405
139_51,53.342371,-6.177346
139_52,53.343269,-6.177286
139_53,53.344167,-6.177227
139_54,53.345065,-6.177168
139_55,53.345963,-6.177108
139_56,53.34686,-6.177049
139_57,53.347758,-6.17699
139_58,53.348656,-6.17693
139_59,53.349554,-6.176871
139_60,53.350452,-6.176812
139_61,53.351349,-6.176752
139_62,53.352247,-6.176693
139_63,53.353145,-6.176633
139_64,53.354043,-6.176574
139_65,53.354941,-6.176515
139_66,53.355838,-6.176455
139_67,53.356736,-6.176396
139_68,53.357634,-6.176337
139_69,53.358532,-6.176277
139_70,53.35943,-6.176218
139_71,53.360327,-6.176158
139_72,53.361225,-6.176099
139_73,53.362123,-6.17604
139_74,53.363021,-6.17598
139_75,53.363919,-6.175921
139_76,53.364816,-6.175861
139_77,53.365714,-6.175802
139_78,53.366612,-6.175742
139_79,53.36751,-6.175683
139_80,53.368408,-6.175624
139_81,53.369305,-6.175564
139_82,53.370203,-6.175505
139_83,53.371101,-6.175445
139_84,53.371999,-6.175386
139_85,53.372897,-6.175326
139_86,53.373794,-6.175267
139_87,53.374692,-6.175208
139_88,53.37559,-6.175148
139_89,53.376488,-6.175089
139_90,53.377386,-6.175029
139_91,53.378283,-6.17497
139_92,53.379181,-6.17491
139_93,53.380079,-6.174851
139_94,53.380977,-6.174791
139_95,53.381874,-6.174732
139_96,53.382772,-6.174672
139_97,53.38367,-6.174613
139_98,53.384568,-6.174553
139_99,53.385466,-6.174494
139_100,53.386363,-6.174434
139_101,53.387261,-6.174375
139_102,53.388159,-6.174315
139_103,53.389057,-6.174256
139_104,53.389955,-6.174196
139_105,53.390852,-6.174137
139_106,53.39175,-6.174077
139_107,53.392648,-6.174018
139_108,53.393546,-6.173958
139_109,53.394444,-6.173899
139_110,53.395341,-6.173839
139_111,53.396239,-6.17378
139_112,53.397137,-6.17372
139_113,53.398035,-6.173661
139_114,53.398932,-6.173601
139_115,53.39983,-6.173542
139_116,53.400728,-6.173482
139_117,53.401626,-6.173423
139_118,53.402524,-6.173363
139_119,53.403421,-6.173303
139_120,53.404319,-6.173244
139_121,53.405217,-6.173184
139_122,53.406115,-6.173125
139_123,53.407013,-6.173065
139_124,53.40791,-6.173006
139_125,53.408808,-6.172946
139_126,53.409706,-6.172887
140_0,53.296548,-6.178869
140_1,53.297446,-6.17881
140_2,53.298344,-6.178751
140_3,53.299241,-6.178691
140_4,53.300139,-6.178632
140_5,53.301037,-6.178573
140_6,53.301935,-6.178514
140_7,53.302833,-6.178455
140_8,53.30373,-6.178395
140_9,53.304628,-6.178336
140_10,53.305526,-6.178277
140_11,53.306424,-6.178218
140_12,53.307322,-6.178158
140_13,53.308219,-6.178099
140_14,53.309117,-6.17804
140_15,53.310015,-6.177981
140_16,53.310913,-6.177921
140_17,53.311811,-6.177862
140_18,53.312709,-6.177803
140_19,53.313606,-6.177744
140_20,53.314504,-6.177684
140_21,53.315402,-6.177625
140_22,53.3163,-6.177566
140_23,53.317198,-6.177507
140_24,53.318095,-6.177447
140_25,53.318993,-6.177388
140_26,53.319891,-6.177329
140_27,53.320789,-6.177269
140_28,53.321687,-6.17721
140_29,53.322584,-6.177151
140_30,53.323482,-6.177092
140_31,53.32438,-6.177032
140_32,53.325278,-6.176973
140_33,53.326176,-6.176914
140_34,53.327073,-6.176854
140_35,53.327971,-6.176795
140_36,53.328869,-6.176736
140_37,53.329767,-6.176676
140_38,53.330665,-6.176617
140_39,53.331562,-6.176558
140_40,53.33246,-6.176498
140_41,53.333358,-6.176439
140_42,53.334256,-6.17638
140_43,53.335154,-6.17632
140_44,53.336051,-6.176261
140_45,53.336949,-6.176202
140_46,53.337847,-6.176142
140_47,53.338745,-6.176083
140_48,53.339643,-6.176024
140_49,53.34054,-6.175964
140_50,53.341438,-6.175905
140_51,53.342336,-6.175846
140_52,53.343234,-6.175786
140_53,53.344132,-6.175727
140_54,53.345029,-6.175667
140_55,53.345927,-6.175608
140_56,53.346825,-6.175549
140_57,53.347723,-6.175489
140_58,53.348621,-6.17543
140_59,53.349518,-6.17537
140_60,53.350416,-6.175311
140_61,53.351314,-6.175252
140_62,53.352212,-6.175192
140_63,53.35311,-6.175133
140_64,53.354007,-6.175073
140_65,53.354905,-6.175014
140_66,53.355803,-6.174955
140_67,53.356701,-6.174895
140_68,53.357599,-6.174836
140_69,53.358496,-6.174776
140_70,53.359394,-6.174717
140_71,53.360292,-6.174658
140_72,53.36119,-6.174598
140_73,53.362087,-6.174539
140_74,53.362985,-6.174479
140_75,53.363883,-6.17442
140_76,53.364781,-6.17436
140_77,53.365679,-6.174301
140_78,53.366576,-6.174241
140_79,53.367474,-6.174182
140_80,53.368372,-6.174123
140_81,53.36927,-6.174063
140_82,53.370168,-6.174004
140_83,53.371065,-6.173944
140_84,53.371963,-6.173885
140_85,53.372861,-6.173825
140_86,53.373759,-6.173766
140_87,53.374657,-6.173706
140_88,53.375554,-6.173647
140_89,53.376452,-6.173587
140_90,53.37735,-6.173528
140_91,53.378248,-6.173468
140_92,53.379146,-6.173409
140_93,53.380043,-6.173349
140_94,53.380941,-6.17329
140_95,53.381839,-6.17323
140_96,53.382737,-6.173171
140_97,53.383634,-6.173111
140_98,53.384532,-6.173052
140_99,53.38543,-6.172992
140_100,53.386328,-6.172933
140_101,53.387226,-6.172873
140_102,53.388123,-6.172814
140_103,53.389021,-6.172754
140_104,53.389919,-6.172695
140_105,53.390817,-6.172635
140_106,53.391715,-6.172575
140_107,53.392612,-6.172516
140_108,53.39351,-6.172456
140_109,53.394408,-6.172397
140_110,53.395306,-6.172337
140_111,53.396204,-6.172278
140_112,53.397101,-6.172218
140_113,53.397999,-6.172159
140_114,53.398897,-6.172099
140_115,53.399795,-6.172039
140_116,53.400692,-6.17198
140_117,53.40159,-6.17192
140_118,53.402488,-6.171861
140_119,53.403386,-6.171801
140_120,53.404284,-6.171742
140_121,53.405181,-6.171682
140_122,53.406079,-6.171622
140_123,53.406977,-6.171563
140_124,53.407875,-6.171503
140_125,53.408773,-6.171444
140_126,53.40967,-6.171384
141_0,53.296513,-6.177371
141_1,53.29741,-6.177311
141_2,53.298308,-6.177252
141_3,53.299206,-6.177193
141_4,53.300104,-6.177134
141_5,53.301002,-6.177074
141_6,53.301899,-6.177015
141_7,53.302797,-6.176956
141_8,53.303695,-6.176897
141_9,53.304593,-6.176837
141_10,53.305491,-6.176778
141_11,53.306388,-6.176719
141_12,53.307286,-6.176659
141_13,53.308184,-6.1766
141_14,53.309082,-6.176541
141_15,53.30998,-6.176482
141_16,53.310877,-6.176422
141_17,53.311775,-6.176363
141_18,53.312673,-6.176304
141_19,53.313571,-6.176244
141_20,53.314469,-6.176185
141_21,53.315366,-6.176126
141_22,53.316264,-6.176067
141_23,53.317162,-6.176007
141_24,53.31806,-6.175948
141_25,53.318958,-6.175889
141_26,53.319855,-6.175829
141_27,53.320753,-6.17577
141_28,53.321651,-6.175711
141_29,53.322549,-6.175651
141_30,53.323447,-6.175592
141_31,53.324344,-6.175533
141_32,53.325242,-6.175473
141_33,53.32614,-6.175414
141_34,53.327038,-6.175355
141_35,53.327936,-6.175295
141_36,53.328833,-6.175236
141_37,53.329731,-6.175177
141_38,53.330629,-6.175117
141_39,53.331527,-6.175058
141_40,53.332425,-6.174999
141_41,53.333322,-6.174939
141_42,53.33422,-6.17488
141_43,53.335118,-6.17482
141_44,53.336016,-6.174761
141_45,53.336914,-6.174702
141_46,53.337811,-6.174642
141_47,53.338709,-6.174583
141_48,53.339607,-6.174524
141_49,53.340505,-6.174464
141_50,53.341403,-6.174405
141_51,53.3423,-6.174345
141_52,53.343198,-6.174286
141_53,53.344096,-6.174227
141_54,53.344994,-6.174167
141_55,53.345892,-6.174108
141_56,53.346789,-6.174048
141_57,53.347687,-6.173989
141_58,53.348585,-6.173929
141_59,53.349483,-6.17387
141_60,53.350381,-6.173811
141_61,53.351278,-6.173751
141_62,53.352176,-6.173692
141_63,53.353074,-6.173632
141_64,53.353972,-6.173573
141_65,53.35487,-6.173513
141_66,53.355767,-6.173454
141_67,53.356665,-6.173395
141_68,53.357563,-6.173335
141_69,53.358461,-6.173276
141_70,53.359359,-6.173216
141_71,53.360256,-6.173157
141_72,53.361154,-6.173097
141_73,53.362052,-6.173038
141_74,53.36295,-6.172978
141_75,53.363848,-6.172919
141_76,53.364745,-6.172859
141_77,53.365643,-6.1728
141_78,53.366541,-6.17274
141_79,53.367439,-6.172681
141_80,53.368336,-6.172621
141_81,53.369234,-6.172562
141_82,53.370132,-6.172502
141_83,53.37103,-6.172443
141_84,53.371928,-6.172383
141_85,53.372825,-6.172324
141_86,53.373723,-6.172264
141_87,53.374621,-6.172205
141_88,53.375519,-6.172145
141_89,53.376417,-6.172086
141_90,53.377314,-6.172026
141_91,53.378212,-6.171967
141_92,53.37911,-6.171907
141_93,53.380008,-6.171848
141_94,53.380906,-6.171788
141_95,53.381803,-6.171729
141_96,53.382701,-6.171669
141_97,53.383599,-6.17161
141_98,53.384497,-6.17155
141_99,53.385394,-6.171491
141_100,53.386292,-6.171431
141_101,53.38719,-6.171371
141_102,53.388088,-6.171312
141_103,53.388986,-6.171252
141_104,53.389883,-6.171193
141_105,53.390781,-6.171133
141_106,53.391679,-6.171074
141_107,53.392577,-6.171014
141_108,53.393475,-6.170954
141_109,53.394372,-6.170895
141_110,53.39527,-6.170835
141_111,53.396168,-6.170776
141_112,53.397066,-6.170716
141_113,53.397964,-6.170656
141_114,53.398861,-6.170597
141_115,53.399759,-6.170537
141_116,53.400657,-6.170478
141_117,53.401555,-6.170418
141_118,53.402452,-6.170358
141_119,53.40335,-6.170299
141_120,53.404248,-6.170239
141_121,53.405146,-6.17018
141_122,53.406044,-6.17012
141_123,53.406941,-6.17006
141_124,53.407839,-6.170001
141_125,53.408737,-6.169941
141_126,53.409635,-6.169881
142_0,53.296477,-6.175872
142_1,53.297375,-6.175813
142_2,53.298273,-6.175753
142_3,53.29917,-6.175694
142_4,53.300068,-6.175635
142_5,53.300966,-6.175576
142_6,53.301864,-6.175516
142_7,53.302762,-6.175457
142_8,53.303659,-6.175398
142_9,53.304557,-6.175338
142_10,53.305455,-6.175279
142_11,53.306353,-6.17522
142_12,53.307251,-6.175161
142_13,53.308148,-6.175101
142_14,53.309046,-6.175042
142_15,53.309944,-6.174983
142_16,53.310842,-6.174923
142_17,53.31174,-6.174864
142_18,53.312637,-6.174805
142_19,53.313535,-6.174745
142_20,53.314433,-6.174686
142_21,53.315331,-6.174627
142_22,53.316229,-6.174567
142_23,53.317127,-6.174508
142_24,53.318024,-6.174449
142_25,53.318922,-6.174389
142_26,53.31982,-6.17433
142_27,53.320718,-6.174271
142_28,53.321616,-6.174211
142_29,53.322513,-6.174152
142_30,53.323411,-6.174093
142_31,53.324309,-6.174033
142_32,53.325207,-6.173974
142_33,53.326105,-6.173914
142_34,53.327002,-6.173855
142_35,53.3279,-6.173796
142_36,53.328798,-6.173736
142_37,53.329696,-6.173677
142_38,53.330594,-6.173618
142_39,53.331491,-6.173558
142_40,53.332389,-6.173499
142_41,53.333287,-6.173439
142_42,53.334185,-6.17338
142_43,53.335082,-6.173321
142_44,53.33598,-6.173261
142_45,53.336878,-6.173202
142_46,53.337776,-6.173142
142_47,53.338674,-6.173083
142_48,53.339571,-6.173023
142_49,53.340469,-6.172964
142_50,53.341367,-6.172905
142_51,53.342265,-6.172845
142_52,53.343163,-6.172786
142_53,53.34406,-6.172726
142_54,53.344958,-6.172667
142_55,53.345856,-6.172607
142_56,53.346754,-6.172548
142_57,53.347652,-6.172489
142_58,53.348549,-6.172429
142_59,53.349447,-6.17237
142_60,53.350345,-6.17231
142_61,53.351243,-6.172251
142_62,53.352141,-6.172191
142_63,53.353038,-6.172132
142_64,53.353936,-6.172072
142_65,53.354834,-6.172013
142_66,53.355732,-6.171953
142_67,53.35663,-6.171894
142_68,53.357527,-6.171834
142_69,53.358425,-6.171775
142_70,53.359323,-6.171715
142_71,53.360221,-6.171656
142_72,53.361119,-6.171596
142_73,53.362016,-6.171537
142_74,53.362914,-6.171477
142_75,53.363812,-6.171418
142_76,53.36471,-6.171358
142_77,53.365608,-6.171299
142_78,53.366505,-6.171239
142_79,53.367403,-6.17118
142_80,53.368301,-6.17112
142_81,53.369199,-6.171061
142_82,53.370096,-6.171001
142_83,53.370994,-6.170942
142_84,53.371892,-6.170882
142_85,53.37279,-6.170823
142_86,53.373688,-6.170763
142_87,53.374585,-6.170704
142_88,53.375483,-6.170644
142_89,53.376381,-6.170585
142_90,53.377279,-6.170525
142_91,53.378177,-6.170465
142_92,53.379074,-6.170406
142_93,53.379972,-6.170346
142_94,53.38087,-6.170287
142_95,53.381768,-6.170227
142_96,53.382666,-6.170168
142_97,53.383563,-6.170108
142_98,53.384461,-6.170048
142_99,53.385359,-6.169989
142_100,53.386257,-6.169929
142_101,53.387154,-6.16987
142_102,53.388052,-6.16981
142_103,53.38895,-6.169751
142_104,53.389848,-6.169691
142_105,53.390746,-6.169631
142_106,53.391643,-6.169572
142_107,53.392541,-6.169512
142_108,53.393439,-6.169452
142_109,53.394337,-6.169393
142_110,53.395235,-6.169333
142_111,53.396132,-6.169274
142_112,53.39703,-6.169214
142_113,53.397928,-6.169154
142_114,53.398826,-6.169095
142_115,53.399723,-6.169035
142_116,53.400621,-6.168975
142_117,53.401519,-6.168916
142_118,53.402417,-6.168856
142_119,53.403315,-6.168797
142_120,53.404212,-6.168737
142_121,53.40511,-6.168677
142_122,53.406008,-6.168618
142_123,53.406906,-6.168558
142_124,53.407803,-6.168498
142_125,53.408701,-6.168439
142_126,53.409599,-6.168379
143_0,53.296442,-6.174373
143_1,53.297339,-6.174314
143_2,53.298237,-6.174255
143_3,53.299135,-6.174196
143_4,53.300033,-6.174136
143_5,53.300931,-6.174077
143_6,53.301828,-6.174018
143_7,53.302726,-6.173958
143_8,53.303624,-6.173899
143_9,53.304522,-6.17384
143_10,53.30542,-6.17378
143_11,53.306317,-6.173721
143_12,53.307215,-6.173662
143_13,53.308113,-6.173602
143_14,53.309011,-6.173543
143_15,53.309909,-6.173484
143_16,53.310806,-6.173424
143_17,53.311704,-6.173365
143_18,53.312602,-6.173306
143_19,53.3135,-6.173246
143_20,53.314398,-6.173187
143_21,53.315295,-6.173127
143_22,53.316193,-6.173068
143_23,53.317091,-6.173009
143_24,53.317989,-6.172949
143_25,53.318887,-6.17289
143_26,53.319784,-6.172831
143_27,53.320682,-6.172771
143_28,53.32158,-6.172712
143_29,53.322478,-6.172652
143_30,53.323376,-6.172593
143_31,53.324273,-6.172534
143_32,53.325171,-6.172474
143_33,53.326069,-6.172415
143_34,53.326967,-6.172355
143_35,53.327865,-6.172296
143_36,53.328762,-6.172237
143_37,53.32966,-6.172177
143_38,53.330558,-6.172118
143_39,53.331456,-6.172058
143_40,53.332354,-6.171999
143_41,53.333251,-6.17194
143_42,53.334149,-6.17188
143_43,53.335047,-6.171821
143_44,53.335945,-6.171761
143_45,53.336843,-6.171702
143_46,53.33774,-6.171642
143_47,53.338638,-6.171583
143_48,53.339536,-6.171523
143_49,53.340434,-6.171464
143_50,53.341331,-6.171405
143_51,53.342229,-6.171345
143_52,53.343127,-6.171286
143_53,53.344025,-6.171226
143_54,53.344923,-6.171167
143_55,53.34582,-6.171107
143_56,53.346718,-6.171048
143_57,53.347616,-6.170988
143_58,53.348514,-6.170929
143_59,53.349412,-6.170869
143_60,53.350309,-6.17081
143_61,53.351207,-6.17075
143_62,53.352105,-6.170691
143_63,53.353003,-6.170631
143_64,53.353901,-6.170572
143_65,53.354798,-6.170512
143_66,53.355696,-6.170453
143_67,53.356594,-6.170393
143_68,53.357492,-6.170334
143_69,53.35839,-6.170274
143_70,53.359287,-6.170215
143_71,53.360185,-6.170155
143_72,53.361083,-6.170096
143_73,53.361981,-6.170036
143_74,53.362879,-6.169977
143_75,53.363776,-6.169917
143_76,53.364674,-6.169857
143_77,53.365572,-6.169798
143_78,53.36647,-6.169738
143_79,53.367367,-6.169679
143_80,53.368265,-6.169619
143_81,53.369163,-6.16956
143_82,53.370061,-6.1695
143_83,53.370959,-6.169441
143_84,53.371856,-6.169381
143_85,53.372754,-6.169321
143_86,53.373652,-6.169262
143_87,53.37455,-6.169202
143_88,53.375448,-6.169143
143_89,53.376345,-6.169083
143_90,53.377243,-6.169024
143_91,53.378141,-6.168964
143_92,53.379039,-6.168904
143_93,53.379937,-6.168845
143_94,53.380834,-6.168785
143_95,53.381732,-6.168726
143_96,53.38263,-6.168666
143_97,53.383528,-6.168606
143_98,53.384425,-6.168547
143_99,53.385323,-6.168487
143_100,53.386221,-6.168428
143_101,53.387119,-6.168368
143_102,53.388017,-6.168308
143_103,53.388914,-6.168249
143_104,53.389812,-6.168189
143_105,53.39071,-6.168129
143_106,53.391608,-6.16807
143_107,53.392506,-6.16801
143_108,53.393403,-6.167951
143_109,53.394301,-6.167891
143_110,53.395199,-6.167831
143_111,53.396097,-6.167772
143_112,53.396994,-6.167712
143_113,53.397892,-6.167652
143_114,53.39879,-6.167593
143_115,53.399688,-6.167533
143_116,53.400586,-6.167473
143_117,53.401483,-6.167414
143_118,53.402381,-6.167354
143_119,53.403279,-6.167294
143_120,53.404177,-6.167235
143_121,53.405074,-6.167175
143_122,53.405972,-6.167115
143_123,53.40687,-6.167056
143_124,53.407768,-6.166996
143_125,53.408666,-6.166936
143_126,53.409563,-6.166876
144_0,53.296406,-6.172875
144_1,53.297304,-6.172816
144_2,53.298202,-6.172756
144_3,53.299099,-6.172697
144_4,53.299997,-6.172638
144_5,53.300895,-6.172578
144_6,53.301793,-6.172519
144_7,53.302691,-6.17246
144_8,53.303588,-6.1724
144_9,53.304486,-6.172341
144_10,53.305384,-6.172281
144_11,53.306282,-6.172222
144_12,53.30718,-6.172163
144_13,53.308077,-6.172103
144_14,53.308975,-6.172044
144_15,53.309873,-6.171985
144_16,53.310771,-6.171925
144_17,53.311669,-6.171866
144_18,53.312566,-6.171806
144_19,53.313464,-6.171747
144_20,53.314362,-6.171688
144_21,53.31526,-6.171628
144_22,53.316158,-6.171569
144_23,53.317055,-6.171509
144_24,53.317953,-6.17145
144_25,53.318851,-6.171391
144_26,53.319749,-6.171331
144_27,53.320647,-6.171272
144_28,53.321544,-6.171212
144_29,53.322442,-6.171153
144_30,53.32334,-6.171094
144_31,53.324238,-6.171034
144_32,53.325136,-6.170975
144_33,53.326033,-6.170915
144_34,53.326931,-6.170856
144_35,53.327829,-6.170796
144_36,53.328727,-6.170737
144_37,53.329625,-6.170677
144_38,53.330522,-6.170618
144_39,53.33142,-6.170559
144_40,53.332318,-6.170499
144_41,53.333216,-6.17044
144_42,53.334114,-6.17038
144_43,53.335011,-6.170321
144_44,53.335909,-6.170261
144_45,53.336807,-6.170202
144_46,53.337705,-6.170142
144_47,53.338603,-6.170083
144_48,53.3395,-6.170023
144_49,53.340398,-6.169964
144_50,53.341296,-6.169904
144_51,53.342194,-6.169845
144_52,53.343091,-6.169785
144_53,53.343989,-6.169726
144_54,53.344887,-6.169666
144_55,53.345785,-6.169607
144_56,53.346683,-6.169547
144_57,53.34758,-6.169488
144_58,53.348478,-6.169428
144_59,53.349376,-6.169369
144_60,53.350274,-6.169309
144_61,53.351172,-6.16925
144_62,53.352069,-6.16919
144_63,53.352967,-6.169131
144_64,53.353865,-6.169071
144_65,53.354763,-6.169012
144_66,53.355661,-6.168952
144_67,53.356558,-6.168893
144_68,53.357456,-6.168833
144_69,53.358354,-6.168773
144_70,53.359252,-6.168714
144_71,53.36015,-6.168654
144_72,53.361047,-6.168595
144_73,53.361945,-6.168535
144_74,53.362843,-6.168476
144_75,53.363741,-6.168416
144_76,53.364638,-6.168357
144_77,53.365536,-6.168297
144_78,53.366434,-6.168237
144_79,53.367332,-6.168178
144_80,53.36823,-6.168118
144_81,53.369127,-6.168059
144_82,53.370025,-6.167999
144_83,53.370923,-6.167939
144_84,53.371821,-6.16788
144_85,53.372719,-6.16782
144_86,53.373616,-6.167761
144_87,53.374514,-6.167701
144_88,53.375412,-6.167641
144_89,53.37631,-6.167582
144_90,53.377208,-6.167522
144_91,53.378105,-6.167463
144_92,53.379003,-6.167403
144_93,53.379901,-6.167343
144_94,53.380799,-6.167284
144_95,53.381696,-6.167224
144_96,53.382594,-6.167164
144_97,53.383492,-6.167105
144_98,53.38439,-6.167045
144_99,53.385288,-6.166986
144_100,53.386185,-6.166926
144_101,53.387083,-6.166866
144_102,53.387981,-6.166807
144_103,53.388879,-6.166747
144_104,53.389777,-6.166687
144_105,53.390674,-6.166628
144_106,53.391572,-6.166568
144_107,53.39247,-6.166508
144_108,53.393368,-6.166449
144_109,53.394265,-6.166389
144_110,53.395163,-6.166329
144_111,53.396061,-6.16627
144_112,53.396959,-6.16621
144_113,53.397857,-6.16615
144_114,53.398754,-6.16609
144_115,53.399652,-6.166031
144_116,53.40055,-6.165971
144_117,53.401448,-6.165911
144_118,53.402345,-6.165852
144_119,53.403243,-6.165792
144_120,53.404141,-6.165732
144_121,53.405039,-6.165673
144_122,53.405937,-6.165613
144_123,53.406834,-6.165553
144_124,53.407732,-6.165493
144_125,53.40863,-6.165434
144_126,53.409528,-6.165374
145_0,53.29637,-6.171376
145_1,53.297268,-6.171317
145_2,53.298166,-6.171258
145_3,53.299064,-6.171198
145_4,53.299962,-6.171139
145_5,53.300859,-6.17108
145_6,53.301757,-6.17102
145_7,53.302655,-6.170961
145_8,53.303553,-6.170901
145_9,53.304451,-6.170842
145_10,53.305348,-6.170783
145_11,53.306246,-6.170723
145_12,53.307144,-6.170664
145_13,53.308042,-6.170604
145_14,53.30894,-6.170545
145_15,53.309837,-6.170486
145_16,53.310735,-6.170426
145_17,53.311633,-6.170367
145_18,53.312531,-6.170307
145_19,53.313429,-6.170248
145_20,53.314326,-6.170188
145_21,53.315224,-6.170129
145_22,53.316122,-6.17007
145_23,53.31702,-6.17001
145_24,53.317918,-6.169951
145_25,53.318815,-6.169891
145_26,53.319713,-6.169832
145_27,53.320611,-6.169772
145_28,53.321509,-6.169713
145_29,53.322407,-6.169654
145_30,53.323304,-6.169594
145_31,53.324202,-6.169535
145_32,53.3251,-6.169475
145_33,53.325998,-6.169416
145_34,53.326896,-6.169356
145_35,53.327793,-6.169297
145_36,53.328691,-6.169237
145_37,53.329589,-6.169178
145_38,53.330487,-6.169118
145_39,53.331385,-6.169059
145_40,53.332282,-6.168999
145_41,53.33318,-6.16894
145_42,53.334078,-6.16888
145_43,53.334976,-6.168821
145_44,53.335874,-6.168761
145_45,53.336771,-6.168702
145_46,53.337669,-6.168642
145_47,53.338567,-6.168583
145_48,53.339465,-6.168523
145_49,53.340362,-6.168464
145_50,53.34126,-6.168404
145_51,53.342158,-6.168345
145_52,53.343056,-6.168285
145_53,53.343954,-6.168226
145_54,53.344851,-6.168166
145_55,53.345749,-6.168107
145_56,53.346647,-6.168047
145_57,53.347545,-6.167988
145_58,53.348443,-6.167928
145_59,53.34934,-6.167868
145_60,53.350238,-6.167809
145_61,53.351136,-6.167749
145_62,53.352034,-6.16769
145_63,53.352932,-6.16763
145_64,53.353829,-6.167571
145_65,53.354727,-6.167511
145_66,53.355625,-6.167452
145_67,53.356523,-6.167392
145_68,53.357421,-6.167332
145_69,53.358318,-6.167273
145_70,53.359216,-6.167213
145_71,53.360114,-6.167154
145_72,53.361012,-6.167094
145_73,53.361909,-6.167034
145_74,53.362807,-6.166975
145_75,53.363705,-6.166915
145_76,53.364603,-6.166856
145_77,53.365501,-6.166796
145_78,53.366398,-6.166736
145_79,53.367296,-6.166677
145_80,53.368194,-6.166617
145_81,53.369092,-6.166558
145_82,53.36999,-6.166498
145_83,53.370887,-6.166438
145_84,53.371785,-6.166379
145_85,53.372683,-6.166319
145_86,53.373581,-6.166259
145_87,53.374478,-6.1662
145_88,53.375376,-6.16614
145_89,53.376274,-6.16608
145_90,53.377172,-6.166021
145_91,53.37807,-6.165961
145_92,53.378967,-6.165902
145_93,53.379865,-6.165842
145_94,53.380763,-6.165782
145_95,53.381661,-6.165723
145_96,53.382559,-6.165663
145_97,53.383456,-6.165603
145_98,53.384354,-6.165544
145_99,53.385252,-6.165484
145_100,53.38615,-6.165424
145_101,53.387047,-6.165365
145_102,53.387945,-6.165305
145_103,53.388843,-6.165245
145_104,53.389741,-6.165185
145_105,53.390639,-6.165126
145_106,53.391536,-6.165066
145_107,53.392434,-6.165006
145_108,53.393332,-6.164947
145_109,53.39423,-6.164887
145_110,53.395128,-6.164827
145_111,53.396025,-6.164767
145_112,53.396923,-6.164708
145_113,53.397821,-6.164648
145_114,53.398719,-6.164588
145_115,53.399616,-6.164529
145_116,53.400514,-6.164469
145_117,53.401412,-6.164409
145_118,53.40231,-6.164349
145_119,53.403208,-6.16429
145_120,53.404105,-6.16423
145_121,53.405003,-6.16417
145_122,53.405901,-6.16411
145_123,53.406799,-6.164051
145_124,53.407696,-6.163991
145_125,53.408594,-6.163931
145_126,53.409492,-6.163871
146_0,53.296335,-6.169878
146_1,53.297233,-6.169818
146_2,53.29813,-6.169759
146_3,53.299028,-6.1697
146_4,53.299926,-6.16964
146_5,53.300824,-6.169581
146_6,53.301722,-6.169521
146_7,53.302619,-6.169462
146_8,53.303517,-6.169403
146_9,53.304415,-6.169343
146_10,53.305313,-6.169284
146_11,53.306211,-6.169224
146_12,53.307108,-6.169165
146_13,53.308006,-6.169105
146_14,53.308904,-6.169046
146_15,53.309802,-6.168987
146_16,53.3107,-6.168927
146_17,53.311597,-6.168868
146_18,53.312495,-6.168808
146_19,53.313393,-6.168749
146_20,53.314291,-6.168689
146_21,53.315189,-6.16863
146_22,53.316086,-6.16857
146_23,53.316984,-6.168511
146_24,53.317882,-6.168451
146_25,53.31878,-6.168392
146_26,53.319678,-6.168333
146_27,53.320575,-6.168273
146_28,53.321473,-6.168214
146_29,53.322371,-6.168154
146_30,53.323269,-6.168095
146_31,53.324167,-6.168035
146_32,53.325064,-6.167976
146_33,53.325962,-6.167916
146_34,53.32686,-6.167857
146_35,53.327758,-6.167797
146_36,53.328656,-6.167738
146_37,53.329553,-6.167678
146_38,53.330451,-6.167619
146_39,53.331349,-6.167559
146_40,53.332247,-6.1675
146_41,53.333145,-6.16744
146_42,53.334042,-6.16738
146_43,53.33494,-6.167321
146_44,53.335838,-6.167261
146_45,53.336736,-6.167202
146_46,53.337633,-6.167142
146_47,53.338531,-6.167083
146_48,53.339429,-6.167023
146_49,53.340327,-6.166964
146_50,53.341225,-6.166904
146_51,53.342122,-6.166845
146_52,53.34302,-6.166785
146_53,53.343918,-6.166725
146_54,53.344816,-6.166666
146_55,53.345714,-6.166606
146_56,53.346611,-6.166547
146_57,53.347509,-6.166487
146_58,53.348407,-6.166428
146_59,53.349305,-6.166368
146_60,53.350203,-6.166308
146_61,53.3511,-6.166249
146_62,53.351998,-6.166189
146_63,53.352896,-6.16613
146_64,53.353794,-6.16607
146_65,53.354692,-6.16601
146_66,53.355589,-6.165951
146_67,53.356487,-6.165891
146_68,53.357385,-6.165832
146_69,53.358283,-6.165772
146_70,53.35918,-6.165712
146_71,53.360078,-6.165653
146_72,53.360976,-6.165593
146_73,53.361874,-6.165534
146_74,53.362772,-6.165474
146_75,53.363669,-6.165414
146_76,53.364567,-6.165355
146_77,53.365465,-6.165295
146_78,53.366363,-6.165235
146_79,53.367261,-6.165176
146_80,53.368158,-6.165116
146_81,53.369056,-6.165056
146_82,53.369954,-6.164997
146_83,53.370852,-6.164937
146_84,53.371749,-6.164878
146_85,53.372647,-6.164818
146_86,53.373545,-6.164758
146_87,53.374443,-6.164699
146_88,53.375341,-6.164639
146_89,53.376238,-6.164579
146_90,53.377136,-6.164519
146_91,53.378034,-6.16446
146_92,53.378932,-6.1644
146_93,53.37983,-6.16434
146_94,53.380727,-6.164281
146_95,53.381625,-6.164221
146_96,53.382523,-6.164161
146_97,53.383421,-6.164102
146_98,53.384318,-6.164042
146_99,53.385216,-6.163982
146_100,53.386114,-6.163923
146_101,53.387012,-6.163863
146_102,53.38791,-6.163803
146_103,53.388807,-6.163743
146_104,53.389705,-6.163684
146_105,53.390603,-6.163624
146_106,53.391501,-6.163564
146_107,53.392398,-6.163504
146_108,53.393296,-6.163445
146_109,53.394194,-6.163385
146_110,53.395092,-6.163325
146_111,53.39599,-6.163265
146_112,53.396887,-6.163206
146_113,53.397785,-6.163146
146_114,53.398683,-6.163086
146_115,53.399581,-6.163026
146_116,53.400479,-6.162967
146_117,53.401376,-6.162907
146_118,53.402274,-6.162847
146_119,53.403172,-6.162787
146_120,53.40407,-6.162728
146_121,53.404967,-6.162668
146_122,53.405865,-6.162608
146_123,53.406763,-6.162548
146_124,53.407661,-6.162488
146_125,53.408559,-6.162429
146_126,53.409456,-6.162369
147_0,53.296299,-6.168379
147_1,53.297197,-6.16832
147_2,53.298095,-6.16826
147_3,53.298993,-6.168201
147_4,53.29989,-6.168142
147_5,53.300788,-6.168082
147_6,53.301686,-6.168023
147_7,53.302584,-6.167963
147_8,53.303482,-6.167904
147_9,53.304379,-6.167844
147_10,53.305277,-6.167785
147_11,53.306175,-6.167725
147_12,53.307073,-6.167666
147_13,53.307971,-6.167606
147_14,53.308868,-6.167547
147_15,53.309766,-6.167488
147_16,53.310664,-6.167428
147_17,53.311562,-6.167369
147_18,53.31246,-6.167309
147_19,53.313357,-6.16725
147_20,53.314255,-6.16719
147_21,53.315153,-6.167131
147_22,53.316051,-6.167071
147_23,53.316949,-6.167012
147_24,53.317846,-6.166952
147_25,53.318744,-6.166893
147_26,53.319642,-6.166833
147_27,53.32054,-6.166774
147_28,53.321438,-6.166714
147_29,53.322335,-6.166655
147_30,53.323233,-6.166595
147_31,53.324131,-6.166536
147_32,53.325029,-6.166476
147_33,53.325927,-6.166417
147_34,53.326824,-6.166357
147_35,53.327722,-6.166297
147_36,53.32862,-6.166238
147_37,53.329518,-6.166178
147_38,53.330416,-6.166119
147_39,53.331313,-6.166059
147_40,53.332211,-6.166
147_41,53.333109,-6.16594
147_42,53.334007,-6.165881
147_43,53.334904,-6.165821
147_44,53.335802,-6.165761
147_45,53.3367,-6.165702
147_46,53.337598,-6.165642
147_47,53.338496,-6.165583
147_48,53.339393,-6.165523
147_49,53.340291,-6.165464
147_50,53.341189,-6.165404
147_51,53.342087,-6.165344
147_52,53.342985,-6.165285
147_53,53.343882,-6.165225
147_54,53.34478,-6.165166
147_55,53.345678,-6.165106
147_56,53.346576,-6.165046
147_57,53.347474,-6.164987
147_58,53.348371,-6.164927
147_59,53.349269,-6.164868
147_60,53.350167,-6.164808
147_61,53.351065,-6.164748
147_62,53.351962,-6.164689
147_63,53.35286,-6.164629
147_64,53.353758,-6.16457
147_65,53.354656,-6.16451
147_66,53.355554,-6.16445
147_67,53.356451,-6.164391
147_68,53.357349,-6.164331
147_69,53.358247,-6.164271
147_70,53.359145,-6.164212
147_71,53.360043,-6.164152
147_72,53.36094,-6.164092
147_73,53.361838,-6.164033
147_74,53.362736,-6.163973
147_75,53.363634,-6.163913
147_76,53.364531,-6.163854
147_77,53.365429,-6.163794
147_78,53.366327,-6.163734
147_79,53.367225,-6.163675
147_80,53.368123,-6.163615
147_81,53.36902,-6.163555
147_82,53.369918,-6.163496
147_83,53.370816,-6.163436
147_84,53.371714,-6.163376
147_85,53.372612,-6.163317
147_86,53.373509,-6.163257
147_87,53.374407,-6.163197
147_88,53.375305,-6.163138
147_89,53.376203,-6.163078
147_90,53.3771,-6.163018
147_91,53.377998,-6.162958
147_92,53.378896,-6.162899
147_93,53.379794,-6.162839
147_94,53.380692,-6.162779
147_95,53.381589,-6.162719
147_96,53.382487,-6.16266
147_97,53.383385,-6.1626
147_98,53.384283,-6.16254
147_99,53.385181,-6.162481
147_100,53.386078,-6.162421
147_101,53.386976,-6.162361
147_102,53.387874,-6.162301
147_103,53.388772,-6.162242
147_104,53.389669,-6.162182
147_105,53.390567,-6.162122
147_106,53.391465,-6.162062
147_107,53.392363,-6.162003
147_108,53.393261,-6.161943
147_109,53.394158,-6.161883
147_110,53.395056,-6.161823
147_111,53.395954,-6.161763
147_112,53.396852,-6.161704
147_113,53.397749,-6.161644
147_114,53.398647,-6.161584
147_115,53.399545,-6.161524
147_116,53.400443,-6.161464
147_117,53.401341,-6.161405
147_118,53.402238,-6.161345
147_119,53.403136,-6.161285
147_120,53.404034,-6.161225
147_121,53.404932,-6.161165
147_122,53.405829,-6.161106
147_123,53.406727,-6.161046
147_124,53.407625,-6.160986
147_125,53.408523,-6.160926
147_126,53.409421,-6.160866
148_0,53.296264,-6.166881
148_1,53.297161,-6.166821
148_2,53.298059,-6.166762
148_3,53.298957,-6.166702
148_4,53.299855,-6.166643
148_5,53.300753,-6.166583
148_6,53.30165,-6.166524
148_7,53.302548,-6.166464
148_8,53.303446,-6.166405
148_9,53.304344,-6.166345
148_10,53.305242,-6.166286
148_11,53.306139,-6.166227
148_12,53.307037,-6.166167
148_13,53.307935,-6.166108
148_14,53.308833,-6.166048
148_15,53.309731,-6.165989
148_16,53.310628,-6.165929
148_17,53.311526,-6.16587
148_18,53.312424,-6.16581
148_19,53.313322,-6.16575
148_20,53.31422,-6.165691
148_21,53.315117,-6.165631
148_22,53.316015,-6.165572
148_23,53.316913,-6.165512
148_24,53.317811,-6.165453
148_25,53.318709,-6.165393
148_26,53.319606,-6.165334
148_27,53.320504,-6.165274
148_28,53.321402,-6.165215
148_29,53.3223,-6.165155
148_30,53.323198,-6.165096
148_31,53.324095,-6.165036
148_32,53.324993,-6.164976
148_33,53.325891,-6.164917
148_34,53.326789,-6.164857
148_35,53.327686,-6.164798
148_36,53.328584,-6.164738
148_37,53.329482,-6.164679
148_38,53.33038,-6.164619
148_39,53.331278,-6.16456
148_40,53.332175,-6.1645
148_41,53.333073,-6.16444
148_42,53.333971,-6.164381
148_43,53.334869,-6.164321
148_44,53.335767,-6.164262
148_45,53.336664,-6.164202
148_46,53.337562,-6.164142
148_47,53.33846,-6.164083
148_48,53.339358,-6.164023
148_49,53.340256,-6.163964
148_50,53.341153,-6.163904
148_51,53.342051,-6.163844
148_52,53.342949,-6.163785
148_53,53.343847,-6.163725
148_54,53.344744,-6.163665
148_55,53.345642,-6.163606
148_56,53.34654,-6.163546
148_57,53.347438,-6.163487
148_58,53.348336,-6.163427
148_59,53.349233,-6.163367
148_60,53.350131,-6.163308
148_61,53.351029,-6.163248
148_62,53.351927,-6.163188
148_63,53.352825,-6.163129
148_64,53.353722,-6.163069
148_65,53.35462,-6.163009
148_66,53.355518,-6.16295
148_67,53.356416,-6.16289
148_68,53.357314,-6.16283
148_69,53.358211,-6.162771
148_70,53.359109,-6.162711
148_71,53.360007,-6.162651
148_72,53.360905,-6.162592
148_73,53.361802,-6.162532
148_74,53.3627,-6.162472
148_75,53.363598,-6.162413
148_76,53.364496,-6.162353
148_77,53.365394,-6.162293
148_78,53.366291,-6.162233
148_79,53.367189,-6.162174
148_80,53.368087,-6.162114
148_81,53.368985,-6.162054
148_82,53.369882,-6.161995
148_83,53.37078,-6.161935
148_84,53.371678,-6.161875
148_85,53.372576,-6.161815
148_86,53.373474,-6.161756
148_87,53.374371,-6.161696
148_88,53.375269,-6.161636
148_89,53.376167,-6.161576
148_90,53.377065,-6.161517
148_91,53.377963,-6.161457
148_92,53.37886,-6.161397
148_93,53.379758,-6.161337
148_94,53.380656,-6.161278
148_95,53.381554,-6.161218
148_96,53.382451,-6.161158
148_97,53.383349,-6.161098
148_98,53.384247,-6.161039
148_99,53.385145,-6.160979
148_100,53.386043,-6.160919
148_101,53.38694,-6.160859
148_102,53.387838,-6.1608
148_103,53.388736,-6.16074
148_104,53.389634,-6.16068
148_105,53.390531,-6.16062
148_106,53.391429,-6.16056
148_107,53.392327,-6.160501
148_108,53.393225,-6.160441
148_109,53.394123,-6.160381
148_110,53.39502,-6.160321
148_111,53.395918,-6.160261
148_112,53.396816,-6.160202
148_113,53.397714,-6.160142
148_114,53.398611,-6.160082
148_115,53.399509,-6.160022
148_116,53.400407,-6.159962
148_117,53.401305,-6.159902
148_118,53.402203,-6.159843
148_119,53.4031,-6.159783
148_120,53.403998,-6.159723
148_121,53.404896,-6.159663
148_122,53.405794,-6.159603
148_123,53.406691,-6.159543
148_124,53.407589,-6.159484
148_125,53.408487,-6.159424
148_126,53.409385,-6.159364
149_0,53.296228,-6.165382
149_1,53.297126,-6.165323
149_2,53.298024,-6.165263
149_3,53.298921,-6.165204
149_4,53.299819,-6.165144
149_5,53.300717,-6.165085
149_6,53.301615,-6.165025
149_7,53.302513,-6.164966
149_8,53.30341,-6.164906
149_9,53.304308,-6.164847
149_10,53.305206,-6.164787
149_11,53.306104,-6.164728
149_12,53.307002,-6.164668
149_13,53.307899,-6.164609
149_14,53.308797,-6.164549
149_15,53.309695,-6.16449
149_16,53.310593,-6.16443
149_17,53.311491,-6.16437
149_18,53.312388,-6.164311
149_19,53.313286,-6.164251
149_20,53.314184,-6.164192
149_21,53.315082,-6.164132
149_22,53.31598,-6.164073
149_23,53.316877,-6.164013
149_24,53.317775,-6.163954
149_25,53.318673,-6.163894
149_26,53.319571,-6.163834
149_27,53.320468,-6.163775
149_28,53.321366,-6.163715
149_29,53.322264,-6.163656
149_30,53.323162,-6.163596
149_31,53.32406,-6.163537
149_32,53.324957,-6.163477
149_33,53.325855,-6.163417
149_34,53.326753,-6.163358
149_35,53.327651,-6.163298
149_36,53.328549,-6.163239
149_37,53.329446,-6.163179
149_38,53.330344,-6.163119
149_39,53.331242,-6.16306
149_40,53.33214,-6.163
149_41,53.333038,-6.162941
149_42,53.333935,-6.162881
149_43,53.334833,-6.162821
149_44,53.335731,-6.162762
149_45,53.336629,-6.162702
149_46,53.337526,-6.162642
149_47,53.338424,-6.162583
149_48,53.339322,-6.162523
149_49,53.34022,-6.162463
149_50,53.341118,-6.162404
149_51,53.342015,-6.162344
149_52,53.342913,-6.162285
149_53,53.343811,-6.162225
149_54,53.344709,-6.162165
149_55,53.345607,-6.162106
149_56,53.346504,-6.162046
149_57,53.347402,-6.161986
149_58,53.3483,-6.161927
149_59,53.349198,-6.161867
149_60,53.350096,-6.161807
149_61,53.350993,-6.161748
149_62,53.351891,-6.161688
149_63,53.352789,-6.161628
149_64,53.353687,-6.161568
149_65,53.354584,-6.161509
149_66,53.355482,-6.161449
149_67,53.35638,-6.161389
149_68,53.357278,-6.16133
149_69,53.358176,-6.16127
149_70,53.359073,-6.16121
149_71,53.359971,-6.161151
149_72,53.360869,-6.161091
149_73,53.361767,-6.161031
149_74,53.362665,-6.160971
149_75,53.363562,-6.160912
149_76,53.36446,-6.160852
149_77,53.365358,-6.160792
149_78,53.366256,-6.160732
149_79,53.367153,-6.160673
149_80,53.368051,-6.160613
149_81,53.368949,-6.160553
149_82,53.369847,-6.160493
149_83,53.370745,-6.160434
149_84,53.371642,-6.160374
149_85,53.37254,-6.160314
149_86,53.373438,-6.160254
149_87,53.374336,-6.160195
149_88,53.375233,-6.160135
149_89,53.376131,-6.160075
149_90,53.377029,-6.160015
149_91,53.377927,-6.159956
149_92,53.378825,-6.159896
149_93,53.379722,-6.159836
149_94,53.38062,-6.159776
149_95,53.381518,-6.159716
149_96,53.382416,-6.159657
149_97,53.383313,-6.159597
149_98,53.384211,-6.159537
149_99,53.385109,-6.159477
149_100,53.386007,-6.159417
149_101,53.386905,-6.159358
149_102,53.387802,-6.159298
149_103,53.3887,-6.159238
149_104,53.389598,-6.159178
149_105,53.390496,-6.159118
149_106,53.391393,-6.159059
149_107,53.392291,-6.158999
149_108,53.393189,-6.158939
149_109,53.394087,-6.158879
149_110,53.394985,-6.158819
149_111,53.395882,-6.158759
149_112,53.39678,-6.1587
149_113,53.397678,-6.15864
149_114,53.398576,-6.15858
149_115,53.399473,-6.15852
149_116,53.400371,-6.15846
149_117,53.401269,-6.1584
149_118,53.402167,-6.15834
149_119,53.403065,-6.158281
149_120,53.403962,-6.158221
149_121,53.40486,-6.158161
149_122,53.405758,-6.158101
149_123,53.406656,-6.158041
149_124,53.407553,-6.157981
149_125,53.408451,-6.157921
149_126,53.409349,-6.157861
150_0,53.296192,-6.163884
150_1,53.29709,-6.163824
150_2,53.297988,-6.163765
150_3,53.298886,-6.163705
150_4,53.299784,-6.163646
150_5,53.300681,-6.163586
150_6,53.301579,-6.163526
150_7,53.302477,-6.163467
150_8,53.303375,-6.163407
150_9,53.304273,-6.163348
150_10,53.30517,-6.163288
150_11,53.306068,-6.163229
150_12,53.306966,-6.163169
150_13,53.307864,-6.16311
150_14,53.308761,-6.16305
150_15,53.309659,-6.162991
150_16,53.310557,-6.162931
150_17,53.311455,-6.162871
150_18,53.312353,-6.162812
150_19,53.31325,-6.162752
150_20,53.314148,-6.162693
150_21,53.315046,-6.162633
150_22,53.315944,-6.162573
150_23,53.316842,-6.162514
150_24,53.317739,-6.162454
150_25,53.318637,-6.162395
150_26,53.319535,-6.162335
150_27,53.320433,-6.162275
150_28,53.321331,-6.162216
150_29,53.322228,-6.162156
150_30,53.323126,-6.162097
150_31,53.324024,-6.162037
150_32,53.324922,-6.161977
150_33,53.32582,-6.161918
150_34,53.326717,-6.161858
150_35,53.327615,-6.161799
150_36,53.328513,-6.161739
150_37,53.329411,-6.161679
150_38,53.330308,-6.16162
150_39,53.331206,-6.16156
150_40,53.332104,-6.1615
150_41,53.333002,-6.161441
150_42,53.3339,-6.161381
150_43,53.334797,-6.161321
150_44,53.335695,-6.161262
150_45,53.336593,-6.161202
150_46,53.337491,-6.161142
150_47,53.338389,-6.161083
150_48,53.339286,-6.161023
150_49,53.340184,-6.160963
150_50,53.341082,-6.160904
150_51,53.34198,-6.160844
150_52,53.342878,-6.160784
150_53,53.343775,-6.160725
150_54,53.344673,-6.160665
150_55,53.345571,-6.160605
150_56,53.346469,-6.160546
150_57,53.347366,-6.160486
150_58,53.348264,-6.160426
150_59,53.349162,-6.160366
150_60,53.35006,-6.160307
150_61,53.350958,-6.160247
150_62,53.351855,-6.160187
150_63,53.352753,-6.160128
150_64,53.353651,-6.160068
150_65,53.354549,-6.160008
150_66,53.355447,-6.159948
150_67,53.356344,-6.159889
150_68,53.357242,-6.159829
150_69,53.35814,-6.159769
150_70,53.359038,-6.15971
150_71,53.359935,-6.15965
150_72,53.360833,-6.15959
150_73,53.361731,-6.15953
150_74,53.362629,-6.159471
150_75,53.363527,-6.159411
150_76,53.364424,-6.159351
150_77,53.365322,-6.159291
150_78,53.36622,-6.159231
150_79,53.367118,-6.159172
150_80,53.368015,-6.159112
150_81,53.368913,-6.159052
150_82,53.369811,-6.158992
150_83,53.370709,-6.158933
150_84,53.371607,-6.158873
150_85,53.372504,-6.158813
150_86,53.373402,-6.158753
150_87,53.3743,-6.158693
150_88,53.375198,-6.158634
150_89,53.376095,-6.158574
150_90,53.376993,-6.158514
150_91,53.377891,-6.158454
150_92,53.378789,-6.158394
150_93,53.379687,-6.158335
150_94,53.380584,-6.158275
150_95,53.381482,-6.158215
150_96,53.38238,-6.158155
150_97,53.383278,-6.158095
150_98,53.384176,-6.158035
150_99,53.385073,-6.157976
150_100,53.385971,-6.157916
150_101,53.386869,-6.157856
150_102,53.387767,-6.157796
150_103,53.388664,-6.157736
150_104,53.389562,-6.157676
150_105,53.39046,-6.157617
150_106,53.391358,-6.157557
150_107,53.392256,-6.157497
150_108,53.393153,-6.157437
150_109,53.394051,-6.157377
150_110,53.394949,-6.157317
150_111,53.395847,-6.157257
150_112,53.396744,-6.157197
150_113,53.397642,-6.157138
150_114,53.39854,-6.157078
150_115,53.399438,-6.157018
150_116,53.400335,-6.156958
150_117,53.401233,-6.156898
150_118,53.402131,-6.156838
150_119,53.403029,-6.156778
150_120,53.403927,-6.156718
150_121,53.404824,-6.156658
150_122,53.405722,-6.156599
150_123,53.40662,-6.156539
150_124,53.407518,-6.156479
150_125,53.408415,-6.156419
150_126,53.409313,-6.156359
151_0,53.296157,-6.162385
151_1,53.297054,-6.162326
151_2,53.297952,-6.162266
151_3,53.29885,-6.162206
151_4,53.299748,-6.162147
151_5,53.300646,-6.162087
151_6,53.301543,-6.162028
151_7,53.302441,-6.161968
151_8,53.303339,-6.161909
151_9,53.304237,-6.161849
151_10,53.305135,-6.161789
151_11,53.306032,-6.16173
151_12,53.30693,-6.16167
151_13,53.307828,-6.161611
151_14,53.308726,-6.161551
151_15,53.309624,-6.161492
151_16,53.310521,-6.161432
151_17,53.311419,-6.161372
151_18,53.312317,-6.161313
151_19,53.313215,-6.161253
151_20,53.314113,-6.161193
151_21,53.31501,-6.161134
151_22,53.315908,-6.161074
151_23,53.316806,-6.161015
151_24,53.317704,-6.160955
151_25,53.318602,-6.160895
151_26,53.319499,-6.160836
151_27,53.320397,-6.160776
151_28,53.321295,-6.160716
151_29,53.322193,-6.160657
151_30,53.32309,-6.160597
151_31,53.323988,-6.160538
151_32,53.324886,-6.160478
151_33,53.325784,-6.160418
151_34,53.326682,-6.160359
151_35,53.327579,-6.160299
151_36,53.328477,-6.160239
151_37,53.329375,-6.16018
151_38,53.330273,-6.16012
151_39,53.331171,-6.16006
151_40,53.332068,-6.160001
151_41,53.332966,-6.159941
151_42,53.333864,-6.159881
151_43,53.334762,-6.159822
151_44,53.335659,-6.159762
151_45,53.336557,-6.159702
151_46,53.337455,-6.159642
151_47,53.338353,-6.159583
151_48,53.339251,-6.159523
151_49,53.340148,-6.159463
151_50,53.341046,-6.159404
151_51,53.341944,-6.159344
151_52,53.342842,-6.159284
151_53,53.34374,-6.159224
151_54,53.344637,-6.159165
151_55,53.345535,-6.159105
151_56,53.346433,-6.159045
151_57,53.347331,-6.158986
151_58,53.348228,-6.158926
151_59,53.349126,-6.158866
151_60,53.350024,-6.158806
151_61,53.350922,-6.158747
151_62,53.35182,-6.158687
151_63,53.352717,-6.158627
151_64,53.353615,-6.158567
151_65,53.354513,-6.158508
151_66,53.355411,-6.158448
151_67,53.356309,-6.158388
151_68,53.357206,-6.158328
151_69,53.358104,-6.158269
151_70,53.359002,-6.158209
151_71,53.3599,-6.158149
151_72,53.360797,-6.158089
151_73,53.361695,-6.158029
151_74,53.362593,-6.15797
151_75,53.363491,-6.15791
151_76,53.364389,-6.15785
151_77,53.365286,-6.15779
151_78,53.366184,-6.15773
151_79,53.367082,-6.157671
151_80,53.36798,-6.157611
151_81,53.368877,-6.157551
151_82,53.369775,-6.157491
151_83,53.370673,-6.157431
151_84,53.371571,-6.157372
151_85,53.372469,-6.157312
151_86,53.373366,-6.157252
151_87,53.374264,-6.157192
151_88,53.375162,-6.157132
151_89,53.37606,-6.157072
151_90,53.376957,-6.157013
151_91,53.377855,-6.156953
151_92,53.378753,-6.156893
151_93,53.379651,-6.156833
151_94,53.380549,-6.156773
151_95,53.381446,-6.156713
151_96,53.382344,-6.156654
151_97,53.383242,-6.156594
151_98,53.38414,-6.156534
151_99,53.385037,-6.156474
151_100,53.385935,-6.156414
151_101,53.386833,-6.156354
151_102,53.387731,-6.156294
151_103,53.388629,-6.156234
151_104,53.389526,-6.156175
151_105,53.390424,-6.156115
151_106,53.391322,-6.156055
151_107,53.39222,-6.155995
151_108,53.393117,-6.155935
151_109,53.394015,-6.155875
151_110,53.394913,-6.155815
151_111,53.395811,-6.155755
151_112,53.396709,-6.155695
151_113,53.397606,-6.155636
151_114,53.398504,-6.155576
151_115,53.399402,-6.155516
151_116,53.4003,-6.155456
151_117,53.401197,-6.155396
151_118,53.402095,-6.155336
151_119,53.402993,-6.155276
151_120,53.403891,-6.155216
151_121,53.404789,-6.155156
151_122,53.405686,-6.155096
151_123,53.406584,-6.155036
151_124,53.407482,-6.154976
151_125,53.40838,-6.154916
151_126,53.409277,-6.154856
152_0,53.296121,-6.160887
152_1,53.297019,-6.160827
152_2,53.297917,-6.160767
152_3,53.298814,-6.160708
152_4,53.299712,-6.160648
152_5,53.30061,-6.160589
152_6,53.301508,-6.160529
152_7,53.302406,-6.160469
152_8,53.303303,-6.16041
152_9,53.304201,-6.16035
152_10,53.305099,-6.160291
152_11,53.305997,-6.160231
152_12,53.306895,-6.160171
152_13,53.307792,-6.160112
152_14,53.30869,-6.160052
152_15,53.309588,-6.159993
152_16,53.310486,-6.159933
152_17,53.311383,-6.159873
152_18,53.312281,-6.159814
152_19,53.313179,-6.159754
152_20,53.314077,-6.159694
152_21,53.314975,-6.159635
152_22,53.315872,-6.159575
152_23,53.31677,-6.159515
152_24,53.317668,-6.159456
152_25,53.318566,-6.159396
152_26,53.319464,-6.159336
152_27,53.320361,-6.159277
152_28,53.321259,-6.159217
152_29,53.322157,-6.159157
152_30,53.323055,-6.159098
152_31,53.323953,-6.159038
152_32,53.32485,-6.158978
152_33,53.325748,-6.158919
152_34,53.326646,-6.158859
152_35,53.327544,-6.158799
152_36,53.328441,-6.15874
152_37,53.329339,-6.15868
152_38,53.330237,-6.15862
152_39,53.331135,-6.15856
152_40,53.332033,-6.158501
152_41,53.33293,-6.158441
152_42,53.333828,-6.158381
152_43,53.334726,-6.158322
152_44,53.335624,-6.158262
152_45,53.336522,-6.158202
152_46,53.337419,-6.158142
152_47,53.338317,-6.158083
152_48,53.339215,-6.158023
152_49,53.340113,-6.157963
152_50,53.34101,-6.157904
152_51,53.341908,-6.157844
152_52,53.342806,-6.157784
152_53,53.343704,-6.157724
152_54,53.344602,-6.157665
152_55,53.345499,-6.157605
152_56,53.346397,-6.157545
152_57,53.347295,-6.157485
152_58,53.348193,-6.157425
152_59,53.349091,-6.157366
152_60,53.349988,-6.157306
152_61,53.350886,-6.157246
152_62,53.351784,-6.157186
152_63,53.352682,-6.157127
152_64,53.353579,-6.157067
152_65,53.354477,-6.157007
152_66,53.355375,-6.156947
152_67,53.356273,-6.156887
152_68,53.357171,-6.156828
152_69,53.358068,-6.156768
152_70,53.358966,-6.156708
152_71,53.359864,-6.156648
152_72,53.360762,-6.156588
152_73,53.361659,-6.156529
152_74,53.362557,-6.156469
152_75,53.363455,-6.156409
152_76,53.364353,-6.156349
152_77,53.365251,-6.156289
152_78,53.366148,-6.15623
152_79,53.367046,-6.15617
152_80,53.367944,-6.15611
152_81,53.368842,-6.15605
152_82,53.369739,-6.15599
152_83,53.370637,-6.15593
152_84,53.371535,-6.15587
152_85,53.372433,-6.155811
152_86,53.373331,-6.155751
152_87,53.374228,-6.155691
152_88,53.375126,-6.155631
152_89,53.376024,-6.155571
152_90,53.376922,-6.155511
152_91,53.377819,-6.155451
152_92,53.378717,-6.155392
152_93,53.379615,-6.155332
152_94,53.380513,-6.155272
152_95,53.381411,-6.155212
152_96,53.382308,-6.155152
152_97,53.383206,-6.155092
152_98,53.384104,-6.155032
152_99,53.385002,-6.154972
152_100,53.385899,-6.154912
152_101,53.386797,-6.154853
152_102,53.387695,-6.154793
152_103,53.388593,-6.154733
152_104,53.389491,-6.154673
152_105,53.390388,-6.154613
152_106,53.391286,-6.154553
152_107,53.392184,-6.154493
152_108,53.393082,-6.154433
152_109,53.393979,-6.154373
152_110,53.394877,-6.154313
152_111,53.395775,-6.154253
152_112,53.396673,-6.154193
152_113,53.397571,-6.154133
152_114,53.398468,-6.154073
152_115,53.399366,-6.154014
152_116,53.400264,-6.153954
152_117,53.401162,-6.153894
152_118,53.402059,-6.153834
152_119,53.402957,-6.153774
152_120,53.403855,-6.153714
152_121,53.404753,-6.153654
152_122,53.40565,-6.153594
152_123,53.406548,-6.153534
152_124,53.407446,-6.153474
152_125,53.408344,-6.153414
152_126,53.409242,-6.153354
153_0,53.296085,-6.159388
153_1,53.296983,-6.159328
153_2,53.297881,-6.159269
153_3,53.298779,-6.159209
153_4,53.299676,-6.15915
153_5,53.300574,-6.15909
153_6,53.301472,-6.15903
153_7,53.30237,-6.158971
153_8,53.303268,-6.158911
153_9,53.304165,-6.158851
153_10,53.305063,-6.158792
153_11,53.305961,-6.158732
153_12,53.306859,-6.158672
153_13,53.307757,-6.158613
153_14,53.308654,-6.158553
153_15,53.309552,-6.158494
153_16,53.31045,-6.158434
153_17,53.311348,-6.158374
153_18,53.312246,-6.158315
153_19,53.313143,-6.158255
153_20,53.314041,-6.158195
153_21,53.314939,-6.158136
153_22,53.315837,-6.158076
153_23,53.316734,-6.158016
153_24,53.317632,-6.157956
153_25,53.31853,-6.157897
153_26,53.319428,-6.157837
153_27,53.320326,-6.157777
153_28,53.321223,-6.157718
153_29,53.322121,-6.157658
153_30,53.323019,-6.157598
153_31,53.323917,-6.157539
153_32,53.324815,-6.157479
153_33,53.325712,-6.157419
153_34,53.32661,-6.157359
153_35,53.327508,-6.1573
153_36,53.328406,-6.15724
153_37,53.329304,-6.15718
153_38,53.330201,-6.15712
153_39,53.331099,-6.157061
153_40,53.331997,-6.157001
153_41,53.332895,-6.156941
153_42,53.333792,-6.156882
153_43,53.33469,-6.156822
153_44,53.335588,-6.156762
153_45,53.336486,-6.156702
153_46,53.337384,-6.156643
153_47,53.338281,-6.156583
153_48,53.339179,-6.156523
153_49,53.340077,-6.156463
153_50,53.340975,-6.156403
153_51,53.341872,-6.156344
153_52,53.34277,-6.156284
153_53,53.343668,-6.156224
153_54,53.344566,-6.156164
153_55,53.345464,-6.156105
153_56,53.346361,-6.156045
153_57,53.347259,-6.155985
153_58,53.348157,-6.155925
153_59,53.349055,-6.155865
153_60,53.349953,-6.155806
153_61,53.35085,-6.155746
153_62,53.351748,-6.155686
153_63,53.352646,-6.155626
153_64,53.353544,-6.155566
153_65,53.354441,-6.155506
153_66,53.355339,-6.155447
153_67,53.356237,-6.155387
153_68,53.357135,-6.155327
153_69,53.358033,-6.155267
153_70,53.35893,-6.155207
153_71,53.359828,-6.155147
153_72,53.360726,-6.155088
153_73,53.361624,-6.155028
153_74,53.362521,-6.154968
153_75,53.363419,-6.154908
153_76,53.364317,-6.154848
153_77,53.365215,-6.154788
153_78,53.366113,-6.154729
153_79,53.36701,-6.154669
153_80,53.367908,-6.154609
153_81,53.368806,-6.154549
153_82,53.369704,-6.154489
153_83,53.370601,-6.154429
153_84,53.371499,-6.154369
153_85,53.372397,-6.154309
153_86,53.373295,-6.15425
153_87,53.374193,-6.15419
153_88,53.37509,-6.15413
153_89,53.375988,-6.15407
153_90,53.376886,-6.15401
153_91,53.377784,-6.15395
153_92,53.378681,-6.15389
153_93,53.379579,-6.15383
153_94,53.380477,-6.15377
153_95,53.381375,-6.15371
153_96,53.382273,-6.15365
153_97,53.38317,-6.153591
153_98,53.384068,-6.153531
153_99,53.384966,-6.153471
153_100,53.385864,-6.153411
153_101,53.386761,-6.153351
153_102,53.387659,-6.153291
153_103,53.388557,-6.153231
153_104,53.389455,-6.153171
153_105,53.390353,-6.153111
153_106,53.39125,-6.153051
153_107,53.392148,-6.152991
153_108,53.393046,-6.152931
153_109,53.393944,-6.152871
153_110,53.394841,-6.152811
153_111,53.395739,-6.152751
153_112,53.396637,-6.152691
153_113,53.397535,-6.152631
153_114,53.398432,-6.152571
153_115,53.39933,-6.152511
153_116,53.400228,-6.152451
153_117,53.401126,-6.152391
153_118,53.402024,-6.152331
153_119,53.402921,-6.152271
153_120,53.403819,-6.152211
153_121,53.404717,-6.152151
153_122,53.405615,-6.152091
153_123,53.406512,-6.152031
153_124,53.40741,-6.151971
153_125,53.408308,-6.151911
153_126,53.409206,-6.151851
154_0,53.29605,-6.15789
154_1,53.296947,-6.15783
154_2,53.297845,-6.15777
154_3,53.298743,-6.157711
154_4,53.299641,-6.157651
154_5,53.300539,-6.157591
154_6,53.301436,-6.157532
154_7,53.302334,-6.157472
154_8,53.303232,-6.157412
154_9,53.30413,-6.157353
154_10,53.305027,-6.157293
154_11,53.305925,-6.157233
154_12,53.306823,-6.157174
154_13,53.307721,-6.157114
154_14,53.308619,-6.157054
154_15,53.309516,-6.156995
154_16,53.310414,-6.156935
154_17,53.311312,-6.156875
154_18,53.31221,-6.156815
154_19,53.313108,-6.156756
154_20,53.314005,-6.156696
154_21,53.314903,-6.156636
154_22,53.315801,-6.156577
154_23,53.316699,-6.156517
154_24,53.317597,-6.156457
154_25,53.318494,-6.156397
154_26,53.319392,-6.156338
154_27,53.32029,-6.156278
154_28,53.321188,-6.156218
154_29,53.322085,-6.156159
154_30,53.322983,-6.156099
154_31,53.323881,-6.156039
154_32,53.324779,-6.155979
154_33,53.325677,-6.15592
154_34,53.326574,-6.15586
154_35,53.327472,-6.1558
154_36,53.32837,-6.15574
154_37,53.329268,-6.155681
154_38,53.330166,-6.155621
154_39,53.331063,-6.155561
154_40,53.331961,-6.155501
154_41,53.332859,-6.155441
154_42,53.333757,-6.155382
154_43,53.334654,-6.155322
154_44,53.335552,-6.155262
154_45,53.33645,-6.155202
154_46,53.337348,-6.155143
154_47,53.338246,-6.155083
154_48,53.339143,-6.155023
154_49,53.340041,-6.154963
154_50,53.340939,-6.154903
154_51,53.341837,-6.154844
154_52,53.342734,-6.154784
154_53,53.343632,-6.154724
154_54,53.34453,-6.154664
154_55,53.345428,-6.154604
154_56,53.346326,-6.154544
154_57,53.347223,-6.154485
154_58,53.348121,-6.154425
154_59,53.349019,-6.154365
154_60,53.349917,-6.154305
154_61,53.350815,-6.154245
154_62,53.351712,-6.154185
154_63,53.35261,-6.154126
154_64,53.353508,-6.154066
154_65,53.354406,-6.154006
154_66,53.355303,-6.153946
154_67,53.356201,-6.153886
154_68,53.357099,-6.153826
154_69,53.357997,-6.153766
154_70,53.358895,-6.153707
154_71,53.359792,-6.153647
154_72,53.36069,-6.153587
154_73,53.361588,-6.153527
154_74,53.362486,-6.153467
154_75,53.363383,-6.153407
154_76,53.364281,-6.153347
154_77,53.365179,-6.153287
154_78,53.366077,-6.153228
154_79,53.366975,-6.153168
154_80,53.367872,-6.153108
154_81,53.36877,-6.153048
154_82,53.369668,-6.152988
154_83,53.370566,-6.152928
154_84,53.371463,-6.152868
154_85,53.372361,-6.152808
154_86,53.373259,-6.152748
154_87,53.374157,-6.152688
154_88,53.375055,-6.152628
154_89,53.375952,-6.152569
154_90,53.37685,-6.152509
154_91,53.377748,-6.152449
154_92,53.378646,-6.152389
154_93,53.379543,-6.152329
154_94,53.380441,-6.152269
154_95,53.381339,-6.152209
154_96,53.382237,-6.152149
154_97,53.383134,-6.152089
154_98,53.384032,-6.152029
154_99,53.38493,-6.151969
154_100,53.385828,-6.151909
154_101,53.386726,-6.151849
154_102,53.387623,-6.151789
154_103,53.388521,-6.151729
154_104,53.389419,-6.151669
154_105,53.390317,-6.151609
154_106,53.391214,-6.151549
154_107,53.392112,-6.151489
154_108,53.39301,-6.151429
154_109,53.393908,-6.151369
154_110,53.394806,-6.151309
154_111,53.395703,-6.151249
154_112,53.396601,-6.151189
154_113,53.397499,-6.151129
154_114,53.398397,-6.151069
154_115,53.399294,-6.151009
154_116,53.400192,-6.150949
154_117,53.40109,-6.150889
154_118,53.401988,-6.150829
154_119,53.402885,-6.150769
154_120,53.403783,-6.150709
154_121,53.404681,-6.150649
154_122,53.405579,-6.150589
154_123,53.406477,-6.150529
154_124,53.407374,-6.150469
154_125,53.408272,-6.150409
154_126,53.40917,-6.150349
155_0,53.296014,-6.156391
155_1,53.296912,-6.156331
155_2,53.297809,-6.156272
155_3,53.298707,-6.156212
155_4,53.299605,-6.156152
155_5,53.300503,-6.156093
155_6,53.301401,-6.156033
155_7,53.302298,-6.155973
155_8,53.303196,-6.155914
155_9,53.304094,-6.155854
155_10,53.304992,-6.155794
155_11,53.30589,-6.155734
155_12,53.306787,-6.155675
155_13,53.307685,-6.155615
155_14,53.308583,-6.155555
155_15,53.309481,-6.155496
155_16,53.310378,-6.155436
155_17,53.311276,-6.155376
155_18,53.312174,-6.155316
155_19,53.313072,-6.155257
155_20,53.31397,-6.155197
155_21,53.314867,-6.155137
155_22,53.315765,-6.155077
155_23,53.316663,-6.155018
155_24,53.317561,-6.154958
155_25,53.318459,-6.154898
155_26,53.319356,-6.154838
155_27,53.320254,-6.154779
155_28,53.321152,-6.154719
155_29,53.32205,-6.154659
155_30,53.322947,-6.154599
155_31,53.323845,-6.15454
155_32,53.324743,-6.15448
155_33,53.325641,-6.15442
155_34,53.326539,-6.15436
155_35,53.327436,-6.1543
155_36,53.328334,-6.154241
155_37,53.329232,-6.154181
155_38,53.33013,-6.154121
155_39,53.331028,-6.154061
155_40,53.331925,-6.154001
155_41,53.332823,-6.153942
155_42,53.333721,-6.153882
155_43,53.334619,-6.153822
155_44,53.335516,-6.153762
155_45,53.336414,-6.153702
155_46,53.337312,-6.153643
155_47,53.33821,-6.153583
155_48,53.339108,-6.153523
155_49,53.340005,-6.153463
155_50,53.340903,-6.153403
155_51,53.341801,-6.153343
155_52,53.342699,-6.153284
155_53,53.343596,-6.153224
155_54,53.344494,-6.153164
155_55,53.345392,-6.153104
155_56,53.34629,-6.153044
155_57,53.347188,-6.152984
155_58,53.348085,-6.152924
155_59,53.348983,-6.152865
155_60,53.349881,-6.152805
155_61,53.350779,-6.152745
155_62,53.351676,-6.152685
155_63,53.352574,-6.152625
155_64,53.353472,-6.152565
155_65,53.35437,-6.152505
155_66,53.355268,-6.152445
155_67,53.356165,-6.152386
155_68,53.357063,-6.152326
155_69,53.357961,-6.152266
155_70,53.358859,-6.152206
155_71,53.359756,-6.152146
155_72,53.360654,-6.152086
155_73,53.361552,-6.152026
155_74,53.36245,-6.151966
155_75,53.363348,-6.151906
155_76,53.364245,-6.151846
155_77,53.365143,-6.151787
155_78,53.366041,-6.151727
155_79,53.366939,-6.151667
155_80,53.367836,-6.151607
155_81,53.368734,-6.151547
155_82,53.369632,-6.151487
155_83,53.37053,-6.151427
155_84,53.371428,-6.151367
155_85,53.372325,-6.151307
155_86,53.373223,-6.151247
155_87,53.374121,-6.151187
155_88,53.375019,-6.151127
155_89,53.375916,-6.151067
155_90,53.376814,-6.151007
155_91,53.377712,-6.150947
155_92,53.37861,-6.150887
155_93,53.379508,-6.150827
155_94,53.380405,-6.150767
155_95,53.381303,-6.150707
155_96,53.382201,-6.150647
155_97,53.383099,-6.150587
155_98,53.383996,-6.150527
155_99,53.384894,-6.150467
155_100,53.385792,-6.150407
155_101,53.38669,-6.150347
155_102,53.387587,-6.150287
155_103,53.388485,-6.150227
155_104,53.389383,-6.150167
155_105,53.390281,-6.150107
155_106,53.391179,-6.150047
155_107,53.392076,-6.149987
155_108,53.392974,-6.149927
155_109,53.393872,-6.149867
155_110,53.39477,-6.149807
155_111,53.395667,-6.149747
155_112,53.396565,-6.149687
155_113,53.397463,-6.149627
155_114,53.398361,-6.149567
155_115,53.399259,-6.149507
155_116,53.400156,-6.149447
155_117,53.401054,-6.149387
155_118,53.401952,-6.149327
155_119,53.40285,-6.149267
155_120,53.403747,-6.149207
155_121,53.404645,-6.149147
155_122,53.405543,-6.149087
155_123,53.406441,-6.149027
155_124,53.407338,-6.148967
155_125,53.408236,-6.148907
155_126,53.409134,-6.148846
156_0,53.295978,-6.154893
156_1,53.296876,-6.154833
156_2,53.297774,-6.154773
156_3,53.298671,-6.154713
156_4,53.299569,-6.154654
156_5,53.300467,-6.154594
156_6,53.301365,-6.154534
156_7,53.302263,-6.154474
156_8,53.30316,-6.154415
156_9,53.304058,-6.154355
156_10,53.304956,-6.154295
156_11,53.305854,-6.154236
156_12,53.306752,-6.154176
156_13,53.307649,-6.154116
156_14,53.308547,-6.154056
156_15,53.309445,-6.153997
156_16,53.310343,-6.153937
156_17,53.31124,-6.153877
156_18,53.312138,-6.153817
156_19,53.313036,-6.153758
156_20,53.313934,-6.153698
156_21,53.314832,-6.153638
156_22,53.315729,-6.153578
156_23,53.316627,-6.153518
156_24,53.317525,-6.153459
156_25,53.318423,-6.153399
156_26,53.319321,-6.153339
156_27,53.320218,-6.153279
156_28,53.321116,-6.153219
156_29,53.322014,-6.15316
156_30,53.322912,-6.1531
156_31,53.323809,-6.15304
156_32,53.324707,-6.15298
156_33,53.325605,-6.15292
156_34,53.326503,-6.152861
156_35,53.327401,-6.152801
156_36,53.328298,-6.152741
156_37,53.329196,-6.152681
156_38,53.330094,-6.152621
156_39,53.330992,-6.152562
156_40,53.331889,-6.152502
156_41,53.332787,-6.152442
156_42,53.333685,-6.152382
156_43,53.334583,-6.152322
156_44,53.335481,-6.152262
156_45,53.336378,-6.152202
156_46,53.337276,-6.152143
156_47,53.338174,-6.152083
156_48,53.339072,-6.152023
156_49,53.33997,-6.151963
156_50,53.340867,-6.151903
156_51,53.341765,-6.151843
156_52,53.342663,-6.151783
156_53,53.343561,-6.151724
156_54,53.344458,-6.151664
156_55,53.345356,-6.151604
156_56,53.346254,-6.151544
156_57,53.347152,-6.151484
156_58,53.34805,-6.151424
156_59,53.348947,-6.151364
156_60,53.349845,-6.151304
156_61,53.350743,-6.151244
156_62,53.351641,-6.151185
156_63,53.352538,-6.151125
156_64,53.353436,-6.151065
156_65,53.354334,-6.151005
156_66,53.355232,-6.150945
156_67,53.35613,-6.150885
156_68,53.357027,-6.150825
156_69,53.357925,-6.150765
156_70,53.358823,-6.150705
156_71,53.359721,-6.150645
156_72,53.360618,-6.150585
156_73,53.361516,-6.150525
156_74,53.362414,-6.150465
156_75,53.363312,-6.150405
156_76,53.36421,-6.150346
156_77,53.365107,-6.150286
156_78,53.366005,-6.150226
156_79,53.366903,-6.150166
156_80,53.367801,-6.150106
156_81,53.368698,-6.150046
156_82,53.369596,-6.149986
156_83,53.370494,-6.149926
156_84,53.371392,-6.149866
156_85,53.372289,-6.149806
156_86,53.373187,-6.149746
156_87,53.374085,-6.149686
156_88,53.374983,-6.149626
156_89,53.375881,-6.149566
156_90,53.376778,-6.149506
156_91,53.377676,-6.149446
156_92,53.378574,-6.149386
156_93,53.379472,-6.149326
156_94,53.380369,-6.149266
156_95,53.381267,-6.149206
156_96,53.382165,-6.149146
156_97,53.383063,-6.149086
156_98,53.383961,-6.149026
156_99,53.384858,-6.148966
156_100,53.385756,-6.148906
156_101,53.386654,-6.148846
156_102,53.387552,-6.148786
156_103,53.388449,-6.148726
156_104,53.389347,-6.148666
156_105,53.390245,-6.148606
156_106,53.391143,-6.148546
156_107,53.39204,-6.148486
156_108,53.392938,-6.148425
156_109,53.393836,-6.148365
156_110,53.394734,-6.148305
156_111,53.395632,-6.148245
156_112,53.396529,-6.148185
156_113,53.397427,-6.148125
156_114,53.398325,-6.148065
156_115,53.399223,-6.148005
156_116,53.40012,-6.147945
156_117,53.401018,-6.147885
156_118,53.401916,-6.147825
156_119,53.402814,-6.147765
156_120,53.403711,-6.147705
156_121,53.404609,-6.147644
156_122,53.405507,-6.147584
156_123,53.406405,-6.147524
156_124,53.407303,-6.147464
156_125,53.4082,-6.147404
156_126,53.409098,-6.147344
157_0,53.295942,-6.153394
157_1,53.29684,-6.153334
157_2,53.297738,-6.153275
157_3,53.298636,-6.153215
157_4,53.299533,-6.153155
157_5,53.300431,-6.153095
157_6,53.301329,-6.153036
157_7,53.302227,-6.152976
157_8,53.303125,-6.152916
157_9,53.304022,-6.152856
157_10,53.30492,-6.152796
157_11,53.305818,-6.152737
157_12,53.306716,-6.152677
157_13,53.307614,-6.152617
157_14,53.308511,-6.152557
157_15,53.309409,-6.152498
157_16,53.310307,-6.152438
157_17,53.311205,-6.152378
157_18,53.312102,-6.152318
157_19,53.313,-6.152258
157_20,53.313898,-6.152199
157_21,53.314796,-6.152139
157_22,53.315694,-6.152079
157_23,53.316591,-6.152019
157_24,53.317489,-6.151959
157_25,53.318387,-6.1519
157_26,53.319285,-6.15184
157_27,53.320182,-6.15178
157_28,53.32108,-6.15172
157_29,53.321978,-6.15166
157_30,53.322876,-6.1516
157_31,53.323774,-6.151541
157_32,53.324671,-6.151481
157_33,53.325569,-6.151421
157_34,53.326467,-6.151361
157_35,53.327365,-6.151301
157_36,53.328263,-6.151241
157_37,53.32916,-6.151182
157_38,53.330058,-6.151122
157_39,53.330956,-6.151062
157_40,53.331854,-6.151002
157_41,53.332751,-6.150942
157_42,53.333649,-6.150882
157_43,53.334547,-6.150822
157_44,53.335445,-6.150762
157_45,53.336343,-6.150703
157_46,53.33724,-6.150643
157_47,53.338138,-6.150583
157_48,53.339036,-6.150523
157_49,53.339934,-6.150463
157_50,53.340831,-6.150403
157_51,53.341729,-6.150343
157_52,53.342627,-6.150283
157_53,53.343525,-6.150223
157_54,53.344423,-6.150163
157_55,53.34532,-6.150104
157_56,53.346218,-6.150044
157_57,53.347116,-6.149984
157_58,53.348014,-6.149924
157_59,53.348911,-6.149864
157_60,53.349809,-6.149804
157_61,53.350707,-6.149744
157_62,53.351605,-6.149684
157_63,53.352503,-6.149624
157_64,53.3534,-6.149564
157_65,53.354298,-6.149504
157_66,53.355196,-6.149444
157_67,53.356094,-6.149384
157_68,53.356991,-6.149324
157_69,53.357889,-6.149264
157_70,53.358787,-6.149204
157_71,53.359685,-6.149145
157_72,53.360583,-6.149085
157_73,53.36148,-6.149025
157_74,53.362378,-6.148965
157_75,53.363276,-6.148905
157_76,53.364174,-6.148845
157_77,53.365071,-6.148785
157_78,53.365969,-6.148725
157_79,53.366867,-6.148665
157_80,53.367765,-6.148605
157_81,53.368663,-6.148545
157_82,53.36956,-6.148485
157_83,53.370458,-6.148425
157_84,53.371356,-6.148365
157_85,53.372254,-6.148305
157_86,53.373151,-6.148245
157_87,53.374049,-6.148185
157_88,53.374947,-6.148125
157_89,53.375845,-6.148065
157_90,53.376742,-6.148005
157_91,53.37764,-6.147945
157_92,53.378538,-6.147885
157_93,53.379436,-6.147824
157_94,53.380334,-6.147764
157_95,53.381231,-6.147704
157_96,53.382129,-6.147644
157_97,53.383027,-6.147584
157_98,53.383925,-6.147524
157_99,53.384822,-6.147464
157_100,53.38572,-6.147404
157_101,53.386618,-6.147344
157_102,53.387516,-6.147284
157_103,53.388413,-6.147224
157_104,53.389311,-6.147164
157_105,53.390209,-6.147104
157_106,53.391107,-6.147044
157_107,53.392005,-6.146984
157_108,53.392902,-6.146924
157_109,53.3938,-6.146863
157_110,53.394698,-6.146803
157_111,53.395596,-6.146743
157_112,53.396493,-6.146683
157_113,53.397391,-6.146623
157_114,53.398289,-6.146563
157_115,53.399187,-6.146503
157_116,53.400084,-6.146443
157_117,53.400982,-6.146383
157_118,53.40188,-6.146323
157_119,53.402778,-6.146262
157_120,53.403676,-6.146202
157_121,53.404573,-6.146142
157_122,53.405471,-6.146082
157_123,53.406369,-6.146022
157_124,53.407267,-6.145962
157_125,53.408164,-6.145902
157_126,53.409062,-6.145841
158_0,53.295906,-6.151896
158_1,53.296804,-6.151836
158_2,53.297702,-6.151776
158_3,53.2986,-6.151716
158_4,53.299498,-6.151656
158_5,53.300395,-6.151597
158_6,53.301293,-6.151537
158_7,53.302191,-6.151477
158_8,53.303089,-6.151417
158_9,53.303987,-6.151357
158_10,53.304884,-6.151298
158_11,53.305782,-6.151238
158_12,53.30668,-6.151178
158_13,53.307578,-6.151118
158_14,53.308475,-6.151058
158_15,53.309373,-6.150999
158_16,53.310271,-6.150939
158_17,53.311169,-6.150879
158_18,53.312067,-6.150819
158_19,53.312964,-6.150759
158_20,53.313862,-6.150699
158_21,53.31476,-6.15064
158_22,53.315658,-6.15058
158_23,53.316556,-6.15052
158_24,53.317453,-6.15046
158_25,53.318351,-6.1504
158_26,53.319249,-6.15034
158_27,53.320147,-6.150281
158_28,53.321044,-6.150221
158_29,53.321942,-6.150161
158_30,53.32284,-6.150101
158_31,53.323738,-6.150041
158_32,53.324636,-6.149981
158_33,53.325533,-6.149921
158_34,53.326431,-6.149861
158_35,53.327329,-6.149802
158_36,53.328227,-6.149742
158_37,53.329124,-6.149682
158_38,53.330022,-6.149622
158_39,53.33092,-6.149562
158_40,53.331818,-6.149502
158_41,53.332716,-6.149442
158_42,53.333613,-6.149382
158_43,53.334511,-6.149322
158_44,53.335409,-6.149263
158_45,53.336307,-6.149203
158_46,53.337204,-6.149143
158_47,53.338102,-6.149083
158_48,53.339,-6.149023
158_49,53.339898,-6.148963
158_50,53.340796,-6.148903
158_51,53.341693,-6.148843
158_52,53.342591,-6.148783
158_53,53.343489,-6.148723
158_54,53.344387,-6.148663
158_55,53.345284,-6.148603
158_56,53.346182,-6.148543
158_57,53.34708,-6.148483
158_58,53.347978,-6.148423
158_59,53.348876,-6.148364
158_60,53.349773,-6.148304
158_61,53.350671,-6.148244
158_62,53.351569,-6.148184
158_63,53.352467,-6.148124
158_64,53.353364,-6.148064
158_65,53.354262,-6.148004
158_66,53.35516,-6.147944
158_67,53.356058,-6.147884
158_68,53.356956,-6.147824
158_69,53.357853,-6.147764
158_70,53.358751,-6.147704
158_71,53.359649,-6.147644
158_72,53.360547,-6.147584
158_73,53.361444,-6.147524
158_74,53.362342,-6.147464
158_75,53.36324,-6.147404
158_76,53.364138,-6.147344
158_77,53.365036,-6.147284
158_78,53.365933,-6.147224
158_79,53.366831,-6.147164
158_80,53.367729,-6.147104
158_81,53.368627,-6.147044
158_82,53.369524,-6.146984
158_83,53.370422,-6.146924
158_84,53.37132,-6.146864
158_85,53.372218,-6.146803
158_86,53.373115,-6.146743
158_87,53.374013,-6.146683
158_88,53.374911,-6.146623
158_89,53.375809,-6.146563
158_90,53.376707,-6.146503
158_91,53.377604,-6.146443
158_92,53.378502,-6.146383
158_93,53.3794,-6.146323
158_94,53.380298,-6.146263
158_95,53.381195,-6.146203
158_96,53.382093,-6.146143
158_97,53.382991,-6.146083
158_98,53.383889,-6.146023
158_99,53.384786,-6.145963
158_100,53.385684,-6.145902
158_101,53.386582,-6.145842
158_102,53.38748,-6.145782
158_103,53.388378,-6.145722
158_104,53.389275,-6.145662
158_105,53.390173,-6.145602
158_106,53.391071,-6.145542
158_107,53.391969,-6.145482
158_108,53.392866,-6.145422
158_109,53.393764,-6.145362
158_110,53.394662,-6.145301
158_111,53.39556,-6.145241
158_112,53.396457,-6.145181
158_113,53.397355,-6.145121
158_114,53.398253,-6.145061
158_115,53.399151,-6.145001
158_116,53.400049,-6.144941
158_117,53.400946,-6.14488
158_118,53.401844,-6.14482
158_119,53.402742,-6.14476
158_120,53.40364,-6.1447
158_121,53.404537,-6.14464
158_122,53.405435,-6.14458
158_123,53.406333,-6.14452
158_124,53.407231,-6.144459
158_125,53.408128,-6.144399
158_126,53.409026,-6.144339
159_0,53.295871,-6.150397
159_1,53.296768,-6.150337
159_2,53.297666,-6.150277
159_3,53.298564,-6.150218
159_4,53.299462,-6.150158
159_5,53.30036,-6.150098
159_6,53.301257,-6.150038
159_7,53.302155,-6.149978
159_8,53.303053,-6.149918
159_9,53.303951,-6.149859
159_10,53.304849,-6.149799
159_11,53.305746,-6.149739
159_12,53.306644,-6.149679
159_13,53.307542,-6.149619
159_14,53.30844,-6.149559
159_15,53.309337,-6.1495
159_16,53.310235,-6.14944
159_17,53.311133,-6.14938
159_18,53.312031,-6.14932
159_19,53.312929,-6.14926
159_20,53.313826,-6.1492
159_21,53.314724,-6.14914
159_22,53.315622,-6.149081
159_23,53.31652,-6.149021
159_24,53.317417,-6.148961
159_25,53.318315,-6.148901
159_26,53.319213,-6.148841
159_27,53.320111,-6.148781
159_28,53.321009,-6.148721
159_29,53.321906,-6.148661
159_30,53.322804,-6.148602
159_31,53.323702,-6.148542
159_32,53.3246,-6.148482
159_33,53.325497,-6.148422
159_34,53.326395,-6.148362
159_35,53.327293,-6.148302
159_36,53.328191,-6.148242
159_37,53.329089,-6.148182
159_38,53.329986,-6.148122
159_39,53.330884,-6.148062
159_40,53.331782,-6.148002
159_41,53.33268,-6.147942
159_42,53.333578,-6.147883
159_43,53.334475,-6.147823
159_44,53.335373,-6.147763
159_45,53.336271,-6.147703
159_46,53.337169,-6.147643
159_47,53.338066,-6.147583
159_48,53.338964,-6.147523
159_49,53.339862,-6.147463
159_50,53.34076,-6.147403
159_51,53.341658,-6.147343
159_52,53.342555,-6.147283
159_53,53.343453,-6.147223
159_54,53.344351,-6.147163
159_55,53.345249,-6.147103
159_56,53.346146,-6.147043
159_57,53.347044,-6.146983
159_58,53.347942,-6.146923
159_59,53.34884,-6.146863
159_60,53.349737,-6.146803
159_61,53.350635,-6.146743
159_62,53.351533,-6.146683
159_63,53.352431,-6.146623
159_64,53.353329,-6.146563
159_65,53.354226,-6.146503
159_66,53.355124,-6.146443
159_67,53.356022,-6.146383
159_68,53.35692,-6.146323
159_69,53.357817,-6.146263
159_70,53.358715,-6.146203
159_71,53.359613,-6.146143
159_72,53.360511,-6.146083
159_73,53.361409,-6.146023
159_74,53.362306,-6.145963
159_75,53.363204,-6.145903
159_76,53.364102,-6.145843
159_77,53.365,-6.145783
159_78,53.365897,-6.145723
159_79,53.366795,-6.145663
159_80,53.367693,-6.145603
159_81,53.368591,-6.145543
159_82,53.369488,-6.145483
159_83,53.370386,-6.145422
159_84,53.371284,-6.145362
159_85,53.372182,-6.145302
159_86,53.37308,-6.145242
159_87,53.373977,-6.145182
159_88,53.374875,-6.145122
159_89,53.375773,-6.145062
159_90,53.376671,-6.145002
159_91,53.377568,-6.144942
159_92,53.378466,-6.144882
159_93,53.379364,-6.144822
159_94,53.380262,-6.144762
159_95,53.381159,-6.144701
159_96,53.382057,-6.144641
159_97,53.382955,-6.144581
159_98,53.383853,-6.144521
159_99,53.384751,-6.144461
159_100,53.385648,-6.144401
159_101,53.386546,-6.144341
159_102,53.387444,-6.144281
159_103,53.388342,-6.14422
159_104,53.389239,-6.14416
159_105,53.390137,-6.1441
159_106,53.391035,-6.14404
159_107,53.391933,-6.14398
159_108,53.39283,-6.14392
159_109,53.393728,-6.14386
159_110,53.394626,-6.143799
159_111,53.395524,-6.143739
159_112,53.396422,-6.143679
159_113,53.397319,-6.143619
159_114,53.398217,-6.143559
159_115,53.399115,-6.143499
159_116,53.400013,-6.143438
159_117,53.40091,-6.143378
159_118,53.401808,-6.143318
159_119,53.402706,-6.143258
159_120,53.403604,-6.143198
159_121,53.404501,-6.143138
159_122,53.405399,-6.143077
159_123,53.406297,-6.143017
159_124,53.407195,-6.142957
159_125,53.408092,-6.142897
159_126,53.40899,-6.142837
160_0,53.295835,-6.148899
160_1,53.296733,-6.148839
160_2,53.29763,-6.148779
160_3,53.298528,-6.148719
160_4,53.299426,-6.148659
160_5,53.300324,-6.148599
160_6,53.301222,-6.148539
160_7,53.302119,-6.14848
160_8,53.303017,-6.14842
160_9,53.303915,-6.14836
160_10,53.304813,-6.1483
160_11,53.30571,-6.14824
160_12,53.306608,-6.14818
160_13,53.307506,-6.14812
160_14,53.308404,-6.148061
160_15,53.309302,-6.148001
160_16,53.310199,-6.147941
160_17,53.311097,-6.147881
160_18,53.311995,-6.147821
160_19,53.312893,-6.147761
160_20,53.31379,-6.147701
160_21,53.314688,-6.147641
160_22,53.315586,-6.147581
160_23,53.316484,-6.147522
160_24,53.317382,-6.147462
160_25,53.318279,-6.147402
160_26,53.319177,-6.147342
160_27,53.320075,-6.147282
160_28,53.320973,-6.147222
160_29,53.321871,-6.147162
160_30,53.322768,-6.147102
160_31,53.323666,-6.147042
160_32,53.324564,-6.146982
160_33,53.325462,-6.146922
160_34,53.326359,-6.146862
160_35,53.327257,-6.146802
160_36,53.328155,-6.146742
160_37,53.329053,-6.146683
160_38,53.329951,-6.146623
160_39,53.330848,-6.146563
160_40,53.331746,-6.146503
160_41,53.332644,-6.146443
160_42,53.333542,-6.146383
160_43,53.334439,-6.146323
160_44,53.335337,-6.146263
160_45,53.336235,-6.146203
160_46,53.337133,-6.146143
160_47,53.338031,-6.146083
160_48,53.338928,-6.146023
160_49,53.339826,-6.145963
160_50,53.340724,-6.145903
160_51,53.341622,-6.145843
160_52,53.342519,-6.145783
160_53,53.343417,-6.145723
160_54,53.344315,-6.145663
160_55,53.345213,-6.145603
160_56,53.34611,-6.145543
160_57,53.347008,-6.145483
160_58,53.347906,-6.145423
160_59,53.348804,-6.145363
160_60,53.349702,-6.145303
160_61,53.350599,-6.145243
160_62,53.351497,-6.145183
160_63,53.352395,-6.145123
160_64,53.353293,-6.145063
160_65,53.35419,-6.145003
160_66,53.355088,-6.144943
160_67,53.355986,-6.144883
160_68,53.356884,-6.144822
160_69,53.357782,-6.144762
160_70,53.358679,-6.144702
160_71,53.359577,-6.144642
160_72,53.360475,-6.144582
160_73,53.361373,-6.144522
160_74,53.36227,-6.144462
160_75,53.363168,-6.144402
160_76,53.364066,-6.144342
160_77,53.364964,-6.144282
160_78,53.365861,-6.144222
160_79,53.366759,-6.144162
160_80,53.367657,-6.144102
160_81,53.368555,-6.144042
160_82,53.369453,-6.143981
160_83,53.37035,-6.143921
160_84,53.371248,-6.143861
160_85,53.372146,-6.143801
160_86,53.373044,-6.143741
160_87,53.373941,-6.143681
160_88,53.374839,-6.143621
160_89,53.375737,-6.143561
160_90,53.376635,-6.143501
160_91,53.377532,-6.14344
160_92,53.37843,-6.14338
160_93,53.379328,-6.14332
160_94,53.380226,-6.14326
160_95,53.381124,-6.1432
160_96,53.382021,-6.14314
160_97,53.382919,-6.14308
160_98,53.383817,-6.143019
160_99,53.384715,-6.142959
160_100,53.385612,-6.142899
160_101,53.38651,-6.142839
160_102,53.387408,-6.142779
160_103,53.388306,-6.142719
160_104,53.389203,-6.142659
160_105,53.390101,-6.142598
160_106,53.390999,-6.142538
160_107,53.391897,-6.142478
160_108,53.392794,-6.142418
160_109,53.393692,-6.142358
160_110,53.39459,-6.142297
160_111,53.395488,-6.142237
160_112,53.396386,-6.142177
160_113,53.397283,-6.142117
160_114,53.398181,-6.142057
160_115,53.399079,-6.141997
160_116,53.399977,-6.141936
160_117,53.400874,-6.141876
160_118,53.401772,-6.141816
160_119,53.40267,-6.141756
160_120,53.403568,-6.141695
160_121,53.404465,-6.141635
160_122,53.405363,-6.141575
160_123,53.406261,-6.141515
160_124,53.407159,-6.141455
160_125,53.408056,-6.141394
160_126,53.408954,-6.141334
161_0,53.295799,-6.1474
161_1,53.296697,-6.14734
161_2,53.297595,-6.14728
161_3,53.298492,-6.14722
161_4,53.29939,-6.147161
161_5,53.300288,-6.147101
161_6,53.301186,-6.147041
161_7,53.302083,-6.146981
161_8,53.302981,-6.146921
161_9,53.303879,-6.146861
161_10,53.304777,-6.146801
161_11,53.305675,-6.146741
161_12,53.306572,-6.146681
161_13,53.30747,-6.146622
161_14,53.308368,-6.146562
161_15,53.309266,-6.146502
161_16,53.310163,-6.146442
161_17,53.311061,-6.146382
161_18,53.311959,-6.146322
161_19,53.312857,-6.146262
161_20,53.313755,-6.146202
161_21,53.314652,-6.146142
161_22,53.31555,-6.146082
161_23,53.316448,-6.146022
161_24,53.317346,-6.145962
161_25,53.318244,-6.145902
161_26,53.319141,-6.145842
161_27,53.320039,-6.145783
161_28,53.320937,-6.145723
161_29,53.321835,-6.145663
161_30,53.322732,-6.145603
161_31,53.32363,-6.145543
161_32,53.324528,-6.145483
161_33,53.325426,-6.145423
161_34,53.326324,-6.145363
161_35,53.327221,-6.145303
161_36,53.328119,-6.145243
161_37,53.329017,-6.145183
161_38,53.329915,-6.145123
161_39,53.330812,-6.145063
161_40,53.33171,-6.145003
161_41,53.332608,-6.144943
161_42,53.333506,-6.144883
161_43,53.334403,-6.144823
161_44,53.335301,-6.144763
161_45,53.336199,-6.144703
161_46,53.337097,-6.144643
161_47,53.337995,-6.144583
161_48,53.338892,-6.144523
161_49,53.33979,-6.144463
161_50,53.340688,-6.144403
161_51,53.341586,-6.144343
161_52,53.342483,-6.144283
161_53,53.343381,-6.144223
161_54,53.344279,-6.144163
161_55,53.345177,-6.144103
161_56,53.346075,-6.144043
161_57,53.346972,-6.143983
161_58,53.34787,-6.143923
161_59,53.348768,-6.143862
161_60,53.349666,-6.143802
161_61,53.350563,-6.143742
161_62,53.351461,-6.143682
161_63,53.352359,-6.143622
161_64,53.353257,-6.143562
161_65,53.354155,-6.143502
161_66,53.355052,-6.143442
161_67,53.35595,-6.143382
161_68,53.356848,-6.143322
161_69,53.357746,-6.143262
161_70,53.358643,-6.143202
161_71,53.359541,-6.143142
161_72,53.360439,-6.143081
161_73,53.361337,-6.143021
161_74,53.362234,-6.142961
161_75,53.363132,-6.142901
161_76,53.36403,-6.142841
161_77,53.364928,-6.142781
161_78,53.365826,-6.142721
161_79,53.366723,-6.142661
161_80,53.367621,-6.142601
161_81,53.368519,-6.142541
161_82,53.369417,-6.14248
161_83,53.370314,-6.14242
161_84,53.371212,-6.14236
161_85,53.37211,-6.1423
161_86,53.373008,-6.14224
161_87,53.373905,-6.14218
161_88,53.374803,-6.14212
161_89,53.375701,-6.142059
161_90,53.376599,-6.141999
161_91,53.377497,-6.141939
161_92,53.378394,-6.141879
161_93,53.379292,-6.141819
161_94,53.38019,-6.141759
161_95,53.381088,-6.141698
161_96,53.381985,-6.141638
161_97,53.382883,-6.141578
161_98,53.383781,-6.141518
161_99,53.384679,-6.141458
161_100,53.385576,-6.141398
161_101,53.386474,-6.141337
161_102,53.387372,-6.141277
161_103,53.38827,-6.141217
161_104,53.389167,-6.141157
161_105,53.390065,-6.141097
161_106,53.390963,-6.141036
161_107,53.391861,-6.140976
161_108,53.392759,-6.140916
161_109,53.393656,-6.140856
161_110,53.394554,-6.140796
161_111,53.395452,-6.140735
161_112,53.39635,-6.140675
161_113,53.397247,-6.140615
161_114,53.398145,-6.140555
161_115,53.399043,-6.140494
161_116,53.399941,-6.140434
161_117,53.400838,-6.140374
161_118,53.401736,-6.140314
161_119,53.402634,-6.140253
161_120,53.403532,-6.140193
161_121,53.404429,-6.140133
161_122,53.405327,-6.140073
161_123,53.406225,-6.140012
161_124,53.407123,-6.139952
161_125,53.40802,-6.139892
161_126,53.408918,-6.139832
162_0,53.295763,-6.145902
162_1,53.296661,-6.145842
162_2,53.297559,-6.145782
162_3,53.298456,-6.145722
162_4,53.299354,-6.145662
162_5,53.300252,-6.145602
162_6,53.30115,-6.145542
162_7,53.302048,-6.145482
162_8,53.302945,-6.145422
162_9,53.303843,-6.145362
162_10,53.304741,-6.145302
162_11,53.305639,-6.145242
162_12,53.306536,-6.145183
162_13,53.307434,-6.145123
162_14,53.308332,-6.145063
162_15,53.30923,-6.145003
162_16,53.310128,-6.144943
162_17,53.311025,-6.144883
162_18,53.311923,-6.144823
162_19,53.312821,-6.144763
162_20,53.313719,-6.144703
162_21,53.314616,-6.144643
162_22,53.315514,-6.144583
162_23,53.316412,-6.144523
162_24,53.31731,-6.144463
162_25,53.318208,-6.144403
162_26,53.319105,-6.144343
162_27,53.320003,-6.144283
162_28,53.320901,-6.144223
162_29,53.321799,-6.144163
162_30,53.322696,-6.144103
162_31,53.323594,-6.144043
162_32,53.324492,-6.143983
162_33,53.32539,-6.143923
162_34,53.326288,-6.143863
162_35,53.327185,-6.143803
162_36,53.328083,-6.143743
162_37,53.328981,-6.143683
162_38,53.329879,-6.143623
162_39,53.330776,-6.143563
162_40,53.331674,-6.143503
162_41,53.332572,-6.143443
162_42,53.33347,-6.143383
162_43,53.334368,-6.143323
162_44,53.335265,-6.143263
162_45,53.336163,-6.143203
162_46,53.337061,-6.143143
162_47,53.337959,-6.143083
162_48,53.338856,-6.143023
162_49,53.339754,-6.142963
162_50,53.340652,-6.142903
162_51,53.34155,-6.142843
162_52,53.342448,-6.142783
162_53,53.343345,-6.142723
162_54,53.344243,-6.142662
162_55,53.345141,-6.142602
162_56,53.346039,-6.142542
162_57,53.346936,-6.142482
162_58,53.347834,-6.142422
162_59,53.348732,-6.142362
162_60,53.34963,-6.142302
162_61,53.350527,-6.142242
162_62,53.351425,-6.142182
162_63,53.352323,-6.142122
162_64,53.353221,-6.142062
162_65,53.354119,-6.142002
162_66,53.355016,-6.141941
162_67,53.355914,-6.141881
162_68,53.356812,-6.141821
162_69,53.35771,-6.141761
162_70,53.358607,-6.141701
162_71,53.359505,-6.141641
162_72,53.360403,-6.141581
162_73,53.361301,-6.141521
162_74,53.362198,-6.14146
162_75,53.363096,-6.1414
162_76,53.363994,-6.14134
162_77,53.364892,-6.14128
162_78,53.36579,-6.14122
162_79,53.366687,-6.14116
162_80,53.367585,-6.1411
162_81,53.368483,-6.141039
162_82,53.369381,-6.140979
162_83,53.370278,-6.140919
162_84,53.371176,-6.140859
162_85,53.372074,-6.140799
162_86,53.372972,-6.140739
162_87,53.373869,-6.140678
162_88,53.374767,-6.140618
162_89,53.375665,-6.140558
162_90,53.376563,-6.140498
162_91,53.377461,-6.140438
162_92,53.378358,-6.140378
162_93,53.379256,-6.140317
162_94,53.380154,-6.140257
162_95,53.381052,-6.140197
162_96,53.381949,-6.140137
162_97,53.382847,-6.140077
162_98,53.383745,-6.140016
162_99,53.384643,-6.139956
162_100,53.38554,-6.139896
162_101,53.386438,-6.139836
162_102,53.387336,-6.139775
162_103,53.388234,-6.139715
162_104,53.389131,-6.139655
162_105,53.390029,-6.139595
162_106,53.390927,-6.139535
162_107,53.391825,-6.139474
162_108,53.392723,-6.139414
162_109,53.39362,-6.139354
162_110,53.394518,-6.139294
162_111,53.395416,-6.139233
162_112,53.396314,-6.139173
162_113,53.397211,-6.139113
162_114,53.398109,-6.139053
162_115,53.399007,-6.138992
162_116,53.399905,-6.138932
162_117,53.400802,-6.138872
162_118,53.4017,-6.138811
162_119,53.402598,-6.138751
162_120,53.403496,-6.138691
162_121,53.404393,-6.138631
162_122,53.405291,-6.13857
162_123,53.406189,-6.13851
162_124,53.407087,-6.13845
162_125,53.407984,-6.138389
162_126,53.408882,-6.138329
163_0,53.295727,-6.144403
163_1,53.296625,-6.144343
163_2,53.297523,-6.144283
163_3,53.298421,-6.144223
163_4,53.299318,-6.144163
163_5,53.300216,-6.144103
163_6,53.301114,-6.144043
163_7,53.302012,-6.143983
163_8,53.302909,-6.143924
163_9,53.303807,-6.143864
163_10,53.304705,-6.143804
163_11,53.305603,-6.143744
163_12,53.306501,-6.143684
163_13,53.307398,-6.143624
163_14,53.308296,-6.143564
163_15,53.309194,-6.143504
163_16,53.310092,-6.143444
163_17,53.310989,-6.143384
163_18,53.311887,-6.143324
163_19,53.312785,-6.143264
163_20,53.313683,-6.143204
163_21,53.314581,-6.143144
163_22,53.315478,-6.143084
163_23,53.316376,-6.143024
163_24,53.317274,-6.142964
163_25,53.318172,-6.142904
163_26,53.319069,-6.142844
163_27,53.319967,-6.142784
163_28,53.320865,-6.142724
163_29,53.321763,-6.142664
163_30,53.322661,-6.142604
163_31,53.323558,-6.142544
163_32,53.324456,-6.142484
163_33,53.325354,-6.142424
163_34,53.326252,-6.142364
163_35,53.327149,-6.142304
163_36,53.328047,-6.142244
163_37,53.328945,-6.142184
163_38,53.329843,-6.142123
163_39,53.330741,-6.142063
163_40,53.331638,-6.142003
163_41,53.332536,-6.141943
163_42,53.333434,-6.141883
163_43,53.334332,-6.141823
163_44,53.335229,-6.141763
163_45,53.336127,-6.141703
163_46,53.337025,-6.141643
163_47,53.337923,-6.141583
163_48,53.33882,-6.141523
163_49,53.339718,-6.141463
163_50,53.340616,-6.141403
163_51,53.341514,-6.141343
163_52,53.342412,-6.141283
163_53,53.343309,-6.141222
163_54,53.344207,-6.141162
163_55,53.345105,-6.141102
163_56,53.346003,-6.141042
163_57,53.3469,-6.140982
163_58,53.347798,-6.140922
163_59,53.348696,-6.140862
163_60,53.349594,-6.140802
163_61,53.350492,-6.140742
163_62,53.351389,-6.140681
163_63,53.352287,-6.140621
163_64,53.353185,-6.140561
163_65,53.354083,-6.140501
163_66,53.35498,-6.140441
163_67,53.355878,-6.140381
163_68,53.356776,-6.140321
163_69,53.357674,-6.14026
163_70,53.358571,-6.1402
163_71,53.359469,-6.14014
163_72,53.360367,-6.14008
163_73,53.361265,-6.14002
163_74,53.362163,-6.13996
163_75,53.36306,-6.139899
163_76,53.363958,-6.139839
163_77,53.364856,-6.139779
163_78,53.365754,-6.139719
163_79,53.366651,-6.139659
163_80,53.367549,-6.139599
163_81,53.368447,-6.139538
163_82,53.369345,-6.139478
163_83,53.370242,-6.139418
163_84,53.37114,-6.139358
163_85,53.372038,-6.139298
163_86,53.372936,-6.139237
163_87,53.373833,-6.139177
163_88,53.374731,-6.139117
163_89,53.375629,-6.139057
163_90,53.376527,-6.138997
163_91,53.377425,-6.138936
163_92,53.378322,-6.138876
163_93,53.37922,-6.138816
163_94,53.380118,-6.138756
163_95,53.381016,-6.138695
163_96,53.381913,-6.138635
163_97,53.382811,-6.138575
163_98,53.383709,-6.138515
163_99,53.384607,-6.138455
163_100,53.385504,-6.138394
163_101,53.386402,-6.138334
163_102,53.3873,-6.138274
163_103,53.388198,-6.138214
163_104,53.389095,-6.138153
163_105,53.389993,-6.138093
163_106,53.390891,-6.138033
163_107,53.391789,-6.137972
163_108,53.392686,-6.137912
163_109,53.393584,-6.137852
163_110,53.394482,-6.137792
163_111,53.39538,-6.137731
163_112,53.396278,-6.137671
163_113,53.397175,-6.137611
163_114,53.398073,-6.13755
163_115,53.398971,-6.13749
163_116,53.399869,-6.13743
163_117,53.400766,-6.13737
163_118,53.401664,-6.137309
163_119,53.402562,-6.137249
163_120,53.40346,-6.137189
163_121,53.404357,-6.137128
163_122,53.405255,-6.137068
163_123,53.406153,-6.137008
163_124,53.407051,-6.136947
163_125,53.407948,-6.136887
163_126,53.408846,-6.136827
164_0,53.295691,-6.142905
164_1,53.296589,-6.142845
164_2,53.297487,-6.142785
164_3,53.298385,-6.142725
164_4,53.299282,-6.142665
164_5,53.30018,-6.142605
164_6,53.301078,-6.142545
164_7,53.301976,-6.142485
164_8,53.302874,-6.142425
164_9,53.303771,-6.142365
164_10,53.304669,-6.142305
164_11,53.305567,-6.142245
164_12,53.306465,-6.142185
164_13,53.307362,-6.142125
164_14,53.30826,-6.142065
164_15,53.309158,-6.142005
164_16,53.310056,-6.141945
164_17,53.310954,-6.141885
164_18,53.311851,-6.141825
164_19,53.312749,-6.141765
164_20,53.313647,-6.141705
164_21,53.314545,-6.141645
164_22,53.315442,-6.141585
164_23,53.31634,-6.141525
164_24,53.317238,-6.141465
164_25,53.318136,-6.141405
164_26,53.319034,-6.141345
164_27,53.319931,-6.141285
164_28,53.320829,-6.141224
164_29,53.321727,-6.141164
164_30,53.322625,-6.141104
164_31,53.323522,-6.141044
164_32,53.32442,-6.140984
164_33,53.325318,-6.140924
164_34,53.326216,-6.140864
164_35,53.327113,-6.140804
164_36,53.328011,-6.140744
164_37,53.328909,-6.140684
164_38,53.329807,-6.140624
164_39,53.330705,-6.140564
164_40,53.331602,-6.140504
164_41,53.3325,-6.140444
164_42,53.333398,-6.140383
164_43,53.334296,-6.140323
164_44,53.335193,-6.140263
164_45,53.336091,-6.140203
164_46,53.336989,-6.140143
164_47,53.337887,-6.140083
164_48,53.338785,-6.140023
164_49,53.339682,-6.139963
164_50,53.34058,-6.139903
164_51,53.341478,-6.139843
164_52,53.342376,-6.139782
164_53,53.343273,-6.139722
164_54,53.344171,-6.139662
164_55,53.345069,-6.139602
164_56,53.345967,-6.139542
164_57,53.346864,-6.139482
164_58,53.347762,-6.139422
164_59,53.34866,-6.139361
164_60,53.349558,-6.139301
164_61,53.350456,-6.139241
164_62,53.351353,-6.139181
164_63,53.352251,-6.139121
164_64,53.353149,-6.139061
164_65,53.354047,-6.139
164_66,53.354944,-6.13894
164_67,53.355842,-6.13888
164_68,53.35674,-6.13882
164_69,53.357638,-6.13876
164_70,53.358535,-6.1387
164_71,53.359433,-6.138639
164_72,53.360331,-6.138579
164_73,53.361229,-6.138519
164_74,53.362127,-6.138459
164_75,53.363024,-6.138399
164_76,53.363922,-6.138338
164_77,53.36482,-6.138278
164_78,53.365718,-6.138218
164_79,53.366615,-6.138158
164_80,53.367513,-6.138098
164_81,53.368411,-6.138037
164_82,53.369309,-6.137977
164_83,53.370206,-6.137917
164_84,53.371104,-6.137857
164_85,53.372002,-6.137796
164_86,53.3729,-6.137736
164_87,53.373797,-6.137676
164_88,53.374695,-6.137616
164_89,53.375593,-6.137556
164_90,53.376491,-6.137495
164_91,53.377389,-6.137435
164_92,53.378286,-6.137375
164_93,53.379184,-6.137315
164_94,53.380082,-6.137254
164_95,53.38098,-6.137194
164_96,53.381877,-6.137134
164_97,53.382775,-6.137073
164_98,53.383673,-6.137013
164_99,53.384571,-6.136953
164_100,53.385468,-6.136893
164_101,53.386366,-6.136832
164_102,53.387264,-6.136772
164_103,53.388162,-6.136712
164_104,53.389059,-6.136652
164_105,53.389957,-6.136591
164_106,53.390855,-6.136531
164_107,53.391753,-6.136471
164_108,53.39265,-6.13641
164_109,53.393548,-6.13635
164_110,53.394446,-6.13629
164_111,53.395344,-6.136229
164_112,53.396241,-6.136169
164_113,53.397139,-6.136109
164_114,53.398037,-6.136048
164_115,53.398935,-6.135988
164_116,53.399833,-6.135928
164_117,53.40073,-6.135867
164_118,53.401628,-6.135807
164_119,53.402526,-6.135747
164_120,53.403424,-6.135686
164_121,53.404321,-6.135626
164_122,53.405219,-6.135566
164_123,53.406117,-6.135505
164_124,53.407015,-6.135445
164_125,53.407912,-6.135385
164_126,53.40881,-6.135324
165_0,53.295655,-6.141406
165_1,53.296553,-6.141346
165_2,53.297451,-6.141286
165_3,53.298349,-6.141226
165_4,53.299246,-6.141166
165_5,53.300144,-6.141106
165_6,53.301042,-6.141046
165_7,53.30194,-6.140986
165_8,53.302838,-6.140926
165_9,53.303735,-6.140866
165_10,53.304633,-6.140806
165_11,53.305531,-6.140746
165_12,53.306429,-6.140686
165_13,53.307326,-6.140626
165_14,53.308224,-6.140566
165_15,53.309122,-6.140506
165_16,53.31002,-6.140446
165_17,53.310918,-6.140386
165_18,53.311815,-6.140326
165_19,53.312713,-6.140266
165_20,53.313611,-6.140206
165_21,53.314509,-6.140146
165_22,53.315406,-6.140086
165_23,53.316304,-6.140025
165_24,53.317202,-6.139965
165_25,53.3181,-6.139905
165_26,53.318998,-6.139845
165_27,53.319895,-6.139785
165_28,53.320793,-6.139725
165_29,53.321691,-6.139665
165_30,53.322589,-6.139605
165_31,53.323486,-6.139545
165_32,53.324384,-6.139485
165_33,53.325282,-6.139425
165_34,53.32618,-6.139365
165_35,53.327078,-6.139304
165_36,53.327975,-6.139244
165_37,53.328873,-6.139184
165_38,53.329771,-6.139124
165_39,53.330669,-6.139064
165_40,53.331566,-6.139004
165_41,53.332464,-6.138944
165_42,53.333362,-6.138884
165_43,53.33426,-6.138824
165_44,53.335157,-6.138763
165_45,53.336055,-6.138703
165_46,53.336953,-6.138643
165_47,53.337851,-6.138583
165_48,53.338749,-6.138523
165_49,53.339646,-6.138463
165_50,53.340544,-6.138403
165_51,53.341442,-6.138342
165_52,53.34234,-6.138282
165_53,53.343237,-6.138222
165_54,53.344135,-6.138162
165_55,53.345033,-6.138102
165_56,53.345931,-6.138042
165_57,53.346828,-6.137981
165_58,53.347726,-6.137921
165_59,53.348624,-6.137861
165_60,53.349522,-6.137801
165_61,53.35042,-6.137741
165_62,53.351317,-6.137681
165_63,53.352215,-6.13762
165_64,53.353113,-6.13756
165_65,53.354011,-6.1375
165_66,53.354908,-6.13744
165_67,53.355806,-6.13738
165_68,53.356704,-6.137319
165_69,53.357602,-6.137259
165_70,53.358499,-6.137199
165_71,53.359397,-6.137139
165_72,53.360295,-6.137078
165_73,53.361193,-6.137018
165_74,53.36209,-6.136958
165_75,53.362988,-6.136898
165_76,53.363886,-6.136838
165_77,53.364784,-6.136777
165_78,53.365682,-6.136717
165_79,53.366579,-6.136657
165_80,53.367477,-6.136597
165_81,53.368375,-6.136536
165_82,53.369273,-6.136476
165_83,53.37017,-6.136416
165_84,53.371068,-6.136356
165_85,53.371966,-6.136295
165_86,53.372864,-6.136235
165_87,53.373761,-6.136175
165_88,53.374659,-6.136115
165_89,53.375557,-6.136054
165_90,53.376455,-6.135994
165_91,53.377352,-6.135934
165_92,53.37825,-6.135873
165_93,53.379148,-6.135813
165_94,53.380046,-6.135753
165_95,53.380944,-6.135693
165_96,53.381841,-6.135632
165_97,53.382739,-6.135572
165_98,53.383637,-6.135512
165_99,53.384535,-6.135451
165_100,53.385432,-6.135391
165_101,53.38633,-6.135331
165_102,53.387228,-6.13527
165_103,53.388126,-6.13521
165_104,53.389023,-6.13515
165_105,53.389921,-6.135089
165_106,53.390819,-6.135029
165_107,53.391717,-6.134969
165_108,53.392614,-6.134908
165_109,53.393512,-6.134848
165_110,53.39441,-6.134788
165_111,53.395308,-6.134727
165_112,53.396205,-6.134667
165_113,53.397103,-6.134607
165_114,53.398001,-6.134546
165_115,53.398899,-6.134486
165_116,53.399796,-6.134426
165_117,53.400694,-6.134365
165_118,53.401592,-6.134305
165_119,53.40249,-6.134245
165_120,53.403387,-6.134184
165_121,53.404285,-6.134124
165_122,53.405183,-6.134063
165_123,53.406081,-6.134003
165_124,53.406979,-6.133943
165_125,53.407876,-6.133882
165_126,53.408774,-6.133822
166_0,53.295619,-6.139908
166_1,53.296517,-6.139848
166_2,53.297415,-6.139788
166_3,53.298313,-6.139727
166_4,53.299211,-6.139667
166_5,53.300108,-6.139607
166_6,53.301006,-6.139547
166_7,53.301904,-6.139487
166_8,53.302802,-6.139427
166_9,53.303699,-6.139367
166_10,53.304597,-6.139307
166_11,53.305495,-6.139247
166_12,53.306393,-6.139187
166_13,53.307291,-6.139127
166_14,53.308188,-6.139067
166_15,53.309086,-6.139007
166_16,53.309984,-6.138947
166_17,53.310882,-6.138887
166_18,53.311779,-6.138827
166_19,53.312677,-6.138767
166_20,53.313575,-6.138707
166_21,53.314473,-6.138646
166_22,53.31537,-6.138586
166_23,53.316268,-6.138526
166_24,53.317166,-6.138466
166_25,53.318064,-6.138406
166_26,53.318962,-6.138346
166_27,53.319859,-6.138286
166_28,53.320757,-6.138226
166_29,53.321655,-6.138166
166_30,53.322553,-6.138106
166_31,53.32345,-6.138045
166_32,53.324348,-6.137985
166_33,53.325246,-6.137925
166_34,53.326144,-6.137865
166_35,53.327042,-6.137805
166_36,53.327939,-6.137745
166_37,53.328837,-6.137685
166_38,53.329735,-6.137624
166_39,53.330633,-6.137564
166_40,53.33153,-6.137504
166_41,53.332428,-6.137444
166_42,53.333326,-6.137384
166_43,53.334224,-6.137324
166_44,53.335121,-6.137264
166_45,53.336019,-6.137203
166_46,53.336917,-6.137143
166_47,53.337815,-6.137083
166_48,53.338713,-6.137023
166_49,53.33961,-6.136963
166_50,53.340508,-6.136903
166_51,53.341406,-6.136842
166_52,53.342304,-6.136782
166_53,53.343201,-6.136722
166_54,53.344099,-6.136662
166_55,53.344997,-6.136602
166_56,53.345895,-6.136541
166_57,53.346792,-6.136481
166_58,53.34769,-6.136421
166_59,53.348588,-6.136361
166_60,53.349486,-6.136301
166_61,53.350383,-6.13624
166_62,53.351281,-6.13618
166_63,53.352179,-6.13612
166_64,53.353077,-6.13606
166_65,53.353975,-6.135999
166_66,53.354872,-6.135939
166_67,53.35577,-6.135879
166_68,53.356668,-6.135819
166_69,53.357566,-6.135758
166_70,53.358463,-6.135698
166_71,53.359361,-6.135638
166_72,53.360259,-6.135578
166_73,53.361157,-6.135517
166_74,53.362054,-6.135457
166_75,53.362952,-6.135397
166_76,53.36385,-6.135337
166_77,53.364748,-6.135276
166_78,53.365646,-6.135216
166_79,53.366543,-6.135156
166_80,53.367441,-6.135096
166_81,53.368339,-6.135035
166_82,53.369237,-6.134975
166_83,53.370134,-6.134915
166_84,53.371032,-6.134854
166_85,53.37193,-6.134794
166_86,53.372828,-6.134734
166_87,53.373725,-6.134674
166_88,53.374623,-6.134613
166_89,53.375521,-6.134553
166_90,53.376419,-6.134493
166_91,53.377316,-6.134432
166_92,53.378214,-6.134372
166_93,53.379112,-6.134312
166_94,53.38001,-6.134251
166_95,53.380907,-6.134191
166_96,53.381805,-6.134131
166_97,53.382703,-6.13407
166_98,53.383601,-6.13401
166_99,53.384498,-6.13395
166_100,53.385396,-6.133889
166_101,53.386294,-6.133829
166_102,53.387192,-6.133769
166_103,53.38809,-6.133708
166_104,53.388987,-6.133648
166_105,53.389885,-6.133588
166_106,53.390783,-6.133527
166_107,53.391681,-6.133467
166_108,53.392578,-6.133407
166_109,53.393476,-6.133346
166_110,53.394374,-6.133286
166_111,53.395272,-6.133225
166_112,53.396169,-6.133165
166_113,53.397067,-6.133105
166_114,53.397965,-6.133044
166_115,53.398863,-6.132984
166_116,53.39976,-6.132923
166_117,53.400658,-6.132863
166_118,53.401556,-6.132803
166_119,53.402454,-6.132742
166_120,53.403351,-6.132682
166_121,53.404249,-6.132621
166_122,53.405147,-6.132561
166_123,53.406045,-6.132501
166_124,53.406942,-6.13244
166_125,53.40784,-6.13238
166_126,53.408738,-6.132319
167_0,53.295583,-6.138409
167_1,53.296481,-6.138349
167_2,53.297379,-6.138289
167_3,53.298277,-6.138229
167_4,53.299175,-6.138169
167_5,53.300072,-6.138109
167_6,53.30097,-6.138049
167_7,53.301868,-6.137989
167_8,53.302766,-6.137929
167_9,53.303663,-6.137868
167_10,53.304561,-6.137808
167_11,53.305459,-6.137748
167_12,53.306357,-6.137688
167_13,53.307255,-6.137628
167_14,53.308152,-6.137568
167_15,53.30905,-6.137508
167_16,53.309948,-6.137448
167_17,53.310846,-6.137388
167_18,53.311743,-6.137328
167_19,53.312641,-6.137268
167_20,53.313539,-6.137207
167_21,53.314437,-6.137147
167_22,53.315334,-6.137087
167_23,53.316232,-6.137027
167_24,53.31713,-6.136967
167_25,53.318028,-6.136907
167_26,53.318926,-6.136847
167_27,53.319823,-6.136787
167_28,53.320721,-6.136726
167_29,53.321619,-6.136666
167_30,53.322517,-6.136606
167_31,53.323414,-6.136546
167_32,53.324312,-6.136486
167_33,53.32521,-6.136426
167_34,53.326108,-6.136365
167_35,53.327006,-6.136305
167_36,53.327903,-6.136245
167_37,53.328801,-6.136185
167_38,53.329699,-6.136125
167_39,53.330597,-6.136065
167_40,53.331494,-6.136004
167_41,53.332392,-6.135944
167_42,53.33329,-6.135884
167_43,53.334188,-6.135824
167_44,53.335085,-6.135764
167_45,53.335983,-6.135703
167_46,53.336881,-6.135643
167_47,53.337779,-6.135583
167_48,53.338676,-6.135523
167_49,53.339574,-6.135463
167_50,53.340472,-6.135402
167_51,53.34137,-6.135342
167_52,53.342268,-6.135282
167_53,53.343165,-6.135222
167_54,53.344063,-6.135162
167_55,53.344961,-6.135101
167_56,53.345859,-6.135041
167_57,53.346756,-6.134981
167_58,53.347654,-6.134921
167_59,53.348552,-6.13486
167_60,53.34945,-6.1348
167_61,53.350347,-6.13474
167_62,53.351245,-6.13468
167_63,53.352143,-6.134619
167_64,53.353041,-6.134559
167_65,53.353939,-6.134499
167_66,53.354836,-6.134439
167_67,53.355734,-6.134378
167_68,53.356632,-6.134318
167_69,53.35753,-6.134258
167_70,53.358427,-6.134198
167_71,53.359325,-6.134137
167_72,53.360223,-6.134077
167_73,53.361121,-6.134017
167_74,53.362018,-6.133956
167_75,53.362916,-6.133896
167_76,53.363814,-6.133836
167_77,53.364712,-6.133776
167_78,53.365609,-6.133715
167_79,53.366507,-6.133655
167_80,53.367405,-6.133595
167_81,53.368303,-6.133534
167_82,53.3692,-6.133474
167_83,53.370098,-6.133414
167_84,53.370996,-6.133353
167_85,53.371894,-6.133293
167_86,53.372792,-6.133233
167_87,53.373689,-6.133172
167_88,53.374587,-6.133112
167_89,53.375485,-6.133052
167_90,53.376383,-6.132991
167_91,53.37728,-6.132931
167_92,53.378178,-6.132871
167_93,53.379076,-6.13281
167_94,53.379974,-6.13275
167_95,53.380871,-6.13269
167_96,53.381769,-6.132629
167_97,53.382667,-6.132569
167_98,53.383565,-6.132509
167_99,53.384462,-6.132448
167_100,53.38536,-6.132388
167_101,53.386258,-6.132327
167_102,53.387156,-6.132267
167_103,53.388053,-6.132207
167_104,53.388951,-6.132146
167_105,53.389849,-6.132086
167_106,53.390747,-6.132025
167_107,53.391644,-6.131965
167_108,53.392542,-6.131905
167_109,53.39344,-6.131844
167_110,53.394338,-6.131784
167_111,53.395235,-6.131723
167_112,53.396133,-6.131663
167_113,53.397031,-6.131603
167_114,53.397929,-6.131542
167_115,53.398827,-6.131482
167_116,53.399724,-6.131421
167_117,53.400622,-6.131361
167_118,53.40152,-6.131301
167_119,53.402418,-6.13124
167_120,53.403315,-6.13118
167_121,53.404213,-6.131119
167_122,53.405111,-6.131059
167_123,53.406009,-6.130998
167_124,53.406906,-6.130938
167_125,53.407804,-6.130877
167_126,53.408702,-6.130817
168_0,53.295547,-6.136911
168_1,53.296445,-6.136851
168_2,53.297343,-6.13679
168_3,53.298241,-6.13673
168_4,53.299139,-6.13667
168_5,53.300036,-6.13661
168_6,53.300934,-6.13655
168_7,53.301832,-6.13649
168_8,53.30273,-6.13643
168_9,53.303627,-6.13637
168_10,53.304525,-6.13631
168_11,53.305423,-6.13625
168_12,53.306321,-6.136189
168_13,53.307219,-6.136129
168_14,53.308116,-6.136069
168_15,53.309014,-6.136009
168_16,53.309912,-6.135949
168_17,53.31081,-6.135889
168_18,53.311707,-6.135829
168_19,53.312605,-6.135768
168_20,53.313503,-6.135708
168_21,53.314401,-6.135648
168_22,53.315298,-6.135588
168_23,53.316196,-6.135528
168_24,53.317094,-6.135468
168_25,53.317992,-6.135408
168_26,53.31889,-6.135347
168_27,53.319787,-6.135287
168_28,53.320685,-6.135227
168_29,53.321583,-6.135167
168_30,53.322481,-6.135107
168_31,53.323378,-6.135046
168_32,53.324276,-6.134986
168_33,53.325174,-6.134926
168_34,53.326072,-6.134866
168_35,53.326969,-6.134806
168_36,53.327867,-6.134746
168_37,53.328765,-6.134685
168_38,53.329663,-6.134625
168_39,53.330561,-6.134565
168_40,53.331458,-6.134505
168_41,53.332356,-6.134444
168_42,53.333254,-6.134384
168_43,53.334152,-6.134324
168_44,53.335049,-6.134264
168_45,53.335947,-6.134204
168_46,53.336845,-6.134143
168_47,53.337743,-6.134083
168_48,53.33864,-6.134023
168_49,53.339538,-6.133963
168_50,53.340436,-6.133902
168_51,53.341334,-6.133842
168_52,53.342232,-6.133782
168_53,53.343129,-6.133722
168_54,53.344027,-6.133661
168_55,53.344925,-6.133601
168_56,53.345823,-6.133541
168_57,53.34672,-6.133481
168_58,53.347618,-6.13342
168_59,53.348516,-6.13336
168_60,53.349414,-6.1333
168_61,53.350311,-6.13324
168_62,53.351209,-6.133179
168_63,53.352107,-6.133119
168_64,53.353005,-6.133059
168_65,53.353902,-6.132998
168_66,53.3548,-6.132938
168_67,53.355698,-6.132878
168_68,53.356596,-6.132818
168_69,53.357494,-6.132757
168_70,53.358391,-6.132697
168_71,53.359289,-6.132637
168_72,53.360187,-6.132576
168_73,53.361085,-6.132516
168_74,53.361982,-6.132456
168_75,53.36288,-6.132395
168_76,53.363778,-6.132335
168_77,53.364676,-6.132275
168_78,53.365573,-6.132214
168_79,53.366471,-6.132154
168_80,53.367369,-6.132094
168_81,53.368267,-6.132033
168_82,53.369164,-6.131973
168_83,53.370062,-6.131913
168_84,53.37096,-6.131852
168_85,53.371858,-6.131792
168_86,53.372755,-6.131732
168_87,53.373653,-6.131671
168_88,53.374551,-6.131611
168_89,53.375449,-6.13155
168_90,53.376346,-6.13149
168_91,53.377244,-6.13143
168_92,53.378142,-6.131369
168_93,53.37904,-6.131309
168_94,53.379938,-6.131249
168_95,53.380835,-6.131188
168_96,53.381733,-6.131128
168_97,53.382631,-6.131067
168_98,53.383529,-6.131007
168_99,53.384426,-6.130947
168_100,53.385324,-6.130886
168_101,53.386222,-6.130826
168_102,53.38712,-6.130765
168_103,53.388017,-6.130705
168_104,53.388915,-6.130645
168_105,53.389813,-6.130584
168_106,53.390711,-6.130524
168_107,53.391608,-6.130463
168_108,53.392506,-6.130403
168_109,53.393404,-6.130342
168_110,53.394302,-6.130282
168_111,53.395199,-6.130221
168_112,53.396097,-6.130161
168_113,53.396995,-6.130101
168_114,53.397893,-6.13004
168_115,53.39879,-6.12998
168_116,53.399688,-6.129919
168_117,53.400586,-6.129859
168_118,53.401484,-6.129798
168_119,53.402381,-6.129738
168_120,53.403279,-6.129677
168_121,53.404177,-6.129617
168_122,53.405075,-6.129556
168_123,53.405972,-6.129496
168_124,53.40687,-6.129435
168_125,53.407768,-6.129375
168_126,53.408666,-6.129315
169_0,53.295511,-6.135412
169_1,53.296409,-6.135352
169_2,53.297307,-6.135292
169_3,53.298205,-6.135232
169_4,53.299103,-6.135172
169_5,53.3,-6.135112
169_6,53.300898,-6.135051
169_7,53.301796,-6.134991
169_8,53.302694,-6.134931
169_9,53.303591,-6.134871
169_10,53.304489,-6.134811
169_11,53.305387,-6.134751
169_12,53.306285,-6.134691
169_13,53.307182,-6.13463
169_14,53.30808,-6.13457
169_15,53.308978,-6.13451
169_16,53.309876,-6.13445
169_17,53.310774,-6.13439
169_18,53.311671,-6.13433
169_19,53.312569,-6.134269
169_20,53.313467,-6.134209
169_21,53.314365,-6.134149
169_22,53.315262,-6.134089
169_23,53.31616,-6.134029
169_24,53.317058,-6.133968
169_25,53.317956,-6.133908
169_26,53.318854,-6.133848
169_27,53.319751,-6.133788
169_28,53.320649,-6.133728
169_29,53.321547,-6.133667
169_30,53.322445,-6.133607
169_31,53.323342,-6.133547
169_32,53.32424,-6.133487
169_33,53.325138,-6.133427
169_34,53.326036,-6.133366
169_35,53.326933,-6.133306
169_36,53.327831,-6.133246
169_37,53.328729,-6.133186
169_38,53.329627,-6.133125
169_39,53.330524,-6.133065
169_40,53.331422,-6.133005
169_41,53.33232,-6.132945
169_42,53.333218,-6.132884
169_43,53.334116,-6.132824
169_44,53.335013,-6.132764
169_45,53.335911,-6.132704
169_46,53.336809,-6.132643
169_47,53.337707,-6.132583
169_48,53.338604,-6.132523
169_49,53.339502,-6.132463
169_50,53.3404,-6.132402
169_51,53.341298,-6.132342
169_52,53.342195,-6.132282
169_53,53.343093,-6.132222
169_54,53.343991,-6.132161
169_55,53.344889,-6.132101
169_56,53.345787,-6.132041
169_57,53.346684,-6.13198
169_58,53.347582,-6.13192
169_59,53.34848,-6.13186
169_60,53.349378,-6.131799
169_61,53.350275,-6.131739
169_62,53.351173,-6.131679
169_63,53.352071,-6.131619
169_64,53.352969,-6.131558
169_65,53.353866,-6.131498
169_66,53.354764,-6.131438
169_67,53.355662,-6.131377
169_68,53.35656,-6.131317
169_69,53.357457,-6.131257
169_70,53.358355,-6.131196
169_71,53.359253,-6.131136
169_72,53.360151,-6.131076
169_73,53.361048,-6.131015
169_74,53.361946,-6.130955
169_75,53.362844,-6.130894
169_76,53.363742,-6.130834
169_77,53.36464,-6.130774
169_78,53.365537,-6.130713
169_79,53.366435,-6.130653
169_80,53.367333,-6.130593
169_81,53.368231,-6.130532
169_82,53.369128,-6.130472
169_83,53.370026,-6.130412
169_84,53.370924,-6.130351
169_85,53.371822,-6.130291
169_86,53.372719,-6.13023
169_87,53.373617,-6.13017
169_88,53.374515,-6.13011
169_89,53.375413,-6.130049
169_90,53.37631,-6.129989
169_91,53.377208,-6.129928
169_92,53.378106,-6.129868
169_93,53.379004,-6.129808
169_94,53.379901,-6.129747
169_95,53.380799,-6.129687
169_96,53.381697,-6.129626
169_97,53.382595,-6.129566
169_98,53.383492,-6.129505
169_99,53.38439,-6.129445
169_100,53.385288,-6.129385
169_101,53.386186,-6.129324
169_102,53.387083,-6.129264
169_103,53.387981,-6.129203
169_104,53.388879,-6.129143
169_105,53.389777,-6.129082
169_106,53.390674,-6.129022
169_107,53.391572,-6.128961
169_108,53.39247,-6.128901
169_109,53.393368,-6.12884
169_110,53.394265,-6.12878
169_111,53.395163,-6.12872
169_112,53.396061,-6.128659
169_113,53.396959,-6.128599
169_114,53.397856,-6.128538
169_115,53.398754,-6.128478
169_116,53.399652,-6.128417
169_117,53.40055,-6.128357
169_118,53.401448,-6.128296
169_119,53.402345,-6.128236
169_120,53.403243,-6.128175
169_121,53.404141,-6.128115
169_122,53.405039,-6.128054
169_123,53.405936,-6.127994
169_124,53.406834,-6.127933
169_125,53.407732,-6.127873
169_126,53.40863,-6.127812
170_0,53.295475,-6.133914
170_1,53.296373,-6.133854
170_2,53.297271,-6.133793
170_3,53.298169,-6.133733
170_4,53.299067,-6.133673
170_5,53.299964,-6.133613
170_6,53.300862,-6.133553
170_7,53.30176,-6.133493
170_8,53.302658,-6.133432
170_9,53.303555,-6.133372
170_10,53.304453,-6.133312
170_11,53.305351,-6.133252
170_12,53.306249,-6.133192
170_13,53.307146,-6.133132
170_14,53.308044,-6.133071
170_15,53.308942,-6.133011
170_16,53.30984,-6.132951
170_17,53.310738,-6.132891
170_18,53.311635,-6.132831
170_19,53.312533,-6.13277
170_20,53.313431,-6.13271
170_21,53.314329,-6.13265
170_22,53.315226,-6.13259
170_23,53.316124,-6.132529
170_24,53.317022,-6.132469
170_25,53.31792,-6.132409
170_26,53.318817,-6.132349
170_27,53.319715,-6.132289
170_28,53.320613,-6.132228
170_29,53.321511,-6.132168
170_30,53.322409,-6.132108
170_31,53.323306,-6.132048
170_32,53.324204,-6.131987
170_33,53.325102,-6.131927
170_34,53.326,-6.131867
170_35,53.326897,-6.131807
170_36,53.327795,-6.131746
170_37,53.328693,-6.131686
170_38,53.329591,-6.131626
170_39,53.330488,-6.131566
170_40,53.331386,-6.131505
170_41,53.332284,-6.131445
170_42,53.333182,-6.131385
170_43,53.334079,-6.131324
170_44,53.334977,-6.131264
170_45,53.335875,-6.131204
170_46,53.336773,-6.131144
170_47,53.337671,-6.131083
170_48,53.338568,-6.131023
170_49,53.339466,-6.130963
170_50,53.340364,-6.130902
170_51,53.341262,-6.130842
170_52,53.342159,-6.130782
170_53,53.343057,-6.130721
170_54,53.343955,-6.130661
170_55,53.344853,-6.130601
170_56,53.34575,-6.13054
170_57,53.346648,-6.13048
170_58,53.347546,-6.13042
170_59,53.348444,-6.130359
170_60,53.349341,-6.130299
170_61,53.350239,-6.130239
170_62,53.351137,-6.130178
170_63,53.352035,-6.130118
170_64,53.352933,-6.130058
170_65,53.35383,-6.129997
170_66,53.354728,-6.129937
170_67,53.355626,-6.129877
170_68,53.356524,-6.129816
170_69,53.357421,-6.129756
170_70,53.358319,-6.129696
170_71,53.359217,-6.129635
170_72,53.360115,-6.129575
170_73,53.361012,-6.129514
170_74,53.36191,-6.129454
170_75,53.362808,-6.129394
170_76,53.363706,-6.129333
170_77,53.364603,-6.129273
170_78,53.365501,-6.129212
170_79,53.366399,-6.129152
170_80,53.367297,-6.129092
170_81,53.368194,-6.129031
170_82,53.369092,-6.128971
170_83,53.36999,-6.12891
170_84,53.370888,-6.12885
170_85,53.371785,-6.12879
170_86,53.372683,-6.128729
170_87,53.373581,-6.128669
170_88,53.374479,-6.128608
170_89,53.375376,-6.128548
170_90,53.376274,-6.128487
170_91,53.377172,-6.128427
170_92,53.37807,-6.128367
170_93,53.378968,-6.128306
170_94,53.379865,-6.128246
170_95,53.380763,-6.128185
170_96,53.381661,-6.128125
170_97,53.382559,-6.128064
170_98,53.383456,-6.128004
170_99,53.384354,-6.127943
170_100,53.385252,-6.127883
170_101,53.38615,-6.127822
170_102,53.387047,-6.127762
170_103,53.387945,-6.127702
170_104,53.388843,-6.127641
170_105,53.389741,-6.127581
170_106,53.390638,-6.12752
170_107,53.391536,-6.12746
170_108,53.392434,-6.127399
170_109,53.393332,-6.127339
170_110,53.394229,-6.127278
170_111,53.395127,-6.127218
170_112,53.396025,-6.127157
170_113,53.396923,-6.127097
170_114,53.39782,-6.127036
170_115,53.398718,-6.126976
170_116,53.399616,-6.126915
170_117,53.400514,-6.126854
170_118,53.401411,-6.126794
170_119,53.402309,-6.126733
170_120,53.403207,-6.126673
170_121,53.404105,-6.126612
170_122,53.405002,-6.126552
170_123,53.4059,-6.126491
170_124,53.406798,-6.126431
170_125,53.407696,-6.12637
170_126,53.408593,-6.12631
171_0,53.295439,-6.132415
171_1,53.296337,-6.132355
171_2,53.297235,-6.132295
171_3,53.298133,-6.132235
171_4,53.29903,-6.132174
171_5,53.299928,-6.132114
171_6,53.300826,-6.132054
171_7,53.301724,-6.131994
171_8,53.302622,-6.131934
171_9,53.303519,-6.131873
171_10,53.304417,-6.131813
171_11,53.305315,-6.131753
171_12,53.306213,-6.131693
171_13,53.30711,-6.131633
171_14,53.308008,-6.131572
171_15,53.308906,-6.131512
171_16,53.309804,-6.131452
171_17,53.310701,-6.131392
171_18,53.311599,-6.131331
171_19,53.312497,-6.131271
171_20,53.313395,-6.131211
171_21,53.314293,-6.131151
171_22,53.31519,-6.131091
171_23,53.316088,-6.13103
171_24,53.316986,-6.13097
171_25,53.317884,-6.13091
171_26,53.318781,-6.13085
171_27,53.319679,-6.130789
171_28,53.320577,-6.130729
171_29,53.321475,-6.130669
171_30,53.322372,-6.130608
171_31,53.32327,-6.130548
171_32,53.324168,-6.130488
171_33,53.325066,-6.130428
171_34,53.325964,-6.130367
171_35,53.326861,-6.130307
171_36,53.327759,-6.130247
171_37,53.328657,-6.130186
171_38,53.329555,-6.130126
171_39,53.330452,-6.130066
171_40,53.33135,-6.130006
171_41,53.332248,-6.129945
171_42,53.333146,-6.129885
171_43,53.334043,-6.129825
171_44,53.334941,-6.129764
171_45,53.335839,-6.129704
171_46,53.336737,-6.129644
171_47,53.337634,-6.129583
171_48,53.338532,-6.129523
171_49,53.33943,-6.129463
171_50,53.340328,-6.129402
171_51,53.341225,-6.129342
171_52,53.342123,-6.129282
171_53,53.343021,-6.129221
171_54,53.343919,-6.129161
171_55,53.344817,-6.129101
171_56,53.345714,-6.12904
171_57,53.346612,-6.12898
171_58,53.34751,-6.12892
171_59,53.348408,-6.128859
171_60,53.349305,-6.128799
171_61,53.350203,-6.128738
171_62,53.351101,-6.128678
171_63,53.351999,-6.128618
171_64,53.352896,-6.128557
171_65,53.353794,-6.128497
171_66,53.354692,-6.128436
171_67,53.35559,-6.128376
171_68,53.356487,-6.128316
171_69,53.357385,-6.128255
171_70,53.358283,-6.128195
171_71,53.359181,-6.128134
171_72,53.360078,-6.128074
171_73,53.360976,-6.128014
171_74,53.361874,-6.127953
171_75,53.362772,-6.127893
171_76,53.363669,-6.127832
171_77,53.364567,-6.127772
171_78,53.365465,-6.127712
171_79,53.366363,-6.127651
171_80,53.367261,-6.127591
171_81,53.368158,-6.12753
171_82,53.369056,-6.12747
171_83,53.369954,-6.127409
171_84,53.370852,-6.127349
171_85,53.371749,-6.127288
171_86,53.372647,-6.127228
171_87,53.373545,-6.127168
171_88,53.374443,-6.127107
171_89,53.37534,-6.127047
171_90,53.376238,-6.126986
171_91,53.377136,-6.126926
171_92,53.378034,-6.126865
171_93,53.378931,-6.126805
171_94,53.379829,-6.126744
171_95,53.380727,-6.126684
171_96,53.381625,-6.126623
171_97,53.382522,-6.126563
171_98,53.38342,-6.126502
171_99,53.384318,-6.126442
171_100,53.385216,-6.126381
171_101,53.386113,-6.126321
171_102,53.387011,-6.12626
171_103,53.387909,-6.1262
171_104,53.388807,-6.126139
171_105,53.389704,-6.126079
171_106,53.390602,-6.126018
171_107,53.3915,-6.125958
171_108,53.392398,-6.125897
171_109,53.393295,-6.125837
171_110,53.394193,-6.125776
171_111,53.395091,-6.125716
171_112,53.395989,-6.125655
171_113,53.396886,-6.125595
171_114,53.397784,-6.125534
171_115,53.398682,-6.125473
171_116,53.39958,-6.125413
171_117,53.400477,-6.125352
171_118,53.401375,-6.125292
171_119,53.402273,-6.125231
171_120,53.403171,-6.125171
171_121,53.404068,-6.12511
171_122,53.404966,-6.12505
171_123,53.405864,-6.124989
171_124,53.406762,-6.124928
171_125,53.407659,-6.124868
171_126,53.408557,-6.124807
172_0,53.295403,-6.130917
172_1,53.296301,-6.130857
172_2,53.297199,-6.130796
172_3,53.298097,-6.130736
172_4,53.298994,-6.130676
172_5,53.299892,-6.130616
172_6,53.30079,-6.130555
172_7,53.301688,-6.130495
172_8,53.302585,-6.130435
172_9,53.303483,-6.130375
172_10,53.304381,-6.130314
172_11,53.305279,-6.130254
172_12,53.306177,-6.130194
172_13,53.307074,-6.130134
172_14,53.307972,-6.130074
172_15,53.30887,-6.130013
172_16,53.309768,-6.129953
172_17,53.310665,-6.129893
172_18,53.311563,-6.129832
172_19,53.312461,-6.129772
172_20,53.313359,-6.129712
172_21,53.314256,-6.129652
172_22,53.315154,-6.129591
172_23,53.316052,-6.129531
172_24,53.31695,-6.129471
172_25,53.317848,-6.129411
172_26,53.318745,-6.12935
172_27,53.319643,-6.12929
172_28,53.320541,-6.12923
172_29,53.321439,-6.129169
172_30,53.322336,-6.129109
172_31,53.323234,-6.129049
172_32,53.324132,-6.128988
172_33,53.32503,-6.128928
172_34,53.325927,-6.128868
172_35,53.326825,-6.128807
172_36,53.327723,-6.128747
172_37,53.328621,-6.128687
172_38,53.329518,-6.128626
172_39,53.330416,-6.128566
172_40,53.331314,-6.128506
172_41,53.332212,-6.128445
172_42,53.33311,-6.128385
172_43,53.334007,-6.128325
172_44,53.334905,-6.128264
172_45,53.335803,-6.128204
172_46,53.336701,-6.128144
172_47,53.337598,-6.128083
172_48,53.338496,-6.128023
172_49,53.339394,-6.127963
172_50,53.340292,-6.127902
172_51,53.341189,-6.127842
172_52,53.342087,-6.127782
172_53,53.342985,-6.127721
172_54,53.343883,-6.127661
172_55,53.34478,-6.1276
172_56,53.345678,-6.12754
172_57,53.346576,-6.12748
172_58,53.347474,-6.127419
172_59,53.348371,-6.127359
172_60,53.349269,-6.127298
172_61,53.350167,-6.127238
172_62,53.351065,-6.127178
172_63,53.351962,-6.127117
172_64,53.35286,-6.127057
172_65,53.353758,-6.126996
172_66,53.354656,-6.126936
172_67,53.355554,-6.126876
172_68,53.356451,-6.126815
172_69,53.357349,-6.126755
172_70,53.358247,-6.126694
172_71,53.359145,-6.126634
172_72,53.360042,-6.126573
172_73,53.36094,-6.126513
172_74,53.361838,-6.126452
172_75,53.362736,-6.126392
172_76,53.363633,-6.126332
172_77,53.364531,-6.126271
172_78,53.365429,-6.126211
172_79,53.366327,-6.12615
172_80,53.367224,-6.12609
172_81,53.368122,-6.126029
172_82,53.36902,-6.125969
172_83,53.369918,-6.125908
172_84,53.370815,-6.125848
172_85,53.371713,-6.125787
172_86,53.372611,-6.125727
172_87,53.373509,-6.125666
172_88,53.374406,-6.125606
172_89,53.375304,-6.125545
172_90,53.376202,-6.125485
172_91,53.3771,-6.125424
172_92,53.377997,-6.125364
172_93,53.378895,-6.125303
172_94,53.379793,-6.125243
172_95,53.380691,-6.125182
172_96,53.381588,-6.125122
172_97,53.382486,-6.125061
172_98,53.383384,-6.125001
172_99,53.384282,-6.12494
172_100,53.385179,-6.12488
172_101,53.386077,-6.124819
172_102,53.386975,-6.124759
172_103,53.387873,-6.124698
172_104,53.38877,-6.124638
172_105,53.389668,-6.124577
172_106,53.390566,-6.124516
172_107,53.391464,-6.124456
172_108,53.392361,-6.124395
172_109,53.393259,-6.124335
172_110,53.394157,-6.124274
172_111,53.395055,-6.124214
172_112,53.395952,-6.124153
172_113,53.39685,-6.124093
172_114,53.397748,-6.124032
172_115,53.398646,-6.123971
172_116,53.399543,-6.123911
172_117,53.400441,-6.12385
172_118,53.401339,-6.12379
172_119,53.402237,-6.123729
172_120,53.403134,-6.123668
172_121,53.404032,-6.123608
172_122,53.40493,-6.123547
172_123,53.405828,-6.123487
172_124,53.406725,-6.123426
172_125,53.407623,-6.123365
172_126,53.408521,-6.123305
173_0,53.295367,-6.129418
173_1,53.296265,-6.129358
173_2,53.297163,-6.129298
173_3,53.298061,-6.129238
173_4,53.298958,-6.129177
173_5,53.299856,-6.129117
173_6,53.300754,-6.129057
173_7,53.301652,-6.128997
173_8,53.302549,-6.128936
173_9,53.303447,-6.128876
173_10,53.304345,-6.128816
173_11,53.305243,-6.128755
173_12,53.30614,-6.128695
173_13,53.307038,-6.128635
173_14,53.307936,-6.128575
173_15,53.308834,-6.128514
173_16,53.309732,-6.128454
173_17,53.310629,-6.128394
173_18,53.311527,-6.128333
173_19,53.312425,-6.128273
173_20,53.313323,-6.128213
173_21,53.31422,-6.128153
173_22,53.315118,-6.128092
173_23,53.316016,-6.128032
173_24,53.316914,-6.127972
173_25,53.317811,-6.127911
173_26,53.318709,-6.127851
173_27,53.319607,-6.127791
173_28,53.320505,-6.12773
173_29,53.321402,-6.12767
173_30,53.3223,-6.12761
173_31,53.323198,-6.127549
173_32,53.324096,-6.127489
173_33,53.324994,-6.127429
173_34,53.325891,-6.127368
173_35,53.326789,-6.127308
173_36,53.327687,-6.127248
173_37,53.328585,-6.127187
173_38,53.329482,-6.127127
173_39,53.33038,-6.127066
173_40,53.331278,-6.127006
173_41,53.332176,-6.126946
173_42,53.333073,-6.126885
173_43,53.333971,-6.126825
173_44,53.334869,-6.126765
173_45,53.335767,-6.126704
173_46,53.336664,-6.126644
173_47,53.337562,-6.126583
173_48,53.33846,-6.126523
173_49,53.339358,-6.126463
173_50,53.340255,-6.126402
173_51,53.341153,-6.126342
173_52,53.342051,-6.126281
173_53,53.342949,-6.126221
173_54,53.343847,-6.126161
173_55,53.344744,-6.1261
173_56,53.345642,-6.12604
173_57,53.34654,-6.125979
173_58,53.347438,-6.125919
173_59,53.348335,-6.125859
173_60,53.349233,-6.125798
173_61,53.350131,-6.125738
173_62,53.351029,-6.125677
173_63,53.351926,-6.125617
173_64,53.352824,-6.125556
173_65,53.353722,-6.125496
173_66,53.35462,-6.125435
173_67,53.355517,-6.125375
173_68,53.356415,-6.125315
173_69,53.357313,-6.125254
173_70,53.358211,-6.125194
173_71,53.359108,-6.125133
173_72,53.360006,-6.125073
173_73,53.360904,-6.125012
173_74,53.361802,-6.124952
173_75,53.362699,-6.124891
173_76,53.363597,-6.124831
173_77,53.364495,-6.12477
173_78,53.365393,-6.12471
173_79,53.36629,-6.124649
173_80,53.367188,-6.124589
173_81,53.368086,-6.124528
173_82,53.368984,-6.124468
173_83,53.369881,-6.124407
173_84,53.370779,-6.124347
173_85,53.371677,-6.124286
173_86,53.372575,-6.124226
173_87,53.373472,-6.124165
173_88,53.37437,-6.124105
173_89,53.375268,-6.124044
173_90,53.376166,-6.123984
173_91,53.377063,-6.123923
173_92,53.377961,-6.123863
173_93,53.378859,-6.123802
173_94,53.379757,-6.123741
173_95,53.380654,-6.123681
173_96,53.381552,-6.12362
173_97,53.38245,-6.12356
173_98,53.383348,-6.123499
173_99,53.384245,-6.123439
173_100,53.385143,-6.123378
173_101,53.386041,-6.123318
173_102,53.386939,-6.123257
173_103,53.387836,-6.123196
173_104,53.388734,-6.123136
173_105,53.389632,-6.123075
173_106,53.39053,-6.123015
173_107,53.391427,-6.122954
173_108,53.392325,-6.122894
173_109,53.393223,-6.122833
173_110,53.394121,-6.122772
173_111,53.395018,-6.122712
173_112,53.395916,-6.122651
173_113,53.396814,-6.122591
173_114,53.397712,-6.12253
173_115,53.398609,-6.122469
173_116,53.399507,-6.122409
173_117,53.400405,-6.122348
173_118,53.401303,-6.122287
173_119,53.4022,-6.122227
173_120,53.403098,-6.122166
173_121,53.403996,-6.122106
173_122,53.404894,-6.122045
173_123,53.405791,-6.121984
173_124,53.406689,-6.121924
173_125,53.407587,-6.121863
173_126,53.408485,-6.121802
174_0,53.295331,-6.12792
174_1,53.296229,-6.12786
174_2,53.297127,-6.127799
174_3,53.298024,-6.127739
174_4,53.298922,-6.127679
174_5,53.29982,-6.127618
174_6,53.300718,-6.127558
174_7,53.301616,-6.127498
174_8,53.302513,-6.127438
174_9,53.303411,-6.127377
174_10,53.304309,-6.127317
174_11,53.305207,-6.127257
174_12,53.306104,-6.127196
174_13,53.307002,-6.127136
174_14,53.3079,-6.127076
174_15,53.308798,-6.127015
174_16,53.309695,-6.126955
174_17,53.310593,-6.126895
174_18,53.311491,-6.126834
174_19,53.312389,-6.126774
174_20,53.313286,-6.126714
174_21,53.314184,-6.126653
174_22,53.315082,-6.126593
174_23,53.31598,-6.126533
174_24,53.316878,-6.126472
174_25,53.317775,-6.126412
174_26,53.318673,-6.126352
174_27,53.319571,-6.126291
174_28,53.320469,-6.126231
174_29,53.321366,-6.126171
174_30,53.322264,-6.12611
174_31,53.323162,-6.12605
174_32,53.32406,-6.125989
174_33,53.324957,-6.125929
174_34,53.325855,-6.125869
174_35,53.326753,-6.125808
174_36,53.327651,-6.125748
174_37,53.328548,-6.125688
174_38,53.329446,-6.125627
174_39,53.330344,-6.125567
174_40,53.331242,-6.125506
174_41,53.332139,-6.125446
174_42,53.333037,-6.125386
174_43,53.333935,-6.125325
174_44,53.334833,-6.125265
174_45,53.335731,-6.125204
174_46,53.336628,-6.125144
174_47,53.337526,-6.125084
174_48,53.338424,-6.125023
174_49,53.339322,-6.124963
174_50,53.340219,-6.124902
174_51,53.341117,-6.124842
174_52,53.342015,-6.124781
174_53,53.342913,-6.124721
174_54,53.34381,-6.12466
174_55,53.344708,-6.1246
174_56,53.345606,-6.12454
174_57,53.346504,-6.124479
174_58,53.347401,-6.124419
174_59,53.348299,-6.124358
174_60,53.349197,-6.124298
174_61,53.350095,-6.124237
174_62,53.350992,-6.124177
174_63,53.35189,-6.124116
174_64,53.352788,-6.124056
174_65,53.353686,-6.123995
174_66,53.354583,-6.123935
174_67,53.355481,-6.123874
174_68,53.356379,-6.123814
174_69,53.357277,-6.123753
174_70,53.358174,-6.123693
174_71,53.359072,-6.123632
174_72,53.35997,-6.123572
174_73,53.360868,-6.123511
174_74,53.361765,-6.123451
174_75,53.362663,-6.12339
174_76,53.363561,-6.12333
174_77,53.364459,-6.123269
174_78,53.365356,-6.123209
174_79,53.366254,-6.123148
174_80,53.367152,-6.123088
174_81,53.36805,-6.123027
174_82,53.368948,-6.122967
174_83,53.369845,-6.122906
174_84,53.370743,-6.122846
174_85,53.371641,-6.122785
174_86,53.372539,-6.122725
174_87,53.373436,-6.122664
174_88,53.374334,-6.122603
174_89,53.375232,-6.122543
174_90,53.37613,-6.122482
174_91,53.377027,-6.122422
174_92,53.377925,-6.122361
174_93,53.378823,-6.122301
174_94,53.379721,-6.12224
174_95,53.380618,-6.122179
174_96,53.381516,-6.122119
174_97,53.382414,-6.122058
174_98,53.383312,-6.121998
174_99,53.384209,-6.121937
174_100,53.385107,-6.121877
174_101,53.386005,-6.121816
174_102,53.386903,-6.121755
174_103,53.3878,-6.121695
174_104,53.388698,-6.121634
174_105,53.389596,-6.121574
174_106,53.390494,-6.121513
174_107,53.391391,-6.121452
174_108,53.392289,-6.121392
174_109,53.393187,-6.121331
174_110,53.394085,-6.12127
174_111,53.394982,-6.12121
174_112,53.39588,-6.121149
174_113,53.396778,-6.121089
174_114,53.397676,-6.121028
174_115,53.398573,-6.120967
174_116,53.399471,-6.120907
174_117,53.400369,-6.120846
174_118,53.401266,-6.120785
174_119,53.402164,-6.120725
174_120,53.403062,-6.120664
174_121,53.40396,-6.120603
174_122,53.404857,-6.120543
174_123,53.405755,-6.120482
174_124,53.406653,-6.120421
174_125,53.407551,-6.120361
174_126,53.408448,-6.1203
175_0,53.295295,-6.126421
175_1,53.296193,-6.126361
175_2,53.297091,-6.126301
175_3,53.297988,-6.12624
175_4,53.298886,-6.12618
175_5,53.299784,-6.12612
175_6,53.300682,-6.12606
175_7,53.301579,-6.125999
175_8,53.302477,-6.125939
175_9,53.303375,-6.125879
175_10,53.304273,-6.125818
175_11,53.30517,-6.125758
175_12,53.306068,-6.125698
175_13,53.306966,-6.125637
175_14,53.307864,-6.125577
175_15,53.308761,-6.125516
175_16,53.309659,-6.125456
175_17,53.310557,-6.125396
175_18,53.311455,-6.125335
175_19,53.312353,-6.125275
175_20,53.31325,-6.125215
175_21,53.314148,-6.125154
175_22,53.315046,-6.125094
175_23,53.315944,-6.125034
175_24,53.316841,-6.124973
175_25,53.317739,-6.124913
175_26,53.318637,-6.124852
175_27,53.319535,-6.124792
175_28,53.320432,-6.124732
175_29,53.32133,-6.124671
175_30,53.322228,-6.124611
175_31,53.323126,-6.12455
175_32,53.324023,-6.12449
175_33,53.324921,-6.12443
175_34,53.325819,-6.124369
175_35,53.326717,-6.124309
175_36,53.327615,-6.124248
175_37,53.328512,-6.124188
175_38,53.32941,-6.124128
175_39,53.330308,-6.124067
175_40,53.331206,-6.124007
175_41,53.332103,-6.123946
175_42,53.333001,-6.123886
175_43,53.333899,-6.123825
175_44,53.334797,-6.123765
175_45,53.335694,-6.123704
175_46,53.336592,-6.123644
175_47,53.33749,-6.123584
175_48,53.338388,-6.123523
175_49,53.339285,-6.123463
175_50,53.340183,-6.123402
175_51,53.341081,-6.123342
175_52,53.341979,-6.123281
175_53,53.342876,-6.123221
175_54,53.343774,-6.12316
175_55,53.344672,-6.1231
175_56,53.34557,-6.123039
175_57,53.346467,-6.122979
175_58,53.347365,-6.122918
175_59,53.348263,-6.122858
175_60,53.349161,-6.122797
175_61,53.350058,-6.122737
175_62,53.350956,-6.122676
175_63,53.351854,-6.122616
175_64,53.352752,-6.122555
175_65,53.353649,-6.122495
175_66,53.354547,-6.122434
175_67,53.355445,-6.122374
175_68,53.356343,-6.122313
175_69,53.35724,-6.122253
175_70,53.358138,-6.122192
175_71,53.359036,-6.122132
175_72,53.359934,-6.122071
175_73,53.360832,-6.122011
175_74,53.361729,-6.12195
175_75,53.362627,-6.12189
175_76,53.363525,-6.121829
175_77,53.364423,-6.121768
175_78,53.36532,-6.121708
175_79,53.366218,-6.121647
175_80,53.367116,-6.121587
175_81,53.368014,-6.121526
175_82,53.368911,-6.121466
175_83,53.369809,-6.121405
175_84,53.370707,-6.121345
175_85,53.371605,-6.121284
175_86,53.372502,-6.121223
175_87,53.3734,-6.121163
175_88,53.374298,-6.121102
175_89,53.375196,-6.121042
175_90,53.376093,-6.120981
175_91,53.376991,-6.12092
175_92,53.377889,-6.12086
175_93,53.378787,-6.120799
175_94,53.379684,-6.120739
175_95,53.380582,-6.120678
175_96,53.38148,-6.120617
175_97,53.382378,-6.120557
175_98,53.383275,-6.120496
175_99,53.384173,-6.120436
175_100,53.385071,-6.120375
175_101,53.385969,-6.120314
175_102,53.386866,-6.120254
175_103,53.387764,-6.120193
175_104,53.388662,-6.120132
175_105,53.38956,-6.120072
175_106,53.390457,-6.120011
175_107,53.391355,-6.11995
175_108,53.392253,-6.11989
175_109,53.393151,-6.119829
175_110,53.394048,-6.119768
175_111,53.394946,-6.119708
175_112,53.395844,-6.119647
175_113,53.396742,-6.119587
175_114,53.397639,-6.119526
175_115,53.398537,-6.119465
175_116,53.399435,-6.119404
175_117,53.400332,-6.119344
175_118,53.40123,-6.119283
175_119,53.402128,-6.119222
175_120,53.403026,-6.119162
175_121,53.403923,-6.119101
175_122,53.404821,-6.11904
175_123,53.405719,-6.11898
175_124,53.406617,-6.118919
175_125,53.407514,-6.118858
175_126,53.408412,-6.118798
176_0,53.295259,-6.124923
176_1,53.296157,-6.124863
176_2,53.297054,-6.124802
176_3,53.297952,-6.124742
176_4,53.29885,-6.124682
176_5,53.299748,-6.124621
176_6,53.300645,-6.124561
176_7,53.301543,-6.124501
176_8,53.302441,-6.12444
176_9,53.303339,-6.12438
176_10,53.304237,-6.124319
176_11,53.305134,-6.124259
176_12,53.306032,-6.124199
176_13,53.30693,-6.124138
176_14,53.307828,-6.124078
176_15,53.308725,-6.124018
176_16,53.309623,-6.123957
176_17,53.310521,-6.123897
176_18,53.311419,-6.123836
176_19,53.312316,-6.123776
176_20,53.313214,-6.123716
176_21,53.314112,-6.123655
176_22,53.31501,-6.123595
176_23,53.315907,-6.123534
176_24,53.316805,-6.123474
176_25,53.317703,-6.123414
176_26,53.318601,-6.123353
176_27,53.319498,-6.123293
176_28,53.320396,-6.123232
176_29,53.321294,-6.123172
176_30,53.322192,-6.123111
176_31,53.32309,-6.123051
176_32,53.323987,-6.122991
176_33,53.324885,-6.12293
176_34,53.325783,-6.12287
176_35,53.326681,-6.122809
176_36,53.327578,-6.122749
176_37,53.328476,-6.122688
176_38,53.329374,-6.122628
176_39,53.330272,-6.122567
176_40,53.331169,-6.122507
176_41,53.332067,-6.122447
176_42,53.332965,-6.122386
176_43,53.333863,-6.122326
176_44,53.33476,-6.122265
176_45,53.335658,-6.122205
176_46,53.336556,-6.122144
176_47,53.337454,-6.122084
176_48,53.338351,-6.122023
176_49,53.339249,-6.121963
176_50,53.340147,-6.121902
176_51,53.341045,-6.121842
176_52,53.341942,-6.121781
176_53,53.34284,-6.121721
176_54,53.343738,-6.12166
176_55,53.344636,-6.1216
176_56,53.345533,-6.121539
176_57,53.346431,-6.121479
176_58,53.347329,-6.121418
176_59,53.348227,-6.121358
176_60,53.349124,-6.121297
176_61,53.350022,-6.121237
176_62,53.35092,-6.121176
176_63,53.351818,-6.121115
176_64,53.352716,-6.121055
176_65,53.353613,-6.120994
176_66,53.354511,-6.120934
176_67,53.355409,-6.120873
176_68,53.356307,-6.120813
176_69,53.357204,-6.120752
176_70,53.358102,-6.120692
176_71,53.359,-6.120631
176_72,53.359898,-6.12057
176_73,53.360795,-6.12051
176_74,53.361693,-6.120449
176_75,53.362591,-6.120389
176_76,53.363489,-6.120328
176_77,53.364386,-6.120268
176_78,53.365284,-6.120207
176_79,53.366182,-6.120146
176_80,53.36708,-6.120086
176_81,53.367977,-6.120025
176_82,53.368875,-6.119965
176_83,53.369773,-6.119904
176_84,53.370671,-6.119843
176_85,53.371568,-6.119783
176_86,53.372466,-6.119722
176_87,53.373364,-6.119662
176_88,53.374262,-6.119601
176_89,53.375159,-6.11954
176_90,53.376057,-6.11948
176_91,53.376955,-6.119419
176_92,53.377853,-6.119359
176_93,53.37875,-6.119298
176_94,53.379648,-6.119237
176_95,53.380546,-6.119177
176_96,53.381444,-6.119116
176_97,53.382341,-6.119055
176_98,53.383239,-6.118995
176_99,53.384137,-6.118934
176_100,53.385035,-6.118873
176_101,53.385932,-6.118813
176_102,53.38683,-6.118752
176_103,53.387728,-6.118691
176_104,53.388626,-6.118631
176_105,53.389523,-6.11857
176_106,53.390421,-6.118509
176_107,53.391319,-6.118449
176_108,53.392217,-6.118388
176_109,53.393114,-6.118327
176_110,53.394012,-6.118267
176_111,53.39491,-6.118206
176_112,53.395807,-6.118145
176_113,53.396705,-6.118085
176_114,53.397603,-6.118024
176_115,53.398501,-6.117963
176_116,53.399398,-6.117902
176_117,53.400296,-6.117842
176_118,53.401194,-6.117781
176_119,53.402092,-6.11772
176_120,53.402989,-6.11766
176_121,53.403887,-6.117599
176_122,53.404785,-6.117538
176_123,53.405683,-6.117477
176_124,53.40658,-6.117417
176_125,53.407478,-6.117356
176_126,53.408376,-6.117295
177_0,53.295223,-6.123424
177_1,53.29612,-6.123364
177_2,53.297018,-6.123304
177_3,53.297916,-6.123243
177_4,53.298814,-6.123183
177_5,53.299712,-6.123123
177_6,53.300609,-6.123062
177_7,53.301507,-6.123002
177_8,53.302405,-6.122941
177_9,53.303303,-6.122881
177_10,53.3042,-6.122821
177_11,53.305098,-6.12276
177_12,53.305996,-6.1227
177_13,53.306894,-6.122639
177_14,53.307791,-6.122579
177_15,53.308689,-6.122519
177_16,53.309587,-6.122458
177_17,53.310485,-6.122398
177_18,53.311382,-6.122337
177_19,53.31228,-6.122277
177_20,53.313178,-6.122217
177_21,53.314076,-6.122156
177_22,53.314973,-6.122096
177_23,53.315871,-6.122035
177_24,53.316769,-6.121975
177_25,53.317667,-6.121914
177_26,53.318565,-6.121854
177_27,53.319462,-6.121793
177_28,53.32036,-6.121733
177_29,53.321258,-6.121673
177_30,53.322156,-6.121612
177_31,53.323053,-6.121552
177_32,53.323951,-6.121491
177_33,53.324849,-6.121431
177_34,53.325747,-6.12137
177_35,53.326644,-6.12131
177_36,53.327542,-6.121249
177_37,53.32844,-6.121189
177_38,53.329338,-6.121128
177_39,53.330235,-6.121068
177_40,53.331133,-6.121007
177_41,53.332031,-6.120947
177_42,53.332929,-6.120886
177_43,53.333826,-6.120826
177_44,53.334724,-6.120765
177_45,53.335622,-6.120705
177_46,53.33652,-6.120644
177_47,53.337417,-6.120584
177_48,53.338315,-6.120523
177_49,53.339213,-6.120463
177_50,53.340111,-6.120402
177_51,53.341008,-6.120342
177_52,53.341906,-6.120281
177_53,53.342804,-6.120221
177_54,53.343702,-6.12016
177_55,53.344599,-6.120099
177_56,53.345497,-6.120039
177_57,53.346395,-6.119978
177_58,53.347293,-6.119918
177_59,53.348191,-6.119857
177_60,53.349088,-6.119797
177_61,53.349986,-6.119736
177_62,53.350884,-6.119676
177_63,53.351782,-6.119615
177_64,53.352679,-6.119554
177_65,53.353577,-6.119494
177_66,53.354475,-6.119433
177_67,53.355373,-6.119373
177_68,53.35627,-6.119312
177_69,53.357168,-6.119252
177_70,53.358066,-6.119191
177_71,53.358964,-6.11913
177_72,53.359861,-6.11907
177_73,53.360759,-6.119009
177_74,53.361657,-6.118949
177_75,53.362555,-6.118888
177_76,53.363452,-6.118827
177_77,53.36435,-6.118767
177_78,53.365248,-6.118706
177_79,53.366146,-6.118646
177_80,53.367043,-6.118585
177_81,53.367941,-6.118524
177_82,53.368839,-6.118464
177_83,53.369737,-6.118403
177_84,53.370634,-6.118342
177_85,53.371532,-6.118282
177_86,53.37243,-6.118221
177_87,53.373328,-6.11816
177_88,53.374225,-6.1181
177_89,53.375123,-6.118039
177_90,53.376021,-6.117978
177_91,53.376919,-6.117918
177_92,53.377816,-6.117857
177_93,53.378714,-6.117797
177_94,53.379612,-6.117736
177_95,53.38051,-6.117675
177_96,53.381407,-6.117614
177_97,53.382305,-6.117554
177_98,53.383203,-6.117493
177_99,53.384101,-6.117432
177_100,53.384998,-6.117372
177_101,53.385896,-6.117311
177_102,53.386794,-6.11725
177_103,53.387691,-6.11719
177_104,53.388589,-6.117129
177_105,53.389487,-6.117068
177_106,53.390385,-6.117008
177_107,53.391282,-6.116947
177_108,53.39218,-6.116886
177_109,53.393078,-6.116825
177_110,53.393976,-6.116765
177_111,53.394873,-6.116704
177_112,53.395771,-6.116643
177_113,53.396669,-6.116583
177_114,53.397567,-6.116522
177_115,53.398464,-6.116461
177_116,53.399362,-6.1164
177_117,53.40026,-6.11634
177_118,53.401158,-6.116279
177_119,53.402055,-6.116218
177_120,53.402953,-6.116157
177_121,53.403851,-6.116097
177_122,53.404749,-6.116036
177_123,53.405646,-6.115975
177_124,53.406544,-6.115914
177_125,53.407442,-6.115853
177_126,53.40834,-6.115793
178_0,53.295187,-6.121926
178_1,53.296084,-6.121866
178_2,53.296982,-6.121805
178_3,53.29788,-6.121745
178_4,53.298778,-6.121684
178_5,53.299675,-6.121624
178_6,53.300573,-6.121564
178_7,53.301471,-6.121503
178_8,53.302369,-6.121443
178_9,53.303266,-6.121382
178_10,53.304164,-6.121322
178_11,53.305062,-6.121261
178_12,53.30596,-6.121201
178_13,53.306857,-6.121141
178_14,53.307755,-6.12108
178_15,53.308653,-6.12102
178_16,53.309551,-6.120959
178_17,53.310448,-6.120899
178_18,53.311346,-6.120838
178_19,53.312244,-6.120778
178_20,53.313142,-6.120717
178_21,53.31404,-6.120657
178_22,53.314937,-6.120597
178_23,53.315835,-6.120536
178_24,53.316733,-6.120476
178_25,53.317631,-6.120415
178_26,53.318528,-6.120355
178_27,53.319426,-6.120294
178_28,53.320324,-6.120234
178_29,53.321222,-6.120173
178_30,53.322119,-6.120113
178_31,53.323017,-6.120052
178_32,53.323915,-6.119992
178_33,53.324813,-6.119931
178_34,53.32571,-6.119871
178_35,53.326608,-6.11981
178_36,53.327506,-6.11975
178_37,53.328404,-6.119689
178_38,53.329301,-6.119629
178_39,53.330199,-6.119568
178_40,53.331097,-6.119508
178_41,53.331995,-6.119447
178_42,53.332892,-6.119387
178_43,53.33379,-6.119326
178_44,53.334688,-6.119265
178_45,53.335586,-6.119205
178_46,53.336483,-6.119144
178_47,53.337381,-6.119084
178_48,53.338279,-6.119023
178_49,53.339177,-6.118963
178_50,53.340074,-6.118902
178_51,53.340972,-6.118842
178_52,53.34187,-6.118781
178_53,53.342768,-6.11872
178_54,53.343665,-6.11866
178_55,53.344563,-6.118599
178_56,53.345461,-6.118539
178_57,53.346359,-6.118478
178_58,53.347257,-6.118418
178_59,53.348154,-6.118357
178_60,53.349052,-6.118296
178_61,53.34995,-6.118236
178_62,53.350848,-6.118175
178_63,53.351745,-6.118115
178_64,53.352643,-6.118054
178_65,53.353541,-6.117993
178_66,53.354439,-6.117933
178_67,53.355336,-6.117872
178_68,53.356234,-6.117812
178_69,53.357132,-6.117751
178_70,53.35803,-6.11769
178_71,53.358927,-6.11763
178_72,53.359825,-6.117569
178_73,53.360723,-6.117508
178_74,53.361621,-6.117448
178_75,53.362518,-6.117387
178_76,53.363416,-6.117327
178_77,53.364314,-6.117266
178_78,53.365212,-6.117205
178_79,53.366109,-6.117145
178_80,53.367007,-6.117084
178_81,53.367905,-6.117023
178_82,53.368803,-6.116963
178_83,53.3697,-6.116902
178_84,53.370598,-6.116841
178_85,53.371496,-6.116781
178_86,53.372394,-6.11672
178_87,53.373291,-6.116659
178_88,53.374189,-6.116599
178_89,53.375087,-6.116538
178_90,53.375985,-6.116477
178_91,53.376882,-6.116417
178_92,53.37778,-6.116356
178_93,53.378678,-6.116295
178_94,53.379575,-6.116234
178_95,53.380473,-6.116174
178_96,53.381371,-6.116113
178_97,53.382269,-6.116052
178_98,53.383166,-6.115992
178_99,53.384064,-6.115931
178_100,53.384962,-6.11587
178_101,53.38586,-6.115809
178_102,53.386757,-6.115749
178_103,53.387655,-6.115688
178_104,53.388553,-6.115627
178_105,53.389451,-6.115567
178_106,53.390348,-6.115506
178_107,53.391246,-6.115445
178_108,53.392144,-6.115384
178_109,53.393042,-6.115324
178_110,53.393939,-6.115263
178_111,53.394837,-6.115202
178_112,53.395735,-6.115141
178_113,53.396633,-6.115081
178_114,53.39753,-6.11502
178_115,53.398428,-6.114959
178_116,53.399326,-6.114898
178_117,53.400224,-6.114837
178_118,53.401121,-6.114777
178_119,53.402019,-6.114716
178_120,53.402917,-6.114655
178_121,53.403815,-6.114594
178_122,53.404712,-6.114534
178_123,53.40561,-6.114473
178_124,53.406508,-6.114412
178_125,53.407406,-6.114351
178_126,53.408303,-6.11429
179_0,53.29515,-6.120428
179_1,53.296048,-6.120367
179_2,53.296946,-6.120307
179_3,53.297844,-6.120246
179_4,53.298741,-6.120186
179_5,53.299639,-6.120125
179_6,53.300537,-6.120065
179_7,53.301435,-6.120005
179_8,53.302332,-6.119944
179_9,53.30323,-6.119884
179_10,53.304128,-6.119823
179_11,53.305026,-6.119763
179_12,53.305923,-6.119702
179_13,53.306821,-6.119642
179_14,53.307719,-6.119581
179_15,53.308617,-6.119521
179_16,53.309515,-6.11946
179_17,53.310412,-6.1194
179_18,53.31131,-6.119339
179_19,53.312208,-6.119279
179_20,53.313106,-6.119218
179_21,53.314003,-6.119158
179_22,53.314901,-6.119097
179_23,53.315799,-6.119037
179_24,53.316697,-6.118976
179_25,53.317594,-6.118916
179_26,53.318492,-6.118855
179_27,53.31939,-6.118795
179_28,53.320288,-6.118734
179_29,53.321185,-6.118674
179_30,53.322083,-6.118613
179_31,53.322981,-6.118553
179_32,53.323879,-6.118492
179_33,53.324776,-6.118432
179_34,53.325674,-6.118371
179_35,53.326572,-6.118311
179_36,53.32747,-6.11825
179_37,53.328367,-6.11819
179_38,53.329265,-6.118129
179_39,53.330163,-6.118068
179_40,53.331061,-6.118008
179_41,53.331958,-6.117947
179_42,53.332856,-6.117887
179_43,53.333754,-6.117826
179_44,53.334652,-6.117766
179_45,53.335549,-6.117705
179_46,53.336447,-6.117644
179_47,53.337345,-6.117584
179_48,53.338243,-6.117523
179_49,53.33914,-6.117463
179_50,53.340038,-6.117402
179_51,53.340936,-6.117342
179_52,53.341834,-6.117281
179_53,53.342731,-6.11722
179_54,53.343629,-6.11716
179_55,53.344527,-6.117099
179_56,53.345425,-6.117039
179_57,53.346322,-6.116978
179_58,53.34722,-6.116917
179_59,53.348118,-6.116857
179_60,53.349016,-6.116796
179_61,53.349914,-6.116735
179_62,53.350811,-6.116675
179_63,53.351709,-6.116614
179_64,53.352607,-6.116554
179_65,53.353505,-6.116493
179_66,53.354402,-6.116432
179_67,53.3553,-6.116372
179_68,53.356198,-6.116311
179_69,53.357096,-6.11625
179_70,53.357993,-6.11619
179_71,53.358891,-6.116129
179_72,53.359789,-6.116068
179_73,53.360687,-6.116008
179_74,53.361584,-6.115947
179_75,53.362482,-6.115886
179_76,53.36338,-6.115826
179_77,53.364277,-6.115765
179_78,53.365175,-6.115704
179_79,53.366073,-6.115644
179_80,53.366971,-6.115583
179_81,53.367868,-6.115522
179_82,53.368766,-6.115462
179_83,53.369664,-6.115401
179_84,53.370562,-6.11534
179_85,53.371459,-6.11528
179_86,53.372357,-6.115219
179_87,53.373255,-6.115158
179_88,53.374153,-6.115097
179_89,53.37505,-6.115037
179_90,53.375948,-6.114976
179_91,53.376846,-6.114915
179_92,53.377744,-6.114855
179_93,53.378641,-6.114794
179_94,53.379539,-6.114733
179_95,53.380437,-6.114672
179_96,53.381335,-6.114612
179_97,53.382232,-6.114551
179_98,53.38313,-6.11449
179_99,53.384028,-6.114429
179_100,53.384926,-6.114369
179_101,53.385823,-6.114308
179_102,53.386721,-6.114247
179_103,53.387619,-6.114186
179_104,53.388517,-6.114126
179_105,53.389414,-6.114065
179_106,53.390312,-6.114004
179_107,53.39121,-6.113943
179_108,53.392108,-6.113882
179_109,53.393005,-6.113822
179_110,53.393903,-6.113761
179_111,53.394801,-6.1137
179_112,53.395699,-6.113639
179_113,53.396596,-6.113579
179_114,53.397494,-6.113518
179_115,53.398392,-6.113457
179_116,53.39929,-6.113396
179_117,53.400187,-6.113335
179_118,53.401085,-6.113275
179_119,53.401983,-6.113214
179_120,53.40288,-6.113153
179_121,53.403778,-6.113092
179_122,53.404676,-6.113031
179_123,53.405574,-6.11297
179_124,53.406471,-6.11291
179_125,53.407369,-6.112849
179_126,53.408267,-6.112788
